/var/spool/slurmd/job26858437/slurm_script: line 10: load_picca_plots: command not found
2024-06-16 16:18:39.288588: W tensorflow/stream_executor/platform/default/dso_loader.cc:60] Could not load dynamic library 'libcudart.so.11.0'; dlerror: libcudart.so.11.0: cannot open shared object file: No such file or directory; LD_LIBRARY_PATH: /global/u1/t/tanting/fitter2_tutorial/PolyChordLite/lib:/global/u1/t/tanting/DESI_analysis/theoretical_pk/fisher_forecast/openmpi-4.1.2/lib:/global/u1/t/tanting/fitter2_tutorial/PolyChordLite/lib:/global/u1/t/tanting/DESI_analysis/theoretical_pk/fisher_forecast/openmpi-4.1.2/lib:/global/common/software/nersc/pm-2022q4/sw/evp-patch/lib64:/global/u1/t/tanting/fitter2_tutorial/PolyChordLite/lib:/global/u1/t/tanting/DESI_analysis/theoretical_pk/fisher_forecast/openmpi-4.1.2/lib:/usr/local/cuda-12.2/compat:/opt/nvidia/hpc_sdk/Linux_x86_64/23.9/math_libs/12.2/lib64:/opt/nvidia/hpc_sdk/Linux_x86_64/23.9/cuda/12.2/extras/CUPTI/lib64:/opt/nvidia/hpc_sdk/Linux_x86_64/23.9/cuda/12.2/extras/Debugger/lib64:/opt/nvidia/hpc_sdk/Linux_x86_64/23.9/cuda/12.2/nvvm/lib64:/opt/nvidia/hpc_sdk/Linux_x86_64/23.9/cuda/12.2/lib64:/opt/cray/pe/papi/7.0.1.2/lib64:/opt/cray/libfabric/1.15.2.0/lib64:/opt/cray/libfabric/1.15.2.0/lib64:/opt/cray/libfabric/1.15.2.0/lib64
2024-06-16 16:18:39.288611: I tensorflow/stream_executor/cuda/cudart_stub.cc:29] Ignore above cudart dlerror if you do not have a GPU set up on your machine.
  0%|                                                                                                                                                                                                 | 0/44 [00:00<?, ?it/s]WARNING:tensorflow:From /global/cfs/cdirs/desi/users/jqzou/dla_finder/training/model.py:291: div (from tensorflow.python.ops.math_ops) is deprecated and will be removed in a future version.
Instructions for updating:
Deprecated in favor of operator or tf.math.divide.
WARNING:tensorflow:From /global/cfs/cdirs/desi/users/jqzou/dla_finder/training/model.py:291: div (from tensorflow.python.ops.math_ops) is deprecated and will be removed in a future version.
Instructions for updating:
Deprecated in favor of operator or tf.math.divide.
WARNING:tensorflow:From /global/cfs/cdirs/desi/users/jqzou/dla_finder/training/model.py:291: div (from tensorflow.python.ops.math_ops) is deprecated and will be removed in a future version.
Instructions for updating:
Deprecated in favor of operator or tf.math.divide.
WARNING:tensorflow:From /global/cfs/cdirs/desi/users/jqzou/dla_finder/training/model.py:291: div (from tensorflow.python.ops.math_ops) is deprecated and will be removed in a future version.
Instructions for updating:
Deprecated in favor of operator or tf.math.divide.
WARNING:tensorflow:From /global/cfs/cdirs/desi/users/jqzou/dla_finder/training/model.py:291: div (from tensorflow.python.ops.math_ops) is deprecated and will be removed in a future version.
Instructions for updating:
Deprecated in favor of operator or tf.math.divide.
WARNING:tensorflow:From /global/cfs/cdirs/desi/users/jqzou/dla_finder/training/model.py:291: div (from tensorflow.python.ops.math_ops) is deprecated and will be removed in a future version.
Instructions for updating:
Deprecated in favor of operator or tf.math.divide.
WARNING:tensorflow:From /global/cfs/cdirs/desi/users/jqzou/dla_finder/training/model.py:291: div (from tensorflow.python.ops.math_ops) is deprecated and will be removed in a future version.
Instructions for updating:
Deprecated in favor of operator or tf.math.divide.
WARNING:tensorflow:From /global/cfs/cdirs/desi/users/jqzou/dla_finder/training/model.py:291: div (from tensorflow.python.ops.math_ops) is deprecated and will be removed in a future version.
Instructions for updating:
Deprecated in favor of operator or tf.math.divide.
WARNING:tensorflow:From /global/cfs/cdirs/desi/users/jqzou/dla_finder/training/model.py:291: div (from tensorflow.python.ops.math_ops) is deprecated and will be removed in a future version.
Instructions for updating:
Deprecated in favor of operator or tf.math.divide.
WARNING:tensorflow:From /global/cfs/cdirs/desi/users/jqzou/dla_finder/training/model.py:291: div (from tensorflow.python.ops.math_ops) is deprecated and will be removed in a future version.
Instructions for updating:
Deprecated in favor of operator or tf.math.divide.
WARNING:tensorflow:From /global/cfs/cdirs/desi/users/jqzou/dla_finder/training/model.py:291: div (from tensorflow.python.ops.math_ops) is deprecated and will be removed in a future version.
Instructions for updating:
Deprecated in favor of operator or tf.math.divide.
WARNING:tensorflow:From /global/cfs/cdirs/desi/users/jqzou/dla_finder/training/model.py:291: div (from tensorflow.python.ops.math_ops) is deprecated and will be removed in a future version.
Instructions for updating:
Deprecated in favor of operator or tf.math.divide.
2024-06-16 16:22:03.674925: I tensorflow/compiler/jit/xla_cpu_device.cc:41] Not creating XLA devices, tf_xla_enable_xla_devices not set
2024-06-16 16:22:03.685967: I tensorflow/stream_executor/platform/default/dso_loader.cc:49] Successfully opened dynamic library libcuda.so.1
2024-06-16 16:22:03.735562: I tensorflow/compiler/jit/xla_cpu_device.cc:41] Not creating XLA devices, tf_xla_enable_xla_devices not set
2024-06-16 16:22:03.738503: I tensorflow/stream_executor/platform/default/dso_loader.cc:49] Successfully opened dynamic library libcuda.so.1
2024-06-16 16:22:03.949586: E tensorflow/stream_executor/cuda/cuda_driver.cc:328] failed call to cuInit: CUDA_ERROR_NO_DEVICE: no CUDA-capable device is detected
2024-06-16 16:22:03.949649: I tensorflow/stream_executor/cuda/cuda_diagnostics.cc:156] kernel driver does not appear to be running on this host (nid005953): /proc/driver/nvidia/version does not exist
2024-06-16 16:22:03.951010: I tensorflow/core/platform/cpu_feature_guard.cc:142] This TensorFlow binary is optimized with oneAPI Deep Neural Network Library (oneDNN) to use the following CPU instructions in performance-critical operations:  AVX2 FMA
To enable them in other operations, rebuild TensorFlow with the appropriate compiler flags.
2024-06-16 16:22:03.955139: I tensorflow/compiler/jit/xla_gpu_device.cc:99] Not creating XLA devices, tf_xla_enable_xla_devices not set
2024-06-16 16:22:03.959121: I tensorflow/compiler/jit/xla_cpu_device.cc:41] Not creating XLA devices, tf_xla_enable_xla_devices not set
2024-06-16 16:22:03.964455: I tensorflow/stream_executor/platform/default/dso_loader.cc:49] Successfully opened dynamic library libcuda.so.1
2024-06-16 16:22:03.965321: I tensorflow/compiler/jit/xla_cpu_device.cc:41] Not creating XLA devices, tf_xla_enable_xla_devices not set
2024-06-16 16:22:03.967181: I tensorflow/compiler/jit/xla_cpu_device.cc:41] Not creating XLA devices, tf_xla_enable_xla_devices not set
2024-06-16 16:22:03.967915: I tensorflow/stream_executor/platform/default/dso_loader.cc:49] Successfully opened dynamic library libcuda.so.1
2024-06-16 16:22:03.969443: I tensorflow/stream_executor/platform/default/dso_loader.cc:49] Successfully opened dynamic library libcuda.so.1
2024-06-16 16:22:03.969853: I tensorflow/compiler/jit/xla_cpu_device.cc:41] Not creating XLA devices, tf_xla_enable_xla_devices not set
2024-06-16 16:22:03.971953: I tensorflow/stream_executor/platform/default/dso_loader.cc:49] Successfully opened dynamic library libcuda.so.1
2024-06-16 16:22:03.982660: E tensorflow/stream_executor/cuda/cuda_driver.cc:328] failed call to cuInit: CUDA_ERROR_NO_DEVICE: no CUDA-capable device is detected
2024-06-16 16:22:03.982707: I tensorflow/stream_executor/cuda/cuda_diagnostics.cc:156] kernel driver does not appear to be running on this host (nid005953): /proc/driver/nvidia/version does not exist
2024-06-16 16:22:03.984128: I tensorflow/core/platform/cpu_feature_guard.cc:142] This TensorFlow binary is optimized with oneAPI Deep Neural Network Library (oneDNN) to use the following CPU instructions in performance-critical operations:  AVX2 FMA
To enable them in other operations, rebuild TensorFlow with the appropriate compiler flags.
2024-06-16 16:22:03.989697: I tensorflow/compiler/jit/xla_gpu_device.cc:99] Not creating XLA devices, tf_xla_enable_xla_devices not set
2024-06-16 16:22:03.995294: I tensorflow/compiler/jit/xla_cpu_device.cc:41] Not creating XLA devices, tf_xla_enable_xla_devices not set
2024-06-16 16:22:03.995291: I tensorflow/compiler/jit/xla_cpu_device.cc:41] Not creating XLA devices, tf_xla_enable_xla_devices not set
2024-06-16 16:22:03.997382: I tensorflow/stream_executor/platform/default/dso_loader.cc:49] Successfully opened dynamic library libcuda.so.1
2024-06-16 16:22:03.997559: I tensorflow/stream_executor/platform/default/dso_loader.cc:49] Successfully opened dynamic library libcuda.so.1
2024-06-16 16:22:04.009787: I tensorflow/compiler/jit/xla_cpu_device.cc:41] Not creating XLA devices, tf_xla_enable_xla_devices not set
2024-06-16 16:22:04.012193: I tensorflow/stream_executor/platform/default/dso_loader.cc:49] Successfully opened dynamic library libcuda.so.1
2024-06-16 16:22:04.018974: I tensorflow/compiler/jit/xla_cpu_device.cc:41] Not creating XLA devices, tf_xla_enable_xla_devices not set
2024-06-16 16:22:04.018977: I tensorflow/compiler/jit/xla_cpu_device.cc:41] Not creating XLA devices, tf_xla_enable_xla_devices not set
2024-06-16 16:22:04.019850: I tensorflow/compiler/jit/xla_cpu_device.cc:41] Not creating XLA devices, tf_xla_enable_xla_devices not set
2024-06-16 16:22:04.021144: I tensorflow/stream_executor/platform/default/dso_loader.cc:49] Successfully opened dynamic library libcuda.so.1
2024-06-16 16:22:04.021348: I tensorflow/stream_executor/platform/default/dso_loader.cc:49] Successfully opened dynamic library libcuda.so.1
2024-06-16 16:22:04.021716: I tensorflow/stream_executor/platform/default/dso_loader.cc:49] Successfully opened dynamic library libcuda.so.1
INFO:tensorflow:Restoring parameters from /global/cfs/cdirs/desi/users/jqzou/dla_finder/prediction/model/train_midsnr/train_midsnr/current_99999.ckpt
2024-06-16 16:22:04.048066: I tensorflow/compiler/mlir/mlir_graph_optimization_pass.cc:196] None of the MLIR optimization passes are enabled (registered 0 passes)
INFO:tensorflow:Restoring parameters from /global/cfs/cdirs/desi/users/jqzou/dla_finder/prediction/model/train_midsnr/train_midsnr/current_99999.ckpt
2024-06-16 16:22:04.071806: I tensorflow/compiler/mlir/mlir_graph_optimization_pass.cc:196] None of the MLIR optimization passes are enabled (registered 0 passes)
WARNING:tensorflow:From /global/cfs/cdirs/desi/users/jqzou/dla_finder/training/model.py:291: div (from tensorflow.python.ops.math_ops) is deprecated and will be removed in a future version.
Instructions for updating:
Deprecated in favor of operator or tf.math.divide.
2024-06-16 16:22:04.077516: I tensorflow/core/platform/profile_utils/cpu_utils.cc:112] CPU Frequency: 2445500000 Hz
2024-06-16 16:22:04.101509: I tensorflow/core/platform/profile_utils/cpu_utils.cc:112] CPU Frequency: 2445500000 Hz
2024-06-16 16:22:04.315917: E tensorflow/stream_executor/cuda/cuda_driver.cc:328] failed call to cuInit: CUDA_ERROR_NO_DEVICE: no CUDA-capable device is detected
2024-06-16 16:22:04.315965: I tensorflow/stream_executor/cuda/cuda_diagnostics.cc:156] kernel driver does not appear to be running on this host (nid005953): /proc/driver/nvidia/version does not exist
2024-06-16 16:22:04.317230: I tensorflow/core/platform/cpu_feature_guard.cc:142] This TensorFlow binary is optimized with oneAPI Deep Neural Network Library (oneDNN) to use the following CPU instructions in performance-critical operations:  AVX2 FMA
To enable them in other operations, rebuild TensorFlow with the appropriate compiler flags.
2024-06-16 16:22:04.321542: I tensorflow/compiler/jit/xla_gpu_device.cc:99] Not creating XLA devices, tf_xla_enable_xla_devices not set
2024-06-16 16:22:04.333516: E tensorflow/stream_executor/cuda/cuda_driver.cc:328] failed call to cuInit: CUDA_ERROR_NO_DEVICE: no CUDA-capable device is detected
2024-06-16 16:22:04.333569: I tensorflow/stream_executor/cuda/cuda_diagnostics.cc:156] kernel driver does not appear to be running on this host (nid005953): /proc/driver/nvidia/version does not exist
2024-06-16 16:22:04.336111: I tensorflow/core/platform/cpu_feature_guard.cc:142] This TensorFlow binary is optimized with oneAPI Deep Neural Network Library (oneDNN) to use the following CPU instructions in performance-critical operations:  AVX2 FMA
To enable them in other operations, rebuild TensorFlow with the appropriate compiler flags.
2024-06-16 16:22:04.342195: I tensorflow/compiler/jit/xla_gpu_device.cc:99] Not creating XLA devices, tf_xla_enable_xla_devices not set
2024-06-16 16:22:04.354302: E tensorflow/stream_executor/cuda/cuda_driver.cc:328] failed call to cuInit: CUDA_ERROR_NO_DEVICE: no CUDA-capable device is detected
2024-06-16 16:22:04.354491: I tensorflow/stream_executor/cuda/cuda_diagnostics.cc:156] kernel driver does not appear to be running on this host (nid005953): /proc/driver/nvidia/version does not exist
2024-06-16 16:22:04.356049: I tensorflow/core/platform/cpu_feature_guard.cc:142] This TensorFlow binary is optimized with oneAPI Deep Neural Network Library (oneDNN) to use the following CPU instructions in performance-critical operations:  AVX2 FMA
To enable them in other operations, rebuild TensorFlow with the appropriate compiler flags.
2024-06-16 16:22:04.364019: E tensorflow/stream_executor/cuda/cuda_driver.cc:328] failed call to cuInit: CUDA_ERROR_NO_DEVICE: no CUDA-capable device is detected
2024-06-16 16:22:04.364067: I tensorflow/stream_executor/cuda/cuda_diagnostics.cc:156] kernel driver does not appear to be running on this host (nid005953): /proc/driver/nvidia/version does not exist
2024-06-16 16:22:04.365293: I tensorflow/core/platform/cpu_feature_guard.cc:142] This TensorFlow binary is optimized with oneAPI Deep Neural Network Library (oneDNN) to use the following CPU instructions in performance-critical operations:  AVX2 FMA
To enable them in other operations, rebuild TensorFlow with the appropriate compiler flags.
2024-06-16 16:22:04.367206: I tensorflow/compiler/jit/xla_gpu_device.cc:99] Not creating XLA devices, tf_xla_enable_xla_devices not set
2024-06-16 16:22:04.380763: I tensorflow/compiler/jit/xla_gpu_device.cc:99] Not creating XLA devices, tf_xla_enable_xla_devices not set
2024-06-16 16:22:04.399477: E tensorflow/stream_executor/cuda/cuda_driver.cc:328] failed call to cuInit: CUDA_ERROR_NO_DEVICE: no CUDA-capable device is detected
2024-06-16 16:22:04.399694: I tensorflow/stream_executor/cuda/cuda_diagnostics.cc:156] kernel driver does not appear to be running on this host (nid005953): /proc/driver/nvidia/version does not exist
2024-06-16 16:22:04.402792: I tensorflow/core/platform/cpu_feature_guard.cc:142] This TensorFlow binary is optimized with oneAPI Deep Neural Network Library (oneDNN) to use the following CPU instructions in performance-critical operations:  AVX2 FMA
To enable them in other operations, rebuild TensorFlow with the appropriate compiler flags.
2024-06-16 16:22:04.410309: I tensorflow/compiler/jit/xla_gpu_device.cc:99] Not creating XLA devices, tf_xla_enable_xla_devices not set
2024-06-16 16:22:04.411933: E tensorflow/stream_executor/cuda/cuda_driver.cc:328] failed call to cuInit: CUDA_ERROR_NO_DEVICE: no CUDA-capable device is detected
2024-06-16 16:22:04.411999: I tensorflow/stream_executor/cuda/cuda_diagnostics.cc:156] kernel driver does not appear to be running on this host (nid005953): /proc/driver/nvidia/version does not exist
2024-06-16 16:22:04.413850: I tensorflow/core/platform/cpu_feature_guard.cc:142] This TensorFlow binary is optimized with oneAPI Deep Neural Network Library (oneDNN) to use the following CPU instructions in performance-critical operations:  AVX2 FMA
To enable them in other operations, rebuild TensorFlow with the appropriate compiler flags.
2024-06-16 16:22:04.416049: E tensorflow/stream_executor/cuda/cuda_driver.cc:328] failed call to cuInit: CUDA_ERROR_NO_DEVICE: no CUDA-capable device is detected
2024-06-16 16:22:04.416249: I tensorflow/stream_executor/cuda/cuda_diagnostics.cc:156] kernel driver does not appear to be running on this host (nid005953): /proc/driver/nvidia/version does not exist
INFO:tensorflow:Restoring parameters from /global/cfs/cdirs/desi/users/jqzou/dla_finder/prediction/model/train_midsnr/train_midsnr/current_99999.ckpt
2024-06-16 16:22:04.418492: I tensorflow/core/platform/cpu_feature_guard.cc:142] This TensorFlow binary is optimized with oneAPI Deep Neural Network Library (oneDNN) to use the following CPU instructions in performance-critical operations:  AVX2 FMA
To enable them in other operations, rebuild TensorFlow with the appropriate compiler flags.
2024-06-16 16:22:04.428123: E tensorflow/stream_executor/cuda/cuda_driver.cc:328] failed call to cuInit: CUDA_ERROR_NO_DEVICE: no CUDA-capable device is detected
2024-06-16 16:22:04.428213: I tensorflow/stream_executor/cuda/cuda_diagnostics.cc:156] kernel driver does not appear to be running on this host (nid005953): /proc/driver/nvidia/version does not exist
2024-06-16 16:22:04.430214: I tensorflow/core/platform/cpu_feature_guard.cc:142] This TensorFlow binary is optimized with oneAPI Deep Neural Network Library (oneDNN) to use the following CPU instructions in performance-critical operations:  AVX2 FMA
To enable them in other operations, rebuild TensorFlow with the appropriate compiler flags.
2024-06-16 16:22:04.431573: E tensorflow/stream_executor/cuda/cuda_driver.cc:328] failed call to cuInit: CUDA_ERROR_NO_DEVICE: no CUDA-capable device is detected
2024-06-16 16:22:04.431788: I tensorflow/stream_executor/cuda/cuda_diagnostics.cc:156] kernel driver does not appear to be running on this host (nid005953): /proc/driver/nvidia/version does not exist
INFO:tensorflow:Restoring parameters from /global/cfs/cdirs/desi/users/jqzou/dla_finder/prediction/model/train_midsnr/train_midsnr/current_99999.ckpt
2024-06-16 16:22:04.433735: I tensorflow/core/platform/cpu_feature_guard.cc:142] This TensorFlow binary is optimized with oneAPI Deep Neural Network Library (oneDNN) to use the following CPU instructions in performance-critical operations:  AVX2 FMA
To enable them in other operations, rebuild TensorFlow with the appropriate compiler flags.
2024-06-16 16:22:04.436897: I tensorflow/compiler/mlir/mlir_graph_optimization_pass.cc:196] None of the MLIR optimization passes are enabled (registered 0 passes)
2024-06-16 16:22:04.437556: I tensorflow/compiler/jit/xla_gpu_device.cc:99] Not creating XLA devices, tf_xla_enable_xla_devices not set
2024-06-16 16:22:04.439780: I tensorflow/compiler/jit/xla_gpu_device.cc:99] Not creating XLA devices, tf_xla_enable_xla_devices not set
2024-06-16 16:22:04.453540: I tensorflow/compiler/jit/xla_gpu_device.cc:99] Not creating XLA devices, tf_xla_enable_xla_devices not set
2024-06-16 16:22:04.454995: E tensorflow/stream_executor/cuda/cuda_driver.cc:328] failed call to cuInit: CUDA_ERROR_NO_DEVICE: no CUDA-capable device is detected
2024-06-16 16:22:04.455063: I tensorflow/stream_executor/cuda/cuda_diagnostics.cc:156] kernel driver does not appear to be running on this host (nid005953): /proc/driver/nvidia/version does not exist
2024-06-16 16:22:04.456692: I tensorflow/core/platform/cpu_feature_guard.cc:142] This TensorFlow binary is optimized with oneAPI Deep Neural Network Library (oneDNN) to use the following CPU instructions in performance-critical operations:  AVX2 FMA
To enable them in other operations, rebuild TensorFlow with the appropriate compiler flags.
2024-06-16 16:22:04.460576: I tensorflow/compiler/jit/xla_gpu_device.cc:99] Not creating XLA devices, tf_xla_enable_xla_devices not set
2024-06-16 16:22:04.466427: I tensorflow/compiler/mlir/mlir_graph_optimization_pass.cc:196] None of the MLIR optimization passes are enabled (registered 0 passes)
2024-06-16 16:22:04.472035: I tensorflow/compiler/jit/xla_gpu_device.cc:99] Not creating XLA devices, tf_xla_enable_xla_devices not set
2024-06-16 16:22:04.483702: I tensorflow/core/platform/profile_utils/cpu_utils.cc:112] CPU Frequency: 2445500000 Hz
INFO:tensorflow:Restoring parameters from /global/cfs/cdirs/desi/users/jqzou/dla_finder/prediction/model/train_midsnr/train_midsnr/current_99999.ckpt
INFO:tensorflow:Restoring parameters from /global/cfs/cdirs/desi/users/jqzou/dla_finder/prediction/model/train_midsnr/train_midsnr/current_99999.ckpt
2024-06-16 16:22:04.513719: I tensorflow/core/platform/profile_utils/cpu_utils.cc:112] CPU Frequency: 2445500000 Hz
2024-06-16 16:22:04.515317: I tensorflow/compiler/mlir/mlir_graph_optimization_pass.cc:196] None of the MLIR optimization passes are enabled (registered 0 passes)
2024-06-16 16:22:04.518303: I tensorflow/compiler/mlir/mlir_graph_optimization_pass.cc:196] None of the MLIR optimization passes are enabled (registered 0 passes)
2024-06-16 16:22:04.527386: I tensorflow/core/platform/profile_utils/cpu_utils.cc:112] CPU Frequency: 2445500000 Hz
WARNING:tensorflow:From /global/cfs/cdirs/desi/users/jqzou/dla_finder/training/model.py:291: div (from tensorflow.python.ops.math_ops) is deprecated and will be removed in a future version.
Instructions for updating:
Deprecated in favor of operator or tf.math.divide.
WARNING:tensorflow:From /global/cfs/cdirs/desi/users/jqzou/dla_finder/training/model.py:291: div (from tensorflow.python.ops.math_ops) is deprecated and will be removed in a future version.
Instructions for updating:
Deprecated in favor of operator or tf.math.divide.
2024-06-16 16:22:04.557633: I tensorflow/core/platform/profile_utils/cpu_utils.cc:112] CPU Frequency: 2445500000 Hz
INFO:tensorflow:Restoring parameters from /global/cfs/cdirs/desi/users/jqzou/dla_finder/prediction/model/train_midsnr/train_midsnr/current_99999.ckpt
INFO:tensorflow:Restoring parameters from /global/cfs/cdirs/desi/users/jqzou/dla_finder/prediction/model/train_midsnr/train_midsnr/current_99999.ckpt
INFO:tensorflow:Restoring parameters from /global/cfs/cdirs/desi/users/jqzou/dla_finder/prediction/model/train_midsnr/train_midsnr/current_99999.ckpt
WARNING:tensorflow:From /global/cfs/cdirs/desi/users/jqzou/dla_finder/training/model.py:291: div (from tensorflow.python.ops.math_ops) is deprecated and will be removed in a future version.
Instructions for updating:
Deprecated in favor of operator or tf.math.divide.
2024-06-16 16:22:04.590097: I tensorflow/compiler/mlir/mlir_graph_optimization_pass.cc:196] None of the MLIR optimization passes are enabled (registered 0 passes)
INFO:tensorflow:Restoring parameters from /global/cfs/cdirs/desi/users/jqzou/dla_finder/prediction/model/train_midsnr/train_midsnr/current_99999.ckpt
2024-06-16 16:22:04.593983: I tensorflow/compiler/mlir/mlir_graph_optimization_pass.cc:196] None of the MLIR optimization passes are enabled (registered 0 passes)
2024-06-16 16:22:04.597789: I tensorflow/compiler/mlir/mlir_graph_optimization_pass.cc:196] None of the MLIR optimization passes are enabled (registered 0 passes)
2024-06-16 16:22:04.611929: I tensorflow/compiler/mlir/mlir_graph_optimization_pass.cc:196] None of the MLIR optimization passes are enabled (registered 0 passes)
 70%|█████████████████████████████████████████████████████████████████████████████████████████████████████████████████████████████████▋                                                      | 31/44 [00:01<00:00, 19.17it/s]INFO:tensorflow:Restoring parameters from /global/cfs/cdirs/desi/users/jqzou/dla_finder/prediction/model/train_midsnr/train_midsnr/current_99999.ckpt
2024-06-16 16:22:04.625613: I tensorflow/core/platform/profile_utils/cpu_utils.cc:112] CPU Frequency: 2445500000 Hz
2024-06-16 16:22:04.632946: I tensorflow/compiler/mlir/mlir_graph_optimization_pass.cc:196] None of the MLIR optimization passes are enabled (registered 0 passes)
2024-06-16 16:22:04.633504: I tensorflow/core/platform/profile_utils/cpu_utils.cc:112] CPU Frequency: 2445500000 Hz
2024-06-16 16:22:04.637475: I tensorflow/core/platform/profile_utils/cpu_utils.cc:112] CPU Frequency: 2445500000 Hz
INFO:tensorflow:Restoring parameters from /global/cfs/cdirs/desi/users/jqzou/dla_finder/prediction/model/train_midsnr/train_midsnr/current_99999.ckpt
2024-06-16 16:22:04.645525: I tensorflow/core/platform/profile_utils/cpu_utils.cc:112] CPU Frequency: 2445500000 Hz
2024-06-16 16:22:04.653132: I tensorflow/compiler/mlir/mlir_graph_optimization_pass.cc:196] None of the MLIR optimization passes are enabled (registered 0 passes)
WARNING:tensorflow:From /global/cfs/cdirs/desi/users/jqzou/dla_finder/training/model.py:291: div (from tensorflow.python.ops.math_ops) is deprecated and will be removed in a future version.
Instructions for updating:
Deprecated in favor of operator or tf.math.divide.
2024-06-16 16:22:04.657508: I tensorflow/core/platform/profile_utils/cpu_utils.cc:112] CPU Frequency: 2445500000 Hz
2024-06-16 16:22:04.665591: I tensorflow/core/platform/profile_utils/cpu_utils.cc:112] CPU Frequency: 2445500000 Hz
WARNING:tensorflow:From /global/cfs/cdirs/desi/users/jqzou/dla_finder/training/model.py:291: div (from tensorflow.python.ops.math_ops) is deprecated and will be removed in a future version.
Instructions for updating:
Deprecated in favor of operator or tf.math.divide.
2024-06-16 16:22:04.752630: I tensorflow/compiler/jit/xla_cpu_device.cc:41] Not creating XLA devices, tf_xla_enable_xla_devices not set
2024-06-16 16:22:04.771813: I tensorflow/stream_executor/platform/default/dso_loader.cc:49] Successfully opened dynamic library libcuda.so.1
WARNING:tensorflow:From /global/cfs/cdirs/desi/users/jqzou/dla_finder/training/model.py:291: div (from tensorflow.python.ops.math_ops) is deprecated and will be removed in a future version.
Instructions for updating:
Deprecated in favor of operator or tf.math.divide.
WARNING:tensorflow:From /global/cfs/cdirs/desi/users/jqzou/dla_finder/training/model.py:291: div (from tensorflow.python.ops.math_ops) is deprecated and will be removed in a future version.
Instructions for updating:
Deprecated in favor of operator or tf.math.divide.
 75%|██████████████████████████████████████████████████████████████████████████████████████████████████████████████████████████████████████████                                              | 33/44 [00:02<00:00, 15.18it/s]WARNING:tensorflow:From /global/cfs/cdirs/desi/users/jqzou/dla_finder/training/model.py:291: div (from tensorflow.python.ops.math_ops) is deprecated and will be removed in a future version.
Instructions for updating:
Deprecated in favor of operator or tf.math.divide.
WARNING:tensorflow:From /global/cfs/cdirs/desi/users/jqzou/dla_finder/training/model.py:291: div (from tensorflow.python.ops.math_ops) is deprecated and will be removed in a future version.
Instructions for updating:
Deprecated in favor of operator or tf.math.divide.
WARNING:tensorflow:From /global/cfs/cdirs/desi/users/jqzou/dla_finder/training/model.py:291: div (from tensorflow.python.ops.math_ops) is deprecated and will be removed in a future version.
Instructions for updating:
Deprecated in favor of operator or tf.math.divide.
 80%|██████████████████████████████████████████████████████████████████████████████████████████████████████████████████████████████████████████████████▎                                     | 35/44 [00:02<00:00, 12.46it/s]2024-06-16 16:22:05.463550: I tensorflow/compiler/jit/xla_cpu_device.cc:41] Not creating XLA devices, tf_xla_enable_xla_devices not set
2024-06-16 16:22:05.499763: I tensorflow/compiler/jit/xla_cpu_device.cc:41] Not creating XLA devices, tf_xla_enable_xla_devices not set
2024-06-16 16:22:05.501426: I tensorflow/stream_executor/platform/default/dso_loader.cc:49] Successfully opened dynamic library libcuda.so.1
WARNING:tensorflow:From /global/cfs/cdirs/desi/users/jqzou/dla_finder/training/model.py:291: div (from tensorflow.python.ops.math_ops) is deprecated and will be removed in a future version.
Instructions for updating:
Deprecated in favor of operator or tf.math.divide.
2024-06-16 16:22:05.532775: I tensorflow/stream_executor/platform/default/dso_loader.cc:49] Successfully opened dynamic library libcuda.so.1
2024-06-16 16:22:05.557972: I tensorflow/compiler/jit/xla_cpu_device.cc:41] Not creating XLA devices, tf_xla_enable_xla_devices not set
2024-06-16 16:22:05.568163: I tensorflow/stream_executor/platform/default/dso_loader.cc:49] Successfully opened dynamic library libcuda.so.1
 82%|██████████████████████████████████████████████████████████████████████████████████████████████████████████████████████████████████████████████████████▌                                 | 36/44 [00:02<00:00, 11.93it/s]2024-06-16 16:22:05.666121: E tensorflow/stream_executor/cuda/cuda_driver.cc:328] failed call to cuInit: CUDA_ERROR_NO_DEVICE: no CUDA-capable device is detected
2024-06-16 16:22:05.666191: I tensorflow/stream_executor/cuda/cuda_diagnostics.cc:156] kernel driver does not appear to be running on this host (nid005953): /proc/driver/nvidia/version does not exist
2024-06-16 16:22:05.668612: I tensorflow/core/platform/cpu_feature_guard.cc:142] This TensorFlow binary is optimized with oneAPI Deep Neural Network Library (oneDNN) to use the following CPU instructions in performance-critical operations:  AVX2 FMA
To enable them in other operations, rebuild TensorFlow with the appropriate compiler flags.
2024-06-16 16:22:05.675672: I tensorflow/compiler/jit/xla_gpu_device.cc:99] Not creating XLA devices, tf_xla_enable_xla_devices not set
 95%|███████████████████████████████████████████████████████████████████████████████████████████████████████████████████████████████████████████████████████████████████████████████▋        | 42/44 [00:02<00:00, 16.97it/s]2024-06-16 16:22:05.694110: I tensorflow/compiler/jit/xla_cpu_device.cc:41] Not creating XLA devices, tf_xla_enable_xla_devices not set
2024-06-16 16:22:05.696756: I tensorflow/stream_executor/platform/default/dso_loader.cc:49] Successfully opened dynamic library libcuda.so.1
INFO:tensorflow:Restoring parameters from /global/cfs/cdirs/desi/users/jqzou/dla_finder/prediction/model/train_lowsnr/train_lowsnr/current_99999.ckpt
2024-06-16 16:22:05.771223: I tensorflow/compiler/mlir/mlir_graph_optimization_pass.cc:196] None of the MLIR optimization passes are enabled (registered 0 passes)
2024-06-16 16:22:05.778969: I tensorflow/core/platform/profile_utils/cpu_utils.cc:112] CPU Frequency: 2445500000 Hz
WARNING:tensorflow:From /global/cfs/cdirs/desi/users/jqzou/dla_finder/training/model.py:291: div (from tensorflow.python.ops.math_ops) is deprecated and will be removed in a future version.
Instructions for updating:
Deprecated in favor of operator or tf.math.divide.
2024-06-16 16:22:05.800850: I tensorflow/compiler/jit/xla_cpu_device.cc:41] Not creating XLA devices, tf_xla_enable_xla_devices not set
2024-06-16 16:22:05.806557: I tensorflow/stream_executor/platform/default/dso_loader.cc:49] Successfully opened dynamic library libcuda.so.1
WARNING:tensorflow:From /global/cfs/cdirs/desi/users/jqzou/dla_finder/training/model.py:291: div (from tensorflow.python.ops.math_ops) is deprecated and will be removed in a future version.
Instructions for updating:
Deprecated in favor of operator or tf.math.divide.
2024-06-16 16:22:05.880359: E tensorflow/stream_executor/cuda/cuda_driver.cc:328] failed call to cuInit: CUDA_ERROR_NO_DEVICE: no CUDA-capable device is detected
2024-06-16 16:22:05.880409: I tensorflow/stream_executor/cuda/cuda_diagnostics.cc:156] kernel driver does not appear to be running on this host (nid005953): /proc/driver/nvidia/version does not exist
2024-06-16 16:22:05.881727: I tensorflow/core/platform/cpu_feature_guard.cc:142] This TensorFlow binary is optimized with oneAPI Deep Neural Network Library (oneDNN) to use the following CPU instructions in performance-critical operations:  AVX2 FMA
To enable them in other operations, rebuild TensorFlow with the appropriate compiler flags.
2024-06-16 16:22:05.882447: E tensorflow/stream_executor/cuda/cuda_driver.cc:328] failed call to cuInit: CUDA_ERROR_NO_DEVICE: no CUDA-capable device is detected
2024-06-16 16:22:05.882508: I tensorflow/stream_executor/cuda/cuda_diagnostics.cc:156] kernel driver does not appear to be running on this host (nid005953): /proc/driver/nvidia/version does not exist
2024-06-16 16:22:05.884145: I tensorflow/core/platform/cpu_feature_guard.cc:142] This TensorFlow binary is optimized with oneAPI Deep Neural Network Library (oneDNN) to use the following CPU instructions in performance-critical operations:  AVX2 FMA
To enable them in other operations, rebuild TensorFlow with the appropriate compiler flags.
2024-06-16 16:22:05.885409: E tensorflow/stream_executor/cuda/cuda_driver.cc:328] failed call to cuInit: CUDA_ERROR_NO_DEVICE: no CUDA-capable device is detected
2024-06-16 16:22:05.885447: I tensorflow/stream_executor/cuda/cuda_diagnostics.cc:156] kernel driver does not appear to be running on this host (nid005953): /proc/driver/nvidia/version does not exist
2024-06-16 16:22:05.886569: I tensorflow/compiler/jit/xla_gpu_device.cc:99] Not creating XLA devices, tf_xla_enable_xla_devices not set
2024-06-16 16:22:05.886691: I tensorflow/core/platform/cpu_feature_guard.cc:142] This TensorFlow binary is optimized with oneAPI Deep Neural Network Library (oneDNN) to use the following CPU instructions in performance-critical operations:  AVX2 FMA
To enable them in other operations, rebuild TensorFlow with the appropriate compiler flags.
2024-06-16 16:22:05.890254: I tensorflow/compiler/jit/xla_gpu_device.cc:99] Not creating XLA devices, tf_xla_enable_xla_devices not set
2024-06-16 16:22:05.891189: I tensorflow/compiler/jit/xla_gpu_device.cc:99] Not creating XLA devices, tf_xla_enable_xla_devices not set
2024-06-16 16:22:05.896653: I tensorflow/compiler/jit/xla_cpu_device.cc:41] Not creating XLA devices, tf_xla_enable_xla_devices not set
2024-06-16 16:22:05.899174: I tensorflow/stream_executor/platform/default/dso_loader.cc:49] Successfully opened dynamic library libcuda.so.1
2024-06-16 16:22:05.904746: I tensorflow/compiler/jit/xla_cpu_device.cc:41] Not creating XLA devices, tf_xla_enable_xla_devices not set
2024-06-16 16:22:05.906941: I tensorflow/stream_executor/platform/default/dso_loader.cc:49] Successfully opened dynamic library libcuda.so.1
INFO:tensorflow:Restoring parameters from /global/cfs/cdirs/desi/users/jqzou/dla_finder/prediction/model/train_lowsnr/train_lowsnr/current_99999.ckpt
2024-06-16 16:22:05.945182: E tensorflow/stream_executor/cuda/cuda_driver.cc:328] failed call to cuInit: CUDA_ERROR_NO_DEVICE: no CUDA-capable device is detected
2024-06-16 16:22:05.945222: I tensorflow/stream_executor/cuda/cuda_diagnostics.cc:156] kernel driver does not appear to be running on this host (nid005953): /proc/driver/nvidia/version does not exist
INFO:tensorflow:Restoring parameters from /global/cfs/cdirs/desi/users/jqzou/dla_finder/prediction/model/train_lowsnr/train_lowsnr/current_99999.ckpt
2024-06-16 16:22:05.946420: I tensorflow/core/platform/cpu_feature_guard.cc:142] This TensorFlow binary is optimized with oneAPI Deep Neural Network Library (oneDNN) to use the following CPU instructions in performance-critical operations:  AVX2 FMA
To enable them in other operations, rebuild TensorFlow with the appropriate compiler flags.
2024-06-16 16:22:05.950430: I tensorflow/compiler/jit/xla_cpu_device.cc:41] Not creating XLA devices, tf_xla_enable_xla_devices not set
2024-06-16 16:22:05.951165: I tensorflow/compiler/jit/xla_gpu_device.cc:99] Not creating XLA devices, tf_xla_enable_xla_devices not set
2024-06-16 16:22:05.959686: I tensorflow/compiler/mlir/mlir_graph_optimization_pass.cc:196] None of the MLIR optimization passes are enabled (registered 0 passes)
2024-06-16 16:22:05.963427: I tensorflow/stream_executor/platform/default/dso_loader.cc:49] Successfully opened dynamic library libcuda.so.1
2024-06-16 16:22:05.965642: I tensorflow/compiler/mlir/mlir_graph_optimization_pass.cc:196] None of the MLIR optimization passes are enabled (registered 0 passes)
INFO:tensorflow:Restoring parameters from /global/cfs/cdirs/desi/users/jqzou/dla_finder/prediction/model/train_lowsnr/train_lowsnr/current_99999.ckpt
WARNING:tensorflow:From /global/cfs/cdirs/desi/users/jqzou/dla_finder/training/model.py:291: div (from tensorflow.python.ops.math_ops) is deprecated and will be removed in a future version.
Instructions for updating:
Deprecated in favor of operator or tf.math.divide.
2024-06-16 16:22:05.988922: I tensorflow/core/platform/profile_utils/cpu_utils.cc:112] CPU Frequency: 2445500000 Hz
2024-06-16 16:22:05.993850: I tensorflow/compiler/mlir/mlir_graph_optimization_pass.cc:196] None of the MLIR optimization passes are enabled (registered 0 passes)
2024-06-16 16:22:06.009565: I tensorflow/core/platform/profile_utils/cpu_utils.cc:112] CPU Frequency: 2445500000 Hz
2024-06-16 16:22:06.031795: I tensorflow/compiler/jit/xla_cpu_device.cc:41] Not creating XLA devices, tf_xla_enable_xla_devices not set
2024-06-16 16:22:06.033553: I tensorflow/core/platform/profile_utils/cpu_utils.cc:112] CPU Frequency: 2445500000 Hz
2024-06-16 16:22:06.042604: I tensorflow/stream_executor/platform/default/dso_loader.cc:49] Successfully opened dynamic library libcuda.so.1
INFO:tensorflow:Restoring parameters from /global/cfs/cdirs/desi/users/jqzou/dla_finder/prediction/model/train_lowsnr/train_lowsnr/current_99999.ckpt
2024-06-16 16:22:06.072119: I tensorflow/compiler/mlir/mlir_graph_optimization_pass.cc:196] None of the MLIR optimization passes are enabled (registered 0 passes)
2024-06-16 16:22:06.082075: I tensorflow/compiler/jit/xla_cpu_device.cc:41] Not creating XLA devices, tf_xla_enable_xla_devices not set
2024-06-16 16:22:06.084218: I tensorflow/stream_executor/platform/default/dso_loader.cc:49] Successfully opened dynamic library libcuda.so.1
2024-06-16 16:22:06.097511: I tensorflow/core/platform/profile_utils/cpu_utils.cc:112] CPU Frequency: 2445500000 Hz
2024-06-16 16:22:06.100094: E tensorflow/stream_executor/cuda/cuda_driver.cc:328] failed call to cuInit: CUDA_ERROR_NO_DEVICE: no CUDA-capable device is detected
2024-06-16 16:22:06.100168: I tensorflow/stream_executor/cuda/cuda_diagnostics.cc:156] kernel driver does not appear to be running on this host (nid005953): /proc/driver/nvidia/version does not exist
2024-06-16 16:22:06.101798: I tensorflow/core/platform/cpu_feature_guard.cc:142] This TensorFlow binary is optimized with oneAPI Deep Neural Network Library (oneDNN) to use the following CPU instructions in performance-critical operations:  AVX2 FMA
To enable them in other operations, rebuild TensorFlow with the appropriate compiler flags.
2024-06-16 16:22:06.107968: I tensorflow/compiler/jit/xla_gpu_device.cc:99] Not creating XLA devices, tf_xla_enable_xla_devices not set
WARNING:tensorflow:From /global/cfs/cdirs/desi/users/jqzou/dla_finder/training/model.py:291: div (from tensorflow.python.ops.math_ops) is deprecated and will be removed in a future version.
Instructions for updating:
Deprecated in favor of operator or tf.math.divide.
INFO:tensorflow:Restoring parameters from /global/cfs/cdirs/desi/users/jqzou/dla_finder/prediction/model/train_lowsnr/train_lowsnr/current_99999.ckpt
2024-06-16 16:22:06.226622: I tensorflow/compiler/mlir/mlir_graph_optimization_pass.cc:196] None of the MLIR optimization passes are enabled (registered 0 passes)
2024-06-16 16:22:06.246574: E tensorflow/stream_executor/cuda/cuda_driver.cc:328] failed call to cuInit: CUDA_ERROR_NO_DEVICE: no CUDA-capable device is detected
2024-06-16 16:22:06.246793: I tensorflow/stream_executor/cuda/cuda_diagnostics.cc:156] kernel driver does not appear to be running on this host (nid005953): /proc/driver/nvidia/version does not exist
2024-06-16 16:22:06.248600: I tensorflow/core/platform/cpu_feature_guard.cc:142] This TensorFlow binary is optimized with oneAPI Deep Neural Network Library (oneDNN) to use the following CPU instructions in performance-critical operations:  AVX2 FMA
To enable them in other operations, rebuild TensorFlow with the appropriate compiler flags.
2024-06-16 16:22:06.269591: I tensorflow/core/platform/profile_utils/cpu_utils.cc:112] CPU Frequency: 2445500000 Hz
2024-06-16 16:22:06.294153: I tensorflow/compiler/jit/xla_gpu_device.cc:99] Not creating XLA devices, tf_xla_enable_xla_devices not set
2024-06-16 16:22:06.299223: I tensorflow/compiler/jit/xla_gpu_device.cc:99] Not creating XLA devices, tf_xla_enable_xla_devices not set
2024-06-16 16:22:06.309154: I tensorflow/compiler/jit/xla_cpu_device.cc:41] Not creating XLA devices, tf_xla_enable_xla_devices not set
2024-06-16 16:22:06.322509: I tensorflow/stream_executor/platform/default/dso_loader.cc:49] Successfully opened dynamic library libcuda.so.1
WARNING:tensorflow:From /global/cfs/cdirs/desi/users/jqzou/dla_finder/training/model.py:291: div (from tensorflow.python.ops.math_ops) is deprecated and will be removed in a future version.
Instructions for updating:
Deprecated in favor of operator or tf.math.divide.
2024-06-16 16:22:06.368425: E tensorflow/stream_executor/cuda/cuda_driver.cc:328] failed call to cuInit: CUDA_ERROR_NO_DEVICE: no CUDA-capable device is detected
2024-06-16 16:22:06.368513: I tensorflow/stream_executor/cuda/cuda_diagnostics.cc:156] kernel driver does not appear to be running on this host (nid005953): /proc/driver/nvidia/version does not exist
INFO:tensorflow:Restoring parameters from /global/cfs/cdirs/desi/users/jqzou/dla_finder/prediction/model/train_midsnr/train_midsnr/current_99999.ckpt
2024-06-16 16:22:06.370352: I tensorflow/core/platform/cpu_feature_guard.cc:142] This TensorFlow binary is optimized with oneAPI Deep Neural Network Library (oneDNN) to use the following CPU instructions in performance-critical operations:  AVX2 FMA
To enable them in other operations, rebuild TensorFlow with the appropriate compiler flags.
2024-06-16 16:22:06.376905: I tensorflow/compiler/jit/xla_gpu_device.cc:99] Not creating XLA devices, tf_xla_enable_xla_devices not set
100%|████████████████████████████████████████████████████████████████████████████████████████████████████████████████████████████████████████████████████████████████████████████████████████| 44/44 [00:03<00:00, 13.03it/s]2024-06-16 16:22:06.414930: I tensorflow/compiler/jit/xla_gpu_device.cc:99] Not creating XLA devices, tf_xla_enable_xla_devices not set
2024-06-16 16:22:06.443499: I tensorflow/compiler/jit/xla_gpu_device.cc:99] Not creating XLA devices, tf_xla_enable_xla_devices not set
INFO:tensorflow:Restoring parameters from /global/cfs/cdirs/desi/users/jqzou/dla_finder/prediction/model/train_lowsnr/train_lowsnr/current_99999.ckpt
INFO:tensorflow:Restoring parameters from /global/cfs/cdirs/desi/users/jqzou/dla_finder/prediction/model/train_midsnr/train_midsnr/current_99999.ckpt
WARNING:tensorflow:From /global/cfs/cdirs/desi/users/jqzou/dla_finder/training/model.py:291: div (from tensorflow.python.ops.math_ops) is deprecated and will be removed in a future version.
Instructions for updating:
Deprecated in favor of operator or tf.math.divide.
2024-06-16 16:22:06.468070: I tensorflow/compiler/mlir/mlir_graph_optimization_pass.cc:196] None of the MLIR optimization passes are enabled (registered 0 passes)
2024-06-16 16:22:06.471549: I tensorflow/compiler/jit/xla_gpu_device.cc:99] Not creating XLA devices, tf_xla_enable_xla_devices not set
2024-06-16 16:22:06.478996: E tensorflow/stream_executor/cuda/cuda_driver.cc:328] failed call to cuInit: CUDA_ERROR_NO_DEVICE: no CUDA-capable device is detected
2024-06-16 16:22:06.479396: I tensorflow/stream_executor/cuda/cuda_diagnostics.cc:156] kernel driver does not appear to be running on this host (nid005953): /proc/driver/nvidia/version does not exist
2024-06-16 16:22:06.481717: I tensorflow/core/platform/cpu_feature_guard.cc:142] This TensorFlow binary is optimized with oneAPI Deep Neural Network Library (oneDNN) to use the following CPU instructions in performance-critical operations:  AVX2 FMA
To enable them in other operations, rebuild TensorFlow with the appropriate compiler flags.
2024-06-16 16:22:06.486954: I tensorflow/compiler/jit/xla_gpu_device.cc:99] Not creating XLA devices, tf_xla_enable_xla_devices not set
2024-06-16 16:22:06.505561: I tensorflow/core/platform/profile_utils/cpu_utils.cc:112] CPU Frequency: 2445500000 Hz
INFO:tensorflow:Restoring parameters from /global/cfs/cdirs/desi/users/jqzou/dla_finder/prediction/model/train_midsnr/train_midsnr/current_99999.ckpt
2024-06-16 16:22:06.514244: E tensorflow/stream_executor/cuda/cuda_driver.cc:328] failed call to cuInit: CUDA_ERROR_NO_DEVICE: no CUDA-capable device is detected
2024-06-16 16:22:06.514378: I tensorflow/stream_executor/cuda/cuda_diagnostics.cc:156] kernel driver does not appear to be running on this host (nid005953): /proc/driver/nvidia/version does not exist
2024-06-16 16:22:06.515984: I tensorflow/core/platform/cpu_feature_guard.cc:142] This TensorFlow binary is optimized with oneAPI Deep Neural Network Library (oneDNN) to use the following CPU instructions in performance-critical operations:  AVX2 FMA
To enable them in other operations, rebuild TensorFlow with the appropriate compiler flags.
INFO:tensorflow:Restoring parameters from /global/cfs/cdirs/desi/users/jqzou/dla_finder/prediction/model/train_lowsnr/train_lowsnr/current_99999.ckpt
INFO:tensorflow:Restoring parameters from /global/cfs/cdirs/desi/users/jqzou/dla_finder/prediction/model/train_midsnr/train_midsnr/current_99999.ckpt
2024-06-16 16:22:06.543010: I tensorflow/compiler/jit/xla_gpu_device.cc:99] Not creating XLA devices, tf_xla_enable_xla_devices not set
2024-06-16 16:22:06.559095: I tensorflow/compiler/jit/xla_cpu_device.cc:41] Not creating XLA devices, tf_xla_enable_xla_devices not set
2024-06-16 16:22:06.578423: I tensorflow/compiler/jit/xla_cpu_device.cc:41] Not creating XLA devices, tf_xla_enable_xla_devices not set
2024-06-16 16:22:06.580201: I tensorflow/stream_executor/platform/default/dso_loader.cc:49] Successfully opened dynamic library libcuda.so.1
2024-06-16 16:22:06.583962: I tensorflow/stream_executor/platform/default/dso_loader.cc:49] Successfully opened dynamic library libcuda.so.1
2024-06-16 16:22:06.588342: I tensorflow/compiler/mlir/mlir_graph_optimization_pass.cc:196] None of the MLIR optimization passes are enabled (registered 0 passes)
2024-06-16 16:22:06.597532: E tensorflow/stream_executor/cuda/cuda_driver.cc:328] failed call to cuInit: CUDA_ERROR_NO_DEVICE: no CUDA-capable device is detected
2024-06-16 16:22:06.597785: I tensorflow/stream_executor/cuda/cuda_diagnostics.cc:156] kernel driver does not appear to be running on this host (nid005953): /proc/driver/nvidia/version does not exist
2024-06-16 16:22:06.599875: I tensorflow/core/platform/cpu_feature_guard.cc:142] This TensorFlow binary is optimized with oneAPI Deep Neural Network Library (oneDNN) to use the following CPU instructions in performance-critical operations:  AVX2 FMA
To enable them in other operations, rebuild TensorFlow with the appropriate compiler flags.
2024-06-16 16:22:06.604146: I tensorflow/compiler/jit/xla_gpu_device.cc:99] Not creating XLA devices, tf_xla_enable_xla_devices not set
2024-06-16 16:22:06.633612: I tensorflow/core/platform/profile_utils/cpu_utils.cc:112] CPU Frequency: 2445500000 Hz
INFO:tensorflow:Restoring parameters from /global/cfs/cdirs/desi/users/jqzou/dla_finder/prediction/model/train_lowsnr/train_lowsnr/current_99999.ckpt
INFO:tensorflow:Restoring parameters from /global/cfs/cdirs/desi/users/jqzou/dla_finder/prediction/model/train_lowsnr/train_lowsnr/current_99999.ckpt
2024-06-16 16:22:06.687156: I tensorflow/compiler/mlir/mlir_graph_optimization_pass.cc:196] None of the MLIR optimization passes are enabled (registered 0 passes)
2024-06-16 16:22:06.707366: I tensorflow/compiler/mlir/mlir_graph_optimization_pass.cc:196] None of the MLIR optimization passes are enabled (registered 0 passes)
2024-06-16 16:22:06.717952: I tensorflow/compiler/jit/xla_gpu_device.cc:99] Not creating XLA devices, tf_xla_enable_xla_devices not set
2024-06-16 16:22:06.736730: I tensorflow/core/platform/profile_utils/cpu_utils.cc:112] CPU Frequency: 2445500000 Hz
INFO:tensorflow:Restoring parameters from /global/cfs/cdirs/desi/users/jqzou/dla_finder/prediction/model/train_lowsnr/train_lowsnr/current_99999.ckpt
2024-06-16 16:22:06.753674: I tensorflow/core/platform/profile_utils/cpu_utils.cc:112] CPU Frequency: 2445500000 Hz
2024-06-16 16:22:06.765613: I tensorflow/compiler/mlir/mlir_graph_optimization_pass.cc:196] None of the MLIR optimization passes are enabled (registered 0 passes)
2024-06-16 16:22:06.768936: I tensorflow/compiler/jit/xla_cpu_device.cc:41] Not creating XLA devices, tf_xla_enable_xla_devices not set
2024-06-16 16:22:06.776244: E tensorflow/stream_executor/cuda/cuda_driver.cc:328] failed call to cuInit: CUDA_ERROR_NO_DEVICE: no CUDA-capable device is detected
2024-06-16 16:22:06.776448: I tensorflow/stream_executor/cuda/cuda_diagnostics.cc:156] kernel driver does not appear to be running on this host (nid005953): /proc/driver/nvidia/version does not exist
2024-06-16 16:22:06.778325: I tensorflow/core/platform/cpu_feature_guard.cc:142] This TensorFlow binary is optimized with oneAPI Deep Neural Network Library (oneDNN) to use the following CPU instructions in performance-critical operations:  AVX2 FMA
To enable them in other operations, rebuild TensorFlow with the appropriate compiler flags.
2024-06-16 16:22:06.781353: I tensorflow/stream_executor/platform/default/dso_loader.cc:49] Successfully opened dynamic library libcuda.so.1
2024-06-16 16:22:06.798562: I tensorflow/compiler/jit/xla_gpu_device.cc:99] Not creating XLA devices, tf_xla_enable_xla_devices not set
2024-06-16 16:22:06.802398: I tensorflow/core/platform/profile_utils/cpu_utils.cc:112] CPU Frequency: 2445500000 Hz
INFO:tensorflow:Restoring parameters from /global/cfs/cdirs/desi/users/jqzou/dla_finder/prediction/model/train_midsnr/train_midsnr/current_99999.ckpt
2024-06-16 16:22:07.033501: I tensorflow/compiler/jit/xla_cpu_device.cc:41] Not creating XLA devices, tf_xla_enable_xla_devices not set
2024-06-16 16:22:07.043858: I tensorflow/stream_executor/platform/default/dso_loader.cc:49] Successfully opened dynamic library libcuda.so.1
INFO:tensorflow:Restoring parameters from /global/cfs/cdirs/desi/users/jqzou/dla_finder/prediction/model/train_lowsnr/train_lowsnr/current_99999.ckpt
2024-06-16 16:22:07.084587: I tensorflow/compiler/mlir/mlir_graph_optimization_pass.cc:196] None of the MLIR optimization passes are enabled (registered 0 passes)
2024-06-16 16:22:07.108418: I tensorflow/core/platform/profile_utils/cpu_utils.cc:112] CPU Frequency: 2445500000 Hz
2024-06-16 16:22:07.170836: I tensorflow/compiler/jit/xla_gpu_device.cc:99] Not creating XLA devices, tf_xla_enable_xla_devices not set
2024-06-16 16:22:07.312967: I tensorflow/compiler/jit/xla_cpu_device.cc:41] Not creating XLA devices, tf_xla_enable_xla_devices not set
2024-06-16 16:22:07.347420: I tensorflow/stream_executor/platform/default/dso_loader.cc:49] Successfully opened dynamic library libcuda.so.1
2024-06-16 16:22:07.379357: E tensorflow/stream_executor/cuda/cuda_driver.cc:328] failed call to cuInit: CUDA_ERROR_NO_DEVICE: no CUDA-capable device is detected
2024-06-16 16:22:07.379432: I tensorflow/stream_executor/cuda/cuda_diagnostics.cc:156] kernel driver does not appear to be running on this host (nid005953): /proc/driver/nvidia/version does not exist
2024-06-16 16:22:07.381293: I tensorflow/core/platform/cpu_feature_guard.cc:142] This TensorFlow binary is optimized with oneAPI Deep Neural Network Library (oneDNN) to use the following CPU instructions in performance-critical operations:  AVX2 FMA
To enable them in other operations, rebuild TensorFlow with the appropriate compiler flags.
2024-06-16 16:22:07.385563: E tensorflow/stream_executor/cuda/cuda_driver.cc:328] failed call to cuInit: CUDA_ERROR_NO_DEVICE: no CUDA-capable device is detected
2024-06-16 16:22:07.385642: I tensorflow/stream_executor/cuda/cuda_diagnostics.cc:156] kernel driver does not appear to be running on this host (nid005953): /proc/driver/nvidia/version does not exist
2024-06-16 16:22:07.387654: I tensorflow/core/platform/cpu_feature_guard.cc:142] This TensorFlow binary is optimized with oneAPI Deep Neural Network Library (oneDNN) to use the following CPU instructions in performance-critical operations:  AVX2 FMA
To enable them in other operations, rebuild TensorFlow with the appropriate compiler flags.
2024-06-16 16:22:07.391465: I tensorflow/compiler/jit/xla_gpu_device.cc:99] Not creating XLA devices, tf_xla_enable_xla_devices not set
2024-06-16 16:22:07.408483: I tensorflow/compiler/jit/xla_gpu_device.cc:99] Not creating XLA devices, tf_xla_enable_xla_devices not set
INFO:tensorflow:Restoring parameters from /global/cfs/cdirs/desi/users/jqzou/dla_finder/prediction/model/train_midsnr/train_midsnr/current_99999.ckpt
2024-06-16 16:22:07.526550: I tensorflow/compiler/jit/xla_gpu_device.cc:99] Not creating XLA devices, tf_xla_enable_xla_devices not set
2024-06-16 16:22:07.556391: E tensorflow/stream_executor/cuda/cuda_driver.cc:328] failed call to cuInit: CUDA_ERROR_NO_DEVICE: no CUDA-capable device is detected
2024-06-16 16:22:07.556854: I tensorflow/stream_executor/cuda/cuda_diagnostics.cc:156] kernel driver does not appear to be running on this host (nid005953): /proc/driver/nvidia/version does not exist
2024-06-16 16:22:07.560483: I tensorflow/core/platform/cpu_feature_guard.cc:142] This TensorFlow binary is optimized with oneAPI Deep Neural Network Library (oneDNN) to use the following CPU instructions in performance-critical operations:  AVX2 FMA
To enable them in other operations, rebuild TensorFlow with the appropriate compiler flags.
2024-06-16 16:22:07.577250: I tensorflow/compiler/jit/xla_gpu_device.cc:99] Not creating XLA devices, tf_xla_enable_xla_devices not set
INFO:tensorflow:Restoring parameters from /global/cfs/cdirs/desi/users/jqzou/dla_finder/prediction/model/train_lowsnr/train_lowsnr/current_99999.ckpt
INFO:tensorflow:Restoring parameters from /global/cfs/cdirs/desi/users/jqzou/dla_finder/prediction/model/train_lowsnr/train_lowsnr/current_99999.ckpt
2024-06-16 16:22:07.629906: I tensorflow/compiler/jit/xla_cpu_device.cc:41] Not creating XLA devices, tf_xla_enable_xla_devices not set
2024-06-16 16:22:07.645524: I tensorflow/compiler/mlir/mlir_graph_optimization_pass.cc:196] None of the MLIR optimization passes are enabled (registered 0 passes)
2024-06-16 16:22:07.646318: I tensorflow/compiler/mlir/mlir_graph_optimization_pass.cc:196] None of the MLIR optimization passes are enabled (registered 0 passes)
INFO:tensorflow:Restoring parameters from /global/cfs/cdirs/desi/users/jqzou/dla_finder/prediction/model/train_lowsnr/train_lowsnr/current_99999.ckpt
2024-06-16 16:22:07.676034: I tensorflow/stream_executor/platform/default/dso_loader.cc:49] Successfully opened dynamic library libcuda.so.1
2024-06-16 16:22:07.686112: I tensorflow/core/platform/profile_utils/cpu_utils.cc:112] CPU Frequency: 2445500000 Hz
2024-06-16 16:22:07.693671: I tensorflow/core/platform/profile_utils/cpu_utils.cc:112] CPU Frequency: 2445500000 Hz
2024-06-16 16:22:07.712585: I tensorflow/compiler/jit/xla_gpu_device.cc:99] Not creating XLA devices, tf_xla_enable_xla_devices not set
INFO:tensorflow:Restoring parameters from /global/cfs/cdirs/desi/users/jqzou/dla_finder/prediction/model/train_lowsnr/train_lowsnr/current_99999.ckpt
INFO:tensorflow:Restoring parameters from /global/cfs/cdirs/desi/users/jqzou/dla_finder/prediction/model/train_lowsnr/train_lowsnr/current_99999.ckpt
2024-06-16 16:22:07.928738: E tensorflow/stream_executor/cuda/cuda_driver.cc:328] failed call to cuInit: CUDA_ERROR_NO_DEVICE: no CUDA-capable device is detected
2024-06-16 16:22:07.928918: I tensorflow/stream_executor/cuda/cuda_diagnostics.cc:156] kernel driver does not appear to be running on this host (nid005953): /proc/driver/nvidia/version does not exist
2024-06-16 16:22:07.934395: I tensorflow/core/platform/cpu_feature_guard.cc:142] This TensorFlow binary is optimized with oneAPI Deep Neural Network Library (oneDNN) to use the following CPU instructions in performance-critical operations:  AVX2 FMA
To enable them in other operations, rebuild TensorFlow with the appropriate compiler flags.
2024-06-16 16:22:07.942336: I tensorflow/compiler/jit/xla_gpu_device.cc:99] Not creating XLA devices, tf_xla_enable_xla_devices not set
2024-06-16 16:22:07.942498: I tensorflow/compiler/mlir/mlir_graph_optimization_pass.cc:196] None of the MLIR optimization passes are enabled (registered 0 passes)
2024-06-16 16:22:07.985609: I tensorflow/core/platform/profile_utils/cpu_utils.cc:112] CPU Frequency: 2445500000 Hz
2024-06-16 16:22:08.011200: I tensorflow/compiler/jit/xla_gpu_device.cc:99] Not creating XLA devices, tf_xla_enable_xla_devices not set
INFO:tensorflow:Restoring parameters from /global/cfs/cdirs/desi/users/jqzou/dla_finder/prediction/model/train_lowsnr/train_lowsnr/current_99999.ckpt
2024-06-16 16:22:08.089138: I tensorflow/compiler/mlir/mlir_graph_optimization_pass.cc:196] None of the MLIR optimization passes are enabled (registered 0 passes)
INFO:tensorflow:Restoring parameters from /global/cfs/cdirs/desi/users/jqzou/dla_finder/prediction/model/train_lowsnr/train_lowsnr/current_99999.ckpt
2024-06-16 16:22:08.129674: I tensorflow/core/platform/profile_utils/cpu_utils.cc:112] CPU Frequency: 2445500000 Hz
2024-06-16 16:22:08.189520: E tensorflow/stream_executor/cuda/cuda_driver.cc:328] failed call to cuInit: CUDA_ERROR_NO_DEVICE: no CUDA-capable device is detected
2024-06-16 16:22:08.189750: I tensorflow/stream_executor/cuda/cuda_diagnostics.cc:156] kernel driver does not appear to be running on this host (nid005953): /proc/driver/nvidia/version does not exist
2024-06-16 16:22:08.191905: I tensorflow/core/platform/cpu_feature_guard.cc:142] This TensorFlow binary is optimized with oneAPI Deep Neural Network Library (oneDNN) to use the following CPU instructions in performance-critical operations:  AVX2 FMA
To enable them in other operations, rebuild TensorFlow with the appropriate compiler flags.
2024-06-16 16:22:08.197275: I tensorflow/compiler/jit/xla_gpu_device.cc:99] Not creating XLA devices, tf_xla_enable_xla_devices not set
INFO:tensorflow:Restoring parameters from /global/cfs/cdirs/desi/users/jqzou/dla_finder/prediction/model/train_lowsnr/train_lowsnr/current_99999.ckpt
2024-06-16 16:22:08.396286: I tensorflow/compiler/mlir/mlir_graph_optimization_pass.cc:196] None of the MLIR optimization passes are enabled (registered 0 passes)
2024-06-16 16:22:08.414064: I tensorflow/core/platform/profile_utils/cpu_utils.cc:112] CPU Frequency: 2445500000 Hz
2024-06-16 16:22:08.435537: E tensorflow/stream_executor/cuda/cuda_driver.cc:328] failed call to cuInit: CUDA_ERROR_NO_DEVICE: no CUDA-capable device is detected
2024-06-16 16:22:08.435856: I tensorflow/stream_executor/cuda/cuda_diagnostics.cc:156] kernel driver does not appear to be running on this host (nid005953): /proc/driver/nvidia/version does not exist
2024-06-16 16:22:08.437804: I tensorflow/core/platform/cpu_feature_guard.cc:142] This TensorFlow binary is optimized with oneAPI Deep Neural Network Library (oneDNN) to use the following CPU instructions in performance-critical operations:  AVX2 FMA
To enable them in other operations, rebuild TensorFlow with the appropriate compiler flags.
2024-06-16 16:22:08.442107: I tensorflow/compiler/jit/xla_gpu_device.cc:99] Not creating XLA devices, tf_xla_enable_xla_devices not set
2024-06-16 16:22:08.633675: I tensorflow/compiler/jit/xla_gpu_device.cc:99] Not creating XLA devices, tf_xla_enable_xla_devices not set
INFO:tensorflow:Restoring parameters from /global/cfs/cdirs/desi/users/jqzou/dla_finder/prediction/model/train_lowsnr/train_lowsnr/current_99999.ckpt
2024-06-16 16:22:08.685753: I tensorflow/compiler/mlir/mlir_graph_optimization_pass.cc:196] None of the MLIR optimization passes are enabled (registered 0 passes)
2024-06-16 16:22:08.706515: I tensorflow/core/platform/profile_utils/cpu_utils.cc:112] CPU Frequency: 2445500000 Hz
INFO:tensorflow:Restoring parameters from /global/cfs/cdirs/desi/users/jqzou/dla_finder/prediction/model/train_lowsnr/train_lowsnr/current_99999.ckpt
2024-06-16 16:22:09.382111: I tensorflow/compiler/jit/xla_gpu_device.cc:99] Not creating XLA devices, tf_xla_enable_xla_devices not set
INFO:tensorflow:Restoring parameters from /global/cfs/cdirs/desi/users/jqzou/dla_finder/prediction/model/train_lowsnr/train_lowsnr/current_99999.ckpt
2024-06-16 16:22:09.492872: I tensorflow/compiler/jit/xla_gpu_device.cc:99] Not creating XLA devices, tf_xla_enable_xla_devices not set
INFO:tensorflow:Restoring parameters from /global/cfs/cdirs/desi/users/jqzou/dla_finder/prediction/model/train_lowsnr/train_lowsnr/current_99999.ckpt
2024-06-16 16:22:09.853987: I tensorflow/compiler/jit/xla_gpu_device.cc:99] Not creating XLA devices, tf_xla_enable_xla_devices not set
2024-06-16 16:22:09.888374: I tensorflow/compiler/jit/xla_gpu_device.cc:99] Not creating XLA devices, tf_xla_enable_xla_devices not set
INFO:tensorflow:Restoring parameters from /global/cfs/cdirs/desi/users/jqzou/dla_finder/prediction/model/train_lowsnr/train_lowsnr/current_99999.ckpt
INFO:tensorflow:Restoring parameters from /global/cfs/cdirs/desi/users/jqzou/dla_finder/prediction/model/train_lowsnr/train_lowsnr/current_99999.ckpt

  0%|                                                                                                                                                                                                 | 0/44 [00:00<?, ?it/s]  0%|                                                                                                                                                                                                 | 0/44 [00:00<?, ?it/s]
Traceback (most recent call last):
  File "/global/u1/t/tanting/DESI_analysis/desi-dlas/desi_mock_iron1.py", line 86, in <module>
    dla_tbl=save_pred(sightlines,pred,filename=dlacat_loc)
  File "/global/u1/t/tanting/DESI_analysis/desi-dlas/desidlas/prediction/pred_sightline.py", line 37, in save_pred
    pred_abs=vstack((pred_abs,analyze_pred(sightline,classifier,conf,offset,coldensity,PEAK_THRESH,lam_analyse)))
  File "/global/u1/t/tanting/DESI_analysis/desi-dlas/desidlas/prediction/analyze_prediction.py", line 106, in analyze_pred
    absorber_type =  "DLA" if mean_col_density_prediction >= 20.3 else "LYB" if sightline.is_lyb(peak) else "SUBDLA"
TypeError: is_lyb() missing 1 required positional argument: 'lam_analyse'
srun: error: nid005953: task 0: Exited with exit code 1
srun: Terminating StepId=26858437.0
2024-06-16 16:22:31.972244: W tensorflow/stream_executor/platform/default/dso_loader.cc:60] Could not load dynamic library 'libcudart.so.11.0'; dlerror: libcudart.so.11.0: cannot open shared object file: No such file or directory; LD_LIBRARY_PATH: /global/u1/t/tanting/fitter2_tutorial/PolyChordLite/lib:/global/u1/t/tanting/DESI_analysis/theoretical_pk/fisher_forecast/openmpi-4.1.2/lib:/global/u1/t/tanting/fitter2_tutorial/PolyChordLite/lib:/global/u1/t/tanting/DESI_analysis/theoretical_pk/fisher_forecast/openmpi-4.1.2/lib:/global/common/software/nersc/pm-2022q4/sw/evp-patch/lib64:/global/u1/t/tanting/fitter2_tutorial/PolyChordLite/lib:/global/u1/t/tanting/DESI_analysis/theoretical_pk/fisher_forecast/openmpi-4.1.2/lib:/usr/local/cuda-12.2/compat:/opt/nvidia/hpc_sdk/Linux_x86_64/23.9/math_libs/12.2/lib64:/opt/nvidia/hpc_sdk/Linux_x86_64/23.9/cuda/12.2/extras/CUPTI/lib64:/opt/nvidia/hpc_sdk/Linux_x86_64/23.9/cuda/12.2/extras/Debugger/lib64:/opt/nvidia/hpc_sdk/Linux_x86_64/23.9/cuda/12.2/nvvm/lib64:/opt/nvidia/hpc_sdk/Linux_x86_64/23.9/cuda/12.2/lib64:/opt/cray/pe/papi/7.0.1.2/lib64:/opt/cray/libfabric/1.15.2.0/lib64:/opt/cray/libfabric/1.15.2.0/lib64:/opt/cray/libfabric/1.15.2.0/lib64
2024-06-16 16:22:31.972267: I tensorflow/stream_executor/cuda/cudart_stub.cc:29] Ignore above cudart dlerror if you do not have a GPU set up on your machine.
  0%|                                                                                                                                                                                                 | 0/58 [00:00<?, ?it/s]WARNING:tensorflow:From /global/cfs/cdirs/desi/users/jqzou/dla_finder/training/model.py:291: div (from tensorflow.python.ops.math_ops) is deprecated and will be removed in a future version.
Instructions for updating:
Deprecated in favor of operator or tf.math.divide.
WARNING:tensorflow:From /global/cfs/cdirs/desi/users/jqzou/dla_finder/training/model.py:291: div (from tensorflow.python.ops.math_ops) is deprecated and will be removed in a future version.
Instructions for updating:
Deprecated in favor of operator or tf.math.divide.
WARNING:tensorflow:From /global/cfs/cdirs/desi/users/jqzou/dla_finder/training/model.py:291: div (from tensorflow.python.ops.math_ops) is deprecated and will be removed in a future version.
Instructions for updating:
Deprecated in favor of operator or tf.math.divide.
WARNING:tensorflow:From /global/cfs/cdirs/desi/users/jqzou/dla_finder/training/model.py:291: div (from tensorflow.python.ops.math_ops) is deprecated and will be removed in a future version.
Instructions for updating:
Deprecated in favor of operator or tf.math.divide.
WARNING:tensorflow:From /global/cfs/cdirs/desi/users/jqzou/dla_finder/training/model.py:291: div (from tensorflow.python.ops.math_ops) is deprecated and will be removed in a future version.
Instructions for updating:
Deprecated in favor of operator or tf.math.divide.
WARNING:tensorflow:From /global/cfs/cdirs/desi/users/jqzou/dla_finder/training/model.py:291: div (from tensorflow.python.ops.math_ops) is deprecated and will be removed in a future version.
Instructions for updating:
Deprecated in favor of operator or tf.math.divide.
WARNING:tensorflow:From /global/cfs/cdirs/desi/users/jqzou/dla_finder/training/model.py:291: div (from tensorflow.python.ops.math_ops) is deprecated and will be removed in a future version.
Instructions for updating:
Deprecated in favor of operator or tf.math.divide.
WARNING:tensorflow:From /global/cfs/cdirs/desi/users/jqzou/dla_finder/training/model.py:291: div (from tensorflow.python.ops.math_ops) is deprecated and will be removed in a future version.
Instructions for updating:
Deprecated in favor of operator or tf.math.divide.
WARNING:tensorflow:From /global/cfs/cdirs/desi/users/jqzou/dla_finder/training/model.py:291: div (from tensorflow.python.ops.math_ops) is deprecated and will be removed in a future version.
Instructions for updating:
Deprecated in favor of operator or tf.math.divide.
WARNING:tensorflow:From /global/cfs/cdirs/desi/users/jqzou/dla_finder/training/model.py:291: div (from tensorflow.python.ops.math_ops) is deprecated and will be removed in a future version.
Instructions for updating:
Deprecated in favor of operator or tf.math.divide.
WARNING:tensorflow:From /global/cfs/cdirs/desi/users/jqzou/dla_finder/training/model.py:291: div (from tensorflow.python.ops.math_ops) is deprecated and will be removed in a future version.
Instructions for updating:
Deprecated in favor of operator or tf.math.divide.
WARNING:tensorflow:From /global/cfs/cdirs/desi/users/jqzou/dla_finder/training/model.py:291: div (from tensorflow.python.ops.math_ops) is deprecated and will be removed in a future version.
Instructions for updating:
Deprecated in favor of operator or tf.math.divide.
WARNING:tensorflow:From /global/cfs/cdirs/desi/users/jqzou/dla_finder/training/model.py:291: div (from tensorflow.python.ops.math_ops) is deprecated and will be removed in a future version.
Instructions for updating:
Deprecated in favor of operator or tf.math.divide.
WARNING:tensorflow:From /global/cfs/cdirs/desi/users/jqzou/dla_finder/training/model.py:291: div (from tensorflow.python.ops.math_ops) is deprecated and will be removed in a future version.
Instructions for updating:
Deprecated in favor of operator or tf.math.divide.
WARNING:tensorflow:From /global/cfs/cdirs/desi/users/jqzou/dla_finder/training/model.py:291: div (from tensorflow.python.ops.math_ops) is deprecated and will be removed in a future version.
Instructions for updating:
Deprecated in favor of operator or tf.math.divide.
2024-06-16 16:23:37.235835: I tensorflow/compiler/jit/xla_cpu_device.cc:41] Not creating XLA devices, tf_xla_enable_xla_devices not set
2024-06-16 16:23:37.243389: I tensorflow/stream_executor/platform/default/dso_loader.cc:49] Successfully opened dynamic library libcuda.so.1
2024-06-16 16:23:37.272617: I tensorflow/compiler/jit/xla_cpu_device.cc:41] Not creating XLA devices, tf_xla_enable_xla_devices not set
2024-06-16 16:23:37.274813: I tensorflow/stream_executor/platform/default/dso_loader.cc:49] Successfully opened dynamic library libcuda.so.1
2024-06-16 16:23:37.287773: I tensorflow/compiler/jit/xla_cpu_device.cc:41] Not creating XLA devices, tf_xla_enable_xla_devices not set
2024-06-16 16:23:37.290721: I tensorflow/stream_executor/platform/default/dso_loader.cc:49] Successfully opened dynamic library libcuda.so.1
2024-06-16 16:23:37.298809: I tensorflow/compiler/jit/xla_cpu_device.cc:41] Not creating XLA devices, tf_xla_enable_xla_devices not set
2024-06-16 16:23:37.301387: I tensorflow/stream_executor/platform/default/dso_loader.cc:49] Successfully opened dynamic library libcuda.so.1
2024-06-16 16:23:37.315472: I tensorflow/compiler/jit/xla_cpu_device.cc:41] Not creating XLA devices, tf_xla_enable_xla_devices not set
2024-06-16 16:23:37.317848: I tensorflow/stream_executor/platform/default/dso_loader.cc:49] Successfully opened dynamic library libcuda.so.1
2024-06-16 16:23:37.365239: I tensorflow/compiler/jit/xla_cpu_device.cc:41] Not creating XLA devices, tf_xla_enable_xla_devices not set
2024-06-16 16:23:37.367667: I tensorflow/stream_executor/platform/default/dso_loader.cc:49] Successfully opened dynamic library libcuda.so.1
2024-06-16 16:23:37.368834: I tensorflow/compiler/jit/xla_cpu_device.cc:41] Not creating XLA devices, tf_xla_enable_xla_devices not set
2024-06-16 16:23:37.371064: I tensorflow/stream_executor/platform/default/dso_loader.cc:49] Successfully opened dynamic library libcuda.so.1
2024-06-16 16:23:37.402794: I tensorflow/compiler/jit/xla_cpu_device.cc:41] Not creating XLA devices, tf_xla_enable_xla_devices not set
2024-06-16 16:23:37.405217: I tensorflow/stream_executor/platform/default/dso_loader.cc:49] Successfully opened dynamic library libcuda.so.1
2024-06-16 16:23:37.443440: I tensorflow/compiler/jit/xla_cpu_device.cc:41] Not creating XLA devices, tf_xla_enable_xla_devices not set
2024-06-16 16:23:37.445856: I tensorflow/stream_executor/platform/default/dso_loader.cc:49] Successfully opened dynamic library libcuda.so.1
2024-06-16 16:23:37.450673: I tensorflow/compiler/jit/xla_cpu_device.cc:41] Not creating XLA devices, tf_xla_enable_xla_devices not set
2024-06-16 16:23:37.453935: I tensorflow/stream_executor/platform/default/dso_loader.cc:49] Successfully opened dynamic library libcuda.so.1
2024-06-16 16:23:37.468052: I tensorflow/compiler/jit/xla_cpu_device.cc:41] Not creating XLA devices, tf_xla_enable_xla_devices not set
2024-06-16 16:23:37.472311: I tensorflow/stream_executor/platform/default/dso_loader.cc:49] Successfully opened dynamic library libcuda.so.1
2024-06-16 16:23:37.490663: I tensorflow/compiler/jit/xla_cpu_device.cc:41] Not creating XLA devices, tf_xla_enable_xla_devices not set
2024-06-16 16:23:37.493002: I tensorflow/compiler/jit/xla_cpu_device.cc:41] Not creating XLA devices, tf_xla_enable_xla_devices not set
2024-06-16 16:23:37.493034: I tensorflow/stream_executor/platform/default/dso_loader.cc:49] Successfully opened dynamic library libcuda.so.1
2024-06-16 16:23:37.493671: I tensorflow/compiler/jit/xla_cpu_device.cc:41] Not creating XLA devices, tf_xla_enable_xla_devices not set
2024-06-16 16:23:37.494961: I tensorflow/stream_executor/platform/default/dso_loader.cc:49] Successfully opened dynamic library libcuda.so.1
2024-06-16 16:23:37.495578: I tensorflow/stream_executor/platform/default/dso_loader.cc:49] Successfully opened dynamic library libcuda.so.1
2024-06-16 16:23:37.508305: I tensorflow/compiler/jit/xla_cpu_device.cc:41] Not creating XLA devices, tf_xla_enable_xla_devices not set
2024-06-16 16:23:37.510378: I tensorflow/stream_executor/platform/default/dso_loader.cc:49] Successfully opened dynamic library libcuda.so.1
2024-06-16 16:23:37.518427: E tensorflow/stream_executor/cuda/cuda_driver.cc:328] failed call to cuInit: CUDA_ERROR_NO_DEVICE: no CUDA-capable device is detected
2024-06-16 16:23:37.518480: I tensorflow/stream_executor/cuda/cuda_diagnostics.cc:156] kernel driver does not appear to be running on this host (nid005953): /proc/driver/nvidia/version does not exist
2024-06-16 16:23:37.519930: I tensorflow/core/platform/cpu_feature_guard.cc:142] This TensorFlow binary is optimized with oneAPI Deep Neural Network Library (oneDNN) to use the following CPU instructions in performance-critical operations:  AVX2 FMA
To enable them in other operations, rebuild TensorFlow with the appropriate compiler flags.
2024-06-16 16:23:37.524982: I tensorflow/compiler/jit/xla_gpu_device.cc:99] Not creating XLA devices, tf_xla_enable_xla_devices not set
WARNING:tensorflow:From /global/cfs/cdirs/desi/users/jqzou/dla_finder/training/model.py:291: div (from tensorflow.python.ops.math_ops) is deprecated and will be removed in a future version.
Instructions for updating:
Deprecated in favor of operator or tf.math.divide.
INFO:tensorflow:Restoring parameters from /global/cfs/cdirs/desi/users/jqzou/dla_finder/prediction/model/train_midsnr/train_midsnr/current_99999.ckpt
2024-06-16 16:23:37.605985: I tensorflow/compiler/mlir/mlir_graph_optimization_pass.cc:196] None of the MLIR optimization passes are enabled (registered 0 passes)
2024-06-16 16:23:37.630474: E tensorflow/stream_executor/cuda/cuda_driver.cc:328] failed call to cuInit: CUDA_ERROR_NO_DEVICE: no CUDA-capable device is detected
2024-06-16 16:23:37.630526: I tensorflow/stream_executor/cuda/cuda_diagnostics.cc:156] kernel driver does not appear to be running on this host (nid005953): /proc/driver/nvidia/version does not exist
2024-06-16 16:23:37.631913: I tensorflow/core/platform/cpu_feature_guard.cc:142] This TensorFlow binary is optimized with oneAPI Deep Neural Network Library (oneDNN) to use the following CPU instructions in performance-critical operations:  AVX2 FMA
To enable them in other operations, rebuild TensorFlow with the appropriate compiler flags.
2024-06-16 16:23:37.636772: I tensorflow/compiler/jit/xla_gpu_device.cc:99] Not creating XLA devices, tf_xla_enable_xla_devices not set
2024-06-16 16:23:37.637517: I tensorflow/core/platform/profile_utils/cpu_utils.cc:112] CPU Frequency: 2445500000 Hz
2024-06-16 16:23:37.641027: E tensorflow/stream_executor/cuda/cuda_driver.cc:328] failed call to cuInit: CUDA_ERROR_NO_DEVICE: no CUDA-capable device is detected
2024-06-16 16:23:37.641076: I tensorflow/stream_executor/cuda/cuda_diagnostics.cc:156] kernel driver does not appear to be running on this host (nid005953): /proc/driver/nvidia/version does not exist
2024-06-16 16:23:37.642458: I tensorflow/core/platform/cpu_feature_guard.cc:142] This TensorFlow binary is optimized with oneAPI Deep Neural Network Library (oneDNN) to use the following CPU instructions in performance-critical operations:  AVX2 FMA
To enable them in other operations, rebuild TensorFlow with the appropriate compiler flags.
WARNING:tensorflow:From /global/cfs/cdirs/desi/users/jqzou/dla_finder/training/model.py:291: div (from tensorflow.python.ops.math_ops) is deprecated and will be removed in a future version.
Instructions for updating:
Deprecated in favor of operator or tf.math.divide.
2024-06-16 16:23:37.646663: I tensorflow/compiler/jit/xla_gpu_device.cc:99] Not creating XLA devices, tf_xla_enable_xla_devices not set
2024-06-16 16:23:37.669058: E tensorflow/stream_executor/cuda/cuda_driver.cc:328] failed call to cuInit: CUDA_ERROR_NO_DEVICE: no CUDA-capable device is detected
2024-06-16 16:23:37.669112: I tensorflow/stream_executor/cuda/cuda_diagnostics.cc:156] kernel driver does not appear to be running on this host (nid005953): /proc/driver/nvidia/version does not exist
2024-06-16 16:23:37.670592: I tensorflow/core/platform/cpu_feature_guard.cc:142] This TensorFlow binary is optimized with oneAPI Deep Neural Network Library (oneDNN) to use the following CPU instructions in performance-critical operations:  AVX2 FMA
To enable them in other operations, rebuild TensorFlow with the appropriate compiler flags.
2024-06-16 16:23:37.676102: I tensorflow/compiler/jit/xla_gpu_device.cc:99] Not creating XLA devices, tf_xla_enable_xla_devices not set
2024-06-16 16:23:37.686324: E tensorflow/stream_executor/cuda/cuda_driver.cc:328] failed call to cuInit: CUDA_ERROR_NO_DEVICE: no CUDA-capable device is detected
2024-06-16 16:23:37.686369: I tensorflow/stream_executor/cuda/cuda_diagnostics.cc:156] kernel driver does not appear to be running on this host (nid005953): /proc/driver/nvidia/version does not exist
2024-06-16 16:23:37.687562: I tensorflow/core/platform/cpu_feature_guard.cc:142] This TensorFlow binary is optimized with oneAPI Deep Neural Network Library (oneDNN) to use the following CPU instructions in performance-critical operations:  AVX2 FMA
To enable them in other operations, rebuild TensorFlow with the appropriate compiler flags.
2024-06-16 16:23:37.691741: I tensorflow/compiler/jit/xla_gpu_device.cc:99] Not creating XLA devices, tf_xla_enable_xla_devices not set
INFO:tensorflow:Restoring parameters from /global/cfs/cdirs/desi/users/jqzou/dla_finder/prediction/model/train_midsnr/train_midsnr/current_99999.ckpt
INFO:tensorflow:Restoring parameters from /global/cfs/cdirs/desi/users/jqzou/dla_finder/prediction/model/train_midsnr/train_midsnr/current_99999.ckpt
2024-06-16 16:23:37.705217: I tensorflow/compiler/mlir/mlir_graph_optimization_pass.cc:196] None of the MLIR optimization passes are enabled (registered 0 passes)
2024-06-16 16:23:37.714562: I tensorflow/compiler/mlir/mlir_graph_optimization_pass.cc:196] None of the MLIR optimization passes are enabled (registered 0 passes)
WARNING:tensorflow:From /global/cfs/cdirs/desi/users/jqzou/dla_finder/training/model.py:291: div (from tensorflow.python.ops.math_ops) is deprecated and will be removed in a future version.
Instructions for updating:
Deprecated in favor of operator or tf.math.divide.
WARNING:tensorflow:From /global/cfs/cdirs/desi/users/jqzou/dla_finder/training/model.py:291: div (from tensorflow.python.ops.math_ops) is deprecated and will be removed in a future version.
Instructions for updating:
Deprecated in favor of operator or tf.math.divide.
2024-06-16 16:23:37.733507: I tensorflow/core/platform/profile_utils/cpu_utils.cc:112] CPU Frequency: 2445500000 Hz
2024-06-16 16:23:37.741509: I tensorflow/core/platform/profile_utils/cpu_utils.cc:112] CPU Frequency: 2445500000 Hz
INFO:tensorflow:Restoring parameters from /global/cfs/cdirs/desi/users/jqzou/dla_finder/prediction/model/train_midsnr/train_midsnr/current_99999.ckpt
INFO:tensorflow:Restoring parameters from /global/cfs/cdirs/desi/users/jqzou/dla_finder/prediction/model/train_midsnr/train_midsnr/current_99999.ckpt
2024-06-16 16:23:37.759449: E tensorflow/stream_executor/cuda/cuda_driver.cc:328] failed call to cuInit: CUDA_ERROR_NO_DEVICE: no CUDA-capable device is detected
2024-06-16 16:23:37.759511: I tensorflow/stream_executor/cuda/cuda_diagnostics.cc:156] kernel driver does not appear to be running on this host (nid005953): /proc/driver/nvidia/version does not exist
2024-06-16 16:23:37.761071: I tensorflow/core/platform/cpu_feature_guard.cc:142] This TensorFlow binary is optimized with oneAPI Deep Neural Network Library (oneDNN) to use the following CPU instructions in performance-critical operations:  AVX2 FMA
To enable them in other operations, rebuild TensorFlow with the appropriate compiler flags.
2024-06-16 16:23:37.766896: I tensorflow/compiler/jit/xla_gpu_device.cc:99] Not creating XLA devices, tf_xla_enable_xla_devices not set
2024-06-16 16:23:37.767017: E tensorflow/stream_executor/cuda/cuda_driver.cc:328] failed call to cuInit: CUDA_ERROR_NO_DEVICE: no CUDA-capable device is detected
2024-06-16 16:23:37.767068: I tensorflow/stream_executor/cuda/cuda_diagnostics.cc:156] kernel driver does not appear to be running on this host (nid005953): /proc/driver/nvidia/version does not exist
2024-06-16 16:23:37.767938: I tensorflow/compiler/mlir/mlir_graph_optimization_pass.cc:196] None of the MLIR optimization passes are enabled (registered 0 passes)
2024-06-16 16:23:37.768451: I tensorflow/core/platform/cpu_feature_guard.cc:142] This TensorFlow binary is optimized with oneAPI Deep Neural Network Library (oneDNN) to use the following CPU instructions in performance-critical operations:  AVX2 FMA
To enable them in other operations, rebuild TensorFlow with the appropriate compiler flags.
2024-06-16 16:23:37.768964: I tensorflow/compiler/mlir/mlir_graph_optimization_pass.cc:196] None of the MLIR optimization passes are enabled (registered 0 passes)
2024-06-16 16:23:37.773221: I tensorflow/compiler/jit/xla_gpu_device.cc:99] Not creating XLA devices, tf_xla_enable_xla_devices not set
2024-06-16 16:23:37.796360: I tensorflow/core/platform/profile_utils/cpu_utils.cc:112] CPU Frequency: 2445500000 Hz
2024-06-16 16:23:37.803754: I tensorflow/core/platform/profile_utils/cpu_utils.cc:112] CPU Frequency: 2445500000 Hz
2024-06-16 16:23:37.843567: E tensorflow/stream_executor/cuda/cuda_driver.cc:328] failed call to cuInit: CUDA_ERROR_NO_DEVICE: no CUDA-capable device is detected
2024-06-16 16:23:37.843783: I tensorflow/stream_executor/cuda/cuda_diagnostics.cc:156] kernel driver does not appear to be running on this host (nid005953): /proc/driver/nvidia/version does not exist
2024-06-16 16:23:37.845795: I tensorflow/core/platform/cpu_feature_guard.cc:142] This TensorFlow binary is optimized with oneAPI Deep Neural Network Library (oneDNN) to use the following CPU instructions in performance-critical operations:  AVX2 FMA
To enable them in other operations, rebuild TensorFlow with the appropriate compiler flags.
2024-06-16 16:23:37.853551: I tensorflow/compiler/jit/xla_gpu_device.cc:99] Not creating XLA devices, tf_xla_enable_xla_devices not set
INFO:tensorflow:Restoring parameters from /global/cfs/cdirs/desi/users/jqzou/dla_finder/prediction/model/train_midsnr/train_midsnr/current_99999.ckpt
 53%|██████████████████████████████████████████████████████████████████████████████████████████████████▎                                                                                     | 31/58 [00:01<00:01, 23.69it/s]INFO:tensorflow:Restoring parameters from /global/cfs/cdirs/desi/users/jqzou/dla_finder/prediction/model/train_midsnr/train_midsnr/current_99999.ckpt
2024-06-16 16:23:37.863750: I tensorflow/compiler/mlir/mlir_graph_optimization_pass.cc:196] None of the MLIR optimization passes are enabled (registered 0 passes)
2024-06-16 16:23:37.872969: I tensorflow/compiler/mlir/mlir_graph_optimization_pass.cc:196] None of the MLIR optimization passes are enabled (registered 0 passes)
2024-06-16 16:23:37.874171: E tensorflow/stream_executor/cuda/cuda_driver.cc:328] failed call to cuInit: CUDA_ERROR_NO_DEVICE: no CUDA-capable device is detected
2024-06-16 16:23:37.874217: I tensorflow/stream_executor/cuda/cuda_diagnostics.cc:156] kernel driver does not appear to be running on this host (nid005953): /proc/driver/nvidia/version does not exist
2024-06-16 16:23:37.874351: E tensorflow/stream_executor/cuda/cuda_driver.cc:328] failed call to cuInit: CUDA_ERROR_NO_DEVICE: no CUDA-capable device is detected
2024-06-16 16:23:37.874394: I tensorflow/stream_executor/cuda/cuda_diagnostics.cc:156] kernel driver does not appear to be running on this host (nid005953): /proc/driver/nvidia/version does not exist
2024-06-16 16:23:37.875451: I tensorflow/core/platform/cpu_feature_guard.cc:142] This TensorFlow binary is optimized with oneAPI Deep Neural Network Library (oneDNN) to use the following CPU instructions in performance-critical operations:  AVX2 FMA
To enable them in other operations, rebuild TensorFlow with the appropriate compiler flags.
2024-06-16 16:23:37.876000: I tensorflow/core/platform/cpu_feature_guard.cc:142] This TensorFlow binary is optimized with oneAPI Deep Neural Network Library (oneDNN) to use the following CPU instructions in performance-critical operations:  AVX2 FMA
To enable them in other operations, rebuild TensorFlow with the appropriate compiler flags.
2024-06-16 16:23:37.880278: I tensorflow/compiler/jit/xla_gpu_device.cc:99] Not creating XLA devices, tf_xla_enable_xla_devices not set
2024-06-16 16:23:37.882326: I tensorflow/core/platform/profile_utils/cpu_utils.cc:112] CPU Frequency: 2445500000 Hz
2024-06-16 16:23:37.882639: I tensorflow/compiler/jit/xla_gpu_device.cc:99] Not creating XLA devices, tf_xla_enable_xla_devices not set
2024-06-16 16:23:37.890198: I tensorflow/core/platform/profile_utils/cpu_utils.cc:112] CPU Frequency: 2445500000 Hz
2024-06-16 16:23:37.896516: E tensorflow/stream_executor/cuda/cuda_driver.cc:328] failed call to cuInit: CUDA_ERROR_NO_DEVICE: no CUDA-capable device is detected
2024-06-16 16:23:37.896563: I tensorflow/stream_executor/cuda/cuda_diagnostics.cc:156] kernel driver does not appear to be running on this host (nid005953): /proc/driver/nvidia/version does not exist
2024-06-16 16:23:37.898022: I tensorflow/core/platform/cpu_feature_guard.cc:142] This TensorFlow binary is optimized with oneAPI Deep Neural Network Library (oneDNN) to use the following CPU instructions in performance-critical operations:  AVX2 FMA
To enable them in other operations, rebuild TensorFlow with the appropriate compiler flags.
2024-06-16 16:23:37.903448: I tensorflow/compiler/jit/xla_gpu_device.cc:99] Not creating XLA devices, tf_xla_enable_xla_devices not set
2024-06-16 16:23:37.905225: E tensorflow/stream_executor/cuda/cuda_driver.cc:328] failed call to cuInit: CUDA_ERROR_NO_DEVICE: no CUDA-capable device is detected
2024-06-16 16:23:37.905225: E tensorflow/stream_executor/cuda/cuda_driver.cc:328] failed call to cuInit: CUDA_ERROR_NO_DEVICE: no CUDA-capable device is detected
2024-06-16 16:23:37.905304: I tensorflow/stream_executor/cuda/cuda_diagnostics.cc:156] kernel driver does not appear to be running on this host (nid005953): /proc/driver/nvidia/version does not exist
2024-06-16 16:23:37.905304: I tensorflow/stream_executor/cuda/cuda_diagnostics.cc:156] kernel driver does not appear to be running on this host (nid005953): /proc/driver/nvidia/version does not exist
2024-06-16 16:23:37.906926: I tensorflow/core/platform/cpu_feature_guard.cc:142] This TensorFlow binary is optimized with oneAPI Deep Neural Network Library (oneDNN) to use the following CPU instructions in performance-critical operations:  AVX2 FMA
To enable them in other operations, rebuild TensorFlow with the appropriate compiler flags.
2024-06-16 16:23:37.906926: I tensorflow/core/platform/cpu_feature_guard.cc:142] This TensorFlow binary is optimized with oneAPI Deep Neural Network Library (oneDNN) to use the following CPU instructions in performance-critical operations:  AVX2 FMA
To enable them in other operations, rebuild TensorFlow with the appropriate compiler flags.
2024-06-16 16:23:37.906976: E tensorflow/stream_executor/cuda/cuda_driver.cc:328] failed call to cuInit: CUDA_ERROR_NO_DEVICE: no CUDA-capable device is detected
2024-06-16 16:23:37.907021: I tensorflow/stream_executor/cuda/cuda_diagnostics.cc:156] kernel driver does not appear to be running on this host (nid005953): /proc/driver/nvidia/version does not exist
2024-06-16 16:23:37.908906: I tensorflow/core/platform/cpu_feature_guard.cc:142] This TensorFlow binary is optimized with oneAPI Deep Neural Network Library (oneDNN) to use the following CPU instructions in performance-critical operations:  AVX2 FMA
To enable them in other operations, rebuild TensorFlow with the appropriate compiler flags.
2024-06-16 16:23:37.920163: I tensorflow/compiler/jit/xla_gpu_device.cc:99] Not creating XLA devices, tf_xla_enable_xla_devices not set
2024-06-16 16:23:37.920752: I tensorflow/compiler/jit/xla_gpu_device.cc:99] Not creating XLA devices, tf_xla_enable_xla_devices not set
2024-06-16 16:23:37.921167: I tensorflow/compiler/jit/xla_gpu_device.cc:99] Not creating XLA devices, tf_xla_enable_xla_devices not set
2024-06-16 16:23:37.929085: E tensorflow/stream_executor/cuda/cuda_driver.cc:328] failed call to cuInit: CUDA_ERROR_NO_DEVICE: no CUDA-capable device is detected
2024-06-16 16:23:37.929333: I tensorflow/stream_executor/cuda/cuda_diagnostics.cc:156] kernel driver does not appear to be running on this host (nid005953): /proc/driver/nvidia/version does not exist
2024-06-16 16:23:37.931180: I tensorflow/core/platform/cpu_feature_guard.cc:142] This TensorFlow binary is optimized with oneAPI Deep Neural Network Library (oneDNN) to use the following CPU instructions in performance-critical operations:  AVX2 FMA
To enable them in other operations, rebuild TensorFlow with the appropriate compiler flags.
INFO:tensorflow:Restoring parameters from /global/cfs/cdirs/desi/users/jqzou/dla_finder/prediction/model/train_midsnr/train_midsnr/current_99999.ckpt
2024-06-16 16:23:37.943759: I tensorflow/compiler/jit/xla_gpu_device.cc:99] Not creating XLA devices, tf_xla_enable_xla_devices not set
WARNING:tensorflow:From /global/cfs/cdirs/desi/users/jqzou/dla_finder/training/model.py:291: div (from tensorflow.python.ops.math_ops) is deprecated and will be removed in a future version.
Instructions for updating:
Deprecated in favor of operator or tf.math.divide.
INFO:tensorflow:Restoring parameters from /global/cfs/cdirs/desi/users/jqzou/dla_finder/prediction/model/train_midsnr/train_midsnr/current_99999.ckpt
2024-06-16 16:23:37.963008: I tensorflow/compiler/mlir/mlir_graph_optimization_pass.cc:196] None of the MLIR optimization passes are enabled (registered 0 passes)
INFO:tensorflow:Restoring parameters from /global/cfs/cdirs/desi/users/jqzou/dla_finder/prediction/model/train_midsnr/train_midsnr/current_99999.ckpt
WARNING:tensorflow:From /global/cfs/cdirs/desi/users/jqzou/dla_finder/training/model.py:291: div (from tensorflow.python.ops.math_ops) is deprecated and will be removed in a future version.
Instructions for updating:
Deprecated in favor of operator or tf.math.divide.
2024-06-16 16:23:37.981878: I tensorflow/compiler/mlir/mlir_graph_optimization_pass.cc:196] None of the MLIR optimization passes are enabled (registered 0 passes)
2024-06-16 16:23:37.989057: I tensorflow/compiler/mlir/mlir_graph_optimization_pass.cc:196] None of the MLIR optimization passes are enabled (registered 0 passes)
INFO:tensorflow:Restoring parameters from /global/cfs/cdirs/desi/users/jqzou/dla_finder/prediction/model/train_midsnr/train_midsnr/current_99999.ckpt
2024-06-16 16:23:38.005609: I tensorflow/core/platform/profile_utils/cpu_utils.cc:112] CPU Frequency: 2445500000 Hz
2024-06-16 16:23:38.017600: I tensorflow/core/platform/profile_utils/cpu_utils.cc:112] CPU Frequency: 2445500000 Hz
2024-06-16 16:23:38.018252: I tensorflow/compiler/mlir/mlir_graph_optimization_pass.cc:196] None of the MLIR optimization passes are enabled (registered 0 passes)
INFO:tensorflow:Restoring parameters from /global/cfs/cdirs/desi/users/jqzou/dla_finder/prediction/model/train_midsnr/train_midsnr/current_99999.ckpt
2024-06-16 16:23:38.023785: I tensorflow/core/platform/profile_utils/cpu_utils.cc:112] CPU Frequency: 2445500000 Hz
INFO:tensorflow:Restoring parameters from /global/cfs/cdirs/desi/users/jqzou/dla_finder/prediction/model/train_midsnr/train_midsnr/current_99999.ckpt
WARNING:tensorflow:From /global/cfs/cdirs/desi/users/jqzou/dla_finder/training/model.py:291: div (from tensorflow.python.ops.math_ops) is deprecated and will be removed in a future version.
Instructions for updating:
Deprecated in favor of operator or tf.math.divide.
INFO:tensorflow:Restoring parameters from /global/cfs/cdirs/desi/users/jqzou/dla_finder/prediction/model/train_midsnr/train_midsnr/current_99999.ckpt
INFO:tensorflow:Restoring parameters from /global/cfs/cdirs/desi/users/jqzou/dla_finder/prediction/model/train_midsnr/train_midsnr/current_99999.ckpt
2024-06-16 16:23:38.071421: I tensorflow/compiler/mlir/mlir_graph_optimization_pass.cc:196] None of the MLIR optimization passes are enabled (registered 0 passes)
2024-06-16 16:23:38.073595: I tensorflow/core/platform/profile_utils/cpu_utils.cc:112] CPU Frequency: 2445500000 Hz
2024-06-16 16:23:38.074303: I tensorflow/compiler/mlir/mlir_graph_optimization_pass.cc:196] None of the MLIR optimization passes are enabled (registered 0 passes)
2024-06-16 16:23:38.083879: I tensorflow/compiler/mlir/mlir_graph_optimization_pass.cc:196] None of the MLIR optimization passes are enabled (registered 0 passes)
2024-06-16 16:23:38.085399: I tensorflow/compiler/mlir/mlir_graph_optimization_pass.cc:196] None of the MLIR optimization passes are enabled (registered 0 passes)
2024-06-16 16:23:38.088165: I tensorflow/core/platform/profile_utils/cpu_utils.cc:112] CPU Frequency: 2445500000 Hz
2024-06-16 16:23:38.107641: I tensorflow/core/platform/profile_utils/cpu_utils.cc:112] CPU Frequency: 2445500000 Hz
2024-06-16 16:23:38.128285: I tensorflow/core/platform/profile_utils/cpu_utils.cc:112] CPU Frequency: 2445500000 Hz
2024-06-16 16:23:38.128402: I tensorflow/core/platform/profile_utils/cpu_utils.cc:112] CPU Frequency: 2445500000 Hz
WARNING:tensorflow:From /global/cfs/cdirs/desi/users/jqzou/dla_finder/training/model.py:291: div (from tensorflow.python.ops.math_ops) is deprecated and will be removed in a future version.
Instructions for updating:
Deprecated in favor of operator or tf.math.divide.
2024-06-16 16:23:38.292882: I tensorflow/compiler/jit/xla_cpu_device.cc:41] Not creating XLA devices, tf_xla_enable_xla_devices not set
WARNING:tensorflow:From /global/cfs/cdirs/desi/users/jqzou/dla_finder/training/model.py:291: div (from tensorflow.python.ops.math_ops) is deprecated and will be removed in a future version.
Instructions for updating:
Deprecated in favor of operator or tf.math.divide.
2024-06-16 16:23:38.309774: I tensorflow/stream_executor/platform/default/dso_loader.cc:49] Successfully opened dynamic library libcuda.so.1
 59%|███████████████████████████████████████████████████████████████████████████████████████████████████████████▊                                                                            | 34/58 [00:01<00:01, 17.16it/s]2024-06-16 16:23:38.400661: I tensorflow/compiler/jit/xla_cpu_device.cc:41] Not creating XLA devices, tf_xla_enable_xla_devices not set
2024-06-16 16:23:38.413873: I tensorflow/stream_executor/platform/default/dso_loader.cc:49] Successfully opened dynamic library libcuda.so.1
2024-06-16 16:23:38.553081: I tensorflow/compiler/jit/xla_cpu_device.cc:41] Not creating XLA devices, tf_xla_enable_xla_devices not set
2024-06-16 16:23:38.580395: I tensorflow/stream_executor/platform/default/dso_loader.cc:49] Successfully opened dynamic library libcuda.so.1
 62%|██████████████████████████████████████████████████████████████████████████████████████████████████████████████████▏                                                                     | 36/58 [00:02<00:01, 15.87it/s]2024-06-16 16:23:38.794924: I tensorflow/compiler/jit/xla_cpu_device.cc:41] Not creating XLA devices, tf_xla_enable_xla_devices not set
2024-06-16 16:23:38.802773: I tensorflow/stream_executor/platform/default/dso_loader.cc:49] Successfully opened dynamic library libcuda.so.1
 66%|████████████████████████████████████████████████████████████████████████████████████████████████████████████████████████▌                                                               | 38/58 [00:02<00:01, 13.92it/s]WARNING:tensorflow:From /global/cfs/cdirs/desi/users/jqzou/dla_finder/training/model.py:291: div (from tensorflow.python.ops.math_ops) is deprecated and will be removed in a future version.
Instructions for updating:
Deprecated in favor of operator or tf.math.divide.
2024-06-16 16:23:38.915259: I tensorflow/compiler/jit/xla_cpu_device.cc:41] Not creating XLA devices, tf_xla_enable_xla_devices not set
2024-06-16 16:23:38.923166: I tensorflow/stream_executor/platform/default/dso_loader.cc:49] Successfully opened dynamic library libcuda.so.1
 67%|███████████████████████████████████████████████████████████████████████████████████████████████████████████████████████████▋                                                            | 39/58 [00:02<00:01, 11.60it/s]2024-06-16 16:23:39.101438: I tensorflow/compiler/jit/xla_cpu_device.cc:41] Not creating XLA devices, tf_xla_enable_xla_devices not set
2024-06-16 16:23:39.124154: I tensorflow/stream_executor/platform/default/dso_loader.cc:49] Successfully opened dynamic library libcuda.so.1
 69%|██████████████████████████████████████████████████████████████████████████████████████████████████████████████████████████████▉                                                         | 40/58 [00:02<00:01, 11.39it/s]WARNING:tensorflow:From /global/cfs/cdirs/desi/users/jqzou/dla_finder/training/model.py:291: div (from tensorflow.python.ops.math_ops) is deprecated and will be removed in a future version.
Instructions for updating:
Deprecated in favor of operator or tf.math.divide.
WARNING:tensorflow:From /global/cfs/cdirs/desi/users/jqzou/dla_finder/training/model.py:291: div (from tensorflow.python.ops.math_ops) is deprecated and will be removed in a future version.
Instructions for updating:
Deprecated in favor of operator or tf.math.divide.
2024-06-16 16:23:39.297728: I tensorflow/compiler/jit/xla_cpu_device.cc:41] Not creating XLA devices, tf_xla_enable_xla_devices not set
2024-06-16 16:23:39.302100: E tensorflow/stream_executor/cuda/cuda_driver.cc:328] failed call to cuInit: CUDA_ERROR_NO_DEVICE: no CUDA-capable device is detected
2024-06-16 16:23:39.302162: I tensorflow/stream_executor/cuda/cuda_diagnostics.cc:156] kernel driver does not appear to be running on this host (nid005953): /proc/driver/nvidia/version does not exist
2024-06-16 16:23:39.302501: I tensorflow/stream_executor/platform/default/dso_loader.cc:49] Successfully opened dynamic library libcuda.so.1
2024-06-16 16:23:39.303738: I tensorflow/core/platform/cpu_feature_guard.cc:142] This TensorFlow binary is optimized with oneAPI Deep Neural Network Library (oneDNN) to use the following CPU instructions in performance-critical operations:  AVX2 FMA
To enable them in other operations, rebuild TensorFlow with the appropriate compiler flags.
2024-06-16 16:23:39.309524: I tensorflow/compiler/jit/xla_gpu_device.cc:99] Not creating XLA devices, tf_xla_enable_xla_devices not set
2024-06-16 16:23:39.317284: E tensorflow/stream_executor/cuda/cuda_driver.cc:328] failed call to cuInit: CUDA_ERROR_NO_DEVICE: no CUDA-capable device is detected
2024-06-16 16:23:39.317335: I tensorflow/stream_executor/cuda/cuda_diagnostics.cc:156] kernel driver does not appear to be running on this host (nid005953): /proc/driver/nvidia/version does not exist
2024-06-16 16:23:39.318835: I tensorflow/core/platform/cpu_feature_guard.cc:142] This TensorFlow binary is optimized with oneAPI Deep Neural Network Library (oneDNN) to use the following CPU instructions in performance-critical operations:  AVX2 FMA
To enable them in other operations, rebuild TensorFlow with the appropriate compiler flags.
2024-06-16 16:23:39.324066: I tensorflow/compiler/jit/xla_gpu_device.cc:99] Not creating XLA devices, tf_xla_enable_xla_devices not set
2024-06-16 16:23:39.324741: E tensorflow/stream_executor/cuda/cuda_driver.cc:328] failed call to cuInit: CUDA_ERROR_NO_DEVICE: no CUDA-capable device is detected
2024-06-16 16:23:39.324785: I tensorflow/stream_executor/cuda/cuda_diagnostics.cc:156] kernel driver does not appear to be running on this host (nid005953): /proc/driver/nvidia/version does not exist
2024-06-16 16:23:39.325928: I tensorflow/core/platform/cpu_feature_guard.cc:142] This TensorFlow binary is optimized with oneAPI Deep Neural Network Library (oneDNN) to use the following CPU instructions in performance-critical operations:  AVX2 FMA
To enable them in other operations, rebuild TensorFlow with the appropriate compiler flags.
2024-06-16 16:23:39.330313: I tensorflow/compiler/jit/xla_gpu_device.cc:99] Not creating XLA devices, tf_xla_enable_xla_devices not set
2024-06-16 16:23:39.356384: E tensorflow/stream_executor/cuda/cuda_driver.cc:328] failed call to cuInit: CUDA_ERROR_NO_DEVICE: no CUDA-capable device is detected
2024-06-16 16:23:39.356441: I tensorflow/stream_executor/cuda/cuda_diagnostics.cc:156] kernel driver does not appear to be running on this host (nid005953): /proc/driver/nvidia/version does not exist
2024-06-16 16:23:39.358072: I tensorflow/core/platform/cpu_feature_guard.cc:142] This TensorFlow binary is optimized with oneAPI Deep Neural Network Library (oneDNN) to use the following CPU instructions in performance-critical operations:  AVX2 FMA
To enable them in other operations, rebuild TensorFlow with the appropriate compiler flags.
2024-06-16 16:23:39.363778: I tensorflow/compiler/jit/xla_gpu_device.cc:99] Not creating XLA devices, tf_xla_enable_xla_devices not set
INFO:tensorflow:Restoring parameters from /global/cfs/cdirs/desi/users/jqzou/dla_finder/prediction/model/train_lowsnr/train_lowsnr/current_99999.ckpt
INFO:tensorflow:Restoring parameters from /global/cfs/cdirs/desi/users/jqzou/dla_finder/prediction/model/train_lowsnr/train_lowsnr/current_99999.ckpt
INFO:tensorflow:Restoring parameters from /global/cfs/cdirs/desi/users/jqzou/dla_finder/prediction/model/train_lowsnr/train_lowsnr/current_99999.ckpt
2024-06-16 16:23:39.392840: I tensorflow/compiler/jit/xla_cpu_device.cc:41] Not creating XLA devices, tf_xla_enable_xla_devices not set
2024-06-16 16:23:39.396142: I tensorflow/stream_executor/platform/default/dso_loader.cc:49] Successfully opened dynamic library libcuda.so.1
2024-06-16 16:23:39.397952: I tensorflow/compiler/mlir/mlir_graph_optimization_pass.cc:196] None of the MLIR optimization passes are enabled (registered 0 passes)
2024-06-16 16:23:39.398291: I tensorflow/compiler/mlir/mlir_graph_optimization_pass.cc:196] None of the MLIR optimization passes are enabled (registered 0 passes)
2024-06-16 16:23:39.399820: I tensorflow/compiler/mlir/mlir_graph_optimization_pass.cc:196] None of the MLIR optimization passes are enabled (registered 0 passes)
2024-06-16 16:23:39.401479: I tensorflow/compiler/jit/xla_cpu_device.cc:41] Not creating XLA devices, tf_xla_enable_xla_devices not set
2024-06-16 16:23:39.403980: I tensorflow/stream_executor/platform/default/dso_loader.cc:49] Successfully opened dynamic library libcuda.so.1
2024-06-16 16:23:39.405620: I tensorflow/core/platform/profile_utils/cpu_utils.cc:112] CPU Frequency: 2445500000 Hz
2024-06-16 16:23:39.406272: I tensorflow/core/platform/profile_utils/cpu_utils.cc:112] CPU Frequency: 2445500000 Hz
2024-06-16 16:23:39.407640: I tensorflow/core/platform/profile_utils/cpu_utils.cc:112] CPU Frequency: 2445500000 Hz
2024-06-16 16:23:39.408357: E tensorflow/stream_executor/cuda/cuda_driver.cc:328] failed call to cuInit: CUDA_ERROR_NO_DEVICE: no CUDA-capable device is detected
2024-06-16 16:23:39.408401: I tensorflow/stream_executor/cuda/cuda_diagnostics.cc:156] kernel driver does not appear to be running on this host (nid005953): /proc/driver/nvidia/version does not exist
2024-06-16 16:23:39.409727: I tensorflow/core/platform/cpu_feature_guard.cc:142] This TensorFlow binary is optimized with oneAPI Deep Neural Network Library (oneDNN) to use the following CPU instructions in performance-critical operations:  AVX2 FMA
To enable them in other operations, rebuild TensorFlow with the appropriate compiler flags.
2024-06-16 16:23:39.413883: I tensorflow/compiler/jit/xla_gpu_device.cc:99] Not creating XLA devices, tf_xla_enable_xla_devices not set
INFO:tensorflow:Restoring parameters from /global/cfs/cdirs/desi/users/jqzou/dla_finder/prediction/model/train_lowsnr/train_lowsnr/current_99999.ckpt
2024-06-16 16:23:39.447866: I tensorflow/compiler/jit/xla_gpu_device.cc:99] Not creating XLA devices, tf_xla_enable_xla_devices not set
2024-06-16 16:23:39.461428: I tensorflow/compiler/mlir/mlir_graph_optimization_pass.cc:196] None of the MLIR optimization passes are enabled (registered 0 passes)
INFO:tensorflow:Restoring parameters from /global/cfs/cdirs/desi/users/jqzou/dla_finder/prediction/model/train_lowsnr/train_lowsnr/current_99999.ckpt
2024-06-16 16:23:39.478054: I tensorflow/compiler/mlir/mlir_graph_optimization_pass.cc:196] None of the MLIR optimization passes are enabled (registered 0 passes)
2024-06-16 16:23:39.485769: I tensorflow/core/platform/profile_utils/cpu_utils.cc:112] CPU Frequency: 2445500000 Hz
2024-06-16 16:23:39.493516: I tensorflow/core/platform/profile_utils/cpu_utils.cc:112] CPU Frequency: 2445500000 Hz
INFO:tensorflow:Restoring parameters from /global/cfs/cdirs/desi/users/jqzou/dla_finder/prediction/model/train_midsnr/train_midsnr/current_99999.ckpt
2024-06-16 16:23:39.506687: E tensorflow/stream_executor/cuda/cuda_driver.cc:328] failed call to cuInit: CUDA_ERROR_NO_DEVICE: no CUDA-capable device is detected
2024-06-16 16:23:39.506750: I tensorflow/stream_executor/cuda/cuda_diagnostics.cc:156] kernel driver does not appear to be running on this host (nid005953): /proc/driver/nvidia/version does not exist
2024-06-16 16:23:39.508338: I tensorflow/core/platform/cpu_feature_guard.cc:142] This TensorFlow binary is optimized with oneAPI Deep Neural Network Library (oneDNN) to use the following CPU instructions in performance-critical operations:  AVX2 FMA
To enable them in other operations, rebuild TensorFlow with the appropriate compiler flags.
2024-06-16 16:23:39.513964: I tensorflow/compiler/jit/xla_gpu_device.cc:99] Not creating XLA devices, tf_xla_enable_xla_devices not set
INFO:tensorflow:Restoring parameters from /global/cfs/cdirs/desi/users/jqzou/dla_finder/prediction/model/train_lowsnr/train_lowsnr/current_99999.ckpt
2024-06-16 16:23:39.615827: I tensorflow/compiler/mlir/mlir_graph_optimization_pass.cc:196] None of the MLIR optimization passes are enabled (registered 0 passes)
WARNING:tensorflow:From /global/cfs/cdirs/desi/users/jqzou/dla_finder/training/model.py:291: div (from tensorflow.python.ops.math_ops) is deprecated and will be removed in a future version.
Instructions for updating:
Deprecated in favor of operator or tf.math.divide.
2024-06-16 16:23:39.641055: I tensorflow/compiler/jit/xla_cpu_device.cc:41] Not creating XLA devices, tf_xla_enable_xla_devices not set
2024-06-16 16:23:39.649543: I tensorflow/compiler/jit/xla_gpu_device.cc:99] Not creating XLA devices, tf_xla_enable_xla_devices not set
2024-06-16 16:23:39.657569: I tensorflow/core/platform/profile_utils/cpu_utils.cc:112] CPU Frequency: 2445500000 Hz
2024-06-16 16:23:39.658243: I tensorflow/stream_executor/platform/default/dso_loader.cc:49] Successfully opened dynamic library libcuda.so.1
2024-06-16 16:23:39.669355: I tensorflow/compiler/jit/xla_gpu_device.cc:99] Not creating XLA devices, tf_xla_enable_xla_devices not set
2024-06-16 16:23:39.693275: E tensorflow/stream_executor/cuda/cuda_driver.cc:328] failed call to cuInit: CUDA_ERROR_NO_DEVICE: no CUDA-capable device is detected
2024-06-16 16:23:39.693497: I tensorflow/stream_executor/cuda/cuda_diagnostics.cc:156] kernel driver does not appear to be running on this host (nid005953): /proc/driver/nvidia/version does not exist
2024-06-16 16:23:39.695367: I tensorflow/core/platform/cpu_feature_guard.cc:142] This TensorFlow binary is optimized with oneAPI Deep Neural Network Library (oneDNN) to use the following CPU instructions in performance-critical operations:  AVX2 FMA
To enable them in other operations, rebuild TensorFlow with the appropriate compiler flags.
2024-06-16 16:23:39.699615: I tensorflow/compiler/jit/xla_gpu_device.cc:99] Not creating XLA devices, tf_xla_enable_xla_devices not set
WARNING:tensorflow:From /global/cfs/cdirs/desi/users/jqzou/dla_finder/training/model.py:291: div (from tensorflow.python.ops.math_ops) is deprecated and will be removed in a future version.
Instructions for updating:
Deprecated in favor of operator or tf.math.divide.
INFO:tensorflow:Restoring parameters from /global/cfs/cdirs/desi/users/jqzou/dla_finder/prediction/model/train_midsnr/train_midsnr/current_99999.ckpt
INFO:tensorflow:Restoring parameters from /global/cfs/cdirs/desi/users/jqzou/dla_finder/prediction/model/train_midsnr/train_midsnr/current_99999.ckpt
2024-06-16 16:23:39.746145: E tensorflow/stream_executor/cuda/cuda_driver.cc:328] failed call to cuInit: CUDA_ERROR_NO_DEVICE: no CUDA-capable device is detected
2024-06-16 16:23:39.746355: I tensorflow/stream_executor/cuda/cuda_diagnostics.cc:156] kernel driver does not appear to be running on this host (nid005953): /proc/driver/nvidia/version does not exist
2024-06-16 16:23:39.748224: I tensorflow/core/platform/cpu_feature_guard.cc:142] This TensorFlow binary is optimized with oneAPI Deep Neural Network Library (oneDNN) to use the following CPU instructions in performance-critical operations:  AVX2 FMA
To enable them in other operations, rebuild TensorFlow with the appropriate compiler flags.
2024-06-16 16:23:39.751947: I tensorflow/compiler/jit/xla_gpu_device.cc:99] Not creating XLA devices, tf_xla_enable_xla_devices not set
2024-06-16 16:23:39.771581: I tensorflow/compiler/jit/xla_gpu_device.cc:99] Not creating XLA devices, tf_xla_enable_xla_devices not set
INFO:tensorflow:Restoring parameters from /global/cfs/cdirs/desi/users/jqzou/dla_finder/prediction/model/train_lowsnr/train_lowsnr/current_99999.ckpt
INFO:tensorflow:Restoring parameters from /global/cfs/cdirs/desi/users/jqzou/dla_finder/prediction/model/train_midsnr/train_midsnr/current_99999.ckpt
2024-06-16 16:23:39.853805: E tensorflow/stream_executor/cuda/cuda_driver.cc:328] failed call to cuInit: CUDA_ERROR_NO_DEVICE: no CUDA-capable device is detected
2024-06-16 16:23:39.853996: I tensorflow/stream_executor/cuda/cuda_diagnostics.cc:156] kernel driver does not appear to be running on this host (nid005953): /proc/driver/nvidia/version does not exist
2024-06-16 16:23:39.856092: I tensorflow/core/platform/cpu_feature_guard.cc:142] This TensorFlow binary is optimized with oneAPI Deep Neural Network Library (oneDNN) to use the following CPU instructions in performance-critical operations:  AVX2 FMA
To enable them in other operations, rebuild TensorFlow with the appropriate compiler flags.
2024-06-16 16:23:39.859070: I tensorflow/compiler/mlir/mlir_graph_optimization_pass.cc:196] None of the MLIR optimization passes are enabled (registered 0 passes)
2024-06-16 16:23:39.864844: I tensorflow/compiler/jit/xla_gpu_device.cc:99] Not creating XLA devices, tf_xla_enable_xla_devices not set
2024-06-16 16:23:39.881231: I tensorflow/core/platform/profile_utils/cpu_utils.cc:112] CPU Frequency: 2445500000 Hz
 79%|█████████████████████████████████████████████████████████████████████████████████████████████████████████████████████████████████████████████████▉                                      | 46/58 [00:03<00:01,  9.54it/s]2024-06-16 16:23:39.968870: I tensorflow/compiler/jit/xla_cpu_device.cc:41] Not creating XLA devices, tf_xla_enable_xla_devices not set
INFO:tensorflow:Restoring parameters from /global/cfs/cdirs/desi/users/jqzou/dla_finder/prediction/model/train_lowsnr/train_lowsnr/current_99999.ckpt
2024-06-16 16:23:39.982055: I tensorflow/stream_executor/platform/default/dso_loader.cc:49] Successfully opened dynamic library libcuda.so.1
2024-06-16 16:23:39.991080: I tensorflow/compiler/mlir/mlir_graph_optimization_pass.cc:196] None of the MLIR optimization passes are enabled (registered 0 passes)
INFO:tensorflow:Restoring parameters from /global/cfs/cdirs/desi/users/jqzou/dla_finder/prediction/model/train_lowsnr/train_lowsnr/current_99999.ckpt
2024-06-16 16:23:40.030284: I tensorflow/compiler/jit/xla_gpu_device.cc:99] Not creating XLA devices, tf_xla_enable_xla_devices not set
2024-06-16 16:23:40.037636: I tensorflow/core/platform/profile_utils/cpu_utils.cc:112] CPU Frequency: 2445500000 Hz
2024-06-16 16:23:40.041394: I tensorflow/compiler/mlir/mlir_graph_optimization_pass.cc:196] None of the MLIR optimization passes are enabled (registered 0 passes)
2024-06-16 16:23:40.069789: I tensorflow/compiler/jit/xla_gpu_device.cc:99] Not creating XLA devices, tf_xla_enable_xla_devices not set
2024-06-16 16:23:40.086670: I tensorflow/compiler/jit/xla_cpu_device.cc:41] Not creating XLA devices, tf_xla_enable_xla_devices not set
2024-06-16 16:23:40.086694: I tensorflow/core/platform/profile_utils/cpu_utils.cc:112] CPU Frequency: 2445500000 Hz
2024-06-16 16:23:40.089557: I tensorflow/stream_executor/platform/default/dso_loader.cc:49] Successfully opened dynamic library libcuda.so.1
INFO:tensorflow:Restoring parameters from /global/cfs/cdirs/desi/users/jqzou/dla_finder/prediction/model/train_midsnr/train_midsnr/current_99999.ckpt
INFO:tensorflow:Restoring parameters from /global/cfs/cdirs/desi/users/jqzou/dla_finder/prediction/model/train_midsnr/train_midsnr/current_99999.ckpt
2024-06-16 16:23:40.220149: I tensorflow/compiler/jit/xla_gpu_device.cc:99] Not creating XLA devices, tf_xla_enable_xla_devices not set
 84%|███████████████████████████████████████████████████████████████████████████████████████████████████████████████████████████████████████████████████████████▍                            | 49/58 [00:03<00:00,  9.63it/s]INFO:tensorflow:Restoring parameters from /global/cfs/cdirs/desi/users/jqzou/dla_finder/prediction/model/train_midsnr/train_midsnr/current_99999.ckpt
WARNING:tensorflow:From /global/cfs/cdirs/desi/users/jqzou/dla_finder/training/model.py:291: div (from tensorflow.python.ops.math_ops) is deprecated and will be removed in a future version.
Instructions for updating:
Deprecated in favor of operator or tf.math.divide.
2024-06-16 16:23:40.364442: E tensorflow/stream_executor/cuda/cuda_driver.cc:328] failed call to cuInit: CUDA_ERROR_NO_DEVICE: no CUDA-capable device is detected
2024-06-16 16:23:40.364644: I tensorflow/stream_executor/cuda/cuda_diagnostics.cc:156] kernel driver does not appear to be running on this host (nid005953): /proc/driver/nvidia/version does not exist
2024-06-16 16:23:40.366722: I tensorflow/core/platform/cpu_feature_guard.cc:142] This TensorFlow binary is optimized with oneAPI Deep Neural Network Library (oneDNN) to use the following CPU instructions in performance-critical operations:  AVX2 FMA
To enable them in other operations, rebuild TensorFlow with the appropriate compiler flags.
 88%|█████████████████████████████████████████████████████████████████████████████████████████████████████████████████████████████████████████████████████████████████▊                      | 51/58 [00:03<00:00,  9.99it/s]2024-06-16 16:23:40.420915: I tensorflow/compiler/jit/xla_gpu_device.cc:99] Not creating XLA devices, tf_xla_enable_xla_devices not set
 90%|████████████████████████████████████████████████████████████████████████████████████████████████████████████████████████████████████████████████████████████████████▉                   | 52/58 [00:04<00:00,  9.49it/s] 93%|███████████████████████████████████████████████████████████████████████████████████████████████████████████████████████████████████████████████████████████████████████████▎            | 54/58 [00:04<00:00, 10.78it/s]2024-06-16 16:23:40.664208: I tensorflow/compiler/jit/xla_cpu_device.cc:41] Not creating XLA devices, tf_xla_enable_xla_devices not set
2024-06-16 16:23:40.731948: I tensorflow/stream_executor/platform/default/dso_loader.cc:49] Successfully opened dynamic library libcuda.so.1
2024-06-16 16:23:40.788045: E tensorflow/stream_executor/cuda/cuda_driver.cc:328] failed call to cuInit: CUDA_ERROR_NO_DEVICE: no CUDA-capable device is detected
2024-06-16 16:23:40.788134: I tensorflow/stream_executor/cuda/cuda_diagnostics.cc:156] kernel driver does not appear to be running on this host (nid005953): /proc/driver/nvidia/version does not exist
2024-06-16 16:23:40.790577: I tensorflow/core/platform/cpu_feature_guard.cc:142] This TensorFlow binary is optimized with oneAPI Deep Neural Network Library (oneDNN) to use the following CPU instructions in performance-critical operations:  AVX2 FMA
To enable them in other operations, rebuild TensorFlow with the appropriate compiler flags.
2024-06-16 16:23:40.794339: I tensorflow/compiler/jit/xla_gpu_device.cc:99] Not creating XLA devices, tf_xla_enable_xla_devices not set
2024-06-16 16:23:40.831327: E tensorflow/stream_executor/cuda/cuda_driver.cc:328] failed call to cuInit: CUDA_ERROR_NO_DEVICE: no CUDA-capable device is detected
2024-06-16 16:23:40.831559: I tensorflow/stream_executor/cuda/cuda_diagnostics.cc:156] kernel driver does not appear to be running on this host (nid005953): /proc/driver/nvidia/version does not exist
2024-06-16 16:23:40.834015: I tensorflow/core/platform/cpu_feature_guard.cc:142] This TensorFlow binary is optimized with oneAPI Deep Neural Network Library (oneDNN) to use the following CPU instructions in performance-critical operations:  AVX2 FMA
To enable them in other operations, rebuild TensorFlow with the appropriate compiler flags.
2024-06-16 16:23:40.838001: I tensorflow/compiler/jit/xla_gpu_device.cc:99] Not creating XLA devices, tf_xla_enable_xla_devices not set
INFO:tensorflow:Restoring parameters from /global/cfs/cdirs/desi/users/jqzou/dla_finder/prediction/model/train_lowsnr/train_lowsnr/current_99999.ckpt
2024-06-16 16:23:40.911033: I tensorflow/compiler/mlir/mlir_graph_optimization_pass.cc:196] None of the MLIR optimization passes are enabled (registered 0 passes)
2024-06-16 16:23:40.929762: I tensorflow/core/platform/profile_utils/cpu_utils.cc:112] CPU Frequency: 2445500000 Hz
2024-06-16 16:23:40.947805: I tensorflow/compiler/jit/xla_cpu_device.cc:41] Not creating XLA devices, tf_xla_enable_xla_devices not set
 97%|█████████████████████████████████████████████████████████████████████████████████████████████████████████████████████████████████████████████████████████████████████████████████▋      | 56/58 [00:04<00:00,  9.32it/s]INFO:tensorflow:Restoring parameters from /global/cfs/cdirs/desi/users/jqzou/dla_finder/prediction/model/train_lowsnr/train_lowsnr/current_99999.ckpt
2024-06-16 16:23:40.982478: I tensorflow/stream_executor/platform/default/dso_loader.cc:49] Successfully opened dynamic library libcuda.so.1
100%|████████████████████████████████████████████████████████████████████████████████████████████████████████████████████████████████████████████████████████████████████████████████████████| 58/58 [00:04<00:00, 13.07it/s]2024-06-16 16:23:40.985568: I tensorflow/compiler/mlir/mlir_graph_optimization_pass.cc:196] None of the MLIR optimization passes are enabled (registered 0 passes)
INFO:tensorflow:Restoring parameters from /global/cfs/cdirs/desi/users/jqzou/dla_finder/prediction/model/train_lowsnr/train_lowsnr/current_99999.ckpt
2024-06-16 16:23:41.025734: I tensorflow/core/platform/profile_utils/cpu_utils.cc:112] CPU Frequency: 2445500000 Hz
2024-06-16 16:23:41.053482: I tensorflow/compiler/mlir/mlir_graph_optimization_pass.cc:196] None of the MLIR optimization passes are enabled (registered 0 passes)
2024-06-16 16:23:41.089555: I tensorflow/core/platform/profile_utils/cpu_utils.cc:112] CPU Frequency: 2445500000 Hz
2024-06-16 16:23:41.175135: E tensorflow/stream_executor/cuda/cuda_driver.cc:328] failed call to cuInit: CUDA_ERROR_NO_DEVICE: no CUDA-capable device is detected
2024-06-16 16:23:41.175226: I tensorflow/stream_executor/cuda/cuda_diagnostics.cc:156] kernel driver does not appear to be running on this host (nid005953): /proc/driver/nvidia/version does not exist
2024-06-16 16:23:41.177067: I tensorflow/core/platform/cpu_feature_guard.cc:142] This TensorFlow binary is optimized with oneAPI Deep Neural Network Library (oneDNN) to use the following CPU instructions in performance-critical operations:  AVX2 FMA
To enable them in other operations, rebuild TensorFlow with the appropriate compiler flags.
2024-06-16 16:23:41.183126: I tensorflow/compiler/jit/xla_gpu_device.cc:99] Not creating XLA devices, tf_xla_enable_xla_devices not set
2024-06-16 16:23:41.190746: I tensorflow/compiler/jit/xla_gpu_device.cc:99] Not creating XLA devices, tf_xla_enable_xla_devices not set
2024-06-16 16:23:41.244404: I tensorflow/compiler/jit/xla_gpu_device.cc:99] Not creating XLA devices, tf_xla_enable_xla_devices not set
INFO:tensorflow:Restoring parameters from /global/cfs/cdirs/desi/users/jqzou/dla_finder/prediction/model/train_midsnr/train_midsnr/current_99999.ckpt
INFO:tensorflow:Restoring parameters from /global/cfs/cdirs/desi/users/jqzou/dla_finder/prediction/model/train_midsnr/train_midsnr/current_99999.ckpt
2024-06-16 16:23:41.318488: I tensorflow/compiler/jit/xla_cpu_device.cc:41] Not creating XLA devices, tf_xla_enable_xla_devices not set
2024-06-16 16:23:41.342937: I tensorflow/stream_executor/platform/default/dso_loader.cc:49] Successfully opened dynamic library libcuda.so.1
INFO:tensorflow:Restoring parameters from /global/cfs/cdirs/desi/users/jqzou/dla_finder/prediction/model/train_lowsnr/train_lowsnr/current_99999.ckpt
2024-06-16 16:23:41.372835: I tensorflow/compiler/mlir/mlir_graph_optimization_pass.cc:196] None of the MLIR optimization passes are enabled (registered 0 passes)
2024-06-16 16:23:41.388616: I tensorflow/core/platform/profile_utils/cpu_utils.cc:112] CPU Frequency: 2445500000 Hz
2024-06-16 16:23:41.417678: E tensorflow/stream_executor/cuda/cuda_driver.cc:328] failed call to cuInit: CUDA_ERROR_NO_DEVICE: no CUDA-capable device is detected
2024-06-16 16:23:41.417973: I tensorflow/stream_executor/cuda/cuda_diagnostics.cc:156] kernel driver does not appear to be running on this host (nid005953): /proc/driver/nvidia/version does not exist
2024-06-16 16:23:41.421228: I tensorflow/core/platform/cpu_feature_guard.cc:142] This TensorFlow binary is optimized with oneAPI Deep Neural Network Library (oneDNN) to use the following CPU instructions in performance-critical operations:  AVX2 FMA
To enable them in other operations, rebuild TensorFlow with the appropriate compiler flags.
2024-06-16 16:23:41.464162: I tensorflow/compiler/jit/xla_gpu_device.cc:99] Not creating XLA devices, tf_xla_enable_xla_devices not set
INFO:tensorflow:Restoring parameters from /global/cfs/cdirs/desi/users/jqzou/dla_finder/prediction/model/train_lowsnr/train_lowsnr/current_99999.ckpt
2024-06-16 16:23:41.605686: I tensorflow/compiler/mlir/mlir_graph_optimization_pass.cc:196] None of the MLIR optimization passes are enabled (registered 0 passes)
2024-06-16 16:23:41.621828: I tensorflow/core/platform/profile_utils/cpu_utils.cc:112] CPU Frequency: 2445500000 Hz
2024-06-16 16:23:41.632769: I tensorflow/compiler/jit/xla_gpu_device.cc:99] Not creating XLA devices, tf_xla_enable_xla_devices not set
INFO:tensorflow:Restoring parameters from /global/cfs/cdirs/desi/users/jqzou/dla_finder/prediction/model/train_lowsnr/train_lowsnr/current_99999.ckpt
2024-06-16 16:23:41.802410: I tensorflow/compiler/jit/xla_gpu_device.cc:99] Not creating XLA devices, tf_xla_enable_xla_devices not set
2024-06-16 16:23:41.824284: I tensorflow/compiler/jit/xla_gpu_device.cc:99] Not creating XLA devices, tf_xla_enable_xla_devices not set
2024-06-16 16:23:41.859564: E tensorflow/stream_executor/cuda/cuda_driver.cc:328] failed call to cuInit: CUDA_ERROR_NO_DEVICE: no CUDA-capable device is detected
2024-06-16 16:23:41.859666: I tensorflow/stream_executor/cuda/cuda_diagnostics.cc:156] kernel driver does not appear to be running on this host (nid005953): /proc/driver/nvidia/version does not exist
INFO:tensorflow:Restoring parameters from /global/cfs/cdirs/desi/users/jqzou/dla_finder/prediction/model/train_lowsnr/train_lowsnr/current_99999.ckpt
2024-06-16 16:23:41.861890: I tensorflow/core/platform/cpu_feature_guard.cc:142] This TensorFlow binary is optimized with oneAPI Deep Neural Network Library (oneDNN) to use the following CPU instructions in performance-critical operations:  AVX2 FMA
To enable them in other operations, rebuild TensorFlow with the appropriate compiler flags.
2024-06-16 16:23:41.868682: I tensorflow/compiler/jit/xla_gpu_device.cc:99] Not creating XLA devices, tf_xla_enable_xla_devices not set
INFO:tensorflow:Restoring parameters from /global/cfs/cdirs/desi/users/jqzou/dla_finder/prediction/model/train_midsnr/train_midsnr/current_99999.ckpt
2024-06-16 16:23:41.957049: I tensorflow/compiler/jit/xla_gpu_device.cc:99] Not creating XLA devices, tf_xla_enable_xla_devices not set
INFO:tensorflow:Restoring parameters from /global/cfs/cdirs/desi/users/jqzou/dla_finder/prediction/model/train_lowsnr/train_lowsnr/current_99999.ckpt
2024-06-16 16:23:42.160122: I tensorflow/compiler/jit/xla_gpu_device.cc:99] Not creating XLA devices, tf_xla_enable_xla_devices not set
INFO:tensorflow:Restoring parameters from /global/cfs/cdirs/desi/users/jqzou/dla_finder/prediction/model/train_lowsnr/train_lowsnr/current_99999.ckpt
2024-06-16 16:23:42.246058: I tensorflow/compiler/mlir/mlir_graph_optimization_pass.cc:196] None of the MLIR optimization passes are enabled (registered 0 passes)
INFO:tensorflow:Restoring parameters from /global/cfs/cdirs/desi/users/jqzou/dla_finder/prediction/model/train_lowsnr/train_lowsnr/current_99999.ckpt
2024-06-16 16:23:42.316743: I tensorflow/core/platform/profile_utils/cpu_utils.cc:112] CPU Frequency: 2445500000 Hz
2024-06-16 16:23:42.394084: I tensorflow/compiler/jit/xla_gpu_device.cc:99] Not creating XLA devices, tf_xla_enable_xla_devices not set
INFO:tensorflow:Restoring parameters from /global/cfs/cdirs/desi/users/jqzou/dla_finder/prediction/model/train_lowsnr/train_lowsnr/current_99999.ckpt
2024-06-16 16:23:42.853278: I tensorflow/compiler/jit/xla_gpu_device.cc:99] Not creating XLA devices, tf_xla_enable_xla_devices not set
2024-06-16 16:23:42.900192: I tensorflow/compiler/jit/xla_gpu_device.cc:99] Not creating XLA devices, tf_xla_enable_xla_devices not set
INFO:tensorflow:Restoring parameters from /global/cfs/cdirs/desi/users/jqzou/dla_finder/prediction/model/train_lowsnr/train_lowsnr/current_99999.ckpt
INFO:tensorflow:Restoring parameters from /global/cfs/cdirs/desi/users/jqzou/dla_finder/prediction/model/train_lowsnr/train_lowsnr/current_99999.ckpt
2024-06-16 16:23:43.148659: I tensorflow/compiler/jit/xla_gpu_device.cc:99] Not creating XLA devices, tf_xla_enable_xla_devices not set
INFO:tensorflow:Restoring parameters from /global/cfs/cdirs/desi/users/jqzou/dla_finder/prediction/model/train_lowsnr/train_lowsnr/current_99999.ckpt
2024-06-16 16:23:43.337629: I tensorflow/compiler/jit/xla_gpu_device.cc:99] Not creating XLA devices, tf_xla_enable_xla_devices not set
2024-06-16 16:23:43.379443: I tensorflow/compiler/jit/xla_gpu_device.cc:99] Not creating XLA devices, tf_xla_enable_xla_devices not set
INFO:tensorflow:Restoring parameters from /global/cfs/cdirs/desi/users/jqzou/dla_finder/prediction/model/train_lowsnr/train_lowsnr/current_99999.ckpt
INFO:tensorflow:Restoring parameters from /global/cfs/cdirs/desi/users/jqzou/dla_finder/prediction/model/train_lowsnr/train_lowsnr/current_99999.ckpt
2024-06-16 16:23:43.540460: I tensorflow/compiler/jit/xla_gpu_device.cc:99] Not creating XLA devices, tf_xla_enable_xla_devices not set
INFO:tensorflow:Restoring parameters from /global/cfs/cdirs/desi/users/jqzou/dla_finder/prediction/model/train_lowsnr/train_lowsnr/current_99999.ckpt
2024-06-16 16:23:43.683498: I tensorflow/compiler/jit/xla_gpu_device.cc:99] Not creating XLA devices, tf_xla_enable_xla_devices not set
INFO:tensorflow:Restoring parameters from /global/cfs/cdirs/desi/users/jqzou/dla_finder/prediction/model/train_lowsnr/train_lowsnr/current_99999.ckpt
2024-06-16 16:23:44.192697: I tensorflow/compiler/jit/xla_gpu_device.cc:99] Not creating XLA devices, tf_xla_enable_xla_devices not set
2024-06-16 16:23:44.205504: I tensorflow/compiler/jit/xla_gpu_device.cc:99] Not creating XLA devices, tf_xla_enable_xla_devices not set
INFO:tensorflow:Restoring parameters from /global/cfs/cdirs/desi/users/jqzou/dla_finder/prediction/model/train_lowsnr/train_lowsnr/current_99999.ckpt
INFO:tensorflow:Restoring parameters from /global/cfs/cdirs/desi/users/jqzou/dla_finder/prediction/model/train_lowsnr/train_lowsnr/current_99999.ckpt
2024-06-16 16:23:44.612285: I tensorflow/compiler/jit/xla_gpu_device.cc:99] Not creating XLA devices, tf_xla_enable_xla_devices not set
INFO:tensorflow:Restoring parameters from /global/cfs/cdirs/desi/users/jqzou/dla_finder/prediction/model/train_lowsnr/train_lowsnr/current_99999.ckpt
2024-06-16 16:23:44.741706: I tensorflow/compiler/jit/xla_gpu_device.cc:99] Not creating XLA devices, tf_xla_enable_xla_devices not set
INFO:tensorflow:Restoring parameters from /global/cfs/cdirs/desi/users/jqzou/dla_finder/prediction/model/train_lowsnr/train_lowsnr/current_99999.ckpt
2024-06-16 16:23:44.980201: I tensorflow/compiler/jit/xla_gpu_device.cc:99] Not creating XLA devices, tf_xla_enable_xla_devices not set
INFO:tensorflow:Restoring parameters from /global/cfs/cdirs/desi/users/jqzou/dla_finder/prediction/model/train_lowsnr/train_lowsnr/current_99999.ckpt
2024-06-16 16:23:45.144431: I tensorflow/compiler/jit/xla_gpu_device.cc:99] Not creating XLA devices, tf_xla_enable_xla_devices not set
INFO:tensorflow:Restoring parameters from /global/cfs/cdirs/desi/users/jqzou/dla_finder/prediction/model/train_lowsnr/train_lowsnr/current_99999.ckpt

  0%|                                                                                                                                                                                                 | 0/58 [00:00<?, ?it/s]  3%|██████▍                                                                                                                                                                                  | 2/58 [00:00<00:01, 46.72it/s]
Traceback (most recent call last):
  File "/global/u1/t/tanting/DESI_analysis/desi-dlas/desi_mock_iron1.py", line 86, in <module>
    dla_tbl=save_pred(sightlines,pred,filename=dlacat_loc)
  File "/global/u1/t/tanting/DESI_analysis/desi-dlas/desidlas/prediction/pred_sightline.py", line 37, in save_pred
    pred_abs=vstack((pred_abs,analyze_pred(sightline,classifier,conf,offset,coldensity,PEAK_THRESH,lam_analyse)))
  File "/global/u1/t/tanting/DESI_analysis/desi-dlas/desidlas/prediction/analyze_prediction.py", line 106, in analyze_pred
    absorber_type =  "DLA" if mean_col_density_prediction >= 20.3 else "LYB" if sightline.is_lyb(peak) else "SUBDLA"
TypeError: is_lyb() missing 1 required positional argument: 'lam_analyse'
srun: error: nid005953: task 0: Exited with exit code 1
srun: Terminating StepId=26858437.1
