/var/spool/slurmd/job20519465/slurm_script: line 11: load_picca_plots: command not found
2024-01-18 17:01:10.404791: W tensorflow/stream_executor/platform/default/dso_loader.cc:60] Could not load dynamic library 'libcudart.so.11.0'; dlerror: libcudart.so.11.0: cannot open shared object file: No such file or directory; LD_LIBRARY_PATH: /global/u1/t/tanting/fitter2_tutorial/PolyChordLite/lib:/global/u1/t/tanting/DESI_analysis/theoretical_pk/fisher_forecast/openmpi-4.1.2/lib:/global/u1/t/tanting/fitter2_tutorial/PolyChordLite/lib:/global/u1/t/tanting/DESI_analysis/theoretical_pk/fisher_forecast/openmpi-4.1.2/lib:/global/common/software/nersc/pm-2022q4/sw/evp-patch/lib64:/global/u1/t/tanting/fitter2_tutorial/PolyChordLite/lib:/global/u1/t/tanting/DESI_analysis/theoretical_pk/fisher_forecast/openmpi-4.1.2/lib:/usr/local/cuda-12.2/compat:/opt/nvidia/hpc_sdk/Linux_x86_64/23.9/math_libs/12.2/lib64:/opt/nvidia/hpc_sdk/Linux_x86_64/23.9/cuda/12.2/extras/CUPTI/lib64:/opt/nvidia/hpc_sdk/Linux_x86_64/23.9/cuda/12.2/extras/Debugger/lib64:/opt/nvidia/hpc_sdk/Linux_x86_64/23.9/cuda/12.2/nvvm/lib64:/opt/nvidia/hpc_sdk/Linux_x86_64/23.9/cuda/12.2/lib64:/opt/cray/pe/papi/7.0.1.2/lib64:/opt/cray/libfabric/1.15.2.0/lib64:/opt/cray/libfabric/1.15.2.0/lib64:/opt/cray/libfabric/1.15.2.0/lib64
2024-01-18 17:01:10.404816: I tensorflow/stream_executor/cuda/cudart_stub.cc:29] Ignore above cudart dlerror if you do not have a GPU set up on your machine.
  0%|                                                                                                                                    | 0/303 [00:00<?, ?it/s]/global/cfs/cdirs/desi/users/jqzou/dla_finder/datasets/input_set.py:102: FutureWarning: arrays to stack must be passed as a "sequence" type such as list or tuple. Support for non-sequence iterables such as generators is deprecated as of NumPy 1.16 and will raise an error in the future.
  fluxes_matrix = np.vstack(map(lambda x:x[0][x[1]-kernelrangepx:x[1]+kernelrangepx],zip(itertools.repeat(flux_padded), np.nonzero(ix_dla_range)[0]+pixel_num_left)))
/global/cfs/cdirs/desi/users/jqzou/dla_finder/datasets/input_set.py:103: FutureWarning: arrays to stack must be passed as a "sequence" type such as list or tuple. Support for non-sequence iterables such as generators is deprecated as of NumPy 1.16 and will raise an error in the future.
  lam_matrix = np.vstack(map(lambda x:x[0][x[1]-kernelrangepx:x[1]+kernelrangepx],zip(itertools.repeat(lam_padded), np.nonzero(ix_dla_range)[0]+pixel_num_left)))
WARNING:tensorflow:From /global/cfs/cdirs/desi/users/jqzou/dla_finder/training/model.py:291: div (from tensorflow.python.ops.math_ops) is deprecated and will be removed in a future version.
Instructions for updating:
Deprecated in favor of operator or tf.math.divide.
/global/cfs/cdirs/desi/users/jqzou/dla_finder/datasets/input_set.py:102: FutureWarning: arrays to stack must be passed as a "sequence" type such as list or tuple. Support for non-sequence iterables such as generators is deprecated as of NumPy 1.16 and will raise an error in the future.
  fluxes_matrix = np.vstack(map(lambda x:x[0][x[1]-kernelrangepx:x[1]+kernelrangepx],zip(itertools.repeat(flux_padded), np.nonzero(ix_dla_range)[0]+pixel_num_left)))
/global/cfs/cdirs/desi/users/jqzou/dla_finder/datasets/input_set.py:103: FutureWarning: arrays to stack must be passed as a "sequence" type such as list or tuple. Support for non-sequence iterables such as generators is deprecated as of NumPy 1.16 and will raise an error in the future.
  lam_matrix = np.vstack(map(lambda x:x[0][x[1]-kernelrangepx:x[1]+kernelrangepx],zip(itertools.repeat(lam_padded), np.nonzero(ix_dla_range)[0]+pixel_num_left)))
WARNING:tensorflow:From /global/cfs/cdirs/desi/users/jqzou/dla_finder/training/model.py:291: div (from tensorflow.python.ops.math_ops) is deprecated and will be removed in a future version.
Instructions for updating:
Deprecated in favor of operator or tf.math.divide.
/global/cfs/cdirs/desi/users/jqzou/dla_finder/datasets/input_set.py:102: FutureWarning: arrays to stack must be passed as a "sequence" type such as list or tuple. Support for non-sequence iterables such as generators is deprecated as of NumPy 1.16 and will raise an error in the future.
  fluxes_matrix = np.vstack(map(lambda x:x[0][x[1]-kernelrangepx:x[1]+kernelrangepx],zip(itertools.repeat(flux_padded), np.nonzero(ix_dla_range)[0]+pixel_num_left)))
/global/cfs/cdirs/desi/users/jqzou/dla_finder/datasets/input_set.py:103: FutureWarning: arrays to stack must be passed as a "sequence" type such as list or tuple. Support for non-sequence iterables such as generators is deprecated as of NumPy 1.16 and will raise an error in the future.
  lam_matrix = np.vstack(map(lambda x:x[0][x[1]-kernelrangepx:x[1]+kernelrangepx],zip(itertools.repeat(lam_padded), np.nonzero(ix_dla_range)[0]+pixel_num_left)))
WARNING:tensorflow:From /global/cfs/cdirs/desi/users/jqzou/dla_finder/training/model.py:291: div (from tensorflow.python.ops.math_ops) is deprecated and will be removed in a future version.
Instructions for updating:
Deprecated in favor of operator or tf.math.divide.
/global/cfs/cdirs/desi/users/jqzou/dla_finder/datasets/input_set.py:102: FutureWarning: arrays to stack must be passed as a "sequence" type such as list or tuple. Support for non-sequence iterables such as generators is deprecated as of NumPy 1.16 and will raise an error in the future.
  fluxes_matrix = np.vstack(map(lambda x:x[0][x[1]-kernelrangepx:x[1]+kernelrangepx],zip(itertools.repeat(flux_padded), np.nonzero(ix_dla_range)[0]+pixel_num_left)))
/global/cfs/cdirs/desi/users/jqzou/dla_finder/datasets/input_set.py:103: FutureWarning: arrays to stack must be passed as a "sequence" type such as list or tuple. Support for non-sequence iterables such as generators is deprecated as of NumPy 1.16 and will raise an error in the future.
  lam_matrix = np.vstack(map(lambda x:x[0][x[1]-kernelrangepx:x[1]+kernelrangepx],zip(itertools.repeat(lam_padded), np.nonzero(ix_dla_range)[0]+pixel_num_left)))
WARNING:tensorflow:From /global/cfs/cdirs/desi/users/jqzou/dla_finder/training/model.py:291: div (from tensorflow.python.ops.math_ops) is deprecated and will be removed in a future version.
Instructions for updating:
Deprecated in favor of operator or tf.math.divide.
/global/cfs/cdirs/desi/users/jqzou/dla_finder/datasets/input_set.py:102: FutureWarning: arrays to stack must be passed as a "sequence" type such as list or tuple. Support for non-sequence iterables such as generators is deprecated as of NumPy 1.16 and will raise an error in the future.
  fluxes_matrix = np.vstack(map(lambda x:x[0][x[1]-kernelrangepx:x[1]+kernelrangepx],zip(itertools.repeat(flux_padded), np.nonzero(ix_dla_range)[0]+pixel_num_left)))
/global/cfs/cdirs/desi/users/jqzou/dla_finder/datasets/input_set.py:103: FutureWarning: arrays to stack must be passed as a "sequence" type such as list or tuple. Support for non-sequence iterables such as generators is deprecated as of NumPy 1.16 and will raise an error in the future.
  lam_matrix = np.vstack(map(lambda x:x[0][x[1]-kernelrangepx:x[1]+kernelrangepx],zip(itertools.repeat(lam_padded), np.nonzero(ix_dla_range)[0]+pixel_num_left)))
WARNING:tensorflow:From /global/cfs/cdirs/desi/users/jqzou/dla_finder/training/model.py:291: div (from tensorflow.python.ops.math_ops) is deprecated and will be removed in a future version.
Instructions for updating:
Deprecated in favor of operator or tf.math.divide.
/global/cfs/cdirs/desi/users/jqzou/dla_finder/datasets/input_set.py:102: FutureWarning: arrays to stack must be passed as a "sequence" type such as list or tuple. Support for non-sequence iterables such as generators is deprecated as of NumPy 1.16 and will raise an error in the future.
  fluxes_matrix = np.vstack(map(lambda x:x[0][x[1]-kernelrangepx:x[1]+kernelrangepx],zip(itertools.repeat(flux_padded), np.nonzero(ix_dla_range)[0]+pixel_num_left)))
/global/cfs/cdirs/desi/users/jqzou/dla_finder/datasets/input_set.py:103: FutureWarning: arrays to stack must be passed as a "sequence" type such as list or tuple. Support for non-sequence iterables such as generators is deprecated as of NumPy 1.16 and will raise an error in the future.
  lam_matrix = np.vstack(map(lambda x:x[0][x[1]-kernelrangepx:x[1]+kernelrangepx],zip(itertools.repeat(lam_padded), np.nonzero(ix_dla_range)[0]+pixel_num_left)))
WARNING:tensorflow:From /global/cfs/cdirs/desi/users/jqzou/dla_finder/training/model.py:291: div (from tensorflow.python.ops.math_ops) is deprecated and will be removed in a future version.
Instructions for updating:
Deprecated in favor of operator or tf.math.divide.
/global/cfs/cdirs/desi/users/jqzou/dla_finder/datasets/input_set.py:102: FutureWarning: arrays to stack must be passed as a "sequence" type such as list or tuple. Support for non-sequence iterables such as generators is deprecated as of NumPy 1.16 and will raise an error in the future.
  fluxes_matrix = np.vstack(map(lambda x:x[0][x[1]-kernelrangepx:x[1]+kernelrangepx],zip(itertools.repeat(flux_padded), np.nonzero(ix_dla_range)[0]+pixel_num_left)))
/global/cfs/cdirs/desi/users/jqzou/dla_finder/datasets/input_set.py:103: FutureWarning: arrays to stack must be passed as a "sequence" type such as list or tuple. Support for non-sequence iterables such as generators is deprecated as of NumPy 1.16 and will raise an error in the future.
  lam_matrix = np.vstack(map(lambda x:x[0][x[1]-kernelrangepx:x[1]+kernelrangepx],zip(itertools.repeat(lam_padded), np.nonzero(ix_dla_range)[0]+pixel_num_left)))
WARNING:tensorflow:From /global/cfs/cdirs/desi/users/jqzou/dla_finder/training/model.py:291: div (from tensorflow.python.ops.math_ops) is deprecated and will be removed in a future version.
Instructions for updating:
Deprecated in favor of operator or tf.math.divide.
2024-01-18 17:01:21.614811: I tensorflow/compiler/jit/xla_cpu_device.cc:41] Not creating XLA devices, tf_xla_enable_xla_devices not set
2024-01-18 17:01:21.621252: I tensorflow/compiler/jit/xla_cpu_device.cc:41] Not creating XLA devices, tf_xla_enable_xla_devices not set
2024-01-18 17:01:21.624905: I tensorflow/stream_executor/platform/default/dso_loader.cc:49] Successfully opened dynamic library libcuda.so.1
2024-01-18 17:01:21.626196: I tensorflow/stream_executor/platform/default/dso_loader.cc:49] Successfully opened dynamic library libcuda.so.1
2024-01-18 17:01:21.653976: I tensorflow/compiler/jit/xla_cpu_device.cc:41] Not creating XLA devices, tf_xla_enable_xla_devices not set
2024-01-18 17:01:21.655861: I tensorflow/stream_executor/platform/default/dso_loader.cc:49] Successfully opened dynamic library libcuda.so.1
2024-01-18 17:01:21.667962: I tensorflow/compiler/jit/xla_cpu_device.cc:41] Not creating XLA devices, tf_xla_enable_xla_devices not set
2024-01-18 17:01:21.670130: I tensorflow/stream_executor/platform/default/dso_loader.cc:49] Successfully opened dynamic library libcuda.so.1
2024-01-18 17:01:21.694534: I tensorflow/compiler/jit/xla_cpu_device.cc:41] Not creating XLA devices, tf_xla_enable_xla_devices not set
2024-01-18 17:01:21.696724: I tensorflow/stream_executor/platform/default/dso_loader.cc:49] Successfully opened dynamic library libcuda.so.1
2024-01-18 17:01:21.700462: I tensorflow/compiler/jit/xla_cpu_device.cc:41] Not creating XLA devices, tf_xla_enable_xla_devices not set
2024-01-18 17:01:21.702154: I tensorflow/stream_executor/platform/default/dso_loader.cc:49] Successfully opened dynamic library libcuda.so.1
/global/cfs/cdirs/desi/users/jqzou/dla_finder/datasets/input_set.py:102: FutureWarning: arrays to stack must be passed as a "sequence" type such as list or tuple. Support for non-sequence iterables such as generators is deprecated as of NumPy 1.16 and will raise an error in the future.
  fluxes_matrix = np.vstack(map(lambda x:x[0][x[1]-kernelrangepx:x[1]+kernelrangepx],zip(itertools.repeat(flux_padded), np.nonzero(ix_dla_range)[0]+pixel_num_left)))
/global/cfs/cdirs/desi/users/jqzou/dla_finder/datasets/input_set.py:103: FutureWarning: arrays to stack must be passed as a "sequence" type such as list or tuple. Support for non-sequence iterables such as generators is deprecated as of NumPy 1.16 and will raise an error in the future.
  lam_matrix = np.vstack(map(lambda x:x[0][x[1]-kernelrangepx:x[1]+kernelrangepx],zip(itertools.repeat(lam_padded), np.nonzero(ix_dla_range)[0]+pixel_num_left)))
WARNING:tensorflow:From /global/cfs/cdirs/desi/users/jqzou/dla_finder/training/model.py:291: div (from tensorflow.python.ops.math_ops) is deprecated and will be removed in a future version.
Instructions for updating:
Deprecated in favor of operator or tf.math.divide.
2024-01-18 17:01:21.856121: I tensorflow/compiler/jit/xla_cpu_device.cc:41] Not creating XLA devices, tf_xla_enable_xla_devices not set
2024-01-18 17:01:21.858742: I tensorflow/stream_executor/platform/default/dso_loader.cc:49] Successfully opened dynamic library libcuda.so.1
/global/cfs/cdirs/desi/users/jqzou/dla_finder/datasets/input_set.py:102: FutureWarning: arrays to stack must be passed as a "sequence" type such as list or tuple. Support for non-sequence iterables such as generators is deprecated as of NumPy 1.16 and will raise an error in the future.
  fluxes_matrix = np.vstack(map(lambda x:x[0][x[1]-kernelrangepx:x[1]+kernelrangepx],zip(itertools.repeat(flux_padded), np.nonzero(ix_dla_range)[0]+pixel_num_left)))
/global/cfs/cdirs/desi/users/jqzou/dla_finder/datasets/input_set.py:103: FutureWarning: arrays to stack must be passed as a "sequence" type such as list or tuple. Support for non-sequence iterables such as generators is deprecated as of NumPy 1.16 and will raise an error in the future.
  lam_matrix = np.vstack(map(lambda x:x[0][x[1]-kernelrangepx:x[1]+kernelrangepx],zip(itertools.repeat(lam_padded), np.nonzero(ix_dla_range)[0]+pixel_num_left)))
WARNING:tensorflow:From /global/cfs/cdirs/desi/users/jqzou/dla_finder/training/model.py:291: div (from tensorflow.python.ops.math_ops) is deprecated and will be removed in a future version.
Instructions for updating:
Deprecated in favor of operator or tf.math.divide.
2024-01-18 17:01:21.931235: E tensorflow/stream_executor/cuda/cuda_driver.cc:328] failed call to cuInit: CUDA_ERROR_NO_DEVICE: no CUDA-capable device is detected
2024-01-18 17:01:21.931293: I tensorflow/stream_executor/cuda/cuda_diagnostics.cc:156] kernel driver does not appear to be running on this host (nid005080): /proc/driver/nvidia/version does not exist
2024-01-18 17:01:21.932946: I tensorflow/core/platform/cpu_feature_guard.cc:142] This TensorFlow binary is optimized with oneAPI Deep Neural Network Library (oneDNN) to use the following CPU instructions in performance-critical operations:  AVX2 FMA
To enable them in other operations, rebuild TensorFlow with the appropriate compiler flags.
2024-01-18 17:01:21.939017: I tensorflow/compiler/jit/xla_gpu_device.cc:99] Not creating XLA devices, tf_xla_enable_xla_devices not set
2024-01-18 17:01:21.944431: E tensorflow/stream_executor/cuda/cuda_driver.cc:328] failed call to cuInit: CUDA_ERROR_NO_DEVICE: no CUDA-capable device is detected
2024-01-18 17:01:21.944483: I tensorflow/stream_executor/cuda/cuda_diagnostics.cc:156] kernel driver does not appear to be running on this host (nid005080): /proc/driver/nvidia/version does not exist
2024-01-18 17:01:21.946031: I tensorflow/core/platform/cpu_feature_guard.cc:142] This TensorFlow binary is optimized with oneAPI Deep Neural Network Library (oneDNN) to use the following CPU instructions in performance-critical operations:  AVX2 FMA
To enable them in other operations, rebuild TensorFlow with the appropriate compiler flags.
2024-01-18 17:01:21.951386: I tensorflow/compiler/jit/xla_gpu_device.cc:99] Not creating XLA devices, tf_xla_enable_xla_devices not set
2024-01-18 17:01:21.952481: E tensorflow/stream_executor/cuda/cuda_driver.cc:328] failed call to cuInit: CUDA_ERROR_NO_DEVICE: no CUDA-capable device is detected
2024-01-18 17:01:21.952527: I tensorflow/stream_executor/cuda/cuda_diagnostics.cc:156] kernel driver does not appear to be running on this host (nid005080): /proc/driver/nvidia/version does not exist
2024-01-18 17:01:21.954130: I tensorflow/core/platform/cpu_feature_guard.cc:142] This TensorFlow binary is optimized with oneAPI Deep Neural Network Library (oneDNN) to use the following CPU instructions in performance-critical operations:  AVX2 FMA
To enable them in other operations, rebuild TensorFlow with the appropriate compiler flags.
2024-01-18 17:01:21.959935: I tensorflow/compiler/jit/xla_gpu_device.cc:99] Not creating XLA devices, tf_xla_enable_xla_devices not set
/global/cfs/cdirs/desi/users/jqzou/dla_finder/datasets/input_set.py:102: FutureWarning: arrays to stack must be passed as a "sequence" type such as list or tuple. Support for non-sequence iterables such as generators is deprecated as of NumPy 1.16 and will raise an error in the future.
  fluxes_matrix = np.vstack(map(lambda x:x[0][x[1]-kernelrangepx:x[1]+kernelrangepx],zip(itertools.repeat(flux_padded), np.nonzero(ix_dla_range)[0]+pixel_num_left)))
/global/cfs/cdirs/desi/users/jqzou/dla_finder/datasets/input_set.py:103: FutureWarning: arrays to stack must be passed as a "sequence" type such as list or tuple. Support for non-sequence iterables such as generators is deprecated as of NumPy 1.16 and will raise an error in the future.
  lam_matrix = np.vstack(map(lambda x:x[0][x[1]-kernelrangepx:x[1]+kernelrangepx],zip(itertools.repeat(lam_padded), np.nonzero(ix_dla_range)[0]+pixel_num_left)))
WARNING:tensorflow:From /global/cfs/cdirs/desi/users/jqzou/dla_finder/training/model.py:291: div (from tensorflow.python.ops.math_ops) is deprecated and will be removed in a future version.
Instructions for updating:
Deprecated in favor of operator or tf.math.divide.
2024-01-18 17:01:21.971142: E tensorflow/stream_executor/cuda/cuda_driver.cc:328] failed call to cuInit: CUDA_ERROR_NO_DEVICE: no CUDA-capable device is detected
2024-01-18 17:01:21.971197: I tensorflow/stream_executor/cuda/cuda_diagnostics.cc:156] kernel driver does not appear to be running on this host (nid005080): /proc/driver/nvidia/version does not exist
2024-01-18 17:01:21.972730: I tensorflow/core/platform/cpu_feature_guard.cc:142] This TensorFlow binary is optimized with oneAPI Deep Neural Network Library (oneDNN) to use the following CPU instructions in performance-critical operations:  AVX2 FMA
To enable them in other operations, rebuild TensorFlow with the appropriate compiler flags.
2024-01-18 17:01:21.977926: I tensorflow/compiler/jit/xla_gpu_device.cc:99] Not creating XLA devices, tf_xla_enable_xla_devices not set
2024-01-18 17:01:21.986606: E tensorflow/stream_executor/cuda/cuda_driver.cc:328] failed call to cuInit: CUDA_ERROR_NO_DEVICE: no CUDA-capable device is detected
2024-01-18 17:01:21.986655: I tensorflow/stream_executor/cuda/cuda_diagnostics.cc:156] kernel driver does not appear to be running on this host (nid005080): /proc/driver/nvidia/version does not exist
2024-01-18 17:01:21.988047: I tensorflow/core/platform/cpu_feature_guard.cc:142] This TensorFlow binary is optimized with oneAPI Deep Neural Network Library (oneDNN) to use the following CPU instructions in performance-critical operations:  AVX2 FMA
To enable them in other operations, rebuild TensorFlow with the appropriate compiler flags.
2024-01-18 17:01:21.990399: E tensorflow/stream_executor/cuda/cuda_driver.cc:328] failed call to cuInit: CUDA_ERROR_NO_DEVICE: no CUDA-capable device is detected
2024-01-18 17:01:21.990445: I tensorflow/stream_executor/cuda/cuda_diagnostics.cc:156] kernel driver does not appear to be running on this host (nid005080): /proc/driver/nvidia/version does not exist
2024-01-18 17:01:21.991841: I tensorflow/core/platform/cpu_feature_guard.cc:142] This TensorFlow binary is optimized with oneAPI Deep Neural Network Library (oneDNN) to use the following CPU instructions in performance-critical operations:  AVX2 FMA
To enable them in other operations, rebuild TensorFlow with the appropriate compiler flags.
2024-01-18 17:01:21.992354: I tensorflow/compiler/jit/xla_gpu_device.cc:99] Not creating XLA devices, tf_xla_enable_xla_devices not set
2024-01-18 17:01:21.996612: I tensorflow/compiler/jit/xla_gpu_device.cc:99] Not creating XLA devices, tf_xla_enable_xla_devices not set
INFO:tensorflow:Restoring parameters from /global/cfs/cdirs/desi/users/jqzou/dla_finder/prediction/model/train_midsnr/train_midsnr/current_99999.ckpt
INFO:tensorflow:Restoring parameters from /global/cfs/cdirs/desi/users/jqzou/dla_finder/prediction/model/train_midsnr/train_midsnr/current_99999.ckpt
/global/cfs/cdirs/desi/users/jqzou/dla_finder/datasets/input_set.py:102: FutureWarning: arrays to stack must be passed as a "sequence" type such as list or tuple. Support for non-sequence iterables such as generators is deprecated as of NumPy 1.16 and will raise an error in the future.
  fluxes_matrix = np.vstack(map(lambda x:x[0][x[1]-kernelrangepx:x[1]+kernelrangepx],zip(itertools.repeat(flux_padded), np.nonzero(ix_dla_range)[0]+pixel_num_left)))
/global/cfs/cdirs/desi/users/jqzou/dla_finder/datasets/input_set.py:103: FutureWarning: arrays to stack must be passed as a "sequence" type such as list or tuple. Support for non-sequence iterables such as generators is deprecated as of NumPy 1.16 and will raise an error in the future.
  lam_matrix = np.vstack(map(lambda x:x[0][x[1]-kernelrangepx:x[1]+kernelrangepx],zip(itertools.repeat(lam_padded), np.nonzero(ix_dla_range)[0]+pixel_num_left)))
WARNING:tensorflow:From /global/cfs/cdirs/desi/users/jqzou/dla_finder/training/model.py:291: div (from tensorflow.python.ops.math_ops) is deprecated and will be removed in a future version.
Instructions for updating:
Deprecated in favor of operator or tf.math.divide.
/global/cfs/cdirs/desi/users/jqzou/dla_finder/datasets/input_set.py:102: FutureWarning: arrays to stack must be passed as a "sequence" type such as list or tuple. Support for non-sequence iterables such as generators is deprecated as of NumPy 1.16 and will raise an error in the future.
  fluxes_matrix = np.vstack(map(lambda x:x[0][x[1]-kernelrangepx:x[1]+kernelrangepx],zip(itertools.repeat(flux_padded), np.nonzero(ix_dla_range)[0]+pixel_num_left)))
/global/cfs/cdirs/desi/users/jqzou/dla_finder/datasets/input_set.py:103: FutureWarning: arrays to stack must be passed as a "sequence" type such as list or tuple. Support for non-sequence iterables such as generators is deprecated as of NumPy 1.16 and will raise an error in the future.
  lam_matrix = np.vstack(map(lambda x:x[0][x[1]-kernelrangepx:x[1]+kernelrangepx],zip(itertools.repeat(lam_padded), np.nonzero(ix_dla_range)[0]+pixel_num_left)))
WARNING:tensorflow:From /global/cfs/cdirs/desi/users/jqzou/dla_finder/training/model.py:291: div (from tensorflow.python.ops.math_ops) is deprecated and will be removed in a future version.
Instructions for updating:
Deprecated in favor of operator or tf.math.divide.
2024-01-18 17:01:22.027213: I tensorflow/compiler/mlir/mlir_graph_optimization_pass.cc:196] None of the MLIR optimization passes are enabled (registered 0 passes)
2024-01-18 17:01:22.032703: I tensorflow/compiler/mlir/mlir_graph_optimization_pass.cc:196] None of the MLIR optimization passes are enabled (registered 0 passes)
INFO:tensorflow:Restoring parameters from /global/cfs/cdirs/desi/users/jqzou/dla_finder/prediction/model/train_midsnr/train_midsnr/current_99999.ckpt
/global/cfs/cdirs/desi/users/jqzou/dla_finder/datasets/input_set.py:102: FutureWarning: arrays to stack must be passed as a "sequence" type such as list or tuple. Support for non-sequence iterables such as generators is deprecated as of NumPy 1.16 and will raise an error in the future.
  fluxes_matrix = np.vstack(map(lambda x:x[0][x[1]-kernelrangepx:x[1]+kernelrangepx],zip(itertools.repeat(flux_padded), np.nonzero(ix_dla_range)[0]+pixel_num_left)))
/global/cfs/cdirs/desi/users/jqzou/dla_finder/datasets/input_set.py:103: FutureWarning: arrays to stack must be passed as a "sequence" type such as list or tuple. Support for non-sequence iterables such as generators is deprecated as of NumPy 1.16 and will raise an error in the future.
  lam_matrix = np.vstack(map(lambda x:x[0][x[1]-kernelrangepx:x[1]+kernelrangepx],zip(itertools.repeat(lam_padded), np.nonzero(ix_dla_range)[0]+pixel_num_left)))
WARNING:tensorflow:From /global/cfs/cdirs/desi/users/jqzou/dla_finder/training/model.py:291: div (from tensorflow.python.ops.math_ops) is deprecated and will be removed in a future version.
Instructions for updating:
Deprecated in favor of operator or tf.math.divide.
INFO:tensorflow:Restoring parameters from /global/cfs/cdirs/desi/users/jqzou/dla_finder/prediction/model/train_midsnr/train_midsnr/current_99999.ckpt
/global/cfs/cdirs/desi/users/jqzou/dla_finder/datasets/input_set.py:102: FutureWarning: arrays to stack must be passed as a "sequence" type such as list or tuple. Support for non-sequence iterables such as generators is deprecated as of NumPy 1.16 and will raise an error in the future.
  fluxes_matrix = np.vstack(map(lambda x:x[0][x[1]-kernelrangepx:x[1]+kernelrangepx],zip(itertools.repeat(flux_padded), np.nonzero(ix_dla_range)[0]+pixel_num_left)))
/global/cfs/cdirs/desi/users/jqzou/dla_finder/datasets/input_set.py:103: FutureWarning: arrays to stack must be passed as a "sequence" type such as list or tuple. Support for non-sequence iterables such as generators is deprecated as of NumPy 1.16 and will raise an error in the future.
  lam_matrix = np.vstack(map(lambda x:x[0][x[1]-kernelrangepx:x[1]+kernelrangepx],zip(itertools.repeat(lam_padded), np.nonzero(ix_dla_range)[0]+pixel_num_left)))
WARNING:tensorflow:From /global/cfs/cdirs/desi/users/jqzou/dla_finder/training/model.py:291: div (from tensorflow.python.ops.math_ops) is deprecated and will be removed in a future version.
Instructions for updating:
Deprecated in favor of operator or tf.math.divide.
INFO:tensorflow:Restoring parameters from /global/cfs/cdirs/desi/users/jqzou/dla_finder/prediction/model/train_midsnr/train_midsnr/current_99999.ckpt
2024-01-18 17:01:22.049849: I tensorflow/compiler/mlir/mlir_graph_optimization_pass.cc:196] None of the MLIR optimization passes are enabled (registered 0 passes)
INFO:tensorflow:Restoring parameters from /global/cfs/cdirs/desi/users/jqzou/dla_finder/prediction/model/train_midsnr/train_midsnr/current_99999.ckpt
2024-01-18 17:01:22.056535: I tensorflow/compiler/mlir/mlir_graph_optimization_pass.cc:196] None of the MLIR optimization passes are enabled (registered 0 passes)
2024-01-18 17:01:22.056979: I tensorflow/core/platform/profile_utils/cpu_utils.cc:112] CPU Frequency: 2445505000 Hz
2024-01-18 17:01:22.057749: I tensorflow/compiler/mlir/mlir_graph_optimization_pass.cc:196] None of the MLIR optimization passes are enabled (registered 0 passes)
2024-01-18 17:01:22.060967: I tensorflow/core/platform/profile_utils/cpu_utils.cc:112] CPU Frequency: 2445505000 Hz
2024-01-18 17:01:22.061823: I tensorflow/compiler/mlir/mlir_graph_optimization_pass.cc:196] None of the MLIR optimization passes are enabled (registered 0 passes)
2024-01-18 17:01:22.064347: I tensorflow/core/platform/profile_utils/cpu_utils.cc:112] CPU Frequency: 2445505000 Hz
2024-01-18 17:01:22.065790: I tensorflow/core/platform/profile_utils/cpu_utils.cc:112] CPU Frequency: 2445505000 Hz
2024-01-18 17:01:22.069510: I tensorflow/core/platform/profile_utils/cpu_utils.cc:112] CPU Frequency: 2445505000 Hz
2024-01-18 17:01:22.080966: I tensorflow/core/platform/profile_utils/cpu_utils.cc:112] CPU Frequency: 2445505000 Hz
/global/cfs/cdirs/desi/users/jqzou/dla_finder/datasets/input_set.py:102: FutureWarning: arrays to stack must be passed as a "sequence" type such as list or tuple. Support for non-sequence iterables such as generators is deprecated as of NumPy 1.16 and will raise an error in the future.
  fluxes_matrix = np.vstack(map(lambda x:x[0][x[1]-kernelrangepx:x[1]+kernelrangepx],zip(itertools.repeat(flux_padded), np.nonzero(ix_dla_range)[0]+pixel_num_left)))
/global/cfs/cdirs/desi/users/jqzou/dla_finder/datasets/input_set.py:103: FutureWarning: arrays to stack must be passed as a "sequence" type such as list or tuple. Support for non-sequence iterables such as generators is deprecated as of NumPy 1.16 and will raise an error in the future.
  lam_matrix = np.vstack(map(lambda x:x[0][x[1]-kernelrangepx:x[1]+kernelrangepx],zip(itertools.repeat(lam_padded), np.nonzero(ix_dla_range)[0]+pixel_num_left)))
WARNING:tensorflow:From /global/cfs/cdirs/desi/users/jqzou/dla_finder/training/model.py:291: div (from tensorflow.python.ops.math_ops) is deprecated and will be removed in a future version.
Instructions for updating:
Deprecated in favor of operator or tf.math.divide.
2024-01-18 17:01:22.124889: E tensorflow/stream_executor/cuda/cuda_driver.cc:328] failed call to cuInit: CUDA_ERROR_NO_DEVICE: no CUDA-capable device is detected
2024-01-18 17:01:22.124929: I tensorflow/stream_executor/cuda/cuda_diagnostics.cc:156] kernel driver does not appear to be running on this host (nid005080): /proc/driver/nvidia/version does not exist
2024-01-18 17:01:22.126286: I tensorflow/core/platform/cpu_feature_guard.cc:142] This TensorFlow binary is optimized with oneAPI Deep Neural Network Library (oneDNN) to use the following CPU instructions in performance-critical operations:  AVX2 FMA
To enable them in other operations, rebuild TensorFlow with the appropriate compiler flags.
2024-01-18 17:01:22.130623: I tensorflow/compiler/jit/xla_gpu_device.cc:99] Not creating XLA devices, tf_xla_enable_xla_devices not set
INFO:tensorflow:Restoring parameters from /global/cfs/cdirs/desi/users/jqzou/dla_finder/prediction/model/train_midsnr/train_midsnr/current_99999.ckpt
2024-01-18 17:01:22.197581: I tensorflow/compiler/mlir/mlir_graph_optimization_pass.cc:196] None of the MLIR optimization passes are enabled (registered 0 passes)
2024-01-18 17:01:22.205631: I tensorflow/core/platform/profile_utils/cpu_utils.cc:112] CPU Frequency: 2445505000 Hz
/global/cfs/cdirs/desi/users/jqzou/dla_finder/datasets/input_set.py:102: FutureWarning: arrays to stack must be passed as a "sequence" type such as list or tuple. Support for non-sequence iterables such as generators is deprecated as of NumPy 1.16 and will raise an error in the future.
  fluxes_matrix = np.vstack(map(lambda x:x[0][x[1]-kernelrangepx:x[1]+kernelrangepx],zip(itertools.repeat(flux_padded), np.nonzero(ix_dla_range)[0]+pixel_num_left)))
/global/cfs/cdirs/desi/users/jqzou/dla_finder/datasets/input_set.py:103: FutureWarning: arrays to stack must be passed as a "sequence" type such as list or tuple. Support for non-sequence iterables such as generators is deprecated as of NumPy 1.16 and will raise an error in the future.
  lam_matrix = np.vstack(map(lambda x:x[0][x[1]-kernelrangepx:x[1]+kernelrangepx],zip(itertools.repeat(lam_padded), np.nonzero(ix_dla_range)[0]+pixel_num_left)))
WARNING:tensorflow:From /global/cfs/cdirs/desi/users/jqzou/dla_finder/training/model.py:291: div (from tensorflow.python.ops.math_ops) is deprecated and will be removed in a future version.
Instructions for updating:
Deprecated in favor of operator or tf.math.divide.
2024-01-18 17:01:22.641406: I tensorflow/compiler/jit/xla_cpu_device.cc:41] Not creating XLA devices, tf_xla_enable_xla_devices not set
2024-01-18 17:01:22.657686: I tensorflow/compiler/jit/xla_cpu_device.cc:41] Not creating XLA devices, tf_xla_enable_xla_devices not set
2024-01-18 17:01:22.671624: I tensorflow/compiler/jit/xla_cpu_device.cc:41] Not creating XLA devices, tf_xla_enable_xla_devices not set
2024-01-18 17:01:22.679500: I tensorflow/stream_executor/platform/default/dso_loader.cc:49] Successfully opened dynamic library libcuda.so.1
2024-01-18 17:01:22.682037: I tensorflow/stream_executor/platform/default/dso_loader.cc:49] Successfully opened dynamic library libcuda.so.1
2024-01-18 17:01:22.694824: I tensorflow/stream_executor/platform/default/dso_loader.cc:49] Successfully opened dynamic library libcuda.so.1
/global/cfs/cdirs/desi/users/jqzou/dla_finder/datasets/input_set.py:102: FutureWarning: arrays to stack must be passed as a "sequence" type such as list or tuple. Support for non-sequence iterables such as generators is deprecated as of NumPy 1.16 and will raise an error in the future.
  fluxes_matrix = np.vstack(map(lambda x:x[0][x[1]-kernelrangepx:x[1]+kernelrangepx],zip(itertools.repeat(flux_padded), np.nonzero(ix_dla_range)[0]+pixel_num_left)))
/global/cfs/cdirs/desi/users/jqzou/dla_finder/datasets/input_set.py:103: FutureWarning: arrays to stack must be passed as a "sequence" type such as list or tuple. Support for non-sequence iterables such as generators is deprecated as of NumPy 1.16 and will raise an error in the future.
  lam_matrix = np.vstack(map(lambda x:x[0][x[1]-kernelrangepx:x[1]+kernelrangepx],zip(itertools.repeat(lam_padded), np.nonzero(ix_dla_range)[0]+pixel_num_left)))
WARNING:tensorflow:From /global/cfs/cdirs/desi/users/jqzou/dla_finder/training/model.py:291: div (from tensorflow.python.ops.math_ops) is deprecated and will be removed in a future version.
Instructions for updating:
Deprecated in favor of operator or tf.math.divide.
/global/cfs/cdirs/desi/users/jqzou/dla_finder/datasets/input_set.py:102: FutureWarning: arrays to stack must be passed as a "sequence" type such as list or tuple. Support for non-sequence iterables such as generators is deprecated as of NumPy 1.16 and will raise an error in the future.
  fluxes_matrix = np.vstack(map(lambda x:x[0][x[1]-kernelrangepx:x[1]+kernelrangepx],zip(itertools.repeat(flux_padded), np.nonzero(ix_dla_range)[0]+pixel_num_left)))
/global/cfs/cdirs/desi/users/jqzou/dla_finder/datasets/input_set.py:103: FutureWarning: arrays to stack must be passed as a "sequence" type such as list or tuple. Support for non-sequence iterables such as generators is deprecated as of NumPy 1.16 and will raise an error in the future.
  lam_matrix = np.vstack(map(lambda x:x[0][x[1]-kernelrangepx:x[1]+kernelrangepx],zip(itertools.repeat(lam_padded), np.nonzero(ix_dla_range)[0]+pixel_num_left)))
WARNING:tensorflow:From /global/cfs/cdirs/desi/users/jqzou/dla_finder/training/model.py:291: div (from tensorflow.python.ops.math_ops) is deprecated and will be removed in a future version.
Instructions for updating:
Deprecated in favor of operator or tf.math.divide.
/global/cfs/cdirs/desi/users/jqzou/dla_finder/datasets/input_set.py:102: FutureWarning: arrays to stack must be passed as a "sequence" type such as list or tuple. Support for non-sequence iterables such as generators is deprecated as of NumPy 1.16 and will raise an error in the future.
  fluxes_matrix = np.vstack(map(lambda x:x[0][x[1]-kernelrangepx:x[1]+kernelrangepx],zip(itertools.repeat(flux_padded), np.nonzero(ix_dla_range)[0]+pixel_num_left)))
/global/cfs/cdirs/desi/users/jqzou/dla_finder/datasets/input_set.py:103: FutureWarning: arrays to stack must be passed as a "sequence" type such as list or tuple. Support for non-sequence iterables such as generators is deprecated as of NumPy 1.16 and will raise an error in the future.
  lam_matrix = np.vstack(map(lambda x:x[0][x[1]-kernelrangepx:x[1]+kernelrangepx],zip(itertools.repeat(lam_padded), np.nonzero(ix_dla_range)[0]+pixel_num_left)))
WARNING:tensorflow:From /global/cfs/cdirs/desi/users/jqzou/dla_finder/training/model.py:291: div (from tensorflow.python.ops.math_ops) is deprecated and will be removed in a future version.
Instructions for updating:
Deprecated in favor of operator or tf.math.divide.
/global/cfs/cdirs/desi/users/jqzou/dla_finder/datasets/input_set.py:102: FutureWarning: arrays to stack must be passed as a "sequence" type such as list or tuple. Support for non-sequence iterables such as generators is deprecated as of NumPy 1.16 and will raise an error in the future.
  fluxes_matrix = np.vstack(map(lambda x:x[0][x[1]-kernelrangepx:x[1]+kernelrangepx],zip(itertools.repeat(flux_padded), np.nonzero(ix_dla_range)[0]+pixel_num_left)))
/global/cfs/cdirs/desi/users/jqzou/dla_finder/datasets/input_set.py:103: FutureWarning: arrays to stack must be passed as a "sequence" type such as list or tuple. Support for non-sequence iterables such as generators is deprecated as of NumPy 1.16 and will raise an error in the future.
  lam_matrix = np.vstack(map(lambda x:x[0][x[1]-kernelrangepx:x[1]+kernelrangepx],zip(itertools.repeat(lam_padded), np.nonzero(ix_dla_range)[0]+pixel_num_left)))
WARNING:tensorflow:From /global/cfs/cdirs/desi/users/jqzou/dla_finder/training/model.py:291: div (from tensorflow.python.ops.math_ops) is deprecated and will be removed in a future version.
Instructions for updating:
Deprecated in favor of operator or tf.math.divide.
2024-01-18 17:01:22.791850: I tensorflow/compiler/jit/xla_cpu_device.cc:41] Not creating XLA devices, tf_xla_enable_xla_devices not set
2024-01-18 17:01:22.797202: I tensorflow/stream_executor/platform/default/dso_loader.cc:49] Successfully opened dynamic library libcuda.so.1
2024-01-18 17:01:22.813840: I tensorflow/compiler/jit/xla_cpu_device.cc:41] Not creating XLA devices, tf_xla_enable_xla_devices not set
2024-01-18 17:01:22.817096: I tensorflow/stream_executor/platform/default/dso_loader.cc:49] Successfully opened dynamic library libcuda.so.1
2024-01-18 17:01:22.833781: I tensorflow/compiler/jit/xla_cpu_device.cc:41] Not creating XLA devices, tf_xla_enable_xla_devices not set
2024-01-18 17:01:22.835845: I tensorflow/stream_executor/platform/default/dso_loader.cc:49] Successfully opened dynamic library libcuda.so.1
/global/cfs/cdirs/desi/users/jqzou/dla_finder/datasets/input_set.py:102: FutureWarning: arrays to stack must be passed as a "sequence" type such as list or tuple. Support for non-sequence iterables such as generators is deprecated as of NumPy 1.16 and will raise an error in the future.
  fluxes_matrix = np.vstack(map(lambda x:x[0][x[1]-kernelrangepx:x[1]+kernelrangepx],zip(itertools.repeat(flux_padded), np.nonzero(ix_dla_range)[0]+pixel_num_left)))
/global/cfs/cdirs/desi/users/jqzou/dla_finder/datasets/input_set.py:103: FutureWarning: arrays to stack must be passed as a "sequence" type such as list or tuple. Support for non-sequence iterables such as generators is deprecated as of NumPy 1.16 and will raise an error in the future.
  lam_matrix = np.vstack(map(lambda x:x[0][x[1]-kernelrangepx:x[1]+kernelrangepx],zip(itertools.repeat(lam_padded), np.nonzero(ix_dla_range)[0]+pixel_num_left)))
WARNING:tensorflow:From /global/cfs/cdirs/desi/users/jqzou/dla_finder/training/model.py:291: div (from tensorflow.python.ops.math_ops) is deprecated and will be removed in a future version.
Instructions for updating:
Deprecated in favor of operator or tf.math.divide.
2024-01-18 17:01:22.872590: I tensorflow/compiler/jit/xla_cpu_device.cc:41] Not creating XLA devices, tf_xla_enable_xla_devices not set
2024-01-18 17:01:22.874539: I tensorflow/stream_executor/platform/default/dso_loader.cc:49] Successfully opened dynamic library libcuda.so.1
2024-01-18 17:01:22.905096: I tensorflow/compiler/jit/xla_cpu_device.cc:41] Not creating XLA devices, tf_xla_enable_xla_devices not set
2024-01-18 17:01:22.907085: I tensorflow/stream_executor/platform/default/dso_loader.cc:49] Successfully opened dynamic library libcuda.so.1
2024-01-18 17:01:23.064472: E tensorflow/stream_executor/cuda/cuda_driver.cc:328] failed call to cuInit: CUDA_ERROR_NO_DEVICE: no CUDA-capable device is detected
2024-01-18 17:01:23.064523: I tensorflow/stream_executor/cuda/cuda_diagnostics.cc:156] kernel driver does not appear to be running on this host (nid005080): /proc/driver/nvidia/version does not exist
2024-01-18 17:01:23.064750: E tensorflow/stream_executor/cuda/cuda_driver.cc:328] failed call to cuInit: CUDA_ERROR_NO_DEVICE: no CUDA-capable device is detected
2024-01-18 17:01:23.064807: I tensorflow/stream_executor/cuda/cuda_diagnostics.cc:156] kernel driver does not appear to be running on this host (nid005080): /proc/driver/nvidia/version does not exist
2024-01-18 17:01:23.066093: I tensorflow/core/platform/cpu_feature_guard.cc:142] This TensorFlow binary is optimized with oneAPI Deep Neural Network Library (oneDNN) to use the following CPU instructions in performance-critical operations:  AVX2 FMA
To enable them in other operations, rebuild TensorFlow with the appropriate compiler flags.
2024-01-18 17:01:23.066313: I tensorflow/core/platform/cpu_feature_guard.cc:142] This TensorFlow binary is optimized with oneAPI Deep Neural Network Library (oneDNN) to use the following CPU instructions in performance-critical operations:  AVX2 FMA
To enable them in other operations, rebuild TensorFlow with the appropriate compiler flags.
2024-01-18 17:01:23.071398: I tensorflow/compiler/jit/xla_gpu_device.cc:99] Not creating XLA devices, tf_xla_enable_xla_devices not set
2024-01-18 17:01:23.072018: I tensorflow/compiler/jit/xla_gpu_device.cc:99] Not creating XLA devices, tf_xla_enable_xla_devices not set
2024-01-18 17:01:23.075421: E tensorflow/stream_executor/cuda/cuda_driver.cc:328] failed call to cuInit: CUDA_ERROR_NO_DEVICE: no CUDA-capable device is detected
2024-01-18 17:01:23.075470: I tensorflow/stream_executor/cuda/cuda_diagnostics.cc:156] kernel driver does not appear to be running on this host (nid005080): /proc/driver/nvidia/version does not exist
/global/cfs/cdirs/desi/users/jqzou/dla_finder/datasets/input_set.py:102: FutureWarning: arrays to stack must be passed as a "sequence" type such as list or tuple. Support for non-sequence iterables such as generators is deprecated as of NumPy 1.16 and will raise an error in the future.
  fluxes_matrix = np.vstack(map(lambda x:x[0][x[1]-kernelrangepx:x[1]+kernelrangepx],zip(itertools.repeat(flux_padded), np.nonzero(ix_dla_range)[0]+pixel_num_left)))
/global/cfs/cdirs/desi/users/jqzou/dla_finder/datasets/input_set.py:103: FutureWarning: arrays to stack must be passed as a "sequence" type such as list or tuple. Support for non-sequence iterables such as generators is deprecated as of NumPy 1.16 and will raise an error in the future.
  lam_matrix = np.vstack(map(lambda x:x[0][x[1]-kernelrangepx:x[1]+kernelrangepx],zip(itertools.repeat(lam_padded), np.nonzero(ix_dla_range)[0]+pixel_num_left)))
WARNING:tensorflow:From /global/cfs/cdirs/desi/users/jqzou/dla_finder/training/model.py:291: div (from tensorflow.python.ops.math_ops) is deprecated and will be removed in a future version.
Instructions for updating:
Deprecated in favor of operator or tf.math.divide.
2024-01-18 17:01:23.077140: I tensorflow/core/platform/cpu_feature_guard.cc:142] This TensorFlow binary is optimized with oneAPI Deep Neural Network Library (oneDNN) to use the following CPU instructions in performance-critical operations:  AVX2 FMA
To enable them in other operations, rebuild TensorFlow with the appropriate compiler flags.
2024-01-18 17:01:23.082830: I tensorflow/compiler/jit/xla_gpu_device.cc:99] Not creating XLA devices, tf_xla_enable_xla_devices not set
/global/cfs/cdirs/desi/users/jqzou/dla_finder/datasets/input_set.py:102: FutureWarning: arrays to stack must be passed as a "sequence" type such as list or tuple. Support for non-sequence iterables such as generators is deprecated as of NumPy 1.16 and will raise an error in the future.
  fluxes_matrix = np.vstack(map(lambda x:x[0][x[1]-kernelrangepx:x[1]+kernelrangepx],zip(itertools.repeat(flux_padded), np.nonzero(ix_dla_range)[0]+pixel_num_left)))
/global/cfs/cdirs/desi/users/jqzou/dla_finder/datasets/input_set.py:103: FutureWarning: arrays to stack must be passed as a "sequence" type such as list or tuple. Support for non-sequence iterables such as generators is deprecated as of NumPy 1.16 and will raise an error in the future.
  lam_matrix = np.vstack(map(lambda x:x[0][x[1]-kernelrangepx:x[1]+kernelrangepx],zip(itertools.repeat(lam_padded), np.nonzero(ix_dla_range)[0]+pixel_num_left)))
WARNING:tensorflow:From /global/cfs/cdirs/desi/users/jqzou/dla_finder/training/model.py:291: div (from tensorflow.python.ops.math_ops) is deprecated and will be removed in a future version.
Instructions for updating:
Deprecated in favor of operator or tf.math.divide.
2024-01-18 17:01:23.137376: E tensorflow/stream_executor/cuda/cuda_driver.cc:328] failed call to cuInit: CUDA_ERROR_NO_DEVICE: no CUDA-capable device is detected
2024-01-18 17:01:23.137440: I tensorflow/stream_executor/cuda/cuda_diagnostics.cc:156] kernel driver does not appear to be running on this host (nid005080): /proc/driver/nvidia/version does not exist
2024-01-18 17:01:23.139048: I tensorflow/core/platform/cpu_feature_guard.cc:142] This TensorFlow binary is optimized with oneAPI Deep Neural Network Library (oneDNN) to use the following CPU instructions in performance-critical operations:  AVX2 FMA
To enable them in other operations, rebuild TensorFlow with the appropriate compiler flags.
INFO:tensorflow:Restoring parameters from /global/cfs/cdirs/desi/users/jqzou/dla_finder/prediction/model/train_lowsnr/train_lowsnr/current_99999.ckpt
2024-01-18 17:01:23.144817: I tensorflow/compiler/jit/xla_gpu_device.cc:99] Not creating XLA devices, tf_xla_enable_xla_devices not set
INFO:tensorflow:Restoring parameters from /global/cfs/cdirs/desi/users/jqzou/dla_finder/prediction/model/train_lowsnr/train_lowsnr/current_99999.ckpt
2024-01-18 17:01:23.150074: I tensorflow/compiler/jit/xla_cpu_device.cc:41] Not creating XLA devices, tf_xla_enable_xla_devices not set
/global/cfs/cdirs/desi/users/jqzou/dla_finder/datasets/input_set.py:102: FutureWarning: arrays to stack must be passed as a "sequence" type such as list or tuple. Support for non-sequence iterables such as generators is deprecated as of NumPy 1.16 and will raise an error in the future.
  fluxes_matrix = np.vstack(map(lambda x:x[0][x[1]-kernelrangepx:x[1]+kernelrangepx],zip(itertools.repeat(flux_padded), np.nonzero(ix_dla_range)[0]+pixel_num_left)))
/global/cfs/cdirs/desi/users/jqzou/dla_finder/datasets/input_set.py:103: FutureWarning: arrays to stack must be passed as a "sequence" type such as list or tuple. Support for non-sequence iterables such as generators is deprecated as of NumPy 1.16 and will raise an error in the future.
  lam_matrix = np.vstack(map(lambda x:x[0][x[1]-kernelrangepx:x[1]+kernelrangepx],zip(itertools.repeat(lam_padded), np.nonzero(ix_dla_range)[0]+pixel_num_left)))
WARNING:tensorflow:From /global/cfs/cdirs/desi/users/jqzou/dla_finder/training/model.py:291: div (from tensorflow.python.ops.math_ops) is deprecated and will be removed in a future version.
Instructions for updating:
Deprecated in favor of operator or tf.math.divide.
2024-01-18 17:01:23.152442: I tensorflow/compiler/mlir/mlir_graph_optimization_pass.cc:196] None of the MLIR optimization passes are enabled (registered 0 passes)
2024-01-18 17:01:23.152458: I tensorflow/stream_executor/platform/default/dso_loader.cc:49] Successfully opened dynamic library libcuda.so.1
INFO:tensorflow:Restoring parameters from /global/cfs/cdirs/desi/users/jqzou/dla_finder/prediction/model/train_lowsnr/train_lowsnr/current_99999.ckpt
2024-01-18 17:01:23.158038: I tensorflow/compiler/mlir/mlir_graph_optimization_pass.cc:196] None of the MLIR optimization passes are enabled (registered 0 passes)
2024-01-18 17:01:23.160609: I tensorflow/core/platform/profile_utils/cpu_utils.cc:112] CPU Frequency: 2445505000 Hz
2024-01-18 17:01:23.165503: I tensorflow/compiler/mlir/mlir_graph_optimization_pass.cc:196] None of the MLIR optimization passes are enabled (registered 0 passes)
2024-01-18 17:01:23.166170: I tensorflow/core/platform/profile_utils/cpu_utils.cc:112] CPU Frequency: 2445505000 Hz
2024-01-18 17:01:23.171264: E tensorflow/stream_executor/cuda/cuda_driver.cc:328] failed call to cuInit: CUDA_ERROR_NO_DEVICE: no CUDA-capable device is detected
2024-01-18 17:01:23.171307: I tensorflow/stream_executor/cuda/cuda_diagnostics.cc:156] kernel driver does not appear to be running on this host (nid005080): /proc/driver/nvidia/version does not exist
2024-01-18 17:01:23.172620: I tensorflow/core/platform/cpu_feature_guard.cc:142] This TensorFlow binary is optimized with oneAPI Deep Neural Network Library (oneDNN) to use the following CPU instructions in performance-critical operations:  AVX2 FMA
To enable them in other operations, rebuild TensorFlow with the appropriate compiler flags.
2024-01-18 17:01:23.173701: I tensorflow/core/platform/profile_utils/cpu_utils.cc:112] CPU Frequency: 2445505000 Hz
2024-01-18 17:01:23.176949: I tensorflow/compiler/jit/xla_gpu_device.cc:99] Not creating XLA devices, tf_xla_enable_xla_devices not set
2024-01-18 17:01:23.196188: E tensorflow/stream_executor/cuda/cuda_driver.cc:328] failed call to cuInit: CUDA_ERROR_NO_DEVICE: no CUDA-capable device is detected
2024-01-18 17:01:23.196247: I tensorflow/stream_executor/cuda/cuda_diagnostics.cc:156] kernel driver does not appear to be running on this host (nid005080): /proc/driver/nvidia/version does not exist
2024-01-18 17:01:23.197888: I tensorflow/core/platform/cpu_feature_guard.cc:142] This TensorFlow binary is optimized with oneAPI Deep Neural Network Library (oneDNN) to use the following CPU instructions in performance-critical operations:  AVX2 FMA
To enable them in other operations, rebuild TensorFlow with the appropriate compiler flags.
2024-01-18 17:01:23.204202: I tensorflow/compiler/jit/xla_gpu_device.cc:99] Not creating XLA devices, tf_xla_enable_xla_devices not set
2024-01-18 17:01:23.212814: E tensorflow/stream_executor/cuda/cuda_driver.cc:328] failed call to cuInit: CUDA_ERROR_NO_DEVICE: no CUDA-capable device is detected
2024-01-18 17:01:23.212891: I tensorflow/stream_executor/cuda/cuda_diagnostics.cc:156] kernel driver does not appear to be running on this host (nid005080): /proc/driver/nvidia/version does not exist
2024-01-18 17:01:23.214506: I tensorflow/core/platform/cpu_feature_guard.cc:142] This TensorFlow binary is optimized with oneAPI Deep Neural Network Library (oneDNN) to use the following CPU instructions in performance-critical operations:  AVX2 FMA
To enable them in other operations, rebuild TensorFlow with the appropriate compiler flags.
2024-01-18 17:01:23.220559: I tensorflow/compiler/jit/xla_gpu_device.cc:99] Not creating XLA devices, tf_xla_enable_xla_devices not set
INFO:tensorflow:Restoring parameters from /global/cfs/cdirs/desi/users/jqzou/dla_finder/prediction/model/train_lowsnr/train_lowsnr/current_99999.ckpt
INFO:tensorflow:Restoring parameters from /global/cfs/cdirs/desi/users/jqzou/dla_finder/prediction/model/train_lowsnr/train_lowsnr/current_99999.ckpt
2024-01-18 17:01:23.241377: E tensorflow/stream_executor/cuda/cuda_driver.cc:328] failed call to cuInit: CUDA_ERROR_NO_DEVICE: no CUDA-capable device is detected
2024-01-18 17:01:23.241436: I tensorflow/stream_executor/cuda/cuda_diagnostics.cc:156] kernel driver does not appear to be running on this host (nid005080): /proc/driver/nvidia/version does not exist
2024-01-18 17:01:23.242772: I tensorflow/core/platform/cpu_feature_guard.cc:142] This TensorFlow binary is optimized with oneAPI Deep Neural Network Library (oneDNN) to use the following CPU instructions in performance-critical operations:  AVX2 FMA
To enable them in other operations, rebuild TensorFlow with the appropriate compiler flags.
2024-01-18 17:01:23.244026: I tensorflow/compiler/mlir/mlir_graph_optimization_pass.cc:196] None of the MLIR optimization passes are enabled (registered 0 passes)
2024-01-18 17:01:23.245730: I tensorflow/compiler/jit/xla_cpu_device.cc:41] Not creating XLA devices, tf_xla_enable_xla_devices not set
2024-01-18 17:01:23.246659: I tensorflow/compiler/mlir/mlir_graph_optimization_pass.cc:196] None of the MLIR optimization passes are enabled (registered 0 passes)
2024-01-18 17:01:23.247208: I tensorflow/compiler/jit/xla_gpu_device.cc:99] Not creating XLA devices, tf_xla_enable_xla_devices not set
2024-01-18 17:01:23.248512: I tensorflow/stream_executor/platform/default/dso_loader.cc:49] Successfully opened dynamic library libcuda.so.1
2024-01-18 17:01:23.252135: I tensorflow/compiler/jit/xla_cpu_device.cc:41] Not creating XLA devices, tf_xla_enable_xla_devices not set
2024-01-18 17:01:23.253107: I tensorflow/core/platform/profile_utils/cpu_utils.cc:112] CPU Frequency: 2445505000 Hz
2024-01-18 17:01:23.254268: I tensorflow/stream_executor/platform/default/dso_loader.cc:49] Successfully opened dynamic library libcuda.so.1
2024-01-18 17:01:23.254655: I tensorflow/core/platform/profile_utils/cpu_utils.cc:112] CPU Frequency: 2445505000 Hz
2024-01-18 17:01:23.257644: I tensorflow/compiler/jit/xla_cpu_device.cc:41] Not creating XLA devices, tf_xla_enable_xla_devices not set
2024-01-18 17:01:23.259487: I tensorflow/stream_executor/platform/default/dso_loader.cc:49] Successfully opened dynamic library libcuda.so.1
INFO:tensorflow:Restoring parameters from /global/cfs/cdirs/desi/users/jqzou/dla_finder/prediction/model/train_lowsnr/train_lowsnr/current_99999.ckpt
INFO:tensorflow:Restoring parameters from /global/cfs/cdirs/desi/users/jqzou/dla_finder/prediction/model/train_lowsnr/train_lowsnr/current_99999.ckpt
INFO:tensorflow:Restoring parameters from /global/cfs/cdirs/desi/users/jqzou/dla_finder/prediction/model/train_lowsnr/train_lowsnr/current_99999.ckpt
2024-01-18 17:01:23.333245: I tensorflow/compiler/mlir/mlir_graph_optimization_pass.cc:196] None of the MLIR optimization passes are enabled (registered 0 passes)
2024-01-18 17:01:23.343812: I tensorflow/compiler/jit/xla_cpu_device.cc:41] Not creating XLA devices, tf_xla_enable_xla_devices not set
2024-01-18 17:01:23.345411: I tensorflow/compiler/mlir/mlir_graph_optimization_pass.cc:196] None of the MLIR optimization passes are enabled (registered 0 passes)
2024-01-18 17:01:23.353019: I tensorflow/compiler/mlir/mlir_graph_optimization_pass.cc:196] None of the MLIR optimization passes are enabled (registered 0 passes)
2024-01-18 17:01:23.362145: I tensorflow/stream_executor/platform/default/dso_loader.cc:49] Successfully opened dynamic library libcuda.so.1
2024-01-18 17:01:23.364936: I tensorflow/core/platform/profile_utils/cpu_utils.cc:112] CPU Frequency: 2445505000 Hz
2024-01-18 17:01:23.393045: I tensorflow/core/platform/profile_utils/cpu_utils.cc:112] CPU Frequency: 2445505000 Hz
2024-01-18 17:01:23.393378: I tensorflow/core/platform/profile_utils/cpu_utils.cc:112] CPU Frequency: 2445505000 Hz
2024-01-18 17:01:23.433914: I tensorflow/compiler/jit/xla_cpu_device.cc:41] Not creating XLA devices, tf_xla_enable_xla_devices not set
2024-01-18 17:01:23.447471: I tensorflow/stream_executor/platform/default/dso_loader.cc:49] Successfully opened dynamic library libcuda.so.1
2024-01-18 17:01:23.595797: I tensorflow/compiler/jit/xla_gpu_device.cc:99] Not creating XLA devices, tf_xla_enable_xla_devices not set
2024-01-18 17:01:23.600556: E tensorflow/stream_executor/cuda/cuda_driver.cc:328] failed call to cuInit: CUDA_ERROR_NO_DEVICE: no CUDA-capable device is detected
2024-01-18 17:01:23.600772: I tensorflow/stream_executor/cuda/cuda_diagnostics.cc:156] kernel driver does not appear to be running on this host (nid005080): /proc/driver/nvidia/version does not exist
/global/cfs/cdirs/desi/users/jqzou/dla_finder/datasets/input_set.py:102: FutureWarning: arrays to stack must be passed as a "sequence" type such as list or tuple. Support for non-sequence iterables such as generators is deprecated as of NumPy 1.16 and will raise an error in the future.
  fluxes_matrix = np.vstack(map(lambda x:x[0][x[1]-kernelrangepx:x[1]+kernelrangepx],zip(itertools.repeat(flux_padded), np.nonzero(ix_dla_range)[0]+pixel_num_left)))
/global/cfs/cdirs/desi/users/jqzou/dla_finder/datasets/input_set.py:103: FutureWarning: arrays to stack must be passed as a "sequence" type such as list or tuple. Support for non-sequence iterables such as generators is deprecated as of NumPy 1.16 and will raise an error in the future.
  lam_matrix = np.vstack(map(lambda x:x[0][x[1]-kernelrangepx:x[1]+kernelrangepx],zip(itertools.repeat(lam_padded), np.nonzero(ix_dla_range)[0]+pixel_num_left)))
WARNING:tensorflow:From /global/cfs/cdirs/desi/users/jqzou/dla_finder/training/model.py:291: div (from tensorflow.python.ops.math_ops) is deprecated and will be removed in a future version.
Instructions for updating:
Deprecated in favor of operator or tf.math.divide.
2024-01-18 17:01:23.602756: I tensorflow/core/platform/cpu_feature_guard.cc:142] This TensorFlow binary is optimized with oneAPI Deep Neural Network Library (oneDNN) to use the following CPU instructions in performance-critical operations:  AVX2 FMA
To enable them in other operations, rebuild TensorFlow with the appropriate compiler flags.
2024-01-18 17:01:23.632264: I tensorflow/compiler/jit/xla_gpu_device.cc:99] Not creating XLA devices, tf_xla_enable_xla_devices not set
/global/cfs/cdirs/desi/users/jqzou/dla_finder/datasets/input_set.py:102: FutureWarning: arrays to stack must be passed as a "sequence" type such as list or tuple. Support for non-sequence iterables such as generators is deprecated as of NumPy 1.16 and will raise an error in the future.
  fluxes_matrix = np.vstack(map(lambda x:x[0][x[1]-kernelrangepx:x[1]+kernelrangepx],zip(itertools.repeat(flux_padded), np.nonzero(ix_dla_range)[0]+pixel_num_left)))
/global/cfs/cdirs/desi/users/jqzou/dla_finder/datasets/input_set.py:103: FutureWarning: arrays to stack must be passed as a "sequence" type such as list or tuple. Support for non-sequence iterables such as generators is deprecated as of NumPy 1.16 and will raise an error in the future.
  lam_matrix = np.vstack(map(lambda x:x[0][x[1]-kernelrangepx:x[1]+kernelrangepx],zip(itertools.repeat(lam_padded), np.nonzero(ix_dla_range)[0]+pixel_num_left)))
WARNING:tensorflow:From /global/cfs/cdirs/desi/users/jqzou/dla_finder/training/model.py:291: div (from tensorflow.python.ops.math_ops) is deprecated and will be removed in a future version.
Instructions for updating:
Deprecated in favor of operator or tf.math.divide.
2024-01-18 17:01:23.648472: I tensorflow/compiler/jit/xla_gpu_device.cc:99] Not creating XLA devices, tf_xla_enable_xla_devices not set
/global/cfs/cdirs/desi/users/jqzou/dla_finder/datasets/input_set.py:102: FutureWarning: arrays to stack must be passed as a "sequence" type such as list or tuple. Support for non-sequence iterables such as generators is deprecated as of NumPy 1.16 and will raise an error in the future.
  fluxes_matrix = np.vstack(map(lambda x:x[0][x[1]-kernelrangepx:x[1]+kernelrangepx],zip(itertools.repeat(flux_padded), np.nonzero(ix_dla_range)[0]+pixel_num_left)))
/global/cfs/cdirs/desi/users/jqzou/dla_finder/datasets/input_set.py:103: FutureWarning: arrays to stack must be passed as a "sequence" type such as list or tuple. Support for non-sequence iterables such as generators is deprecated as of NumPy 1.16 and will raise an error in the future.
  lam_matrix = np.vstack(map(lambda x:x[0][x[1]-kernelrangepx:x[1]+kernelrangepx],zip(itertools.repeat(lam_padded), np.nonzero(ix_dla_range)[0]+pixel_num_left)))
WARNING:tensorflow:From /global/cfs/cdirs/desi/users/jqzou/dla_finder/training/model.py:291: div (from tensorflow.python.ops.math_ops) is deprecated and will be removed in a future version.
Instructions for updating:
Deprecated in favor of operator or tf.math.divide.
2024-01-18 17:01:23.678309: I tensorflow/compiler/jit/xla_gpu_device.cc:99] Not creating XLA devices, tf_xla_enable_xla_devices not set
INFO:tensorflow:Restoring parameters from /global/cfs/cdirs/desi/users/jqzou/dla_finder/prediction/model/train_midsnr/train_midsnr/current_99999.ckpt
INFO:tensorflow:Restoring parameters from /global/cfs/cdirs/desi/users/jqzou/dla_finder/prediction/model/train_midsnr/train_midsnr/current_99999.ckpt
INFO:tensorflow:Restoring parameters from /global/cfs/cdirs/desi/users/jqzou/dla_finder/prediction/model/train_midsnr/train_midsnr/current_99999.ckpt
INFO:tensorflow:Restoring parameters from /global/cfs/cdirs/desi/users/jqzou/dla_finder/prediction/model/train_lowsnr/train_lowsnr/current_99999.ckpt
2024-01-18 17:01:23.828250: I tensorflow/compiler/mlir/mlir_graph_optimization_pass.cc:196] None of the MLIR optimization passes are enabled (registered 0 passes)
2024-01-18 17:01:23.844000: I tensorflow/core/platform/profile_utils/cpu_utils.cc:112] CPU Frequency: 2445505000 Hz
/global/cfs/cdirs/desi/users/jqzou/dla_finder/datasets/input_set.py:102: FutureWarning: arrays to stack must be passed as a "sequence" type such as list or tuple. Support for non-sequence iterables such as generators is deprecated as of NumPy 1.16 and will raise an error in the future.
  fluxes_matrix = np.vstack(map(lambda x:x[0][x[1]-kernelrangepx:x[1]+kernelrangepx],zip(itertools.repeat(flux_padded), np.nonzero(ix_dla_range)[0]+pixel_num_left)))
/global/cfs/cdirs/desi/users/jqzou/dla_finder/datasets/input_set.py:103: FutureWarning: arrays to stack must be passed as a "sequence" type such as list or tuple. Support for non-sequence iterables such as generators is deprecated as of NumPy 1.16 and will raise an error in the future.
  lam_matrix = np.vstack(map(lambda x:x[0][x[1]-kernelrangepx:x[1]+kernelrangepx],zip(itertools.repeat(lam_padded), np.nonzero(ix_dla_range)[0]+pixel_num_left)))
WARNING:tensorflow:From /global/cfs/cdirs/desi/users/jqzou/dla_finder/training/model.py:291: div (from tensorflow.python.ops.math_ops) is deprecated and will be removed in a future version.
Instructions for updating:
Deprecated in favor of operator or tf.math.divide.
2024-01-18 17:01:23.879083: E tensorflow/stream_executor/cuda/cuda_driver.cc:328] failed call to cuInit: CUDA_ERROR_NO_DEVICE: no CUDA-capable device is detected
2024-01-18 17:01:23.879305: I tensorflow/stream_executor/cuda/cuda_diagnostics.cc:156] kernel driver does not appear to be running on this host (nid005080): /proc/driver/nvidia/version does not exist
2024-01-18 17:01:23.881334: I tensorflow/core/platform/cpu_feature_guard.cc:142] This TensorFlow binary is optimized with oneAPI Deep Neural Network Library (oneDNN) to use the following CPU instructions in performance-critical operations:  AVX2 FMA
To enable them in other operations, rebuild TensorFlow with the appropriate compiler flags.
2024-01-18 17:01:23.908572: I tensorflow/compiler/jit/xla_gpu_device.cc:99] Not creating XLA devices, tf_xla_enable_xla_devices not set
/global/cfs/cdirs/desi/users/jqzou/dla_finder/datasets/input_set.py:102: FutureWarning: arrays to stack must be passed as a "sequence" type such as list or tuple. Support for non-sequence iterables such as generators is deprecated as of NumPy 1.16 and will raise an error in the future.
  fluxes_matrix = np.vstack(map(lambda x:x[0][x[1]-kernelrangepx:x[1]+kernelrangepx],zip(itertools.repeat(flux_padded), np.nonzero(ix_dla_range)[0]+pixel_num_left)))
/global/cfs/cdirs/desi/users/jqzou/dla_finder/datasets/input_set.py:103: FutureWarning: arrays to stack must be passed as a "sequence" type such as list or tuple. Support for non-sequence iterables such as generators is deprecated as of NumPy 1.16 and will raise an error in the future.
  lam_matrix = np.vstack(map(lambda x:x[0][x[1]-kernelrangepx:x[1]+kernelrangepx],zip(itertools.repeat(lam_padded), np.nonzero(ix_dla_range)[0]+pixel_num_left)))
WARNING:tensorflow:From /global/cfs/cdirs/desi/users/jqzou/dla_finder/training/model.py:291: div (from tensorflow.python.ops.math_ops) is deprecated and will be removed in a future version.
Instructions for updating:
Deprecated in favor of operator or tf.math.divide.
2024-01-18 17:01:23.913158: E tensorflow/stream_executor/cuda/cuda_driver.cc:328] failed call to cuInit: CUDA_ERROR_NO_DEVICE: no CUDA-capable device is detected
2024-01-18 17:01:23.913343: I tensorflow/stream_executor/cuda/cuda_diagnostics.cc:156] kernel driver does not appear to be running on this host (nid005080): /proc/driver/nvidia/version does not exist
2024-01-18 17:01:23.913522: I tensorflow/compiler/jit/xla_cpu_device.cc:41] Not creating XLA devices, tf_xla_enable_xla_devices not set
2024-01-18 17:01:23.915652: I tensorflow/core/platform/cpu_feature_guard.cc:142] This TensorFlow binary is optimized with oneAPI Deep Neural Network Library (oneDNN) to use the following CPU instructions in performance-critical operations:  AVX2 FMA
To enable them in other operations, rebuild TensorFlow with the appropriate compiler flags.
/global/cfs/cdirs/desi/users/jqzou/dla_finder/datasets/input_set.py:102: FutureWarning: arrays to stack must be passed as a "sequence" type such as list or tuple. Support for non-sequence iterables such as generators is deprecated as of NumPy 1.16 and will raise an error in the future.
  fluxes_matrix = np.vstack(map(lambda x:x[0][x[1]-kernelrangepx:x[1]+kernelrangepx],zip(itertools.repeat(flux_padded), np.nonzero(ix_dla_range)[0]+pixel_num_left)))
/global/cfs/cdirs/desi/users/jqzou/dla_finder/datasets/input_set.py:103: FutureWarning: arrays to stack must be passed as a "sequence" type such as list or tuple. Support for non-sequence iterables such as generators is deprecated as of NumPy 1.16 and will raise an error in the future.
  lam_matrix = np.vstack(map(lambda x:x[0][x[1]-kernelrangepx:x[1]+kernelrangepx],zip(itertools.repeat(lam_padded), np.nonzero(ix_dla_range)[0]+pixel_num_left)))
WARNING:tensorflow:From /global/cfs/cdirs/desi/users/jqzou/dla_finder/training/model.py:291: div (from tensorflow.python.ops.math_ops) is deprecated and will be removed in a future version.
Instructions for updating:
Deprecated in favor of operator or tf.math.divide.
2024-01-18 17:01:23.918300: E tensorflow/stream_executor/cuda/cuda_driver.cc:328] failed call to cuInit: CUDA_ERROR_NO_DEVICE: no CUDA-capable device is detected
2024-01-18 17:01:23.918508: I tensorflow/stream_executor/cuda/cuda_diagnostics.cc:156] kernel driver does not appear to be running on this host (nid005080): /proc/driver/nvidia/version does not exist
2024-01-18 17:01:23.920494: I tensorflow/core/platform/cpu_feature_guard.cc:142] This TensorFlow binary is optimized with oneAPI Deep Neural Network Library (oneDNN) to use the following CPU instructions in performance-critical operations:  AVX2 FMA
To enable them in other operations, rebuild TensorFlow with the appropriate compiler flags.
2024-01-18 17:01:23.920800: I tensorflow/compiler/jit/xla_gpu_device.cc:99] Not creating XLA devices, tf_xla_enable_xla_devices not set
2024-01-18 17:01:23.933686: I tensorflow/stream_executor/platform/default/dso_loader.cc:49] Successfully opened dynamic library libcuda.so.1
2024-01-18 17:01:23.944293: I tensorflow/compiler/jit/xla_gpu_device.cc:99] Not creating XLA devices, tf_xla_enable_xla_devices not set
2024-01-18 17:01:23.982626: I tensorflow/compiler/jit/xla_cpu_device.cc:41] Not creating XLA devices, tf_xla_enable_xla_devices not set
2024-01-18 17:01:23.985916: I tensorflow/stream_executor/platform/default/dso_loader.cc:49] Successfully opened dynamic library libcuda.so.1
2024-01-18 17:01:23.993483: I tensorflow/compiler/jit/xla_cpu_device.cc:41] Not creating XLA devices, tf_xla_enable_xla_devices not set
2024-01-18 17:01:23.998259: I tensorflow/stream_executor/platform/default/dso_loader.cc:49] Successfully opened dynamic library libcuda.so.1
INFO:tensorflow:Restoring parameters from /global/cfs/cdirs/desi/users/jqzou/dla_finder/prediction/model/train_lowsnr/train_lowsnr/current_99999.ckpt
2024-01-18 17:01:24.054172: I tensorflow/compiler/mlir/mlir_graph_optimization_pass.cc:196] None of the MLIR optimization passes are enabled (registered 0 passes)
2024-01-18 17:01:24.070944: I tensorflow/core/platform/profile_utils/cpu_utils.cc:112] CPU Frequency: 2445505000 Hz
2024-01-18 17:01:24.080459: E tensorflow/stream_executor/cuda/cuda_driver.cc:328] failed call to cuInit: CUDA_ERROR_NO_DEVICE: no CUDA-capable device is detected
2024-01-18 17:01:24.080531: I tensorflow/stream_executor/cuda/cuda_diagnostics.cc:156] kernel driver does not appear to be running on this host (nid005080): /proc/driver/nvidia/version does not exist
2024-01-18 17:01:24.082405: I tensorflow/core/platform/cpu_feature_guard.cc:142] This TensorFlow binary is optimized with oneAPI Deep Neural Network Library (oneDNN) to use the following CPU instructions in performance-critical operations:  AVX2 FMA
To enable them in other operations, rebuild TensorFlow with the appropriate compiler flags.
INFO:tensorflow:Restoring parameters from /global/cfs/cdirs/desi/users/jqzou/dla_finder/prediction/model/train_lowsnr/train_lowsnr/current_99999.ckpt
2024-01-18 17:01:24.086683: I tensorflow/compiler/jit/xla_gpu_device.cc:99] Not creating XLA devices, tf_xla_enable_xla_devices not set
INFO:tensorflow:Restoring parameters from /global/cfs/cdirs/desi/users/jqzou/dla_finder/prediction/model/train_lowsnr/train_lowsnr/current_99999.ckpt
2024-01-18 17:01:24.103469: I tensorflow/compiler/mlir/mlir_graph_optimization_pass.cc:196] None of the MLIR optimization passes are enabled (registered 0 passes)
2024-01-18 17:01:24.131955: I tensorflow/compiler/mlir/mlir_graph_optimization_pass.cc:196] None of the MLIR optimization passes are enabled (registered 0 passes)
2024-01-18 17:01:24.155878: I tensorflow/core/platform/profile_utils/cpu_utils.cc:112] CPU Frequency: 2445505000 Hz
2024-01-18 17:01:24.169166: I tensorflow/core/platform/profile_utils/cpu_utils.cc:112] CPU Frequency: 2445505000 Hz
INFO:tensorflow:Restoring parameters from /global/cfs/cdirs/desi/users/jqzou/dla_finder/prediction/model/train_lowsnr/train_lowsnr/current_99999.ckpt
2024-01-18 17:01:24.207034: I tensorflow/compiler/mlir/mlir_graph_optimization_pass.cc:196] None of the MLIR optimization passes are enabled (registered 0 passes)
2024-01-18 17:01:24.246017: E tensorflow/stream_executor/cuda/cuda_driver.cc:328] failed call to cuInit: CUDA_ERROR_NO_DEVICE: no CUDA-capable device is detected
2024-01-18 17:01:24.248472: I tensorflow/stream_executor/cuda/cuda_diagnostics.cc:156] kernel driver does not appear to be running on this host (nid005080): /proc/driver/nvidia/version does not exist
2024-01-18 17:01:24.249043: I tensorflow/core/platform/profile_utils/cpu_utils.cc:112] CPU Frequency: 2445505000 Hz
2024-01-18 17:01:24.250457: I tensorflow/core/platform/cpu_feature_guard.cc:142] This TensorFlow binary is optimized with oneAPI Deep Neural Network Library (oneDNN) to use the following CPU instructions in performance-critical operations:  AVX2 FMA
To enable them in other operations, rebuild TensorFlow with the appropriate compiler flags.
2024-01-18 17:01:24.256245: I tensorflow/compiler/jit/xla_gpu_device.cc:99] Not creating XLA devices, tf_xla_enable_xla_devices not set
INFO:tensorflow:Restoring parameters from /global/cfs/cdirs/desi/users/jqzou/dla_finder/prediction/model/train_lowsnr/train_lowsnr/current_99999.ckpt
2024-01-18 17:01:24.439694: I tensorflow/compiler/mlir/mlir_graph_optimization_pass.cc:196] None of the MLIR optimization passes are enabled (registered 0 passes)
2024-01-18 17:01:24.459239: I tensorflow/compiler/jit/xla_cpu_device.cc:41] Not creating XLA devices, tf_xla_enable_xla_devices not set
2024-01-18 17:01:24.474588: I tensorflow/stream_executor/platform/default/dso_loader.cc:49] Successfully opened dynamic library libcuda.so.1
2024-01-18 17:01:24.478824: I tensorflow/core/platform/profile_utils/cpu_utils.cc:112] CPU Frequency: 2445505000 Hz
2024-01-18 17:01:24.485226: I tensorflow/compiler/jit/xla_cpu_device.cc:41] Not creating XLA devices, tf_xla_enable_xla_devices not set
2024-01-18 17:01:24.514814: I tensorflow/stream_executor/platform/default/dso_loader.cc:49] Successfully opened dynamic library libcuda.so.1
2024-01-18 17:01:24.551618: I tensorflow/compiler/jit/xla_cpu_device.cc:41] Not creating XLA devices, tf_xla_enable_xla_devices not set
2024-01-18 17:01:24.558699: I tensorflow/stream_executor/platform/default/dso_loader.cc:49] Successfully opened dynamic library libcuda.so.1
2024-01-18 17:01:24.610768: E tensorflow/stream_executor/cuda/cuda_driver.cc:328] failed call to cuInit: CUDA_ERROR_NO_DEVICE: no CUDA-capable device is detected
2024-01-18 17:01:24.610855: I tensorflow/stream_executor/cuda/cuda_diagnostics.cc:156] kernel driver does not appear to be running on this host (nid005080): /proc/driver/nvidia/version does not exist
2024-01-18 17:01:24.613155: I tensorflow/core/platform/cpu_feature_guard.cc:142] This TensorFlow binary is optimized with oneAPI Deep Neural Network Library (oneDNN) to use the following CPU instructions in performance-critical operations:  AVX2 FMA
To enable them in other operations, rebuild TensorFlow with the appropriate compiler flags.
2024-01-18 17:01:24.617302: I tensorflow/compiler/jit/xla_gpu_device.cc:99] Not creating XLA devices, tf_xla_enable_xla_devices not set
2024-01-18 17:01:24.683145: E tensorflow/stream_executor/cuda/cuda_driver.cc:328] failed call to cuInit: CUDA_ERROR_NO_DEVICE: no CUDA-capable device is detected
2024-01-18 17:01:24.683370: I tensorflow/stream_executor/cuda/cuda_diagnostics.cc:156] kernel driver does not appear to be running on this host (nid005080): /proc/driver/nvidia/version does not exist
2024-01-18 17:01:24.685346: I tensorflow/core/platform/cpu_feature_guard.cc:142] This TensorFlow binary is optimized with oneAPI Deep Neural Network Library (oneDNN) to use the following CPU instructions in performance-critical operations:  AVX2 FMA
To enable them in other operations, rebuild TensorFlow with the appropriate compiler flags.
2024-01-18 17:01:24.689155: I tensorflow/compiler/jit/xla_gpu_device.cc:99] Not creating XLA devices, tf_xla_enable_xla_devices not set
2024-01-18 17:01:24.712554: I tensorflow/compiler/jit/xla_cpu_device.cc:41] Not creating XLA devices, tf_xla_enable_xla_devices not set
2024-01-18 17:01:24.743417: E tensorflow/stream_executor/cuda/cuda_driver.cc:328] failed call to cuInit: CUDA_ERROR_NO_DEVICE: no CUDA-capable device is detected
2024-01-18 17:01:24.743623: I tensorflow/stream_executor/cuda/cuda_diagnostics.cc:156] kernel driver does not appear to be running on this host (nid005080): /proc/driver/nvidia/version does not exist
2024-01-18 17:01:24.745449: I tensorflow/core/platform/cpu_feature_guard.cc:142] This TensorFlow binary is optimized with oneAPI Deep Neural Network Library (oneDNN) to use the following CPU instructions in performance-critical operations:  AVX2 FMA
To enable them in other operations, rebuild TensorFlow with the appropriate compiler flags.
2024-01-18 17:01:24.749258: I tensorflow/compiler/jit/xla_gpu_device.cc:99] Not creating XLA devices, tf_xla_enable_xla_devices not set
2024-01-18 17:01:24.756260: I tensorflow/stream_executor/platform/default/dso_loader.cc:49] Successfully opened dynamic library libcuda.so.1
2024-01-18 17:01:24.768281: I tensorflow/compiler/jit/xla_cpu_device.cc:41] Not creating XLA devices, tf_xla_enable_xla_devices not set
INFO:tensorflow:Restoring parameters from /global/cfs/cdirs/desi/users/jqzou/dla_finder/prediction/model/train_lowsnr/train_lowsnr/current_99999.ckpt
2024-01-18 17:01:24.777604: I tensorflow/stream_executor/platform/default/dso_loader.cc:49] Successfully opened dynamic library libcuda.so.1
2024-01-18 17:01:24.812960: I tensorflow/compiler/mlir/mlir_graph_optimization_pass.cc:196] None of the MLIR optimization passes are enabled (registered 0 passes)
2024-01-18 17:01:24.842864: I tensorflow/compiler/jit/xla_cpu_device.cc:41] Not creating XLA devices, tf_xla_enable_xla_devices not set
2024-01-18 17:01:24.845067: I tensorflow/core/platform/profile_utils/cpu_utils.cc:112] CPU Frequency: 2445505000 Hz
2024-01-18 17:01:24.846550: I tensorflow/stream_executor/platform/default/dso_loader.cc:49] Successfully opened dynamic library libcuda.so.1
2024-01-18 17:01:24.853599: I tensorflow/compiler/jit/xla_gpu_device.cc:99] Not creating XLA devices, tf_xla_enable_xla_devices not set
INFO:tensorflow:Restoring parameters from /global/cfs/cdirs/desi/users/jqzou/dla_finder/prediction/model/train_lowsnr/train_lowsnr/current_99999.ckpt
INFO:tensorflow:Restoring parameters from /global/cfs/cdirs/desi/users/jqzou/dla_finder/prediction/model/train_lowsnr/train_lowsnr/current_99999.ckpt
2024-01-18 17:01:24.902809: I tensorflow/compiler/mlir/mlir_graph_optimization_pass.cc:196] None of the MLIR optimization passes are enabled (registered 0 passes)
2024-01-18 17:01:24.904983: I tensorflow/compiler/mlir/mlir_graph_optimization_pass.cc:196] None of the MLIR optimization passes are enabled (registered 0 passes)
2024-01-18 17:01:24.919405: I tensorflow/core/platform/profile_utils/cpu_utils.cc:112] CPU Frequency: 2445505000 Hz
INFO:tensorflow:Restoring parameters from /global/cfs/cdirs/desi/users/jqzou/dla_finder/prediction/model/train_midsnr/train_midsnr/current_99999.ckpt
2024-01-18 17:01:24.948479: I tensorflow/core/platform/profile_utils/cpu_utils.cc:112] CPU Frequency: 2445505000 Hz
2024-01-18 17:01:25.013954: I tensorflow/compiler/jit/xla_gpu_device.cc:99] Not creating XLA devices, tf_xla_enable_xla_devices not set
INFO:tensorflow:Restoring parameters from /global/cfs/cdirs/desi/users/jqzou/dla_finder/prediction/model/train_lowsnr/train_lowsnr/current_99999.ckpt
2024-01-18 17:01:25.149061: E tensorflow/stream_executor/cuda/cuda_driver.cc:328] failed call to cuInit: CUDA_ERROR_NO_DEVICE: no CUDA-capable device is detected
2024-01-18 17:01:25.149307: I tensorflow/stream_executor/cuda/cuda_diagnostics.cc:156] kernel driver does not appear to be running on this host (nid005080): /proc/driver/nvidia/version does not exist
2024-01-18 17:01:25.153001: I tensorflow/core/platform/cpu_feature_guard.cc:142] This TensorFlow binary is optimized with oneAPI Deep Neural Network Library (oneDNN) to use the following CPU instructions in performance-critical operations:  AVX2 FMA
To enable them in other operations, rebuild TensorFlow with the appropriate compiler flags.
2024-01-18 17:01:25.156879: E tensorflow/stream_executor/cuda/cuda_driver.cc:328] failed call to cuInit: CUDA_ERROR_NO_DEVICE: no CUDA-capable device is detected
2024-01-18 17:01:25.157110: I tensorflow/stream_executor/cuda/cuda_diagnostics.cc:156] kernel driver does not appear to be running on this host (nid005080): /proc/driver/nvidia/version does not exist
2024-01-18 17:01:25.159523: I tensorflow/core/platform/cpu_feature_guard.cc:142] This TensorFlow binary is optimized with oneAPI Deep Neural Network Library (oneDNN) to use the following CPU instructions in performance-critical operations:  AVX2 FMA
To enable them in other operations, rebuild TensorFlow with the appropriate compiler flags.
2024-01-18 17:01:25.189108: I tensorflow/compiler/jit/xla_gpu_device.cc:99] Not creating XLA devices, tf_xla_enable_xla_devices not set
2024-01-18 17:01:25.269057: I tensorflow/compiler/jit/xla_gpu_device.cc:99] Not creating XLA devices, tf_xla_enable_xla_devices not set
2024-01-18 17:01:25.272781: E tensorflow/stream_executor/cuda/cuda_driver.cc:328] failed call to cuInit: CUDA_ERROR_NO_DEVICE: no CUDA-capable device is detected
2024-01-18 17:01:25.272889: I tensorflow/stream_executor/cuda/cuda_diagnostics.cc:156] kernel driver does not appear to be running on this host (nid005080): /proc/driver/nvidia/version does not exist
2024-01-18 17:01:25.275001: I tensorflow/core/platform/cpu_feature_guard.cc:142] This TensorFlow binary is optimized with oneAPI Deep Neural Network Library (oneDNN) to use the following CPU instructions in performance-critical operations:  AVX2 FMA
To enable them in other operations, rebuild TensorFlow with the appropriate compiler flags.
2024-01-18 17:01:25.283938: I tensorflow/compiler/jit/xla_gpu_device.cc:99] Not creating XLA devices, tf_xla_enable_xla_devices not set
INFO:tensorflow:Restoring parameters from /global/cfs/cdirs/desi/users/jqzou/dla_finder/prediction/model/train_lowsnr/train_lowsnr/current_99999.ckpt
2024-01-18 17:01:25.355737: I tensorflow/compiler/mlir/mlir_graph_optimization_pass.cc:196] None of the MLIR optimization passes are enabled (registered 0 passes)
2024-01-18 17:01:25.369934: I tensorflow/core/platform/profile_utils/cpu_utils.cc:112] CPU Frequency: 2445505000 Hz
2024-01-18 17:01:25.458195: E tensorflow/stream_executor/cuda/cuda_driver.cc:328] failed call to cuInit: CUDA_ERROR_NO_DEVICE: no CUDA-capable device is detected
2024-01-18 17:01:25.458411: I tensorflow/stream_executor/cuda/cuda_diagnostics.cc:156] kernel driver does not appear to be running on this host (nid005080): /proc/driver/nvidia/version does not exist
2024-01-18 17:01:25.460391: I tensorflow/core/platform/cpu_feature_guard.cc:142] This TensorFlow binary is optimized with oneAPI Deep Neural Network Library (oneDNN) to use the following CPU instructions in performance-critical operations:  AVX2 FMA
To enable them in other operations, rebuild TensorFlow with the appropriate compiler flags.
2024-01-18 17:01:25.493274: E tensorflow/stream_executor/cuda/cuda_driver.cc:328] failed call to cuInit: CUDA_ERROR_NO_DEVICE: no CUDA-capable device is detected
2024-01-18 17:01:25.493356: I tensorflow/stream_executor/cuda/cuda_diagnostics.cc:156] kernel driver does not appear to be running on this host (nid005080): /proc/driver/nvidia/version does not exist
2024-01-18 17:01:25.495269: I tensorflow/core/platform/cpu_feature_guard.cc:142] This TensorFlow binary is optimized with oneAPI Deep Neural Network Library (oneDNN) to use the following CPU instructions in performance-critical operations:  AVX2 FMA
To enable them in other operations, rebuild TensorFlow with the appropriate compiler flags.
2024-01-18 17:01:25.499803: I tensorflow/compiler/jit/xla_gpu_device.cc:99] Not creating XLA devices, tf_xla_enable_xla_devices not set
INFO:tensorflow:Restoring parameters from /global/cfs/cdirs/desi/users/jqzou/dla_finder/prediction/model/train_lowsnr/train_lowsnr/current_99999.ckpt
2024-01-18 17:01:25.517050: I tensorflow/compiler/jit/xla_gpu_device.cc:99] Not creating XLA devices, tf_xla_enable_xla_devices not set
INFO:tensorflow:Restoring parameters from /global/cfs/cdirs/desi/users/jqzou/dla_finder/prediction/model/train_lowsnr/train_lowsnr/current_99999.ckpt
2024-01-18 17:01:25.559916: I tensorflow/compiler/mlir/mlir_graph_optimization_pass.cc:196] None of the MLIR optimization passes are enabled (registered 0 passes)
2024-01-18 17:01:25.562632: E tensorflow/stream_executor/cuda/cuda_driver.cc:328] failed call to cuInit: CUDA_ERROR_NO_DEVICE: no CUDA-capable device is detected
2024-01-18 17:01:25.562852: I tensorflow/stream_executor/cuda/cuda_diagnostics.cc:156] kernel driver does not appear to be running on this host (nid005080): /proc/driver/nvidia/version does not exist
2024-01-18 17:01:25.564150: I tensorflow/compiler/mlir/mlir_graph_optimization_pass.cc:196] None of the MLIR optimization passes are enabled (registered 0 passes)
2024-01-18 17:01:25.564708: I tensorflow/core/platform/cpu_feature_guard.cc:142] This TensorFlow binary is optimized with oneAPI Deep Neural Network Library (oneDNN) to use the following CPU instructions in performance-critical operations:  AVX2 FMA
To enable them in other operations, rebuild TensorFlow with the appropriate compiler flags.
2024-01-18 17:01:25.572539: I tensorflow/compiler/jit/xla_gpu_device.cc:99] Not creating XLA devices, tf_xla_enable_xla_devices not set
2024-01-18 17:01:25.582022: I tensorflow/core/platform/profile_utils/cpu_utils.cc:112] CPU Frequency: 2445505000 Hz
2024-01-18 17:01:25.588310: I tensorflow/core/platform/profile_utils/cpu_utils.cc:112] CPU Frequency: 2445505000 Hz
INFO:tensorflow:Restoring parameters from /global/cfs/cdirs/desi/users/jqzou/dla_finder/prediction/model/train_lowsnr/train_lowsnr/current_99999.ckpt
INFO:tensorflow:Restoring parameters from /global/cfs/cdirs/desi/users/jqzou/dla_finder/prediction/model/train_lowsnr/train_lowsnr/current_99999.ckpt
2024-01-18 17:01:25.698298: I tensorflow/compiler/mlir/mlir_graph_optimization_pass.cc:196] None of the MLIR optimization passes are enabled (registered 0 passes)
INFO:tensorflow:Restoring parameters from /global/cfs/cdirs/desi/users/jqzou/dla_finder/prediction/model/train_lowsnr/train_lowsnr/current_99999.ckpt
2024-01-18 17:01:25.709454: I tensorflow/compiler/mlir/mlir_graph_optimization_pass.cc:196] None of the MLIR optimization passes are enabled (registered 0 passes)
2024-01-18 17:01:25.714870: I tensorflow/core/platform/profile_utils/cpu_utils.cc:112] CPU Frequency: 2445505000 Hz
2024-01-18 17:01:25.715247: I tensorflow/compiler/mlir/mlir_graph_optimization_pass.cc:196] None of the MLIR optimization passes are enabled (registered 0 passes)
2024-01-18 17:01:25.724305: I tensorflow/core/platform/profile_utils/cpu_utils.cc:112] CPU Frequency: 2445505000 Hz
2024-01-18 17:01:25.728558: I tensorflow/core/platform/profile_utils/cpu_utils.cc:112] CPU Frequency: 2445505000 Hz
2024-01-18 17:01:25.870153: I tensorflow/compiler/jit/xla_gpu_device.cc:99] Not creating XLA devices, tf_xla_enable_xla_devices not set
INFO:tensorflow:Restoring parameters from /global/cfs/cdirs/desi/users/jqzou/dla_finder/prediction/model/train_lowsnr/train_lowsnr/current_99999.ckpt
2024-01-18 17:01:26.008819: I tensorflow/compiler/jit/xla_gpu_device.cc:99] Not creating XLA devices, tf_xla_enable_xla_devices not set
INFO:tensorflow:Restoring parameters from /global/cfs/cdirs/desi/users/jqzou/dla_finder/prediction/model/train_lowsnr/train_lowsnr/current_99999.ckpt
2024-01-18 17:01:26.301420: I tensorflow/compiler/jit/xla_gpu_device.cc:99] Not creating XLA devices, tf_xla_enable_xla_devices not set
2024-01-18 17:01:26.376294: I tensorflow/compiler/jit/xla_gpu_device.cc:99] Not creating XLA devices, tf_xla_enable_xla_devices not set
INFO:tensorflow:Restoring parameters from /global/cfs/cdirs/desi/users/jqzou/dla_finder/prediction/model/train_lowsnr/train_lowsnr/current_99999.ckpt
INFO:tensorflow:Restoring parameters from /global/cfs/cdirs/desi/users/jqzou/dla_finder/prediction/model/train_lowsnr/train_lowsnr/current_99999.ckpt
2024-01-18 17:01:26.485711: I tensorflow/compiler/jit/xla_gpu_device.cc:99] Not creating XLA devices, tf_xla_enable_xla_devices not set
INFO:tensorflow:Restoring parameters from /global/cfs/cdirs/desi/users/jqzou/dla_finder/prediction/model/train_midsnr/train_midsnr/current_99999.ckpt
2024-01-18 17:01:26.680743: I tensorflow/compiler/jit/xla_gpu_device.cc:99] Not creating XLA devices, tf_xla_enable_xla_devices not set
INFO:tensorflow:Restoring parameters from /global/cfs/cdirs/desi/users/jqzou/dla_finder/prediction/model/train_midsnr/train_midsnr/current_99999.ckpt
2024-01-18 17:01:26.805169: I tensorflow/compiler/jit/xla_gpu_device.cc:99] Not creating XLA devices, tf_xla_enable_xla_devices not set
INFO:tensorflow:Restoring parameters from /global/cfs/cdirs/desi/users/jqzou/dla_finder/prediction/model/train_lowsnr/train_lowsnr/current_99999.ckpt
2024-01-18 17:01:27.206247: I tensorflow/compiler/jit/xla_gpu_device.cc:99] Not creating XLA devices, tf_xla_enable_xla_devices not set
2024-01-18 17:01:27.234367: I tensorflow/compiler/jit/xla_gpu_device.cc:99] Not creating XLA devices, tf_xla_enable_xla_devices not set
2024-01-18 17:01:27.284431: I tensorflow/compiler/jit/xla_gpu_device.cc:99] Not creating XLA devices, tf_xla_enable_xla_devices not set
2024-01-18 17:01:27.285790: I tensorflow/compiler/jit/xla_gpu_device.cc:99] Not creating XLA devices, tf_xla_enable_xla_devices not set
INFO:tensorflow:Restoring parameters from /global/cfs/cdirs/desi/users/jqzou/dla_finder/prediction/model/train_midsnr/train_midsnr/current_99999.ckpt
INFO:tensorflow:Restoring parameters from /global/cfs/cdirs/desi/users/jqzou/dla_finder/prediction/model/train_lowsnr/train_lowsnr/current_99999.ckpt
INFO:tensorflow:Restoring parameters from /global/cfs/cdirs/desi/users/jqzou/dla_finder/prediction/model/train_lowsnr/train_lowsnr/current_99999.ckpt
INFO:tensorflow:Restoring parameters from /global/cfs/cdirs/desi/users/jqzou/dla_finder/prediction/model/train_lowsnr/train_lowsnr/current_99999.ckpt
2024-01-18 17:01:27.372718: I tensorflow/compiler/jit/xla_gpu_device.cc:99] Not creating XLA devices, tf_xla_enable_xla_devices not set
2024-01-18 17:01:27.386020: I tensorflow/compiler/jit/xla_gpu_device.cc:99] Not creating XLA devices, tf_xla_enable_xla_devices not set
INFO:tensorflow:Restoring parameters from /global/cfs/cdirs/desi/users/jqzou/dla_finder/prediction/model/train_lowsnr/train_lowsnr/current_99999.ckpt
INFO:tensorflow:Restoring parameters from /global/cfs/cdirs/desi/users/jqzou/dla_finder/prediction/model/train_lowsnr/train_lowsnr/current_99999.ckpt
2024-01-18 17:01:27.484002: I tensorflow/compiler/jit/xla_gpu_device.cc:99] Not creating XLA devices, tf_xla_enable_xla_devices not set
INFO:tensorflow:Restoring parameters from /global/cfs/cdirs/desi/users/jqzou/dla_finder/prediction/model/train_lowsnr/train_lowsnr/current_99999.ckpt
 31%|█████████████████████████████████████▊                                                                                     | 93/303 [00:06<00:15, 13.75it/s]2024-01-18 17:01:27.671202: I tensorflow/compiler/jit/xla_gpu_device.cc:99] Not creating XLA devices, tf_xla_enable_xla_devices not set
INFO:tensorflow:Restoring parameters from /global/cfs/cdirs/desi/users/jqzou/dla_finder/prediction/model/train_lowsnr/train_lowsnr/current_99999.ckpt
2024-01-18 17:01:27.888027: I tensorflow/compiler/jit/xla_gpu_device.cc:99] Not creating XLA devices, tf_xla_enable_xla_devices not set
INFO:tensorflow:Restoring parameters from /global/cfs/cdirs/desi/users/jqzou/dla_finder/prediction/model/train_lowsnr/train_lowsnr/current_99999.ckpt
2024-01-18 17:01:28.111527: I tensorflow/compiler/jit/xla_gpu_device.cc:99] Not creating XLA devices, tf_xla_enable_xla_devices not set
2024-01-18 17:01:28.122049: I tensorflow/compiler/jit/xla_gpu_device.cc:99] Not creating XLA devices, tf_xla_enable_xla_devices not set
INFO:tensorflow:Restoring parameters from /global/cfs/cdirs/desi/users/jqzou/dla_finder/prediction/model/train_lowsnr/train_lowsnr/current_99999.ckpt
INFO:tensorflow:Restoring parameters from /global/cfs/cdirs/desi/users/jqzou/dla_finder/prediction/model/train_lowsnr/train_lowsnr/current_99999.ckpt
2024-01-18 17:01:28.236617: I tensorflow/compiler/jit/xla_gpu_device.cc:99] Not creating XLA devices, tf_xla_enable_xla_devices not set
 33%|████████████████████████████████████████▏                                                                                  | 99/303 [00:07<00:15, 13.22it/s]2024-01-18 17:01:28.266277: I tensorflow/compiler/jit/xla_gpu_device.cc:99] Not creating XLA devices, tf_xla_enable_xla_devices not set
INFO:tensorflow:Restoring parameters from /global/cfs/cdirs/desi/users/jqzou/dla_finder/prediction/model/train_lowsnr/train_lowsnr/current_99999.ckpt
2024-01-18 17:01:28.325592: I tensorflow/compiler/jit/xla_gpu_device.cc:99] Not creating XLA devices, tf_xla_enable_xla_devices not set
INFO:tensorflow:Restoring parameters from /global/cfs/cdirs/desi/users/jqzou/dla_finder/prediction/model/train_lowsnr/train_lowsnr/current_99999.ckpt
INFO:tensorflow:Restoring parameters from /global/cfs/cdirs/desi/users/jqzou/dla_finder/prediction/model/train_midsnr/train_midsnr/current_99999.ckpt
2024-01-18 17:01:28.616569: I tensorflow/compiler/jit/xla_gpu_device.cc:99] Not creating XLA devices, tf_xla_enable_xla_devices not set
2024-01-18 17:01:28.658570: I tensorflow/compiler/jit/xla_gpu_device.cc:99] Not creating XLA devices, tf_xla_enable_xla_devices not set
2024-01-18 17:01:28.668242: I tensorflow/compiler/jit/xla_gpu_device.cc:99] Not creating XLA devices, tf_xla_enable_xla_devices not set
INFO:tensorflow:Restoring parameters from /global/cfs/cdirs/desi/users/jqzou/dla_finder/prediction/model/train_lowsnr/train_lowsnr/current_99999.ckpt
2024-01-18 17:01:28.726640: I tensorflow/compiler/jit/xla_gpu_device.cc:99] Not creating XLA devices, tf_xla_enable_xla_devices not set
INFO:tensorflow:Restoring parameters from /global/cfs/cdirs/desi/users/jqzou/dla_finder/prediction/model/train_midsnr/train_midsnr/current_99999.ckpt
INFO:tensorflow:Restoring parameters from /global/cfs/cdirs/desi/users/jqzou/dla_finder/prediction/model/train_lowsnr/train_lowsnr/current_99999.ckpt
INFO:tensorflow:Restoring parameters from /global/cfs/cdirs/desi/users/jqzou/dla_finder/prediction/model/train_midsnr/train_midsnr/current_99999.ckpt
2024-01-18 17:01:29.157525: I tensorflow/compiler/jit/xla_gpu_device.cc:99] Not creating XLA devices, tf_xla_enable_xla_devices not set
 34%|█████████████████████████████████████████                                                                                 | 102/303 [00:08<00:18, 11.15it/s]INFO:tensorflow:Restoring parameters from /global/cfs/cdirs/desi/users/jqzou/dla_finder/prediction/model/train_lowsnr/train_lowsnr/current_99999.ckpt
2024-01-18 17:01:29.421511: I tensorflow/compiler/jit/xla_gpu_device.cc:99] Not creating XLA devices, tf_xla_enable_xla_devices not set
INFO:tensorflow:Restoring parameters from /global/cfs/cdirs/desi/users/jqzou/dla_finder/prediction/model/train_midsnr/train_midsnr/current_99999.ckpt
2024-01-18 17:01:29.564037: I tensorflow/compiler/jit/xla_gpu_device.cc:99] Not creating XLA devices, tf_xla_enable_xla_devices not set
INFO:tensorflow:Restoring parameters from /global/cfs/cdirs/desi/users/jqzou/dla_finder/prediction/model/train_lowsnr/train_lowsnr/current_99999.ckpt
2024-01-18 17:01:29.803674: I tensorflow/compiler/jit/xla_gpu_device.cc:99] Not creating XLA devices, tf_xla_enable_xla_devices not set
 35%|██████████████████████████████████████████▎                                                                               | 105/303 [00:09<00:19, 10.09it/s]INFO:tensorflow:Restoring parameters from /global/cfs/cdirs/desi/users/jqzou/dla_finder/prediction/model/train_lowsnr/train_lowsnr/current_99999.ckpt
2024-01-18 17:01:29.918878: I tensorflow/compiler/jit/xla_gpu_device.cc:99] Not creating XLA devices, tf_xla_enable_xla_devices not set
2024-01-18 17:01:29.944362: I tensorflow/compiler/jit/xla_gpu_device.cc:99] Not creating XLA devices, tf_xla_enable_xla_devices not set
INFO:tensorflow:Restoring parameters from /global/cfs/cdirs/desi/users/jqzou/dla_finder/prediction/model/train_midsnr/train_midsnr/current_99999.ckpt
INFO:tensorflow:Restoring parameters from /global/cfs/cdirs/desi/users/jqzou/dla_finder/prediction/model/train_midsnr/train_midsnr/current_99999.ckpt
 36%|███████████████████████████████████████████▍                                                                              | 108/303 [00:09<00:19, 10.17it/s] 37%|████████████████████████████████████████████▋                                                                             | 111/303 [00:09<00:18, 10.11it/s]2024-01-18 17:01:30.512875: I tensorflow/compiler/jit/xla_gpu_device.cc:99] Not creating XLA devices, tf_xla_enable_xla_devices not set
2024-01-18 17:01:30.513895: I tensorflow/compiler/jit/xla_gpu_device.cc:99] Not creating XLA devices, tf_xla_enable_xla_devices not set
INFO:tensorflow:Restoring parameters from /global/cfs/cdirs/desi/users/jqzou/dla_finder/prediction/model/train_lowsnr/train_lowsnr/current_99999.ckpt
INFO:tensorflow:Restoring parameters from /global/cfs/cdirs/desi/users/jqzou/dla_finder/prediction/model/train_midsnr/train_midsnr/current_99999.ckpt
2024-01-18 17:01:30.618386: I tensorflow/compiler/jit/xla_gpu_device.cc:99] Not creating XLA devices, tf_xla_enable_xla_devices not set
2024-01-18 17:01:30.625646: I tensorflow/compiler/jit/xla_gpu_device.cc:99] Not creating XLA devices, tf_xla_enable_xla_devices not set
2024-01-18 17:01:30.636181: I tensorflow/compiler/jit/xla_gpu_device.cc:99] Not creating XLA devices, tf_xla_enable_xla_devices not set
2024-01-18 17:01:30.641654: I tensorflow/compiler/jit/xla_gpu_device.cc:99] Not creating XLA devices, tf_xla_enable_xla_devices not set
INFO:tensorflow:Restoring parameters from /global/cfs/cdirs/desi/users/jqzou/dla_finder/prediction/model/train_midsnr/train_midsnr/current_99999.ckpt
INFO:tensorflow:Restoring parameters from /global/cfs/cdirs/desi/users/jqzou/dla_finder/prediction/model/train_lowsnr/train_lowsnr/current_99999.ckpt
INFO:tensorflow:Restoring parameters from /global/cfs/cdirs/desi/users/jqzou/dla_finder/prediction/model/train_lowsnr/train_lowsnr/current_99999.ckpt
INFO:tensorflow:Restoring parameters from /global/cfs/cdirs/desi/users/jqzou/dla_finder/prediction/model/train_lowsnr/train_lowsnr/current_99999.ckpt
 40%|████████████████████████████████████████████████▎                                                                         | 120/303 [00:10<00:14, 12.47it/s]2024-01-18 17:01:30.928057: I tensorflow/compiler/jit/xla_gpu_device.cc:99] Not creating XLA devices, tf_xla_enable_xla_devices not set
INFO:tensorflow:Restoring parameters from /global/cfs/cdirs/desi/users/jqzou/dla_finder/prediction/model/train_midsnr/train_midsnr/current_99999.ckpt
 41%|█████████████████████████████████████████████████▌                                                                        | 123/303 [00:10<00:17, 10.40it/s]2024-01-18 17:01:31.479483: I tensorflow/compiler/jit/xla_gpu_device.cc:99] Not creating XLA devices, tf_xla_enable_xla_devices not set
2024-01-18 17:01:31.483246: I tensorflow/compiler/jit/xla_gpu_device.cc:99] Not creating XLA devices, tf_xla_enable_xla_devices not set
INFO:tensorflow:Restoring parameters from /global/cfs/cdirs/desi/users/jqzou/dla_finder/prediction/model/train_midsnr/train_midsnr/current_99999.ckpt
INFO:tensorflow:Restoring parameters from /global/cfs/cdirs/desi/users/jqzou/dla_finder/prediction/model/train_lowsnr/train_lowsnr/current_99999.ckpt
2024-01-18 17:01:31.572491: I tensorflow/compiler/jit/xla_gpu_device.cc:99] Not creating XLA devices, tf_xla_enable_xla_devices not set
2024-01-18 17:01:31.593100: I tensorflow/compiler/jit/xla_gpu_device.cc:99] Not creating XLA devices, tf_xla_enable_xla_devices not set
INFO:tensorflow:Restoring parameters from /global/cfs/cdirs/desi/users/jqzou/dla_finder/prediction/model/train_lowsnr/train_lowsnr/current_99999.ckpt
INFO:tensorflow:Restoring parameters from /global/cfs/cdirs/desi/users/jqzou/dla_finder/prediction/model/train_lowsnr/train_lowsnr/current_99999.ckpt
2024-01-18 17:01:32.029299: I tensorflow/compiler/jit/xla_gpu_device.cc:99] Not creating XLA devices, tf_xla_enable_xla_devices not set
2024-01-18 17:01:32.076279: I tensorflow/compiler/jit/xla_gpu_device.cc:99] Not creating XLA devices, tf_xla_enable_xla_devices not set
 44%|█████████████████████████████████████████████████████▏                                                                    | 132/303 [00:11<00:15, 11.28it/s]INFO:tensorflow:Restoring parameters from /global/cfs/cdirs/desi/users/jqzou/dla_finder/prediction/model/train_lowsnr/train_lowsnr/current_99999.ckpt
INFO:tensorflow:Restoring parameters from /global/cfs/cdirs/desi/users/jqzou/dla_finder/prediction/model/train_lowsnr/train_lowsnr/current_99999.ckpt
2024-01-18 17:01:32.285833: I tensorflow/compiler/jit/xla_gpu_device.cc:99] Not creating XLA devices, tf_xla_enable_xla_devices not set
 45%|██████████████████████████████████████████████████████▎                                                                   | 135/303 [00:11<00:14, 11.76it/s]2024-01-18 17:01:32.306646: I tensorflow/compiler/jit/xla_gpu_device.cc:99] Not creating XLA devices, tf_xla_enable_xla_devices not set
2024-01-18 17:01:32.320787: I tensorflow/compiler/jit/xla_gpu_device.cc:99] Not creating XLA devices, tf_xla_enable_xla_devices not set
INFO:tensorflow:Restoring parameters from /global/cfs/cdirs/desi/users/jqzou/dla_finder/prediction/model/train_lowsnr/train_lowsnr/current_99999.ckpt
INFO:tensorflow:Restoring parameters from /global/cfs/cdirs/desi/users/jqzou/dla_finder/prediction/model/train_midsnr/train_midsnr/current_99999.ckpt
2024-01-18 17:01:32.377805: I tensorflow/compiler/jit/xla_gpu_device.cc:99] Not creating XLA devices, tf_xla_enable_xla_devices not set
INFO:tensorflow:Restoring parameters from /global/cfs/cdirs/desi/users/jqzou/dla_finder/prediction/model/train_lowsnr/train_lowsnr/current_99999.ckpt
INFO:tensorflow:Restoring parameters from /global/cfs/cdirs/desi/users/jqzou/dla_finder/prediction/model/train_lowsnr/train_lowsnr/current_99999.ckpt
2024-01-18 17:01:32.495007: I tensorflow/compiler/jit/xla_gpu_device.cc:99] Not creating XLA devices, tf_xla_enable_xla_devices not set
INFO:tensorflow:Restoring parameters from /global/cfs/cdirs/desi/users/jqzou/dla_finder/prediction/model/train_lowsnr/train_lowsnr/current_99999.ckpt
2024-01-18 17:01:32.588748: I tensorflow/compiler/jit/xla_gpu_device.cc:99] Not creating XLA devices, tf_xla_enable_xla_devices not set
INFO:tensorflow:Restoring parameters from /global/cfs/cdirs/desi/users/jqzou/dla_finder/prediction/model/train_lowsnr/train_lowsnr/current_99999.ckpt
2024-01-18 17:01:32.671014: I tensorflow/compiler/jit/xla_gpu_device.cc:99] Not creating XLA devices, tf_xla_enable_xla_devices not set
2024-01-18 17:01:32.716181: I tensorflow/compiler/jit/xla_gpu_device.cc:99] Not creating XLA devices, tf_xla_enable_xla_devices not set
INFO:tensorflow:Restoring parameters from /global/cfs/cdirs/desi/users/jqzou/dla_finder/prediction/model/train_lowsnr/train_lowsnr/current_99999.ckpt
2024-01-18 17:01:32.768481: I tensorflow/compiler/jit/xla_gpu_device.cc:99] Not creating XLA devices, tf_xla_enable_xla_devices not set
INFO:tensorflow:Restoring parameters from /global/cfs/cdirs/desi/users/jqzou/dla_finder/prediction/model/train_lowsnr/train_lowsnr/current_99999.ckpt
2024-01-18 17:01:32.838749: I tensorflow/compiler/jit/xla_gpu_device.cc:99] Not creating XLA devices, tf_xla_enable_xla_devices not set
 46%|███████████████████████████████████████████████████████▌                                                                  | 138/303 [00:12<00:16,  9.80it/s]2024-01-18 17:01:32.843905: I tensorflow/compiler/jit/xla_gpu_device.cc:99] Not creating XLA devices, tf_xla_enable_xla_devices not set
INFO:tensorflow:Restoring parameters from /global/cfs/cdirs/desi/users/jqzou/dla_finder/prediction/model/train_lowsnr/train_lowsnr/current_99999.ckpt
2024-01-18 17:01:32.885167: I tensorflow/compiler/jit/xla_gpu_device.cc:99] Not creating XLA devices, tf_xla_enable_xla_devices not set
INFO:tensorflow:Restoring parameters from /global/cfs/cdirs/desi/users/jqzou/dla_finder/prediction/model/train_lowsnr/train_lowsnr/current_99999.ckpt
INFO:tensorflow:Restoring parameters from /global/cfs/cdirs/desi/users/jqzou/dla_finder/prediction/model/train_lowsnr/train_lowsnr/current_99999.ckpt
 47%|████████████████████████████████████████████████████████▊                                                                 | 141/303 [00:12<00:14, 11.29it/s]INFO:tensorflow:Restoring parameters from /global/cfs/cdirs/desi/users/jqzou/dla_finder/prediction/model/train_lowsnr/train_lowsnr/current_99999.ckpt
2024-01-18 17:01:33.022872: I tensorflow/compiler/jit/xla_gpu_device.cc:99] Not creating XLA devices, tf_xla_enable_xla_devices not set
2024-01-18 17:01:33.024653: I tensorflow/compiler/jit/xla_gpu_device.cc:99] Not creating XLA devices, tf_xla_enable_xla_devices not set
INFO:tensorflow:Restoring parameters from /global/cfs/cdirs/desi/users/jqzou/dla_finder/prediction/model/train_lowsnr/train_lowsnr/current_99999.ckpt
INFO:tensorflow:Restoring parameters from /global/cfs/cdirs/desi/users/jqzou/dla_finder/prediction/model/train_lowsnr/train_lowsnr/current_99999.ckpt
 48%|█████████████████████████████████████████████████████████▉                                                                | 144/303 [00:12<00:12, 12.31it/s]2024-01-18 17:01:33.470209: I tensorflow/compiler/jit/xla_gpu_device.cc:99] Not creating XLA devices, tf_xla_enable_xla_devices not set
2024-01-18 17:01:33.497787: I tensorflow/compiler/jit/xla_gpu_device.cc:99] Not creating XLA devices, tf_xla_enable_xla_devices not set
INFO:tensorflow:Restoring parameters from /global/cfs/cdirs/desi/users/jqzou/dla_finder/prediction/model/train_midsnr/train_midsnr/current_99999.ckpt
INFO:tensorflow:Restoring parameters from /global/cfs/cdirs/desi/users/jqzou/dla_finder/prediction/model/train_lowsnr/train_lowsnr/current_99999.ckpt
2024-01-18 17:01:33.767591: I tensorflow/compiler/jit/xla_gpu_device.cc:99] Not creating XLA devices, tf_xla_enable_xla_devices not set
INFO:tensorflow:Restoring parameters from /global/cfs/cdirs/desi/users/jqzou/dla_finder/prediction/model/train_lowsnr/train_lowsnr/current_99999.ckpt
2024-01-18 17:01:34.026252: I tensorflow/compiler/jit/xla_gpu_device.cc:99] Not creating XLA devices, tf_xla_enable_xla_devices not set
INFO:tensorflow:Restoring parameters from /global/cfs/cdirs/desi/users/jqzou/dla_finder/prediction/model/train_lowsnr/train_lowsnr/current_99999.ckpt
 49%|███████████████████████████████████████████████████████████▏                                                              | 147/303 [00:13<00:23,  6.69it/s]2024-01-18 17:01:34.224630: I tensorflow/compiler/jit/xla_gpu_device.cc:99] Not creating XLA devices, tf_xla_enable_xla_devices not set
2024-01-18 17:01:34.281108: I tensorflow/compiler/jit/xla_gpu_device.cc:99] Not creating XLA devices, tf_xla_enable_xla_devices not set
INFO:tensorflow:Restoring parameters from /global/cfs/cdirs/desi/users/jqzou/dla_finder/prediction/model/train_lowsnr/train_lowsnr/current_99999.ckpt
INFO:tensorflow:Restoring parameters from /global/cfs/cdirs/desi/users/jqzou/dla_finder/prediction/model/train_lowsnr/train_lowsnr/current_99999.ckpt
 50%|████████████████████████████████████████████████████████████▍                                                             | 150/303 [00:13<00:18,  8.08it/s]2024-01-18 17:01:34.431702: I tensorflow/compiler/jit/xla_gpu_device.cc:99] Not creating XLA devices, tf_xla_enable_xla_devices not set
 50%|█████████████████████████████████████████████████████████████▌                                                            | 153/303 [00:13<00:14, 10.04it/s]INFO:tensorflow:Restoring parameters from /global/cfs/cdirs/desi/users/jqzou/dla_finder/prediction/model/train_lowsnr/train_lowsnr/current_99999.ckpt
2024-01-18 17:01:34.537309: I tensorflow/compiler/jit/xla_gpu_device.cc:99] Not creating XLA devices, tf_xla_enable_xla_devices not set
 51%|██████████████████████████████████████████████████████████████▊                                                           | 156/303 [00:13<00:12, 12.16it/s]INFO:tensorflow:Restoring parameters from /global/cfs/cdirs/desi/users/jqzou/dla_finder/prediction/model/train_lowsnr/train_lowsnr/current_99999.ckpt
2024-01-18 17:01:34.626540: I tensorflow/compiler/jit/xla_gpu_device.cc:99] Not creating XLA devices, tf_xla_enable_xla_devices not set
INFO:tensorflow:Restoring parameters from /global/cfs/cdirs/desi/users/jqzou/dla_finder/prediction/model/train_lowsnr/train_lowsnr/current_99999.ckpt
2024-01-18 17:01:34.752381: I tensorflow/compiler/jit/xla_gpu_device.cc:99] Not creating XLA devices, tf_xla_enable_xla_devices not set
 53%|█████████████████████████████████████████████████████████████████▏                                                        | 162/303 [00:13<00:09, 15.45it/s]INFO:tensorflow:Restoring parameters from /global/cfs/cdirs/desi/users/jqzou/dla_finder/prediction/model/train_lowsnr/train_lowsnr/current_99999.ckpt
2024-01-18 17:01:35.059947: I tensorflow/compiler/jit/xla_gpu_device.cc:99] Not creating XLA devices, tf_xla_enable_xla_devices not set
INFO:tensorflow:Restoring parameters from /global/cfs/cdirs/desi/users/jqzou/dla_finder/prediction/model/train_lowsnr/train_lowsnr/current_99999.ckpt
 54%|██████████████████████████████████████████████████████████████████▍                                                       | 165/303 [00:14<00:12, 10.67it/s]2024-01-18 17:01:35.487964: I tensorflow/compiler/jit/xla_gpu_device.cc:99] Not creating XLA devices, tf_xla_enable_xla_devices not set
2024-01-18 17:01:35.505345: I tensorflow/compiler/jit/xla_gpu_device.cc:99] Not creating XLA devices, tf_xla_enable_xla_devices not set
INFO:tensorflow:Restoring parameters from /global/cfs/cdirs/desi/users/jqzou/dla_finder/prediction/model/train_lowsnr/train_lowsnr/current_99999.ckpt
INFO:tensorflow:Restoring parameters from /global/cfs/cdirs/desi/users/jqzou/dla_finder/prediction/model/train_midsnr/train_midsnr/current_99999.ckpt
2024-01-18 17:01:35.647670: I tensorflow/compiler/jit/xla_gpu_device.cc:99] Not creating XLA devices, tf_xla_enable_xla_devices not set
INFO:tensorflow:Restoring parameters from /global/cfs/cdirs/desi/users/jqzou/dla_finder/prediction/model/train_midsnr/train_midsnr/current_99999.ckpt
2024-01-18 17:01:35.835474: I tensorflow/compiler/jit/xla_gpu_device.cc:99] Not creating XLA devices, tf_xla_enable_xla_devices not set
 55%|███████████████████████████████████████████████████████████████████▋                                                      | 168/303 [00:15<00:14,  9.06it/s]2024-01-18 17:01:35.860078: I tensorflow/compiler/jit/xla_gpu_device.cc:99] Not creating XLA devices, tf_xla_enable_xla_devices not set
INFO:tensorflow:Restoring parameters from /global/cfs/cdirs/desi/users/jqzou/dla_finder/prediction/model/train_lowsnr/train_lowsnr/current_99999.ckpt
INFO:tensorflow:Restoring parameters from /global/cfs/cdirs/desi/users/jqzou/dla_finder/prediction/model/train_lowsnr/train_lowsnr/current_99999.ckpt
2024-01-18 17:01:36.050690: I tensorflow/compiler/jit/xla_gpu_device.cc:99] Not creating XLA devices, tf_xla_enable_xla_devices not set
INFO:tensorflow:Restoring parameters from /global/cfs/cdirs/desi/users/jqzou/dla_finder/prediction/model/train_lowsnr/train_lowsnr/current_99999.ckpt
 56%|████████████████████████████████████████████████████████████████████▊                                                     | 171/303 [00:15<00:17,  7.45it/s]2024-01-18 17:01:36.568983: I tensorflow/compiler/jit/xla_gpu_device.cc:99] Not creating XLA devices, tf_xla_enable_xla_devices not set
 57%|██████████████████████████████████████████████████████████████████████                                                    | 174/303 [00:15<00:14,  9.00it/s]INFO:tensorflow:Restoring parameters from /global/cfs/cdirs/desi/users/jqzou/dla_finder/prediction/model/train_midsnr/train_midsnr/current_99999.ckpt
2024-01-18 17:01:36.697156: I tensorflow/compiler/jit/xla_gpu_device.cc:99] Not creating XLA devices, tf_xla_enable_xla_devices not set
 58%|███████████████████████████████████████████████████████████████████████▎                                                  | 177/303 [00:15<00:11, 11.05it/s]INFO:tensorflow:Restoring parameters from /global/cfs/cdirs/desi/users/jqzou/dla_finder/prediction/model/train_midsnr/train_midsnr/current_99999.ckpt
2024-01-18 17:01:36.771086: I tensorflow/compiler/jit/xla_gpu_device.cc:99] Not creating XLA devices, tf_xla_enable_xla_devices not set
2024-01-18 17:01:36.803369: I tensorflow/compiler/jit/xla_gpu_device.cc:99] Not creating XLA devices, tf_xla_enable_xla_devices not set
INFO:tensorflow:Restoring parameters from /global/cfs/cdirs/desi/users/jqzou/dla_finder/prediction/model/train_lowsnr/train_lowsnr/current_99999.ckpt
INFO:tensorflow:Restoring parameters from /global/cfs/cdirs/desi/users/jqzou/dla_finder/prediction/model/train_lowsnr/train_lowsnr/current_99999.ckpt
2024-01-18 17:01:36.884525: I tensorflow/compiler/jit/xla_gpu_device.cc:99] Not creating XLA devices, tf_xla_enable_xla_devices not set
2024-01-18 17:01:36.920531: I tensorflow/compiler/jit/xla_gpu_device.cc:99] Not creating XLA devices, tf_xla_enable_xla_devices not set
2024-01-18 17:01:36.932816: I tensorflow/compiler/jit/xla_gpu_device.cc:99] Not creating XLA devices, tf_xla_enable_xla_devices not set
INFO:tensorflow:Restoring parameters from /global/cfs/cdirs/desi/users/jqzou/dla_finder/prediction/model/train_midsnr/train_midsnr/current_99999.ckpt
INFO:tensorflow:Restoring parameters from /global/cfs/cdirs/desi/users/jqzou/dla_finder/prediction/model/train_midsnr/train_midsnr/current_99999.ckpt
2024-01-18 17:01:36.996387: I tensorflow/compiler/jit/xla_gpu_device.cc:99] Not creating XLA devices, tf_xla_enable_xla_devices not set
INFO:tensorflow:Restoring parameters from /global/cfs/cdirs/desi/users/jqzou/dla_finder/prediction/model/train_midsnr/train_midsnr/current_99999.ckpt
INFO:tensorflow:Restoring parameters from /global/cfs/cdirs/desi/users/jqzou/dla_finder/prediction/model/train_midsnr/train_midsnr/current_99999.ckpt
2024-01-18 17:01:37.086914: I tensorflow/compiler/jit/xla_gpu_device.cc:99] Not creating XLA devices, tf_xla_enable_xla_devices not set
2024-01-18 17:01:37.107021: I tensorflow/compiler/jit/xla_gpu_device.cc:99] Not creating XLA devices, tf_xla_enable_xla_devices not set
INFO:tensorflow:Restoring parameters from /global/cfs/cdirs/desi/users/jqzou/dla_finder/prediction/model/train_lowsnr/train_lowsnr/current_99999.ckpt
 59%|████████████████████████████████████████████████████████████████████████▍                                                 | 180/303 [00:16<00:13,  9.32it/s]INFO:tensorflow:Restoring parameters from /global/cfs/cdirs/desi/users/jqzou/dla_finder/prediction/model/train_lowsnr/train_lowsnr/current_99999.ckpt
2024-01-18 17:01:37.191445: I tensorflow/compiler/jit/xla_gpu_device.cc:99] Not creating XLA devices, tf_xla_enable_xla_devices not set
2024-01-18 17:01:37.191487: I tensorflow/compiler/jit/xla_gpu_device.cc:99] Not creating XLA devices, tf_xla_enable_xla_devices not set
2024-01-18 17:01:37.231900: I tensorflow/compiler/jit/xla_gpu_device.cc:99] Not creating XLA devices, tf_xla_enable_xla_devices not set
INFO:tensorflow:Restoring parameters from /global/cfs/cdirs/desi/users/jqzou/dla_finder/prediction/model/train_lowsnr/train_lowsnr/current_99999.ckpt
INFO:tensorflow:Restoring parameters from /global/cfs/cdirs/desi/users/jqzou/dla_finder/prediction/model/train_lowsnr/train_lowsnr/current_99999.ckpt
INFO:tensorflow:Restoring parameters from /global/cfs/cdirs/desi/users/jqzou/dla_finder/prediction/model/train_lowsnr/train_lowsnr/current_99999.ckpt
2024-01-18 17:01:37.568096: I tensorflow/compiler/jit/xla_gpu_device.cc:99] Not creating XLA devices, tf_xla_enable_xla_devices not set
2024-01-18 17:01:37.609139: I tensorflow/compiler/jit/xla_gpu_device.cc:99] Not creating XLA devices, tf_xla_enable_xla_devices not set
INFO:tensorflow:Restoring parameters from /global/cfs/cdirs/desi/users/jqzou/dla_finder/prediction/model/train_midsnr/train_midsnr/current_99999.ckpt
INFO:tensorflow:Restoring parameters from /global/cfs/cdirs/desi/users/jqzou/dla_finder/prediction/model/train_midsnr/train_midsnr/current_99999.ckpt
 60%|█████████████████████████████████████████████████████████████████████████▋                                                | 183/303 [00:16<00:16,  7.49it/s]2024-01-18 17:01:37.855295: I tensorflow/compiler/jit/xla_gpu_device.cc:99] Not creating XLA devices, tf_xla_enable_xla_devices not set
INFO:tensorflow:Restoring parameters from /global/cfs/cdirs/desi/users/jqzou/dla_finder/prediction/model/train_lowsnr/train_lowsnr/current_99999.ckpt
2024-01-18 17:01:37.956383: I tensorflow/compiler/jit/xla_gpu_device.cc:99] Not creating XLA devices, tf_xla_enable_xla_devices not set
INFO:tensorflow:Restoring parameters from /global/cfs/cdirs/desi/users/jqzou/dla_finder/prediction/model/train_lowsnr/train_lowsnr/current_99999.ckpt
2024-01-18 17:01:38.293049: I tensorflow/compiler/jit/xla_gpu_device.cc:99] Not creating XLA devices, tf_xla_enable_xla_devices not set
INFO:tensorflow:Restoring parameters from /global/cfs/cdirs/desi/users/jqzou/dla_finder/prediction/model/train_lowsnr/train_lowsnr/current_99999.ckpt
2024-01-18 17:01:38.399415: I tensorflow/compiler/jit/xla_gpu_device.cc:99] Not creating XLA devices, tf_xla_enable_xla_devices not set
INFO:tensorflow:Restoring parameters from /global/cfs/cdirs/desi/users/jqzou/dla_finder/prediction/model/train_lowsnr/train_lowsnr/current_99999.ckpt
2024-01-18 17:01:38.728345: I tensorflow/compiler/jit/xla_gpu_device.cc:99] Not creating XLA devices, tf_xla_enable_xla_devices not set
2024-01-18 17:01:38.749139: I tensorflow/compiler/jit/xla_gpu_device.cc:99] Not creating XLA devices, tf_xla_enable_xla_devices not set
INFO:tensorflow:Restoring parameters from /global/cfs/cdirs/desi/users/jqzou/dla_finder/prediction/model/train_lowsnr/train_lowsnr/current_99999.ckpt
2024-01-18 17:01:38.831498: I tensorflow/compiler/jit/xla_gpu_device.cc:99] Not creating XLA devices, tf_xla_enable_xla_devices not set
INFO:tensorflow:Restoring parameters from /global/cfs/cdirs/desi/users/jqzou/dla_finder/prediction/model/train_midsnr/train_midsnr/current_99999.ckpt
INFO:tensorflow:Restoring parameters from /global/cfs/cdirs/desi/users/jqzou/dla_finder/prediction/model/train_lowsnr/train_lowsnr/current_99999.ckpt
2024-01-18 17:01:39.089441: I tensorflow/compiler/jit/xla_gpu_device.cc:99] Not creating XLA devices, tf_xla_enable_xla_devices not set
INFO:tensorflow:Restoring parameters from /global/cfs/cdirs/desi/users/jqzou/dla_finder/prediction/model/train_lowsnr/train_lowsnr/current_99999.ckpt
 61%|██████████████████████████████████████████████████████████████████████████▉                                               | 186/303 [00:18<00:29,  3.96it/s]2024-01-18 17:01:39.478023: I tensorflow/compiler/jit/xla_gpu_device.cc:99] Not creating XLA devices, tf_xla_enable_xla_devices not set
2024-01-18 17:01:39.514053: I tensorflow/compiler/jit/xla_gpu_device.cc:99] Not creating XLA devices, tf_xla_enable_xla_devices not set
2024-01-18 17:01:39.514181: I tensorflow/compiler/jit/xla_gpu_device.cc:99] Not creating XLA devices, tf_xla_enable_xla_devices not set
2024-01-18 17:01:39.529671: I tensorflow/compiler/jit/xla_gpu_device.cc:99] Not creating XLA devices, tf_xla_enable_xla_devices not set
INFO:tensorflow:Restoring parameters from /global/cfs/cdirs/desi/users/jqzou/dla_finder/prediction/model/train_lowsnr/train_lowsnr/current_99999.ckpt
INFO:tensorflow:Restoring parameters from /global/cfs/cdirs/desi/users/jqzou/dla_finder/prediction/model/train_lowsnr/train_lowsnr/current_99999.ckpt
INFO:tensorflow:Restoring parameters from /global/cfs/cdirs/desi/users/jqzou/dla_finder/prediction/model/train_lowsnr/train_lowsnr/current_99999.ckpt
2024-01-18 17:01:39.597207: I tensorflow/compiler/jit/xla_gpu_device.cc:99] Not creating XLA devices, tf_xla_enable_xla_devices not set
INFO:tensorflow:Restoring parameters from /global/cfs/cdirs/desi/users/jqzou/dla_finder/prediction/model/train_lowsnr/train_lowsnr/current_99999.ckpt
 62%|████████████████████████████████████████████████████████████████████████████                                              | 189/303 [00:18<00:23,  4.89it/s]INFO:tensorflow:Restoring parameters from /global/cfs/cdirs/desi/users/jqzou/dla_finder/prediction/model/train_midsnr/train_midsnr/current_99999.ckpt
2024-01-18 17:01:39.708476: I tensorflow/compiler/jit/xla_gpu_device.cc:99] Not creating XLA devices, tf_xla_enable_xla_devices not set
2024-01-18 17:01:39.798748: I tensorflow/compiler/jit/xla_gpu_device.cc:99] Not creating XLA devices, tf_xla_enable_xla_devices not set
INFO:tensorflow:Restoring parameters from /global/cfs/cdirs/desi/users/jqzou/dla_finder/prediction/model/train_lowsnr/train_lowsnr/current_99999.ckpt
INFO:tensorflow:Restoring parameters from /global/cfs/cdirs/desi/users/jqzou/dla_finder/prediction/model/train_lowsnr/train_lowsnr/current_99999.ckpt
2024-01-18 17:01:39.975334: I tensorflow/compiler/jit/xla_gpu_device.cc:99] Not creating XLA devices, tf_xla_enable_xla_devices not set
2024-01-18 17:01:40.031002: I tensorflow/compiler/jit/xla_gpu_device.cc:99] Not creating XLA devices, tf_xla_enable_xla_devices not set
INFO:tensorflow:Restoring parameters from /global/cfs/cdirs/desi/users/jqzou/dla_finder/prediction/model/train_midsnr/train_midsnr/current_99999.ckpt
INFO:tensorflow:Restoring parameters from /global/cfs/cdirs/desi/users/jqzou/dla_finder/prediction/model/train_midsnr/train_midsnr/current_99999.ckpt
2024-01-18 17:01:40.296667: I tensorflow/compiler/jit/xla_gpu_device.cc:99] Not creating XLA devices, tf_xla_enable_xla_devices not set
2024-01-18 17:01:40.358909: I tensorflow/compiler/jit/xla_gpu_device.cc:99] Not creating XLA devices, tf_xla_enable_xla_devices not set
INFO:tensorflow:Restoring parameters from /global/cfs/cdirs/desi/users/jqzou/dla_finder/prediction/model/train_lowsnr/train_lowsnr/current_99999.ckpt
INFO:tensorflow:Restoring parameters from /global/cfs/cdirs/desi/users/jqzou/dla_finder/prediction/model/train_lowsnr/train_lowsnr/current_99999.ckpt
2024-01-18 17:01:40.571307: I tensorflow/compiler/jit/xla_gpu_device.cc:99] Not creating XLA devices, tf_xla_enable_xla_devices not set
INFO:tensorflow:Restoring parameters from /global/cfs/cdirs/desi/users/jqzou/dla_finder/prediction/model/train_lowsnr/train_lowsnr/current_99999.ckpt
2024-01-18 17:01:40.655269: I tensorflow/compiler/jit/xla_gpu_device.cc:99] Not creating XLA devices, tf_xla_enable_xla_devices not set
INFO:tensorflow:Restoring parameters from /global/cfs/cdirs/desi/users/jqzou/dla_finder/prediction/model/train_midsnr/train_midsnr/current_99999.ckpt
2024-01-18 17:01:40.875887: I tensorflow/compiler/jit/xla_gpu_device.cc:99] Not creating XLA devices, tf_xla_enable_xla_devices not set
2024-01-18 17:01:40.935146: I tensorflow/compiler/jit/xla_gpu_device.cc:99] Not creating XLA devices, tf_xla_enable_xla_devices not set
2024-01-18 17:01:40.952610: I tensorflow/compiler/jit/xla_gpu_device.cc:99] Not creating XLA devices, tf_xla_enable_xla_devices not set
INFO:tensorflow:Restoring parameters from /global/cfs/cdirs/desi/users/jqzou/dla_finder/prediction/model/train_lowsnr/train_lowsnr/current_99999.ckpt
INFO:tensorflow:Restoring parameters from /global/cfs/cdirs/desi/users/jqzou/dla_finder/prediction/model/train_midsnr/train_midsnr/current_99999.ckpt
INFO:tensorflow:Restoring parameters from /global/cfs/cdirs/desi/users/jqzou/dla_finder/prediction/model/train_midsnr/train_midsnr/current_99999.ckpt
 63%|█████████████████████████████████████████████████████████████████████████████▎                                            | 192/303 [00:20<00:32,  3.37it/s]2024-01-18 17:01:41.336026: I tensorflow/compiler/jit/xla_gpu_device.cc:99] Not creating XLA devices, tf_xla_enable_xla_devices not set
2024-01-18 17:01:41.378196: I tensorflow/compiler/jit/xla_gpu_device.cc:99] Not creating XLA devices, tf_xla_enable_xla_devices not set
INFO:tensorflow:Restoring parameters from /global/cfs/cdirs/desi/users/jqzou/dla_finder/prediction/model/train_lowsnr/train_lowsnr/current_99999.ckpt
2024-01-18 17:01:41.435874: I tensorflow/compiler/jit/xla_gpu_device.cc:99] Not creating XLA devices, tf_xla_enable_xla_devices not set
INFO:tensorflow:Restoring parameters from /global/cfs/cdirs/desi/users/jqzou/dla_finder/prediction/model/train_lowsnr/train_lowsnr/current_99999.ckpt
INFO:tensorflow:Restoring parameters from /global/cfs/cdirs/desi/users/jqzou/dla_finder/prediction/model/train_lowsnr/train_lowsnr/current_99999.ckpt
2024-01-18 17:01:41.646961: I tensorflow/compiler/jit/xla_gpu_device.cc:99] Not creating XLA devices, tf_xla_enable_xla_devices not set
INFO:tensorflow:Restoring parameters from /global/cfs/cdirs/desi/users/jqzou/dla_finder/prediction/model/train_lowsnr/train_lowsnr/current_99999.ckpt
2024-01-18 17:01:41.816731: I tensorflow/compiler/jit/xla_gpu_device.cc:99] Not creating XLA devices, tf_xla_enable_xla_devices not set
INFO:tensorflow:Restoring parameters from /global/cfs/cdirs/desi/users/jqzou/dla_finder/prediction/model/train_lowsnr/train_lowsnr/current_99999.ckpt
2024-01-18 17:01:41.953271: I tensorflow/compiler/jit/xla_gpu_device.cc:99] Not creating XLA devices, tf_xla_enable_xla_devices not set
INFO:tensorflow:Restoring parameters from /global/cfs/cdirs/desi/users/jqzou/dla_finder/prediction/model/train_lowsnr/train_lowsnr/current_99999.ckpt
2024-01-18 17:01:42.086441: I tensorflow/compiler/jit/xla_gpu_device.cc:99] Not creating XLA devices, tf_xla_enable_xla_devices not set
 64%|██████████████████████████████████████████████████████████████████████████████▌                                           | 195/303 [00:21<00:32,  3.32it/s]2024-01-18 17:01:42.136701: I tensorflow/compiler/jit/xla_gpu_device.cc:99] Not creating XLA devices, tf_xla_enable_xla_devices not set
INFO:tensorflow:Restoring parameters from /global/cfs/cdirs/desi/users/jqzou/dla_finder/prediction/model/train_lowsnr/train_lowsnr/current_99999.ckpt
2024-01-18 17:01:42.181884: I tensorflow/compiler/jit/xla_gpu_device.cc:99] Not creating XLA devices, tf_xla_enable_xla_devices not set
INFO:tensorflow:Restoring parameters from /global/cfs/cdirs/desi/users/jqzou/dla_finder/prediction/model/train_lowsnr/train_lowsnr/current_99999.ckpt
INFO:tensorflow:Restoring parameters from /global/cfs/cdirs/desi/users/jqzou/dla_finder/prediction/model/train_midsnr/train_midsnr/current_99999.ckpt
2024-01-18 17:01:42.328071: I tensorflow/compiler/jit/xla_gpu_device.cc:99] Not creating XLA devices, tf_xla_enable_xla_devices not set
INFO:tensorflow:Restoring parameters from /global/cfs/cdirs/desi/users/jqzou/dla_finder/prediction/model/train_lowsnr/train_lowsnr/current_99999.ckpt
2024-01-18 17:01:42.459195: I tensorflow/compiler/jit/xla_gpu_device.cc:99] Not creating XLA devices, tf_xla_enable_xla_devices not set
INFO:tensorflow:Restoring parameters from /global/cfs/cdirs/desi/users/jqzou/dla_finder/prediction/model/train_lowsnr/train_lowsnr/current_99999.ckpt
2024-01-18 17:01:42.614504: I tensorflow/compiler/jit/xla_gpu_device.cc:99] Not creating XLA devices, tf_xla_enable_xla_devices not set
INFO:tensorflow:Restoring parameters from /global/cfs/cdirs/desi/users/jqzou/dla_finder/prediction/model/train_midsnr/train_midsnr/current_99999.ckpt
2024-01-18 17:01:42.764950: I tensorflow/compiler/jit/xla_gpu_device.cc:99] Not creating XLA devices, tf_xla_enable_xla_devices not set
2024-01-18 17:01:42.768247: I tensorflow/compiler/jit/xla_gpu_device.cc:99] Not creating XLA devices, tf_xla_enable_xla_devices not set
INFO:tensorflow:Restoring parameters from /global/cfs/cdirs/desi/users/jqzou/dla_finder/prediction/model/train_lowsnr/train_lowsnr/current_99999.ckpt
INFO:tensorflow:Restoring parameters from /global/cfs/cdirs/desi/users/jqzou/dla_finder/prediction/model/train_lowsnr/train_lowsnr/current_99999.ckpt
2024-01-18 17:01:43.028721: I tensorflow/compiler/jit/xla_gpu_device.cc:99] Not creating XLA devices, tf_xla_enable_xla_devices not set
INFO:tensorflow:Restoring parameters from /global/cfs/cdirs/desi/users/jqzou/dla_finder/prediction/model/train_midsnr/train_midsnr/current_99999.ckpt
2024-01-18 17:01:43.149797: I tensorflow/compiler/jit/xla_gpu_device.cc:99] Not creating XLA devices, tf_xla_enable_xla_devices not set
2024-01-18 17:01:43.177364: I tensorflow/compiler/jit/xla_gpu_device.cc:99] Not creating XLA devices, tf_xla_enable_xla_devices not set
INFO:tensorflow:Restoring parameters from /global/cfs/cdirs/desi/users/jqzou/dla_finder/prediction/model/train_lowsnr/train_lowsnr/current_99999.ckpt
INFO:tensorflow:Restoring parameters from /global/cfs/cdirs/desi/users/jqzou/dla_finder/prediction/model/train_lowsnr/train_lowsnr/current_99999.ckpt
 65%|███████████████████████████████████████████████████████████████████████████████▋                                          | 198/303 [00:22<00:36,  2.87it/s] 68%|███████████████████████████████████████████████████████████████████████████████████▎                                      | 207/303 [00:22<00:15,  6.21it/s]2024-01-18 17:01:44.005510: I tensorflow/compiler/jit/xla_gpu_device.cc:99] Not creating XLA devices, tf_xla_enable_xla_devices not set
 69%|████████████████████████████████████████████████████████████████████████████████████▌                                     | 210/303 [00:23<00:14,  6.49it/s]INFO:tensorflow:Restoring parameters from /global/cfs/cdirs/desi/users/jqzou/dla_finder/prediction/model/train_lowsnr/train_lowsnr/current_99999.ckpt
 74%|██████████████████████████████████████████████████████████████████████████████████████████▌                               | 225/303 [00:23<00:05, 13.43it/s]2024-01-18 17:01:44.466179: I tensorflow/compiler/jit/xla_gpu_device.cc:99] Not creating XLA devices, tf_xla_enable_xla_devices not set
2024-01-18 17:01:44.475382: I tensorflow/compiler/jit/xla_gpu_device.cc:99] Not creating XLA devices, tf_xla_enable_xla_devices not set
INFO:tensorflow:Restoring parameters from /global/cfs/cdirs/desi/users/jqzou/dla_finder/prediction/model/train_lowsnr/train_lowsnr/current_99999.ckpt
INFO:tensorflow:Restoring parameters from /global/cfs/cdirs/desi/users/jqzou/dla_finder/prediction/model/train_midsnr/train_midsnr/current_99999.ckpt
2024-01-18 17:01:44.533089: I tensorflow/compiler/jit/xla_gpu_device.cc:99] Not creating XLA devices, tf_xla_enable_xla_devices not set
2024-01-18 17:01:44.556301: I tensorflow/compiler/jit/xla_gpu_device.cc:99] Not creating XLA devices, tf_xla_enable_xla_devices not set
INFO:tensorflow:Restoring parameters from /global/cfs/cdirs/desi/users/jqzou/dla_finder/prediction/model/train_lowsnr/train_lowsnr/current_99999.ckpt
2024-01-18 17:01:44.584994: I tensorflow/compiler/jit/xla_gpu_device.cc:99] Not creating XLA devices, tf_xla_enable_xla_devices not set
INFO:tensorflow:Restoring parameters from /global/cfs/cdirs/desi/users/jqzou/dla_finder/prediction/model/train_midsnr/train_midsnr/current_99999.ckpt
2024-01-18 17:01:44.640749: I tensorflow/compiler/jit/xla_gpu_device.cc:99] Not creating XLA devices, tf_xla_enable_xla_devices not set
INFO:tensorflow:Restoring parameters from /global/cfs/cdirs/desi/users/jqzou/dla_finder/prediction/model/train_lowsnr/train_lowsnr/current_99999.ckpt
2024-01-18 17:01:44.679279: I tensorflow/compiler/jit/xla_gpu_device.cc:99] Not creating XLA devices, tf_xla_enable_xla_devices not set
INFO:tensorflow:Restoring parameters from /global/cfs/cdirs/desi/users/jqzou/dla_finder/prediction/model/train_midsnr/train_midsnr/current_99999.ckpt
INFO:tensorflow:Restoring parameters from /global/cfs/cdirs/desi/users/jqzou/dla_finder/prediction/model/train_lowsnr/train_lowsnr/current_99999.ckpt
2024-01-18 17:01:44.844296: I tensorflow/compiler/jit/xla_gpu_device.cc:99] Not creating XLA devices, tf_xla_enable_xla_devices not set
2024-01-18 17:01:44.844537: I tensorflow/compiler/jit/xla_gpu_device.cc:99] Not creating XLA devices, tf_xla_enable_xla_devices not set
2024-01-18 17:01:44.909207: I tensorflow/compiler/jit/xla_gpu_device.cc:99] Not creating XLA devices, tf_xla_enable_xla_devices not set
INFO:tensorflow:Restoring parameters from /global/cfs/cdirs/desi/users/jqzou/dla_finder/prediction/model/train_midsnr/train_midsnr/current_99999.ckpt
INFO:tensorflow:Restoring parameters from /global/cfs/cdirs/desi/users/jqzou/dla_finder/prediction/model/train_midsnr/train_midsnr/current_99999.ckpt
 75%|███████████████████████████████████████████████████████████████████████████████████████████▊                              | 228/303 [00:24<00:06, 10.74it/s]2024-01-18 17:01:44.964917: I tensorflow/compiler/jit/xla_gpu_device.cc:99] Not creating XLA devices, tf_xla_enable_xla_devices not set
INFO:tensorflow:Restoring parameters from /global/cfs/cdirs/desi/users/jqzou/dla_finder/prediction/model/train_lowsnr/train_lowsnr/current_99999.ckpt
INFO:tensorflow:Restoring parameters from /global/cfs/cdirs/desi/users/jqzou/dla_finder/prediction/model/train_midsnr/train_midsnr/current_99999.ckpt
2024-01-18 17:01:45.109671: I tensorflow/compiler/jit/xla_gpu_device.cc:99] Not creating XLA devices, tf_xla_enable_xla_devices not set
2024-01-18 17:01:45.162761: I tensorflow/compiler/jit/xla_gpu_device.cc:99] Not creating XLA devices, tf_xla_enable_xla_devices not set
INFO:tensorflow:Restoring parameters from /global/cfs/cdirs/desi/users/jqzou/dla_finder/prediction/model/train_lowsnr/train_lowsnr/current_99999.ckpt
INFO:tensorflow:Restoring parameters from /global/cfs/cdirs/desi/users/jqzou/dla_finder/prediction/model/train_lowsnr/train_lowsnr/current_99999.ckpt
2024-01-18 17:01:45.276445: I tensorflow/compiler/jit/xla_gpu_device.cc:99] Not creating XLA devices, tf_xla_enable_xla_devices not set
2024-01-18 17:01:45.301225: I tensorflow/compiler/jit/xla_gpu_device.cc:99] Not creating XLA devices, tf_xla_enable_xla_devices not set
 76%|█████████████████████████████████████████████████████████████████████████████████████████████                             | 231/303 [00:24<00:07, 10.20it/s]INFO:tensorflow:Restoring parameters from /global/cfs/cdirs/desi/users/jqzou/dla_finder/prediction/model/train_lowsnr/train_lowsnr/current_99999.ckpt
INFO:tensorflow:Restoring parameters from /global/cfs/cdirs/desi/users/jqzou/dla_finder/prediction/model/train_lowsnr/train_lowsnr/current_99999.ckpt
2024-01-18 17:01:45.432589: I tensorflow/compiler/jit/xla_gpu_device.cc:99] Not creating XLA devices, tf_xla_enable_xla_devices not set
2024-01-18 17:01:45.487461: I tensorflow/compiler/jit/xla_gpu_device.cc:99] Not creating XLA devices, tf_xla_enable_xla_devices not set
INFO:tensorflow:Restoring parameters from /global/cfs/cdirs/desi/users/jqzou/dla_finder/prediction/model/train_lowsnr/train_lowsnr/current_99999.ckpt
2024-01-18 17:01:45.539772: I tensorflow/compiler/jit/xla_gpu_device.cc:99] Not creating XLA devices, tf_xla_enable_xla_devices not set
INFO:tensorflow:Restoring parameters from /global/cfs/cdirs/desi/users/jqzou/dla_finder/prediction/model/train_lowsnr/train_lowsnr/current_99999.ckpt
2024-01-18 17:01:45.598492: I tensorflow/compiler/jit/xla_gpu_device.cc:99] Not creating XLA devices, tf_xla_enable_xla_devices not set
INFO:tensorflow:Restoring parameters from /global/cfs/cdirs/desi/users/jqzou/dla_finder/prediction/model/train_lowsnr/train_lowsnr/current_99999.ckpt
INFO:tensorflow:Restoring parameters from /global/cfs/cdirs/desi/users/jqzou/dla_finder/prediction/model/train_lowsnr/train_lowsnr/current_99999.ckpt
 78%|███████████████████████████████████████████████████████████████████████████████████████████████▍                          | 237/303 [00:24<00:05, 11.22it/s] 79%|████████████████████████████████████████████████████████████████████████████████████████████████▋                         | 240/303 [00:25<00:05, 11.41it/s]2024-01-18 17:01:46.049464: I tensorflow/compiler/jit/xla_gpu_device.cc:99] Not creating XLA devices, tf_xla_enable_xla_devices not set
INFO:tensorflow:Restoring parameters from /global/cfs/cdirs/desi/users/jqzou/dla_finder/prediction/model/train_lowsnr/train_lowsnr/current_99999.ckpt
2024-01-18 17:01:46.204214: I tensorflow/compiler/jit/xla_gpu_device.cc:99] Not creating XLA devices, tf_xla_enable_xla_devices not set
INFO:tensorflow:Restoring parameters from /global/cfs/cdirs/desi/users/jqzou/dla_finder/prediction/model/train_lowsnr/train_lowsnr/current_99999.ckpt
2024-01-18 17:01:46.490315: I tensorflow/compiler/jit/xla_gpu_device.cc:99] Not creating XLA devices, tf_xla_enable_xla_devices not set
2024-01-18 17:01:46.569733: I tensorflow/compiler/jit/xla_gpu_device.cc:99] Not creating XLA devices, tf_xla_enable_xla_devices not set
INFO:tensorflow:Restoring parameters from /global/cfs/cdirs/desi/users/jqzou/dla_finder/prediction/model/train_midsnr/train_midsnr/current_99999.ckpt
 80%|█████████████████████████████████████████████████████████████████████████████████████████████████▊                        | 243/303 [00:25<00:06,  8.75it/s]INFO:tensorflow:Restoring parameters from /global/cfs/cdirs/desi/users/jqzou/dla_finder/prediction/model/train_lowsnr/train_lowsnr/current_99999.ckpt
2024-01-18 17:01:46.767400: I tensorflow/compiler/jit/xla_gpu_device.cc:99] Not creating XLA devices, tf_xla_enable_xla_devices not set
INFO:tensorflow:Restoring parameters from /global/cfs/cdirs/desi/users/jqzou/dla_finder/prediction/model/train_lowsnr/train_lowsnr/current_99999.ckpt
2024-01-18 17:01:47.011802: I tensorflow/compiler/jit/xla_gpu_device.cc:99] Not creating XLA devices, tf_xla_enable_xla_devices not set
INFO:tensorflow:Restoring parameters from /global/cfs/cdirs/desi/users/jqzou/dla_finder/prediction/model/train_lowsnr/train_lowsnr/current_99999.ckpt
 81%|███████████████████████████████████████████████████████████████████████████████████████████████████                       | 246/303 [00:26<00:07,  7.88it/s]2024-01-18 17:01:47.132144: I tensorflow/compiler/jit/xla_gpu_device.cc:99] Not creating XLA devices, tf_xla_enable_xla_devices not set
INFO:tensorflow:Restoring parameters from /global/cfs/cdirs/desi/users/jqzou/dla_finder/prediction/model/train_lowsnr/train_lowsnr/current_99999.ckpt
 84%|██████████████████████████████████████████████████████████████████████████████████████████████████████▋                   | 255/303 [00:26<00:03, 13.48it/s]2024-01-18 17:01:47.436688: I tensorflow/compiler/jit/xla_gpu_device.cc:99] Not creating XLA devices, tf_xla_enable_xla_devices not set
2024-01-18 17:01:47.463224: I tensorflow/compiler/jit/xla_gpu_device.cc:99] Not creating XLA devices, tf_xla_enable_xla_devices not set
INFO:tensorflow:Restoring parameters from /global/cfs/cdirs/desi/users/jqzou/dla_finder/prediction/model/train_lowsnr/train_lowsnr/current_99999.ckpt
INFO:tensorflow:Restoring parameters from /global/cfs/cdirs/desi/users/jqzou/dla_finder/prediction/model/train_lowsnr/train_lowsnr/current_99999.ckpt
2024-01-18 17:01:47.542361: I tensorflow/compiler/jit/xla_gpu_device.cc:99] Not creating XLA devices, tf_xla_enable_xla_devices not set
INFO:tensorflow:Restoring parameters from /global/cfs/cdirs/desi/users/jqzou/dla_finder/prediction/model/train_lowsnr/train_lowsnr/current_99999.ckpt
 85%|███████████████████████████████████████████████████████████████████████████████████████████████████████▉                  | 258/303 [00:26<00:03, 11.50it/s]2024-01-18 17:01:47.976955: I tensorflow/compiler/jit/xla_gpu_device.cc:99] Not creating XLA devices, tf_xla_enable_xla_devices not set
INFO:tensorflow:Restoring parameters from /global/cfs/cdirs/desi/users/jqzou/dla_finder/prediction/model/train_lowsnr/train_lowsnr/current_99999.ckpt
 86%|█████████████████████████████████████████████████████████████████████████████████████████████████████████                 | 261/303 [00:27<00:03, 10.60it/s]2024-01-18 17:01:48.110136: I tensorflow/compiler/jit/xla_gpu_device.cc:99] Not creating XLA devices, tf_xla_enable_xla_devices not set
2024-01-18 17:01:48.149996: I tensorflow/compiler/jit/xla_gpu_device.cc:99] Not creating XLA devices, tf_xla_enable_xla_devices not set
INFO:tensorflow:Restoring parameters from /global/cfs/cdirs/desi/users/jqzou/dla_finder/prediction/model/train_lowsnr/train_lowsnr/current_99999.ckpt
INFO:tensorflow:Restoring parameters from /global/cfs/cdirs/desi/users/jqzou/dla_finder/prediction/model/train_lowsnr/train_lowsnr/current_99999.ckpt
2024-01-18 17:01:48.410216: I tensorflow/compiler/jit/xla_gpu_device.cc:99] Not creating XLA devices, tf_xla_enable_xla_devices not set
 87%|██████████████████████████████████████████████████████████████████████████████████████████████████████████▎               | 264/303 [00:27<00:03, 10.02it/s]INFO:tensorflow:Restoring parameters from /global/cfs/cdirs/desi/users/jqzou/dla_finder/prediction/model/train_lowsnr/train_lowsnr/current_99999.ckpt
2024-01-18 17:01:48.662781: I tensorflow/compiler/jit/xla_gpu_device.cc:99] Not creating XLA devices, tf_xla_enable_xla_devices not set
2024-01-18 17:01:48.717435: I tensorflow/compiler/jit/xla_gpu_device.cc:99] Not creating XLA devices, tf_xla_enable_xla_devices not set
2024-01-18 17:01:48.734272: I tensorflow/compiler/jit/xla_gpu_device.cc:99] Not creating XLA devices, tf_xla_enable_xla_devices not set
INFO:tensorflow:Restoring parameters from /global/cfs/cdirs/desi/users/jqzou/dla_finder/prediction/model/train_midsnr/train_midsnr/current_99999.ckpt
INFO:tensorflow:Restoring parameters from /global/cfs/cdirs/desi/users/jqzou/dla_finder/prediction/model/train_midsnr/train_midsnr/current_99999.ckpt
INFO:tensorflow:Restoring parameters from /global/cfs/cdirs/desi/users/jqzou/dla_finder/prediction/model/train_lowsnr/train_lowsnr/current_99999.ckpt
2024-01-18 17:01:48.902236: I tensorflow/compiler/jit/xla_gpu_device.cc:99] Not creating XLA devices, tf_xla_enable_xla_devices not set
INFO:tensorflow:Restoring parameters from /global/cfs/cdirs/desi/users/jqzou/dla_finder/prediction/model/train_lowsnr/train_lowsnr/current_99999.ckpt
 88%|███████████████████████████████████████████████████████████████████████████████████████████████████████████▌              | 267/303 [00:28<00:04,  8.03it/s]2024-01-18 17:01:49.099685: I tensorflow/compiler/jit/xla_gpu_device.cc:99] Not creating XLA devices, tf_xla_enable_xla_devices not set
INFO:tensorflow:Restoring parameters from /global/cfs/cdirs/desi/users/jqzou/dla_finder/prediction/model/train_midsnr/train_midsnr/current_99999.ckpt
 89%|████████████████████████████████████████████████████████████████████████████████████████████████████████████▋             | 270/303 [00:28<00:03,  8.45it/s]2024-01-18 17:01:49.386487: I tensorflow/compiler/jit/xla_gpu_device.cc:99] Not creating XLA devices, tf_xla_enable_xla_devices not set
INFO:tensorflow:Restoring parameters from /global/cfs/cdirs/desi/users/jqzou/dla_finder/prediction/model/train_lowsnr/train_lowsnr/current_99999.ckpt
2024-01-18 17:01:49.493698: I tensorflow/compiler/jit/xla_gpu_device.cc:99] Not creating XLA devices, tf_xla_enable_xla_devices not set
INFO:tensorflow:Restoring parameters from /global/cfs/cdirs/desi/users/jqzou/dla_finder/prediction/model/train_lowsnr/train_lowsnr/current_99999.ckpt
2024-01-18 17:01:49.739910: I tensorflow/compiler/jit/xla_gpu_device.cc:99] Not creating XLA devices, tf_xla_enable_xla_devices not set
INFO:tensorflow:Restoring parameters from /global/cfs/cdirs/desi/users/jqzou/dla_finder/prediction/model/train_lowsnr/train_lowsnr/current_99999.ckpt
2024-01-18 17:01:49.829234: I tensorflow/compiler/jit/xla_gpu_device.cc:99] Not creating XLA devices, tf_xla_enable_xla_devices not set
INFO:tensorflow:Restoring parameters from /global/cfs/cdirs/desi/users/jqzou/dla_finder/prediction/model/train_lowsnr/train_lowsnr/current_99999.ckpt
2024-01-18 17:01:49.946406: I tensorflow/compiler/jit/xla_gpu_device.cc:99] Not creating XLA devices, tf_xla_enable_xla_devices not set
2024-01-18 17:01:49.990557: I tensorflow/compiler/jit/xla_gpu_device.cc:99] Not creating XLA devices, tf_xla_enable_xla_devices not set
INFO:tensorflow:Restoring parameters from /global/cfs/cdirs/desi/users/jqzou/dla_finder/prediction/model/train_lowsnr/train_lowsnr/current_99999.ckpt
2024-01-18 17:01:50.060632: I tensorflow/compiler/jit/xla_gpu_device.cc:99] Not creating XLA devices, tf_xla_enable_xla_devices not set
2024-01-18 17:01:50.060676: I tensorflow/compiler/jit/xla_gpu_device.cc:99] Not creating XLA devices, tf_xla_enable_xla_devices not set
INFO:tensorflow:Restoring parameters from /global/cfs/cdirs/desi/users/jqzou/dla_finder/prediction/model/train_lowsnr/train_lowsnr/current_99999.ckpt
INFO:tensorflow:Restoring parameters from /global/cfs/cdirs/desi/users/jqzou/dla_finder/prediction/model/train_lowsnr/train_lowsnr/current_99999.ckpt
INFO:tensorflow:Restoring parameters from /global/cfs/cdirs/desi/users/jqzou/dla_finder/prediction/model/train_lowsnr/train_lowsnr/current_99999.ckpt
2024-01-18 17:01:50.195764: I tensorflow/compiler/jit/xla_gpu_device.cc:99] Not creating XLA devices, tf_xla_enable_xla_devices not set
INFO:tensorflow:Restoring parameters from /global/cfs/cdirs/desi/users/jqzou/dla_finder/prediction/model/train_lowsnr/train_lowsnr/current_99999.ckpt
2024-01-18 17:01:50.353928: I tensorflow/compiler/jit/xla_gpu_device.cc:99] Not creating XLA devices, tf_xla_enable_xla_devices not set
2024-01-18 17:01:50.388472: I tensorflow/compiler/jit/xla_gpu_device.cc:99] Not creating XLA devices, tf_xla_enable_xla_devices not set
INFO:tensorflow:Restoring parameters from /global/cfs/cdirs/desi/users/jqzou/dla_finder/prediction/model/train_midsnr/train_midsnr/current_99999.ckpt
INFO:tensorflow:Restoring parameters from /global/cfs/cdirs/desi/users/jqzou/dla_finder/prediction/model/train_midsnr/train_midsnr/current_99999.ckpt
2024-01-18 17:01:50.947190: I tensorflow/compiler/jit/xla_gpu_device.cc:99] Not creating XLA devices, tf_xla_enable_xla_devices not set
INFO:tensorflow:Restoring parameters from /global/cfs/cdirs/desi/users/jqzou/dla_finder/prediction/model/train_lowsnr/train_lowsnr/current_99999.ckpt
2024-01-18 17:01:51.081185: I tensorflow/compiler/jit/xla_gpu_device.cc:99] Not creating XLA devices, tf_xla_enable_xla_devices not set
2024-01-18 17:01:51.082062: I tensorflow/compiler/jit/xla_gpu_device.cc:99] Not creating XLA devices, tf_xla_enable_xla_devices not set
2024-01-18 17:01:51.087068: I tensorflow/compiler/jit/xla_gpu_device.cc:99] Not creating XLA devices, tf_xla_enable_xla_devices not set
2024-01-18 17:01:51.129178: I tensorflow/compiler/jit/xla_gpu_device.cc:99] Not creating XLA devices, tf_xla_enable_xla_devices not set
2024-01-18 17:01:51.138450: I tensorflow/compiler/jit/xla_gpu_device.cc:99] Not creating XLA devices, tf_xla_enable_xla_devices not set
INFO:tensorflow:Restoring parameters from /global/cfs/cdirs/desi/users/jqzou/dla_finder/prediction/model/train_lowsnr/train_lowsnr/current_99999.ckpt
INFO:tensorflow:Restoring parameters from /global/cfs/cdirs/desi/users/jqzou/dla_finder/prediction/model/train_lowsnr/train_lowsnr/current_99999.ckpt
INFO:tensorflow:Restoring parameters from /global/cfs/cdirs/desi/users/jqzou/dla_finder/prediction/model/train_lowsnr/train_lowsnr/current_99999.ckpt
 90%|█████████████████████████████████████████████████████████████████████████████████████████████████████████████▉            | 273/303 [00:30<00:07,  3.96it/s]INFO:tensorflow:Restoring parameters from /global/cfs/cdirs/desi/users/jqzou/dla_finder/prediction/model/train_lowsnr/train_lowsnr/current_99999.ckpt
2024-01-18 17:01:51.202416: I tensorflow/compiler/jit/xla_gpu_device.cc:99] Not creating XLA devices, tf_xla_enable_xla_devices not set
INFO:tensorflow:Restoring parameters from /global/cfs/cdirs/desi/users/jqzou/dla_finder/prediction/model/train_midsnr/train_midsnr/current_99999.ckpt
2024-01-18 17:01:51.268465: I tensorflow/compiler/jit/xla_gpu_device.cc:99] Not creating XLA devices, tf_xla_enable_xla_devices not set
INFO:tensorflow:Restoring parameters from /global/cfs/cdirs/desi/users/jqzou/dla_finder/prediction/model/train_lowsnr/train_lowsnr/current_99999.ckpt
INFO:tensorflow:Restoring parameters from /global/cfs/cdirs/desi/users/jqzou/dla_finder/prediction/model/train_lowsnr/train_lowsnr/current_99999.ckpt
2024-01-18 17:01:51.438592: I tensorflow/compiler/jit/xla_gpu_device.cc:99] Not creating XLA devices, tf_xla_enable_xla_devices not set
2024-01-18 17:01:51.501105: I tensorflow/compiler/jit/xla_gpu_device.cc:99] Not creating XLA devices, tf_xla_enable_xla_devices not set
INFO:tensorflow:Restoring parameters from /global/cfs/cdirs/desi/users/jqzou/dla_finder/prediction/model/train_lowsnr/train_lowsnr/current_99999.ckpt
2024-01-18 17:01:51.519063: I tensorflow/compiler/jit/xla_gpu_device.cc:99] Not creating XLA devices, tf_xla_enable_xla_devices not set
INFO:tensorflow:Restoring parameters from /global/cfs/cdirs/desi/users/jqzou/dla_finder/prediction/model/train_lowsnr/train_lowsnr/current_99999.ckpt
INFO:tensorflow:Restoring parameters from /global/cfs/cdirs/desi/users/jqzou/dla_finder/prediction/model/train_lowsnr/train_lowsnr/current_99999.ckpt
2024-01-18 17:01:51.737025: I tensorflow/compiler/jit/xla_gpu_device.cc:99] Not creating XLA devices, tf_xla_enable_xla_devices not set
INFO:tensorflow:Restoring parameters from /global/cfs/cdirs/desi/users/jqzou/dla_finder/prediction/model/train_lowsnr/train_lowsnr/current_99999.ckpt
2024-01-18 17:01:51.814901: I tensorflow/compiler/jit/xla_gpu_device.cc:99] Not creating XLA devices, tf_xla_enable_xla_devices not set
INFO:tensorflow:Restoring parameters from /global/cfs/cdirs/desi/users/jqzou/dla_finder/prediction/model/train_lowsnr/train_lowsnr/current_99999.ckpt
2024-01-18 17:01:51.923303: I tensorflow/compiler/jit/xla_gpu_device.cc:99] Not creating XLA devices, tf_xla_enable_xla_devices not set
INFO:tensorflow:Restoring parameters from /global/cfs/cdirs/desi/users/jqzou/dla_finder/prediction/model/train_lowsnr/train_lowsnr/current_99999.ckpt
2024-01-18 17:01:52.025957: I tensorflow/compiler/jit/xla_gpu_device.cc:99] Not creating XLA devices, tf_xla_enable_xla_devices not set
2024-01-18 17:01:52.076413: I tensorflow/compiler/jit/xla_gpu_device.cc:99] Not creating XLA devices, tf_xla_enable_xla_devices not set
2024-01-18 17:01:52.106525: I tensorflow/compiler/jit/xla_gpu_device.cc:99] Not creating XLA devices, tf_xla_enable_xla_devices not set
INFO:tensorflow:Restoring parameters from /global/cfs/cdirs/desi/users/jqzou/dla_finder/prediction/model/train_lowsnr/train_lowsnr/current_99999.ckpt
INFO:tensorflow:Restoring parameters from /global/cfs/cdirs/desi/users/jqzou/dla_finder/prediction/model/train_lowsnr/train_lowsnr/current_99999.ckpt
INFO:tensorflow:Restoring parameters from /global/cfs/cdirs/desi/users/jqzou/dla_finder/prediction/model/train_midsnr/train_midsnr/current_99999.ckpt
2024-01-18 17:01:52.391041: I tensorflow/compiler/jit/xla_gpu_device.cc:99] Not creating XLA devices, tf_xla_enable_xla_devices not set
INFO:tensorflow:Restoring parameters from /global/cfs/cdirs/desi/users/jqzou/dla_finder/prediction/model/train_lowsnr/train_lowsnr/current_99999.ckpt
2024-01-18 17:01:52.686942: I tensorflow/compiler/jit/xla_gpu_device.cc:99] Not creating XLA devices, tf_xla_enable_xla_devices not set
 91%|███████████████████████████████████████████████████████████████████████████████████████████████████████████████▏          | 276/303 [00:31<00:08,  3.04it/s]INFO:tensorflow:Restoring parameters from /global/cfs/cdirs/desi/users/jqzou/dla_finder/prediction/model/train_lowsnr/train_lowsnr/current_99999.ckpt
2024-01-18 17:01:53.216179: I tensorflow/compiler/jit/xla_gpu_device.cc:99] Not creating XLA devices, tf_xla_enable_xla_devices not set
INFO:tensorflow:Restoring parameters from /global/cfs/cdirs/desi/users/jqzou/dla_finder/prediction/model/train_lowsnr/train_lowsnr/current_99999.ckpt
 92%|████████████████████████████████████████████████████████████████████████████████████████████████████████████████▎         | 279/303 [00:32<00:07,  3.40it/s]2024-01-18 17:01:53.390095: I tensorflow/compiler/jit/xla_gpu_device.cc:99] Not creating XLA devices, tf_xla_enable_xla_devices not set
INFO:tensorflow:Restoring parameters from /global/cfs/cdirs/desi/users/jqzou/dla_finder/prediction/model/train_midsnr/train_midsnr/current_99999.ckpt
2024-01-18 17:01:53.476088: I tensorflow/compiler/jit/xla_gpu_device.cc:99] Not creating XLA devices, tf_xla_enable_xla_devices not set
 93%|█████████████████████████████████████████████████████████████████████████████████████████████████████████████████▌        | 282/303 [00:32<00:04,  4.55it/s]2024-01-18 17:01:53.543149: I tensorflow/compiler/jit/xla_gpu_device.cc:99] Not creating XLA devices, tf_xla_enable_xla_devices not set
INFO:tensorflow:Restoring parameters from /global/cfs/cdirs/desi/users/jqzou/dla_finder/prediction/model/train_midsnr/train_midsnr/current_99999.ckpt
2024-01-18 17:01:53.595135: I tensorflow/compiler/jit/xla_gpu_device.cc:99] Not creating XLA devices, tf_xla_enable_xla_devices not set
INFO:tensorflow:Restoring parameters from /global/cfs/cdirs/desi/users/jqzou/dla_finder/prediction/model/train_lowsnr/train_lowsnr/current_99999.ckpt
 94%|██████████████████████████████████████████████████████████████████████████████████████████████████████████████████▊       | 285/303 [00:32<00:03,  5.87it/s]INFO:tensorflow:Restoring parameters from /global/cfs/cdirs/desi/users/jqzou/dla_finder/prediction/model/train_lowsnr/train_lowsnr/current_99999.ckpt
2024-01-18 17:01:53.734742: I tensorflow/compiler/jit/xla_gpu_device.cc:99] Not creating XLA devices, tf_xla_enable_xla_devices not set
INFO:tensorflow:Restoring parameters from /global/cfs/cdirs/desi/users/jqzou/dla_finder/prediction/model/train_midsnr/train_midsnr/current_99999.ckpt
 95%|███████████████████████████████████████████████████████████████████████████████████████████████████████████████████▉      | 288/303 [00:33<00:02,  6.57it/s] 97%|██████████████████████████████████████████████████████████████████████████████████████████████████████████████████████▍   | 294/303 [00:33<00:00,  9.34it/s]2024-01-18 17:01:54.327977: I tensorflow/compiler/jit/xla_gpu_device.cc:99] Not creating XLA devices, tf_xla_enable_xla_devices not set
INFO:tensorflow:Restoring parameters from /global/cfs/cdirs/desi/users/jqzou/dla_finder/prediction/model/train_lowsnr/train_lowsnr/current_99999.ckpt
2024-01-18 17:01:54.468548: I tensorflow/compiler/jit/xla_gpu_device.cc:99] Not creating XLA devices, tf_xla_enable_xla_devices not set
2024-01-18 17:01:54.474752: I tensorflow/compiler/jit/xla_gpu_device.cc:99] Not creating XLA devices, tf_xla_enable_xla_devices not set
2024-01-18 17:01:54.505411: I tensorflow/compiler/jit/xla_gpu_device.cc:99] Not creating XLA devices, tf_xla_enable_xla_devices not set
INFO:tensorflow:Restoring parameters from /global/cfs/cdirs/desi/users/jqzou/dla_finder/prediction/model/train_midsnr/train_midsnr/current_99999.ckpt
INFO:tensorflow:Restoring parameters from /global/cfs/cdirs/desi/users/jqzou/dla_finder/prediction/model/train_midsnr/train_midsnr/current_99999.ckpt
2024-01-18 17:01:54.565703: I tensorflow/compiler/jit/xla_gpu_device.cc:99] Not creating XLA devices, tf_xla_enable_xla_devices not set
2024-01-18 17:01:54.571670: I tensorflow/compiler/jit/xla_gpu_device.cc:99] Not creating XLA devices, tf_xla_enable_xla_devices not set
2024-01-18 17:01:54.579051: I tensorflow/compiler/jit/xla_gpu_device.cc:99] Not creating XLA devices, tf_xla_enable_xla_devices not set
INFO:tensorflow:Restoring parameters from /global/cfs/cdirs/desi/users/jqzou/dla_finder/prediction/model/train_midsnr/train_midsnr/current_99999.ckpt
INFO:tensorflow:Restoring parameters from /global/cfs/cdirs/desi/users/jqzou/dla_finder/prediction/model/train_lowsnr/train_lowsnr/current_99999.ckpt
INFO:tensorflow:Restoring parameters from /global/cfs/cdirs/desi/users/jqzou/dla_finder/prediction/model/train_midsnr/train_midsnr/current_99999.ckpt
2024-01-18 17:01:54.638592: I tensorflow/compiler/jit/xla_gpu_device.cc:99] Not creating XLA devices, tf_xla_enable_xla_devices not set
INFO:tensorflow:Restoring parameters from /global/cfs/cdirs/desi/users/jqzou/dla_finder/prediction/model/train_lowsnr/train_lowsnr/current_99999.ckpt
INFO:tensorflow:Restoring parameters from /global/cfs/cdirs/desi/users/jqzou/dla_finder/prediction/model/train_lowsnr/train_lowsnr/current_99999.ckpt
2024-01-18 17:01:54.847104: I tensorflow/compiler/jit/xla_gpu_device.cc:99] Not creating XLA devices, tf_xla_enable_xla_devices not set
 98%|███████████████████████████████████████████████████████████████████████████████████████████████████████████████████████▌  | 297/303 [00:34<00:00,  7.70it/s]2024-01-18 17:01:54.894540: I tensorflow/compiler/jit/xla_gpu_device.cc:99] Not creating XLA devices, tf_xla_enable_xla_devices not set
INFO:tensorflow:Restoring parameters from /global/cfs/cdirs/desi/users/jqzou/dla_finder/prediction/model/train_lowsnr/train_lowsnr/current_99999.ckpt
INFO:tensorflow:Restoring parameters from /global/cfs/cdirs/desi/users/jqzou/dla_finder/prediction/model/train_lowsnr/train_lowsnr/current_99999.ckpt
 99%|████████████████████████████████████████████████████████████████████████████████████████████████████████████████████████▊ | 300/303 [00:34<00:00,  9.12it/s]2024-01-18 17:01:55.060418: I tensorflow/compiler/jit/xla_gpu_device.cc:99] Not creating XLA devices, tf_xla_enable_xla_devices not set
2024-01-18 17:01:55.090160: I tensorflow/compiler/jit/xla_gpu_device.cc:99] Not creating XLA devices, tf_xla_enable_xla_devices not set
INFO:tensorflow:Restoring parameters from /global/cfs/cdirs/desi/users/jqzou/dla_finder/prediction/model/train_lowsnr/train_lowsnr/current_99999.ckpt
2024-01-18 17:01:55.149049: I tensorflow/compiler/jit/xla_gpu_device.cc:99] Not creating XLA devices, tf_xla_enable_xla_devices not set
INFO:tensorflow:Restoring parameters from /global/cfs/cdirs/desi/users/jqzou/dla_finder/prediction/model/train_lowsnr/train_lowsnr/current_99999.ckpt
2024-01-18 17:01:55.188987: I tensorflow/compiler/jit/xla_gpu_device.cc:99] Not creating XLA devices, tf_xla_enable_xla_devices not set
INFO:tensorflow:Restoring parameters from /global/cfs/cdirs/desi/users/jqzou/dla_finder/prediction/model/train_lowsnr/train_lowsnr/current_99999.ckpt
INFO:tensorflow:Restoring parameters from /global/cfs/cdirs/desi/users/jqzou/dla_finder/prediction/model/train_lowsnr/train_lowsnr/current_99999.ckpt
2024-01-18 17:01:55.349834: I tensorflow/compiler/jit/xla_gpu_device.cc:99] Not creating XLA devices, tf_xla_enable_xla_devices not set
INFO:tensorflow:Restoring parameters from /global/cfs/cdirs/desi/users/jqzou/dla_finder/prediction/model/train_midsnr/train_midsnr/current_99999.ckpt
2024-01-18 17:01:55.582714: I tensorflow/compiler/jit/xla_gpu_device.cc:99] Not creating XLA devices, tf_xla_enable_xla_devices not set
INFO:tensorflow:Restoring parameters from /global/cfs/cdirs/desi/users/jqzou/dla_finder/prediction/model/train_lowsnr/train_lowsnr/current_99999.ckpt
100%|██████████████████████████████████████████████████████████████████████████████████████████████████████████████████████████| 303/303 [00:35<00:00,  6.32it/s]100%|██████████████████████████████████████████████████████████████████████████████████████████████████████████████████████████| 303/303 [00:35<00:00,  8.64it/s]2024-01-18 17:01:55.909315: I tensorflow/compiler/jit/xla_gpu_device.cc:99] Not creating XLA devices, tf_xla_enable_xla_devices not set
INFO:tensorflow:Restoring parameters from /global/cfs/cdirs/desi/users/jqzou/dla_finder/prediction/model/train_midsnr/train_midsnr/current_99999.ckpt
2024-01-18 17:01:56.186121: I tensorflow/compiler/jit/xla_gpu_device.cc:99] Not creating XLA devices, tf_xla_enable_xla_devices not set
INFO:tensorflow:Restoring parameters from /global/cfs/cdirs/desi/users/jqzou/dla_finder/prediction/model/train_lowsnr/train_lowsnr/current_99999.ckpt
2024-01-18 17:01:56.609664: I tensorflow/compiler/jit/xla_gpu_device.cc:99] Not creating XLA devices, tf_xla_enable_xla_devices not set
2024-01-18 17:01:56.619806: I tensorflow/compiler/jit/xla_gpu_device.cc:99] Not creating XLA devices, tf_xla_enable_xla_devices not set
INFO:tensorflow:Restoring parameters from /global/cfs/cdirs/desi/users/jqzou/dla_finder/prediction/model/train_lowsnr/train_lowsnr/current_99999.ckpt
INFO:tensorflow:Restoring parameters from /global/cfs/cdirs/desi/users/jqzou/dla_finder/prediction/model/train_lowsnr/train_lowsnr/current_99999.ckpt
2024-01-18 17:01:56.691514: I tensorflow/compiler/jit/xla_gpu_device.cc:99] Not creating XLA devices, tf_xla_enable_xla_devices not set
2024-01-18 17:01:56.718775: I tensorflow/compiler/jit/xla_gpu_device.cc:99] Not creating XLA devices, tf_xla_enable_xla_devices not set
INFO:tensorflow:Restoring parameters from /global/cfs/cdirs/desi/users/jqzou/dla_finder/prediction/model/train_lowsnr/train_lowsnr/current_99999.ckpt
2024-01-18 17:01:56.746091: I tensorflow/compiler/jit/xla_gpu_device.cc:99] Not creating XLA devices, tf_xla_enable_xla_devices not set
2024-01-18 17:01:56.756390: I tensorflow/compiler/jit/xla_gpu_device.cc:99] Not creating XLA devices, tf_xla_enable_xla_devices not set
2024-01-18 17:01:56.756908: I tensorflow/compiler/jit/xla_gpu_device.cc:99] Not creating XLA devices, tf_xla_enable_xla_devices not set
INFO:tensorflow:Restoring parameters from /global/cfs/cdirs/desi/users/jqzou/dla_finder/prediction/model/train_lowsnr/train_lowsnr/current_99999.ckpt
INFO:tensorflow:Restoring parameters from /global/cfs/cdirs/desi/users/jqzou/dla_finder/prediction/model/train_lowsnr/train_lowsnr/current_99999.ckpt
INFO:tensorflow:Restoring parameters from /global/cfs/cdirs/desi/users/jqzou/dla_finder/prediction/model/train_lowsnr/train_lowsnr/current_99999.ckpt
INFO:tensorflow:Restoring parameters from /global/cfs/cdirs/desi/users/jqzou/dla_finder/prediction/model/train_lowsnr/train_lowsnr/current_99999.ckpt
2024-01-18 17:01:57.045808: I tensorflow/compiler/jit/xla_gpu_device.cc:99] Not creating XLA devices, tf_xla_enable_xla_devices not set
INFO:tensorflow:Restoring parameters from /global/cfs/cdirs/desi/users/jqzou/dla_finder/prediction/model/train_lowsnr/train_lowsnr/current_99999.ckpt
2024-01-18 17:01:57.138587: I tensorflow/compiler/jit/xla_gpu_device.cc:99] Not creating XLA devices, tf_xla_enable_xla_devices not set
INFO:tensorflow:Restoring parameters from /global/cfs/cdirs/desi/users/jqzou/dla_finder/prediction/model/train_lowsnr/train_lowsnr/current_99999.ckpt
2024-01-18 17:01:57.409806: I tensorflow/compiler/jit/xla_gpu_device.cc:99] Not creating XLA devices, tf_xla_enable_xla_devices not set
2024-01-18 17:01:57.467470: I tensorflow/compiler/jit/xla_gpu_device.cc:99] Not creating XLA devices, tf_xla_enable_xla_devices not set
INFO:tensorflow:Restoring parameters from /global/cfs/cdirs/desi/users/jqzou/dla_finder/prediction/model/train_midsnr/train_midsnr/current_99999.ckpt
INFO:tensorflow:Restoring parameters from /global/cfs/cdirs/desi/users/jqzou/dla_finder/prediction/model/train_midsnr/train_midsnr/current_99999.ckpt
2024-01-18 17:01:57.720012: I tensorflow/compiler/jit/xla_gpu_device.cc:99] Not creating XLA devices, tf_xla_enable_xla_devices not set
INFO:tensorflow:Restoring parameters from /global/cfs/cdirs/desi/users/jqzou/dla_finder/prediction/model/train_lowsnr/train_lowsnr/current_99999.ckpt
2024-01-18 17:01:58.292183: I tensorflow/compiler/jit/xla_gpu_device.cc:99] Not creating XLA devices, tf_xla_enable_xla_devices not set
2024-01-18 17:01:58.317388: I tensorflow/compiler/jit/xla_gpu_device.cc:99] Not creating XLA devices, tf_xla_enable_xla_devices not set
INFO:tensorflow:Restoring parameters from /global/cfs/cdirs/desi/users/jqzou/dla_finder/prediction/model/train_lowsnr/train_lowsnr/current_99999.ckpt
INFO:tensorflow:Restoring parameters from /global/cfs/cdirs/desi/users/jqzou/dla_finder/prediction/model/train_midsnr/train_midsnr/current_99999.ckpt
2024-01-18 17:01:58.528227: I tensorflow/compiler/jit/xla_gpu_device.cc:99] Not creating XLA devices, tf_xla_enable_xla_devices not set
2024-01-18 17:01:58.564363: I tensorflow/compiler/jit/xla_gpu_device.cc:99] Not creating XLA devices, tf_xla_enable_xla_devices not set
INFO:tensorflow:Restoring parameters from /global/cfs/cdirs/desi/users/jqzou/dla_finder/prediction/model/train_lowsnr/train_lowsnr/current_99999.ckpt
INFO:tensorflow:Restoring parameters from /global/cfs/cdirs/desi/users/jqzou/dla_finder/prediction/model/train_midsnr/train_midsnr/current_99999.ckpt
2024-01-18 17:01:58.793262: I tensorflow/compiler/jit/xla_gpu_device.cc:99] Not creating XLA devices, tf_xla_enable_xla_devices not set
2024-01-18 17:01:58.811286: I tensorflow/compiler/jit/xla_gpu_device.cc:99] Not creating XLA devices, tf_xla_enable_xla_devices not set
INFO:tensorflow:Restoring parameters from /global/cfs/cdirs/desi/users/jqzou/dla_finder/prediction/model/train_lowsnr/train_lowsnr/current_99999.ckpt
INFO:tensorflow:Restoring parameters from /global/cfs/cdirs/desi/users/jqzou/dla_finder/prediction/model/train_lowsnr/train_lowsnr/current_99999.ckpt
2024-01-18 17:01:59.051590: I tensorflow/compiler/jit/xla_gpu_device.cc:99] Not creating XLA devices, tf_xla_enable_xla_devices not set
INFO:tensorflow:Restoring parameters from /global/cfs/cdirs/desi/users/jqzou/dla_finder/prediction/model/train_lowsnr/train_lowsnr/current_99999.ckpt
2024-01-18 17:01:59.210663: I tensorflow/compiler/jit/xla_gpu_device.cc:99] Not creating XLA devices, tf_xla_enable_xla_devices not set
2024-01-18 17:01:59.294746: I tensorflow/compiler/jit/xla_gpu_device.cc:99] Not creating XLA devices, tf_xla_enable_xla_devices not set
INFO:tensorflow:Restoring parameters from /global/cfs/cdirs/desi/users/jqzou/dla_finder/prediction/model/train_midsnr/train_midsnr/current_99999.ckpt
2024-01-18 17:01:59.340806: I tensorflow/compiler/jit/xla_gpu_device.cc:99] Not creating XLA devices, tf_xla_enable_xla_devices not set
INFO:tensorflow:Restoring parameters from /global/cfs/cdirs/desi/users/jqzou/dla_finder/prediction/model/train_lowsnr/train_lowsnr/current_99999.ckpt
INFO:tensorflow:Restoring parameters from /global/cfs/cdirs/desi/users/jqzou/dla_finder/prediction/model/train_lowsnr/train_lowsnr/current_99999.ckpt
2024-01-18 17:01:59.736336: I tensorflow/compiler/jit/xla_gpu_device.cc:99] Not creating XLA devices, tf_xla_enable_xla_devices not set
2024-01-18 17:01:59.816436: I tensorflow/compiler/jit/xla_gpu_device.cc:99] Not creating XLA devices, tf_xla_enable_xla_devices not set
INFO:tensorflow:Restoring parameters from /global/cfs/cdirs/desi/users/jqzou/dla_finder/prediction/model/train_lowsnr/train_lowsnr/current_99999.ckpt
INFO:tensorflow:Restoring parameters from /global/cfs/cdirs/desi/users/jqzou/dla_finder/prediction/model/train_lowsnr/train_lowsnr/current_99999.ckpt
2024-01-18 17:01:59.907449: I tensorflow/compiler/jit/xla_gpu_device.cc:99] Not creating XLA devices, tf_xla_enable_xla_devices not set
2024-01-18 17:01:59.910804: I tensorflow/compiler/jit/xla_gpu_device.cc:99] Not creating XLA devices, tf_xla_enable_xla_devices not set
INFO:tensorflow:Restoring parameters from /global/cfs/cdirs/desi/users/jqzou/dla_finder/prediction/model/train_lowsnr/train_lowsnr/current_99999.ckpt
INFO:tensorflow:Restoring parameters from /global/cfs/cdirs/desi/users/jqzou/dla_finder/prediction/model/train_lowsnr/train_lowsnr/current_99999.ckpt
2024-01-18 17:02:00.551813: I tensorflow/compiler/jit/xla_gpu_device.cc:99] Not creating XLA devices, tf_xla_enable_xla_devices not set
INFO:tensorflow:Restoring parameters from /global/cfs/cdirs/desi/users/jqzou/dla_finder/prediction/model/train_lowsnr/train_lowsnr/current_99999.ckpt
2024-01-18 17:02:00.662003: I tensorflow/compiler/jit/xla_gpu_device.cc:99] Not creating XLA devices, tf_xla_enable_xla_devices not set
INFO:tensorflow:Restoring parameters from /global/cfs/cdirs/desi/users/jqzou/dla_finder/prediction/model/train_lowsnr/train_lowsnr/current_99999.ckpt
2024-01-18 17:02:00.832672: I tensorflow/compiler/jit/xla_gpu_device.cc:99] Not creating XLA devices, tf_xla_enable_xla_devices not set
INFO:tensorflow:Restoring parameters from /global/cfs/cdirs/desi/users/jqzou/dla_finder/prediction/model/train_lowsnr/train_lowsnr/current_99999.ckpt
2024-01-18 17:02:01.595128: I tensorflow/compiler/jit/xla_gpu_device.cc:99] Not creating XLA devices, tf_xla_enable_xla_devices not set
INFO:tensorflow:Restoring parameters from /global/cfs/cdirs/desi/users/jqzou/dla_finder/prediction/model/train_lowsnr/train_lowsnr/current_99999.ckpt
2024-01-18 17:02:01.704246: I tensorflow/compiler/jit/xla_gpu_device.cc:99] Not creating XLA devices, tf_xla_enable_xla_devices not set
INFO:tensorflow:Restoring parameters from /global/cfs/cdirs/desi/users/jqzou/dla_finder/prediction/model/train_lowsnr/train_lowsnr/current_99999.ckpt
2024-01-18 17:02:01.784910: I tensorflow/compiler/jit/xla_gpu_device.cc:99] Not creating XLA devices, tf_xla_enable_xla_devices not set
INFO:tensorflow:Restoring parameters from /global/cfs/cdirs/desi/users/jqzou/dla_finder/prediction/model/train_midsnr/train_midsnr/current_99999.ckpt
2024-01-18 17:02:01.924811: I tensorflow/compiler/jit/xla_gpu_device.cc:99] Not creating XLA devices, tf_xla_enable_xla_devices not set
INFO:tensorflow:Restoring parameters from /global/cfs/cdirs/desi/users/jqzou/dla_finder/prediction/model/train_lowsnr/train_lowsnr/current_99999.ckpt
2024-01-18 17:02:02.279697: I tensorflow/compiler/jit/xla_gpu_device.cc:99] Not creating XLA devices, tf_xla_enable_xla_devices not set
2024-01-18 17:02:02.301723: I tensorflow/compiler/jit/xla_gpu_device.cc:99] Not creating XLA devices, tf_xla_enable_xla_devices not set
INFO:tensorflow:Restoring parameters from /global/cfs/cdirs/desi/users/jqzou/dla_finder/prediction/model/train_lowsnr/train_lowsnr/current_99999.ckpt
INFO:tensorflow:Restoring parameters from /global/cfs/cdirs/desi/users/jqzou/dla_finder/prediction/model/train_lowsnr/train_lowsnr/current_99999.ckpt
2024-01-18 17:02:02.990736: I tensorflow/compiler/jit/xla_gpu_device.cc:99] Not creating XLA devices, tf_xla_enable_xla_devices not set
2024-01-18 17:02:03.021298: I tensorflow/compiler/jit/xla_gpu_device.cc:99] Not creating XLA devices, tf_xla_enable_xla_devices not set
INFO:tensorflow:Restoring parameters from /global/cfs/cdirs/desi/users/jqzou/dla_finder/prediction/model/train_lowsnr/train_lowsnr/current_99999.ckpt
INFO:tensorflow:Restoring parameters from /global/cfs/cdirs/desi/users/jqzou/dla_finder/prediction/model/train_lowsnr/train_lowsnr/current_99999.ckpt
2024-01-18 17:02:03.232440: I tensorflow/compiler/jit/xla_gpu_device.cc:99] Not creating XLA devices, tf_xla_enable_xla_devices not set
INFO:tensorflow:Restoring parameters from /global/cfs/cdirs/desi/users/jqzou/dla_finder/prediction/model/train_lowsnr/train_lowsnr/current_99999.ckpt
2024-01-18 17:02:04.281229: I tensorflow/compiler/jit/xla_gpu_device.cc:99] Not creating XLA devices, tf_xla_enable_xla_devices not set
2024-01-18 17:02:04.298133: I tensorflow/compiler/jit/xla_gpu_device.cc:99] Not creating XLA devices, tf_xla_enable_xla_devices not set
INFO:tensorflow:Restoring parameters from /global/cfs/cdirs/desi/users/jqzou/dla_finder/prediction/model/train_lowsnr/train_lowsnr/current_99999.ckpt
INFO:tensorflow:Restoring parameters from /global/cfs/cdirs/desi/users/jqzou/dla_finder/prediction/model/train_lowsnr/train_lowsnr/current_99999.ckpt
2024-01-18 17:02:04.616453: I tensorflow/compiler/jit/xla_gpu_device.cc:99] Not creating XLA devices, tf_xla_enable_xla_devices not set
INFO:tensorflow:Restoring parameters from /global/cfs/cdirs/desi/users/jqzou/dla_finder/prediction/model/train_lowsnr/train_lowsnr/current_99999.ckpt
2024-01-18 17:02:05.227190: I tensorflow/compiler/jit/xla_gpu_device.cc:99] Not creating XLA devices, tf_xla_enable_xla_devices not set
INFO:tensorflow:Restoring parameters from /global/cfs/cdirs/desi/users/jqzou/dla_finder/prediction/model/train_lowsnr/train_lowsnr/current_99999.ckpt
2024-01-18 17:02:05.508019: I tensorflow/compiler/jit/xla_gpu_device.cc:99] Not creating XLA devices, tf_xla_enable_xla_devices not set
INFO:tensorflow:Restoring parameters from /global/cfs/cdirs/desi/users/jqzou/dla_finder/prediction/model/train_lowsnr/train_lowsnr/current_99999.ckpt
2024-01-18 17:02:06.110042: I tensorflow/compiler/jit/xla_gpu_device.cc:99] Not creating XLA devices, tf_xla_enable_xla_devices not set
INFO:tensorflow:Restoring parameters from /global/cfs/cdirs/desi/users/jqzou/dla_finder/prediction/model/train_lowsnr/train_lowsnr/current_99999.ckpt

  0%|                                                                                                                                    | 0/303 [00:00<?, ?it/s]/global/u1/t/tanting/DESI_analysis/desi-dlas/desidlas/datasets/datasetting.py:85: FutureWarning: arrays to stack must be passed as a "sequence" type such as list or tuple. Support for non-sequence iterables such as generators is deprecated as of NumPy 1.16 and will raise an error in the future.
  fluxes_matrix = np.vstack(map(lambda x:x[0][x[1]-kernelrangepx:x[1]+kernelrangepx],zip(itertools.repeat(flux_padded), np.nonzero(ix_dla_range)[0]+pixel_num_left)))
/global/u1/t/tanting/DESI_analysis/desi-dlas/desidlas/datasets/datasetting.py:86: FutureWarning: arrays to stack must be passed as a "sequence" type such as list or tuple. Support for non-sequence iterables such as generators is deprecated as of NumPy 1.16 and will raise an error in the future.
  lam_matrix = np.vstack(map(lambda x:x[0][x[1]-kernelrangepx:x[1]+kernelrangepx],zip(itertools.repeat(lam_padded), np.nonzero(ix_dla_range)[0]+pixel_num_left)))
  2%|██▍                                                                                                                         | 6/303 [00:00<00:05, 59.00it/s]  4%|████▊                                                                                                                      | 12/303 [00:00<00:04, 59.49it/s]  6%|███████▎                                                                                                                   | 18/303 [00:00<00:04, 58.95it/s]  8%|█████████▋                                                                                                                 | 24/303 [00:00<00:04, 57.98it/s] 10%|████████████▌                                                                                                              | 31/303 [00:00<00:04, 58.16it/s] 12%|███████████████                                                                                                            | 37/303 [00:00<00:05, 50.05it/s] 15%|██████████████████▎                                                                                                        | 45/303 [00:00<00:04, 56.80it/s] 17%|█████████████████████▌                                                                                                     | 53/303 [00:00<00:04, 62.46it/s] 20%|████████████████████████▎                                                                                                  | 60/303 [00:01<00:04, 56.68it/s] 22%|██████████████████████████▊                                                                                                | 66/303 [00:01<00:04, 57.27it/s] 24%|█████████████████████████████▋                                                                                             | 73/303 [00:01<00:03, 57.74it/s] 26%|████████████████████████████████                                                                                           | 79/303 [00:01<00:04, 55.32it/s] 28%|██████████████████████████████████▌                                                                                        | 85/303 [00:01<00:04, 49.82it/s] 30%|████████████████████████████████████▉                                                                                      | 91/303 [00:01<00:04, 50.95it/s] 32%|███████████████████████████████████████▍                                                                                   | 97/303 [00:01<00:04, 49.08it/s] 34%|█████████████████████████████████████████                                                                                 | 102/303 [00:01<00:04, 45.50it/s] 36%|███████████████████████████████████████████▉                                                                              | 109/303 [00:02<00:03, 51.29it/s] 38%|██████████████████████████████████████████████▋                                                                           | 116/303 [00:02<00:03, 54.69it/s] 40%|█████████████████████████████████████████████████                                                                         | 122/303 [00:02<00:03, 53.45it/s] 42%|███████████████████████████████████████████████████▌                                                                      | 128/303 [00:02<00:03, 52.11it/s] 44%|█████████████████████████████████████████████████████▉                                                                    | 134/303 [00:02<00:03, 46.49it/s] 46%|████████████████████████████████████████████████████████▎                                                                 | 140/303 [00:02<00:03, 44.35it/s] 48%|██████████████████████████████████████████████████████████▍                                                               | 145/303 [00:02<00:03, 45.63it/s] 50%|████████████████████████████████████████████████████████████▍                                                             | 150/303 [00:02<00:03, 44.71it/s] 51%|██████████████████████████████████████████████████████████████▊                                                           | 156/303 [00:03<00:03, 47.50it/s] 53%|█████████████████████████████████████████████████████████████████▏                                                        | 162/303 [00:03<00:02, 50.03it/s] 55%|███████████████████████████████████████████████████████████████████▋                                                      | 168/303 [00:03<00:02, 49.85it/s] 57%|██████████████████████████████████████████████████████████████████████                                                    | 174/303 [00:03<00:02, 50.38it/s] 59%|████████████████████████████████████████████████████████████████████████▍                                                 | 180/303 [00:03<00:02, 50.99it/s] 61%|██████████████████████████████████████████████████████████████████████████▉                                               | 186/303 [00:03<00:02, 48.76it/s] 63%|████████████████████████████████████████████████████████████████████████████▉                                             | 191/303 [00:03<00:02, 44.98it/s] 65%|███████████████████████████████████████████████████████████████████████████████▋                                          | 198/303 [00:03<00:02, 50.76it/s] 67%|██████████████████████████████████████████████████████████████████████████████████▏                                       | 204/303 [00:04<00:02, 44.85it/s] 69%|████████████████████████████████████████████████████████████████████████████████████▏                                     | 209/303 [00:04<00:02, 41.01it/s] 71%|██████████████████████████████████████████████████████████████████████████████████████▏                                   | 214/303 [00:04<00:02, 40.92it/s] 73%|████████████████████████████████████████████████████████████████████████████████████████▌                                 | 220/303 [00:04<00:01, 44.10it/s] 75%|███████████████████████████████████████████████████████████████████████████████████████████▍                              | 227/303 [00:04<00:01, 47.48it/s] 77%|█████████████████████████████████████████████████████████████████████████████████████████████▍                            | 232/303 [00:04<00:01, 43.33it/s] 79%|███████████████████████████████████████████████████████████████████████████████████████████████▊                          | 238/303 [00:04<00:01, 47.34it/s] 80%|█████████████████████████████████████████████████████████████████████████████████████████████████▊                        | 243/303 [00:04<00:01, 44.97it/s] 82%|████████████████████████████████████████████████████████████████████████████████████████████████████▎                     | 249/303 [00:05<00:01, 47.89it/s] 84%|██████████████████████████████████████████████████████████████████████████████████████████████████████▎                   | 254/303 [00:05<00:01, 43.54it/s] 86%|████████████████████████████████████████████████████████████████████████████████████████████████████████▋                 | 260/303 [00:05<00:00, 46.48it/s] 88%|███████████████████████████████████████████████████████████████████████████████████████████████████████████▉              | 268/303 [00:05<00:00, 54.90it/s] 91%|██████████████████████████████████████████████████████████████████████████████████████████████████████████████▋           | 275/303 [00:05<00:00, 56.16it/s] 93%|█████████████████████████████████████████████████████████████████████████████████████████████████████████████████▏        | 281/303 [00:05<00:00, 51.96it/s] 95%|███████████████████████████████████████████████████████████████████████████████████████████████████████████████████▌      | 287/303 [00:05<00:00, 48.56it/s] 96%|█████████████████████████████████████████████████████████████████████████████████████████████████████████████████████▌    | 292/303 [00:05<00:00, 44.68it/s] 98%|███████████████████████████████████████████████████████████████████████████████████████████████████████████████████████▉  | 298/303 [00:06<00:00, 46.09it/s]100%|██████████████████████████████████████████████████████████████████████████████████████████████████████████████████████████| 303/303 [00:06<00:00, 45.94it/s]100%|██████████████████████████████████████████████████████████████████████████████████████████████████████████████████████████| 303/303 [00:06<00:00, 49.41it/s]
Traceback (most recent call last):
  File "/global/u1/t/tanting/DESI_analysis/desi-dlas/desi_mock_iron1.py", line 81, in <module>
    dla_tbl=save_pred(sightlines,pred,filename=dlacat_loc)
  File "/global/u1/t/tanting/DESI_analysis/desi-dlas/desidlas/prediction/pred_sightline.py", line 38, in save_pred
    pred_abs.write(filename,overwrite=True)
  File "/global/homes/t/tanting/.conda/envs/picca_plots/lib/python3.6/site-packages/astropy/table/connect.py", line 113, in __call__
    registry.write(instance, *args, **kwargs)
  File "/global/homes/t/tanting/.conda/envs/picca_plots/lib/python3.6/site-packages/astropy/io/registry.py", line 563, in write
    'write', data.__class__, path, fileobj, args, kwargs)
  File "/global/homes/t/tanting/.conda/envs/picca_plots/lib/python3.6/site-packages/astropy/io/registry.py", line 603, in _get_valid_format
    "{}".format(format_table_str))
astropy.io.registry.IORegistryError: Format could not be identified based on the file name or contents, please provide a 'format' argument.
The available formats are:
           Format           Read Write Auto-identify Deprecated
--------------------------- ---- ----- ------------- ----------
                      ascii  Yes   Yes            No           
               ascii.aastex  Yes   Yes            No           
                ascii.basic  Yes   Yes            No           
     ascii.commented_header  Yes   Yes            No           
                  ascii.csv  Yes   Yes           Yes           
                 ascii.ecsv  Yes   Yes           Yes           
           ascii.fast_basic  Yes   Yes            No           
ascii.fast_commented_header  Yes   Yes            No           
             ascii.fast_csv  Yes   Yes            No           
       ascii.fast_no_header  Yes   Yes            No           
             ascii.fast_rdb  Yes   Yes            No           
             ascii.fast_tab  Yes   Yes            No           
          ascii.fixed_width  Yes   Yes            No           
ascii.fixed_width_no_header  Yes   Yes            No           
 ascii.fixed_width_two_line  Yes   Yes            No           
                 ascii.html  Yes   Yes           Yes           
                 ascii.ipac  Yes   Yes            No           
                ascii.latex  Yes   Yes           Yes           
            ascii.no_header  Yes   Yes            No           
                  ascii.rdb  Yes   Yes           Yes           
                  ascii.rst  Yes   Yes            No           
                  ascii.tab  Yes   Yes            No           
                       asdf  Yes   Yes           Yes           
                       fits  Yes   Yes           Yes           
                       hdf5  Yes   Yes           Yes           
                   jsviewer   No   Yes            No           
                 pandas.csv  Yes   Yes            No           
                pandas.html  Yes   Yes            No           
                pandas.json  Yes   Yes            No           
                    votable  Yes   Yes           Yes           
                     aastex  Yes   Yes            No        Yes
                        csv  Yes   Yes            No        Yes
                       html  Yes   Yes            No        Yes
                       ipac  Yes   Yes            No        Yes
                      latex  Yes   Yes            No        Yes
                        rdb  Yes   Yes            No        Yes
srun: error: nid005080: task 0: Exited with exit code 1
srun: Terminating StepId=20519465.0
