/var/spool/slurmd/job26870691/slurm_script: line 10: load_picca_plots: command not found
2024-06-17 01:13:01.615878: W tensorflow/stream_executor/platform/default/dso_loader.cc:60] Could not load dynamic library 'libcudart.so.11.0'; dlerror: libcudart.so.11.0: cannot open shared object file: No such file or directory; LD_LIBRARY_PATH: /global/u1/t/tanting/fitter2_tutorial/PolyChordLite/lib:/global/u1/t/tanting/DESI_analysis/theoretical_pk/fisher_forecast/openmpi-4.1.2/lib:/global/u1/t/tanting/fitter2_tutorial/PolyChordLite/lib:/global/u1/t/tanting/DESI_analysis/theoretical_pk/fisher_forecast/openmpi-4.1.2/lib:/global/common/software/nersc/pm-2022q4/sw/evp-patch/lib64:/global/u1/t/tanting/fitter2_tutorial/PolyChordLite/lib:/global/u1/t/tanting/DESI_analysis/theoretical_pk/fisher_forecast/openmpi-4.1.2/lib:/usr/local/cuda-12.2/compat:/opt/nvidia/hpc_sdk/Linux_x86_64/23.9/math_libs/12.2/lib64:/opt/nvidia/hpc_sdk/Linux_x86_64/23.9/cuda/12.2/extras/CUPTI/lib64:/opt/nvidia/hpc_sdk/Linux_x86_64/23.9/cuda/12.2/extras/Debugger/lib64:/opt/nvidia/hpc_sdk/Linux_x86_64/23.9/cuda/12.2/nvvm/lib64:/opt/nvidia/hpc_sdk/Linux_x86_64/23.9/cuda/12.2/lib64:/opt/cray/pe/papi/7.0.1.2/lib64:/opt/cray/libfabric/1.15.2.0/lib64:/opt/cray/libfabric/1.15.2.0/lib64:/opt/cray/libfabric/1.15.2.0/lib64
2024-06-17 01:13:01.615899: I tensorflow/stream_executor/cuda/cudart_stub.cc:29] Ignore above cudart dlerror if you do not have a GPU set up on your machine.
  0%|                                                                                                                                                                | 0/44 [00:00<?, ?it/s]WARNING:tensorflow:From /global/cfs/cdirs/desi/users/jqzou/dla_finder/training/model.py:291: div (from tensorflow.python.ops.math_ops) is deprecated and will be removed in a future version.
Instructions for updating:
Deprecated in favor of operator or tf.math.divide.
WARNING:tensorflow:From /global/cfs/cdirs/desi/users/jqzou/dla_finder/training/model.py:291: div (from tensorflow.python.ops.math_ops) is deprecated and will be removed in a future version.
Instructions for updating:
Deprecated in favor of operator or tf.math.divide.
WARNING:tensorflow:From /global/cfs/cdirs/desi/users/jqzou/dla_finder/training/model.py:291: div (from tensorflow.python.ops.math_ops) is deprecated and will be removed in a future version.
Instructions for updating:
Deprecated in favor of operator or tf.math.divide.
WARNING:tensorflow:From /global/cfs/cdirs/desi/users/jqzou/dla_finder/training/model.py:291: div (from tensorflow.python.ops.math_ops) is deprecated and will be removed in a future version.
Instructions for updating:
Deprecated in favor of operator or tf.math.divide.
WARNING:tensorflow:From /global/cfs/cdirs/desi/users/jqzou/dla_finder/training/model.py:291: div (from tensorflow.python.ops.math_ops) is deprecated and will be removed in a future version.
Instructions for updating:
Deprecated in favor of operator or tf.math.divide.
WARNING:tensorflow:From /global/cfs/cdirs/desi/users/jqzou/dla_finder/training/model.py:291: div (from tensorflow.python.ops.math_ops) is deprecated and will be removed in a future version.
Instructions for updating:
Deprecated in favor of operator or tf.math.divide.
WARNING:tensorflow:From /global/cfs/cdirs/desi/users/jqzou/dla_finder/training/model.py:291: div (from tensorflow.python.ops.math_ops) is deprecated and will be removed in a future version.
Instructions for updating:
Deprecated in favor of operator or tf.math.divide.
WARNING:tensorflow:From /global/cfs/cdirs/desi/users/jqzou/dla_finder/training/model.py:291: div (from tensorflow.python.ops.math_ops) is deprecated and will be removed in a future version.
Instructions for updating:
Deprecated in favor of operator or tf.math.divide.
WARNING:tensorflow:From /global/cfs/cdirs/desi/users/jqzou/dla_finder/training/model.py:291: div (from tensorflow.python.ops.math_ops) is deprecated and will be removed in a future version.
Instructions for updating:
Deprecated in favor of operator or tf.math.divide.
WARNING:tensorflow:From /global/cfs/cdirs/desi/users/jqzou/dla_finder/training/model.py:291: div (from tensorflow.python.ops.math_ops) is deprecated and will be removed in a future version.
Instructions for updating:
Deprecated in favor of operator or tf.math.divide.
WARNING:tensorflow:From /global/cfs/cdirs/desi/users/jqzou/dla_finder/training/model.py:291: div (from tensorflow.python.ops.math_ops) is deprecated and will be removed in a future version.
Instructions for updating:
Deprecated in favor of operator or tf.math.divide.
WARNING:tensorflow:From /global/cfs/cdirs/desi/users/jqzou/dla_finder/training/model.py:291: div (from tensorflow.python.ops.math_ops) is deprecated and will be removed in a future version.
Instructions for updating:
Deprecated in favor of operator or tf.math.divide.
2024-06-17 01:16:11.785676: I tensorflow/compiler/jit/xla_cpu_device.cc:41] Not creating XLA devices, tf_xla_enable_xla_devices not set
2024-06-17 01:16:11.787512: I tensorflow/compiler/jit/xla_cpu_device.cc:41] Not creating XLA devices, tf_xla_enable_xla_devices not set
2024-06-17 01:16:11.789725: I tensorflow/compiler/jit/xla_cpu_device.cc:41] Not creating XLA devices, tf_xla_enable_xla_devices not set
2024-06-17 01:16:11.795119: I tensorflow/stream_executor/platform/default/dso_loader.cc:49] Successfully opened dynamic library libcuda.so.1
2024-06-17 01:16:11.795128: I tensorflow/stream_executor/platform/default/dso_loader.cc:49] Successfully opened dynamic library libcuda.so.1
2024-06-17 01:16:11.795440: I tensorflow/stream_executor/platform/default/dso_loader.cc:49] Successfully opened dynamic library libcuda.so.1
2024-06-17 01:16:11.795655: I tensorflow/compiler/jit/xla_cpu_device.cc:41] Not creating XLA devices, tf_xla_enable_xla_devices not set
2024-06-17 01:16:11.798003: I tensorflow/stream_executor/platform/default/dso_loader.cc:49] Successfully opened dynamic library libcuda.so.1
2024-06-17 01:16:11.850580: I tensorflow/compiler/jit/xla_cpu_device.cc:41] Not creating XLA devices, tf_xla_enable_xla_devices not set
2024-06-17 01:16:11.851988: I tensorflow/compiler/jit/xla_cpu_device.cc:41] Not creating XLA devices, tf_xla_enable_xla_devices not set
2024-06-17 01:16:11.853066: I tensorflow/stream_executor/platform/default/dso_loader.cc:49] Successfully opened dynamic library libcuda.so.1
2024-06-17 01:16:11.854001: I tensorflow/stream_executor/platform/default/dso_loader.cc:49] Successfully opened dynamic library libcuda.so.1
2024-06-17 01:16:11.887820: I tensorflow/compiler/jit/xla_cpu_device.cc:41] Not creating XLA devices, tf_xla_enable_xla_devices not set
2024-06-17 01:16:11.890025: I tensorflow/stream_executor/platform/default/dso_loader.cc:49] Successfully opened dynamic library libcuda.so.1
2024-06-17 01:16:11.947957: I tensorflow/compiler/jit/xla_cpu_device.cc:41] Not creating XLA devices, tf_xla_enable_xla_devices not set
2024-06-17 01:16:11.950435: I tensorflow/stream_executor/platform/default/dso_loader.cc:49] Successfully opened dynamic library libcuda.so.1
2024-06-17 01:16:11.953904: I tensorflow/compiler/jit/xla_cpu_device.cc:41] Not creating XLA devices, tf_xla_enable_xla_devices not set
2024-06-17 01:16:11.956298: I tensorflow/stream_executor/platform/default/dso_loader.cc:49] Successfully opened dynamic library libcuda.so.1
2024-06-17 01:16:12.001470: I tensorflow/compiler/jit/xla_cpu_device.cc:41] Not creating XLA devices, tf_xla_enable_xla_devices not set
2024-06-17 01:16:12.005544: I tensorflow/stream_executor/platform/default/dso_loader.cc:49] Successfully opened dynamic library libcuda.so.1
2024-06-17 01:16:12.014179: I tensorflow/compiler/jit/xla_cpu_device.cc:41] Not creating XLA devices, tf_xla_enable_xla_devices not set
2024-06-17 01:16:12.016381: I tensorflow/stream_executor/platform/default/dso_loader.cc:49] Successfully opened dynamic library libcuda.so.1
2024-06-17 01:16:12.037446: I tensorflow/compiler/jit/xla_cpu_device.cc:41] Not creating XLA devices, tf_xla_enable_xla_devices not set
2024-06-17 01:16:12.039959: I tensorflow/stream_executor/platform/default/dso_loader.cc:49] Successfully opened dynamic library libcuda.so.1
WARNING:tensorflow:From /global/cfs/cdirs/desi/users/jqzou/dla_finder/training/model.py:291: div (from tensorflow.python.ops.math_ops) is deprecated and will be removed in a future version.
Instructions for updating:
Deprecated in favor of operator or tf.math.divide.
2024-06-17 01:16:12.175682: E tensorflow/stream_executor/cuda/cuda_driver.cc:328] failed call to cuInit: CUDA_ERROR_NO_DEVICE: no CUDA-capable device is detected
2024-06-17 01:16:12.175735: I tensorflow/stream_executor/cuda/cuda_diagnostics.cc:156] kernel driver does not appear to be running on this host (nid005800): /proc/driver/nvidia/version does not exist
2024-06-17 01:16:12.177185: I tensorflow/core/platform/cpu_feature_guard.cc:142] This TensorFlow binary is optimized with oneAPI Deep Neural Network Library (oneDNN) to use the following CPU instructions in performance-critical operations:  AVX2 FMA
To enable them in other operations, rebuild TensorFlow with the appropriate compiler flags.
2024-06-17 01:16:12.177485: E tensorflow/stream_executor/cuda/cuda_driver.cc:328] failed call to cuInit: CUDA_ERROR_NO_DEVICE: no CUDA-capable device is detected
2024-06-17 01:16:12.177540: I tensorflow/stream_executor/cuda/cuda_diagnostics.cc:156] kernel driver does not appear to be running on this host (nid005800): /proc/driver/nvidia/version does not exist
2024-06-17 01:16:12.178832: I tensorflow/core/platform/cpu_feature_guard.cc:142] This TensorFlow binary is optimized with oneAPI Deep Neural Network Library (oneDNN) to use the following CPU instructions in performance-critical operations:  AVX2 FMA
To enable them in other operations, rebuild TensorFlow with the appropriate compiler flags.
2024-06-17 01:16:12.182841: I tensorflow/compiler/jit/xla_gpu_device.cc:99] Not creating XLA devices, tf_xla_enable_xla_devices not set
2024-06-17 01:16:12.183717: I tensorflow/compiler/jit/xla_gpu_device.cc:99] Not creating XLA devices, tf_xla_enable_xla_devices not set
2024-06-17 01:16:12.188033: E tensorflow/stream_executor/cuda/cuda_driver.cc:328] failed call to cuInit: CUDA_ERROR_NO_DEVICE: no CUDA-capable device is detected
2024-06-17 01:16:12.188079: I tensorflow/stream_executor/cuda/cuda_diagnostics.cc:156] kernel driver does not appear to be running on this host (nid005800): /proc/driver/nvidia/version does not exist
2024-06-17 01:16:12.188196: E tensorflow/stream_executor/cuda/cuda_driver.cc:328] failed call to cuInit: CUDA_ERROR_NO_DEVICE: no CUDA-capable device is detected
2024-06-17 01:16:12.188244: I tensorflow/stream_executor/cuda/cuda_diagnostics.cc:156] kernel driver does not appear to be running on this host (nid005800): /proc/driver/nvidia/version does not exist
2024-06-17 01:16:12.189488: I tensorflow/core/platform/cpu_feature_guard.cc:142] This TensorFlow binary is optimized with oneAPI Deep Neural Network Library (oneDNN) to use the following CPU instructions in performance-critical operations:  AVX2 FMA
To enable them in other operations, rebuild TensorFlow with the appropriate compiler flags.
2024-06-17 01:16:12.189549: I tensorflow/core/platform/cpu_feature_guard.cc:142] This TensorFlow binary is optimized with oneAPI Deep Neural Network Library (oneDNN) to use the following CPU instructions in performance-critical operations:  AVX2 FMA
To enable them in other operations, rebuild TensorFlow with the appropriate compiler flags.
2024-06-17 01:16:12.190791: E tensorflow/stream_executor/cuda/cuda_driver.cc:328] failed call to cuInit: CUDA_ERROR_NO_DEVICE: no CUDA-capable device is detected
2024-06-17 01:16:12.190837: I tensorflow/stream_executor/cuda/cuda_diagnostics.cc:156] kernel driver does not appear to be running on this host (nid005800): /proc/driver/nvidia/version does not exist
2024-06-17 01:16:12.192315: E tensorflow/stream_executor/cuda/cuda_driver.cc:328] failed call to cuInit: CUDA_ERROR_NO_DEVICE: no CUDA-capable device is detected
2024-06-17 01:16:12.192345: I tensorflow/core/platform/cpu_feature_guard.cc:142] This TensorFlow binary is optimized with oneAPI Deep Neural Network Library (oneDNN) to use the following CPU instructions in performance-critical operations:  AVX2 FMA
To enable them in other operations, rebuild TensorFlow with the appropriate compiler flags.
2024-06-17 01:16:12.192357: I tensorflow/stream_executor/cuda/cuda_diagnostics.cc:156] kernel driver does not appear to be running on this host (nid005800): /proc/driver/nvidia/version does not exist
2024-06-17 01:16:12.193863: I tensorflow/core/platform/cpu_feature_guard.cc:142] This TensorFlow binary is optimized with oneAPI Deep Neural Network Library (oneDNN) to use the following CPU instructions in performance-critical operations:  AVX2 FMA
To enable them in other operations, rebuild TensorFlow with the appropriate compiler flags.
WARNING:tensorflow:From /global/cfs/cdirs/desi/users/jqzou/dla_finder/training/model.py:291: div (from tensorflow.python.ops.math_ops) is deprecated and will be removed in a future version.
Instructions for updating:
Deprecated in favor of operator or tf.math.divide.
2024-06-17 01:16:12.195029: I tensorflow/compiler/jit/xla_gpu_device.cc:99] Not creating XLA devices, tf_xla_enable_xla_devices not set
2024-06-17 01:16:12.195467: I tensorflow/compiler/jit/xla_gpu_device.cc:99] Not creating XLA devices, tf_xla_enable_xla_devices not set
2024-06-17 01:16:12.197808: I tensorflow/compiler/jit/xla_gpu_device.cc:99] Not creating XLA devices, tf_xla_enable_xla_devices not set
2024-06-17 01:16:12.200254: I tensorflow/compiler/jit/xla_gpu_device.cc:99] Not creating XLA devices, tf_xla_enable_xla_devices not set
2024-06-17 01:16:12.237864: E tensorflow/stream_executor/cuda/cuda_driver.cc:328] failed call to cuInit: CUDA_ERROR_NO_DEVICE: no CUDA-capable device is detected
2024-06-17 01:16:12.237921: I tensorflow/stream_executor/cuda/cuda_diagnostics.cc:156] kernel driver does not appear to be running on this host (nid005800): /proc/driver/nvidia/version does not exist
2024-06-17 01:16:12.239495: I tensorflow/core/platform/cpu_feature_guard.cc:142] This TensorFlow binary is optimized with oneAPI Deep Neural Network Library (oneDNN) to use the following CPU instructions in performance-critical operations:  AVX2 FMA
To enable them in other operations, rebuild TensorFlow with the appropriate compiler flags.
2024-06-17 01:16:12.245673: I tensorflow/compiler/jit/xla_gpu_device.cc:99] Not creating XLA devices, tf_xla_enable_xla_devices not set
INFO:tensorflow:Restoring parameters from /global/cfs/cdirs/desi/users/jqzou/dla_finder/prediction/model/train_midsnr/train_midsnr/current_99999.ckpt
INFO:tensorflow:Restoring parameters from /global/cfs/cdirs/desi/users/jqzou/dla_finder/prediction/model/train_midsnr/train_midsnr/current_99999.ckpt
INFO:tensorflow:Restoring parameters from /global/cfs/cdirs/desi/users/jqzou/dla_finder/prediction/model/train_midsnr/train_midsnr/current_99999.ckpt
INFO:tensorflow:Restoring parameters from /global/cfs/cdirs/desi/users/jqzou/dla_finder/prediction/model/train_midsnr/train_midsnr/current_99999.ckpt
INFO:tensorflow:Restoring parameters from /global/cfs/cdirs/desi/users/jqzou/dla_finder/prediction/model/train_midsnr/train_midsnr/current_99999.ckpt
INFO:tensorflow:Restoring parameters from /global/cfs/cdirs/desi/users/jqzou/dla_finder/prediction/model/train_midsnr/train_midsnr/current_99999.ckpt
2024-06-17 01:16:12.277336: I tensorflow/compiler/mlir/mlir_graph_optimization_pass.cc:196] None of the MLIR optimization passes are enabled (registered 0 passes)
2024-06-17 01:16:12.277725: I tensorflow/compiler/mlir/mlir_graph_optimization_pass.cc:196] None of the MLIR optimization passes are enabled (registered 0 passes)
2024-06-17 01:16:12.277856: I tensorflow/compiler/mlir/mlir_graph_optimization_pass.cc:196] None of the MLIR optimization passes are enabled (registered 0 passes)
2024-06-17 01:16:12.277984: I tensorflow/compiler/mlir/mlir_graph_optimization_pass.cc:196] None of the MLIR optimization passes are enabled (registered 0 passes)
2024-06-17 01:16:12.282287: I tensorflow/compiler/mlir/mlir_graph_optimization_pass.cc:196] None of the MLIR optimization passes are enabled (registered 0 passes)
WARNING:tensorflow:From /global/cfs/cdirs/desi/users/jqzou/dla_finder/training/model.py:291: div (from tensorflow.python.ops.math_ops) is deprecated and will be removed in a future version.
Instructions for updating:
Deprecated in favor of operator or tf.math.divide.
2024-06-17 01:16:12.284952: E tensorflow/stream_executor/cuda/cuda_driver.cc:328] failed call to cuInit: CUDA_ERROR_NO_DEVICE: no CUDA-capable device is detected
2024-06-17 01:16:12.284997: I tensorflow/stream_executor/cuda/cuda_diagnostics.cc:156] kernel driver does not appear to be running on this host (nid005800): /proc/driver/nvidia/version does not exist
2024-06-17 01:16:12.285835: I tensorflow/compiler/mlir/mlir_graph_optimization_pass.cc:196] None of the MLIR optimization passes are enabled (registered 0 passes)
2024-06-17 01:16:12.285870: I tensorflow/core/platform/profile_utils/cpu_utils.cc:112] CPU Frequency: 2445305000 Hz
2024-06-17 01:16:12.286173: I tensorflow/core/platform/cpu_feature_guard.cc:142] This TensorFlow binary is optimized with oneAPI Deep Neural Network Library (oneDNN) to use the following CPU instructions in performance-critical operations:  AVX2 FMA
To enable them in other operations, rebuild TensorFlow with the appropriate compiler flags.
WARNING:tensorflow:From /global/cfs/cdirs/desi/users/jqzou/dla_finder/training/model.py:291: div (from tensorflow.python.ops.math_ops) is deprecated and will be removed in a future version.
Instructions for updating:
Deprecated in favor of operator or tf.math.divide.
2024-06-17 01:16:12.290270: I tensorflow/compiler/jit/xla_gpu_device.cc:99] Not creating XLA devices, tf_xla_enable_xla_devices not set
2024-06-17 01:16:12.291743: I tensorflow/core/platform/profile_utils/cpu_utils.cc:112] CPU Frequency: 2445305000 Hz
2024-06-17 01:16:12.295298: I tensorflow/core/platform/profile_utils/cpu_utils.cc:112] CPU Frequency: 2445305000 Hz
2024-06-17 01:16:12.303640: I tensorflow/core/platform/profile_utils/cpu_utils.cc:112] CPU Frequency: 2445305000 Hz
2024-06-17 01:16:12.303644: I tensorflow/core/platform/profile_utils/cpu_utils.cc:112] CPU Frequency: 2445305000 Hz
2024-06-17 01:16:12.303646: I tensorflow/core/platform/profile_utils/cpu_utils.cc:112] CPU Frequency: 2445305000 Hz
2024-06-17 01:16:12.313210: E tensorflow/stream_executor/cuda/cuda_driver.cc:328] failed call to cuInit: CUDA_ERROR_NO_DEVICE: no CUDA-capable device is detected
2024-06-17 01:16:12.313257: I tensorflow/stream_executor/cuda/cuda_diagnostics.cc:156] kernel driver does not appear to be running on this host (nid005800): /proc/driver/nvidia/version does not exist
INFO:tensorflow:Restoring parameters from /global/cfs/cdirs/desi/users/jqzou/dla_finder/prediction/model/train_midsnr/train_midsnr/current_99999.ckpt
2024-06-17 01:16:12.314674: I tensorflow/core/platform/cpu_feature_guard.cc:142] This TensorFlow binary is optimized with oneAPI Deep Neural Network Library (oneDNN) to use the following CPU instructions in performance-critical operations:  AVX2 FMA
To enable them in other operations, rebuild TensorFlow with the appropriate compiler flags.
2024-06-17 01:16:12.320045: I tensorflow/compiler/jit/xla_gpu_device.cc:99] Not creating XLA devices, tf_xla_enable_xla_devices not set
2024-06-17 01:16:12.324994: I tensorflow/compiler/mlir/mlir_graph_optimization_pass.cc:196] None of the MLIR optimization passes are enabled (registered 0 passes)
2024-06-17 01:16:12.333312: I tensorflow/core/platform/profile_utils/cpu_utils.cc:112] CPU Frequency: 2445305000 Hz
INFO:tensorflow:Restoring parameters from /global/cfs/cdirs/desi/users/jqzou/dla_finder/prediction/model/train_midsnr/train_midsnr/current_99999.ckpt
2024-06-17 01:16:12.356505: E tensorflow/stream_executor/cuda/cuda_driver.cc:328] failed call to cuInit: CUDA_ERROR_NO_DEVICE: no CUDA-capable device is detected
2024-06-17 01:16:12.356504: E tensorflow/stream_executor/cuda/cuda_driver.cc:328] failed call to cuInit: CUDA_ERROR_NO_DEVICE: no CUDA-capable device is detected
2024-06-17 01:16:12.356552: I tensorflow/stream_executor/cuda/cuda_diagnostics.cc:156] kernel driver does not appear to be running on this host (nid005800): /proc/driver/nvidia/version does not exist
2024-06-17 01:16:12.356562: I tensorflow/stream_executor/cuda/cuda_diagnostics.cc:156] kernel driver does not appear to be running on this host (nid005800): /proc/driver/nvidia/version does not exist
2024-06-17 01:16:12.357728: I tensorflow/core/platform/cpu_feature_guard.cc:142] This TensorFlow binary is optimized with oneAPI Deep Neural Network Library (oneDNN) to use the following CPU instructions in performance-critical operations:  AVX2 FMA
To enable them in other operations, rebuild TensorFlow with the appropriate compiler flags.
2024-06-17 01:16:12.357728: I tensorflow/core/platform/cpu_feature_guard.cc:142] This TensorFlow binary is optimized with oneAPI Deep Neural Network Library (oneDNN) to use the following CPU instructions in performance-critical operations:  AVX2 FMA
To enable them in other operations, rebuild TensorFlow with the appropriate compiler flags.
2024-06-17 01:16:12.358708: I tensorflow/compiler/mlir/mlir_graph_optimization_pass.cc:196] None of the MLIR optimization passes are enabled (registered 0 passes)
2024-06-17 01:16:12.359195: E tensorflow/stream_executor/cuda/cuda_driver.cc:328] failed call to cuInit: CUDA_ERROR_NO_DEVICE: no CUDA-capable device is detected
2024-06-17 01:16:12.359244: I tensorflow/stream_executor/cuda/cuda_diagnostics.cc:156] kernel driver does not appear to be running on this host (nid005800): /proc/driver/nvidia/version does not exist
2024-06-17 01:16:12.360710: I tensorflow/core/platform/cpu_feature_guard.cc:142] This TensorFlow binary is optimized with oneAPI Deep Neural Network Library (oneDNN) to use the following CPU instructions in performance-critical operations:  AVX2 FMA
To enable them in other operations, rebuild TensorFlow with the appropriate compiler flags.
2024-06-17 01:16:12.362283: I tensorflow/compiler/jit/xla_gpu_device.cc:99] Not creating XLA devices, tf_xla_enable_xla_devices not set
2024-06-17 01:16:12.362369: I tensorflow/compiler/jit/xla_gpu_device.cc:99] Not creating XLA devices, tf_xla_enable_xla_devices not set
2024-06-17 01:16:12.366579: I tensorflow/compiler/jit/xla_gpu_device.cc:99] Not creating XLA devices, tf_xla_enable_xla_devices not set
2024-06-17 01:16:12.368904: I tensorflow/core/platform/profile_utils/cpu_utils.cc:112] CPU Frequency: 2445305000 Hz
INFO:tensorflow:Restoring parameters from /global/cfs/cdirs/desi/users/jqzou/dla_finder/prediction/model/train_midsnr/train_midsnr/current_99999.ckpt
2024-06-17 01:16:12.404648: I tensorflow/compiler/mlir/mlir_graph_optimization_pass.cc:196] None of the MLIR optimization passes are enabled (registered 0 passes)
INFO:tensorflow:Restoring parameters from /global/cfs/cdirs/desi/users/jqzou/dla_finder/prediction/model/train_midsnr/train_midsnr/current_99999.ckpt
2024-06-17 01:16:12.432996: I tensorflow/compiler/mlir/mlir_graph_optimization_pass.cc:196] None of the MLIR optimization passes are enabled (registered 0 passes)
2024-06-17 01:16:12.435660: I tensorflow/core/platform/profile_utils/cpu_utils.cc:112] CPU Frequency: 2445305000 Hz
INFO:tensorflow:Restoring parameters from /global/cfs/cdirs/desi/users/jqzou/dla_finder/prediction/model/train_midsnr/train_midsnr/current_99999.ckpt
INFO:tensorflow:Restoring parameters from /global/cfs/cdirs/desi/users/jqzou/dla_finder/prediction/model/train_midsnr/train_midsnr/current_99999.ckpt
2024-06-17 01:16:12.449154: I tensorflow/compiler/mlir/mlir_graph_optimization_pass.cc:196] None of the MLIR optimization passes are enabled (registered 0 passes)
2024-06-17 01:16:12.457463: I tensorflow/core/platform/profile_utils/cpu_utils.cc:112] CPU Frequency: 2445305000 Hz
2024-06-17 01:16:12.458490: I tensorflow/compiler/mlir/mlir_graph_optimization_pass.cc:196] None of the MLIR optimization passes are enabled (registered 0 passes)
2024-06-17 01:16:12.463629: I tensorflow/core/platform/profile_utils/cpu_utils.cc:112] CPU Frequency: 2445305000 Hz
2024-06-17 01:16:12.471339: I tensorflow/core/platform/profile_utils/cpu_utils.cc:112] CPU Frequency: 2445305000 Hz
WARNING:tensorflow:From /global/cfs/cdirs/desi/users/jqzou/dla_finder/training/model.py:291: div (from tensorflow.python.ops.math_ops) is deprecated and will be removed in a future version.
Instructions for updating:
Deprecated in favor of operator or tf.math.divide.
WARNING:tensorflow:From /global/cfs/cdirs/desi/users/jqzou/dla_finder/training/model.py:291: div (from tensorflow.python.ops.math_ops) is deprecated and will be removed in a future version.
Instructions for updating:
Deprecated in favor of operator or tf.math.divide.
2024-06-17 01:16:12.740299: I tensorflow/compiler/jit/xla_cpu_device.cc:41] Not creating XLA devices, tf_xla_enable_xla_devices not set
2024-06-17 01:16:12.750144: I tensorflow/stream_executor/platform/default/dso_loader.cc:49] Successfully opened dynamic library libcuda.so.1
WARNING:tensorflow:From /global/cfs/cdirs/desi/users/jqzou/dla_finder/training/model.py:291: div (from tensorflow.python.ops.math_ops) is deprecated and will be removed in a future version.
Instructions for updating:
Deprecated in favor of operator or tf.math.divide.
2024-06-17 01:16:12.949419: I tensorflow/compiler/jit/xla_cpu_device.cc:41] Not creating XLA devices, tf_xla_enable_xla_devices not set
2024-06-17 01:16:13.011009: I tensorflow/compiler/jit/xla_cpu_device.cc:41] Not creating XLA devices, tf_xla_enable_xla_devices not set
WARNING:tensorflow:From /global/cfs/cdirs/desi/users/jqzou/dla_finder/training/model.py:291: div (from tensorflow.python.ops.math_ops) is deprecated and will be removed in a future version.
Instructions for updating:
Deprecated in favor of operator or tf.math.divide.
2024-06-17 01:16:13.032844: I tensorflow/stream_executor/platform/default/dso_loader.cc:49] Successfully opened dynamic library libcuda.so.1
2024-06-17 01:16:13.058872: I tensorflow/stream_executor/platform/default/dso_loader.cc:49] Successfully opened dynamic library libcuda.so.1
WARNING:tensorflow:From /global/cfs/cdirs/desi/users/jqzou/dla_finder/training/model.py:291: div (from tensorflow.python.ops.math_ops) is deprecated and will be removed in a future version.
Instructions for updating:
Deprecated in favor of operator or tf.math.divide.
 70%|██████████████████████████████████████████████████████████████████████████████████████████████████████████▍                                            | 31/44 [00:02<00:00, 13.12it/s] 84%|██████████████████████████████████████████████████████████████████████████████████████████████████████████████████████████████▉                        | 37/44 [00:02<00:00, 15.66it/s]WARNING:tensorflow:From /global/cfs/cdirs/desi/users/jqzou/dla_finder/training/model.py:291: div (from tensorflow.python.ops.math_ops) is deprecated and will be removed in a future version.
Instructions for updating:
Deprecated in favor of operator or tf.math.divide.
WARNING:tensorflow:From /global/cfs/cdirs/desi/users/jqzou/dla_finder/training/model.py:291: div (from tensorflow.python.ops.math_ops) is deprecated and will be removed in a future version.
Instructions for updating:
Deprecated in favor of operator or tf.math.divide.
2024-06-17 01:16:13.606578: I tensorflow/compiler/jit/xla_cpu_device.cc:41] Not creating XLA devices, tf_xla_enable_xla_devices not set
2024-06-17 01:16:13.613296: I tensorflow/stream_executor/platform/default/dso_loader.cc:49] Successfully opened dynamic library libcuda.so.1
WARNING:tensorflow:From /global/cfs/cdirs/desi/users/jqzou/dla_finder/training/model.py:291: div (from tensorflow.python.ops.math_ops) is deprecated and will be removed in a future version.
Instructions for updating:
Deprecated in favor of operator or tf.math.divide.
WARNING:tensorflow:From /global/cfs/cdirs/desi/users/jqzou/dla_finder/training/model.py:291: div (from tensorflow.python.ops.math_ops) is deprecated and will be removed in a future version.
Instructions for updating:
Deprecated in favor of operator or tf.math.divide.
WARNING:tensorflow:From /global/cfs/cdirs/desi/users/jqzou/dla_finder/training/model.py:291: div (from tensorflow.python.ops.math_ops) is deprecated and will be removed in a future version.
Instructions for updating:
Deprecated in favor of operator or tf.math.divide.
2024-06-17 01:16:13.760010: E tensorflow/stream_executor/cuda/cuda_driver.cc:328] failed call to cuInit: CUDA_ERROR_NO_DEVICE: no CUDA-capable device is detected
2024-06-17 01:16:13.760072: I tensorflow/stream_executor/cuda/cuda_diagnostics.cc:156] kernel driver does not appear to be running on this host (nid005800): /proc/driver/nvidia/version does not exist
2024-06-17 01:16:13.761619: I tensorflow/core/platform/cpu_feature_guard.cc:142] This TensorFlow binary is optimized with oneAPI Deep Neural Network Library (oneDNN) to use the following CPU instructions in performance-critical operations:  AVX2 FMA
To enable them in other operations, rebuild TensorFlow with the appropriate compiler flags.
2024-06-17 01:16:13.761693: E tensorflow/stream_executor/cuda/cuda_driver.cc:328] failed call to cuInit: CUDA_ERROR_NO_DEVICE: no CUDA-capable device is detected
2024-06-17 01:16:13.761754: I tensorflow/stream_executor/cuda/cuda_diagnostics.cc:156] kernel driver does not appear to be running on this host (nid005800): /proc/driver/nvidia/version does not exist
2024-06-17 01:16:13.763277: I tensorflow/core/platform/cpu_feature_guard.cc:142] This TensorFlow binary is optimized with oneAPI Deep Neural Network Library (oneDNN) to use the following CPU instructions in performance-critical operations:  AVX2 FMA
To enable them in other operations, rebuild TensorFlow with the appropriate compiler flags.
2024-06-17 01:16:13.767603: I tensorflow/compiler/jit/xla_gpu_device.cc:99] Not creating XLA devices, tf_xla_enable_xla_devices not set
2024-06-17 01:16:13.769479: I tensorflow/compiler/jit/xla_gpu_device.cc:99] Not creating XLA devices, tf_xla_enable_xla_devices not set
2024-06-17 01:16:13.797615: I tensorflow/compiler/jit/xla_cpu_device.cc:41] Not creating XLA devices, tf_xla_enable_xla_devices not set
2024-06-17 01:16:13.800517: I tensorflow/stream_executor/platform/default/dso_loader.cc:49] Successfully opened dynamic library libcuda.so.1
2024-06-17 01:16:13.801669: E tensorflow/stream_executor/cuda/cuda_driver.cc:328] failed call to cuInit: CUDA_ERROR_NO_DEVICE: no CUDA-capable device is detected
2024-06-17 01:16:13.801719: I tensorflow/stream_executor/cuda/cuda_diagnostics.cc:156] kernel driver does not appear to be running on this host (nid005800): /proc/driver/nvidia/version does not exist
2024-06-17 01:16:13.802260: I tensorflow/compiler/jit/xla_cpu_device.cc:41] Not creating XLA devices, tf_xla_enable_xla_devices not set
2024-06-17 01:16:13.803158: I tensorflow/core/platform/cpu_feature_guard.cc:142] This TensorFlow binary is optimized with oneAPI Deep Neural Network Library (oneDNN) to use the following CPU instructions in performance-critical operations:  AVX2 FMA
To enable them in other operations, rebuild TensorFlow with the appropriate compiler flags.
2024-06-17 01:16:13.804499: I tensorflow/stream_executor/platform/default/dso_loader.cc:49] Successfully opened dynamic library libcuda.so.1
2024-06-17 01:16:13.808373: I tensorflow/compiler/jit/xla_gpu_device.cc:99] Not creating XLA devices, tf_xla_enable_xla_devices not set
INFO:tensorflow:Restoring parameters from /global/cfs/cdirs/desi/users/jqzou/dla_finder/prediction/model/train_lowsnr/train_lowsnr/current_99999.ckpt
WARNING:tensorflow:From /global/cfs/cdirs/desi/users/jqzou/dla_finder/training/model.py:291: div (from tensorflow.python.ops.math_ops) is deprecated and will be removed in a future version.
Instructions for updating:
Deprecated in favor of operator or tf.math.divide.
INFO:tensorflow:Restoring parameters from /global/cfs/cdirs/desi/users/jqzou/dla_finder/prediction/model/train_lowsnr/train_lowsnr/current_99999.ckpt
2024-06-17 01:16:13.845806: I tensorflow/compiler/mlir/mlir_graph_optimization_pass.cc:196] None of the MLIR optimization passes are enabled (registered 0 passes)
2024-06-17 01:16:13.846175: I tensorflow/compiler/mlir/mlir_graph_optimization_pass.cc:196] None of the MLIR optimization passes are enabled (registered 0 passes)
2024-06-17 01:16:13.850055: I tensorflow/compiler/jit/xla_cpu_device.cc:41] Not creating XLA devices, tf_xla_enable_xla_devices not set
2024-06-17 01:16:13.852317: I tensorflow/stream_executor/platform/default/dso_loader.cc:49] Successfully opened dynamic library libcuda.so.1
2024-06-17 01:16:13.853377: E tensorflow/stream_executor/cuda/cuda_driver.cc:328] failed call to cuInit: CUDA_ERROR_NO_DEVICE: no CUDA-capable device is detected
2024-06-17 01:16:13.853426: I tensorflow/stream_executor/cuda/cuda_diagnostics.cc:156] kernel driver does not appear to be running on this host (nid005800): /proc/driver/nvidia/version does not exist
2024-06-17 01:16:13.853632: I tensorflow/core/platform/profile_utils/cpu_utils.cc:112] CPU Frequency: 2445305000 Hz
2024-06-17 01:16:13.854764: I tensorflow/core/platform/cpu_feature_guard.cc:142] This TensorFlow binary is optimized with oneAPI Deep Neural Network Library (oneDNN) to use the following CPU instructions in performance-critical operations:  AVX2 FMA
To enable them in other operations, rebuild TensorFlow with the appropriate compiler flags.
2024-06-17 01:16:13.858549: I tensorflow/core/platform/profile_utils/cpu_utils.cc:112] CPU Frequency: 2445305000 Hz
2024-06-17 01:16:13.859360: I tensorflow/compiler/jit/xla_gpu_device.cc:99] Not creating XLA devices, tf_xla_enable_xla_devices not set
2024-06-17 01:16:13.860409: I tensorflow/compiler/jit/xla_cpu_device.cc:41] Not creating XLA devices, tf_xla_enable_xla_devices not set
2024-06-17 01:16:13.862759: I tensorflow/stream_executor/platform/default/dso_loader.cc:49] Successfully opened dynamic library libcuda.so.1
INFO:tensorflow:Restoring parameters from /global/cfs/cdirs/desi/users/jqzou/dla_finder/prediction/model/train_lowsnr/train_lowsnr/current_99999.ckpt
2024-06-17 01:16:13.877986: I tensorflow/compiler/mlir/mlir_graph_optimization_pass.cc:196] None of the MLIR optimization passes are enabled (registered 0 passes)
2024-06-17 01:16:13.907642: I tensorflow/core/platform/profile_utils/cpu_utils.cc:112] CPU Frequency: 2445305000 Hz
INFO:tensorflow:Restoring parameters from /global/cfs/cdirs/desi/users/jqzou/dla_finder/prediction/model/train_lowsnr/train_lowsnr/current_99999.ckpt
2024-06-17 01:16:13.923640: I tensorflow/compiler/mlir/mlir_graph_optimization_pass.cc:196] None of the MLIR optimization passes are enabled (registered 0 passes)
2024-06-17 01:16:13.951657: I tensorflow/core/platform/profile_utils/cpu_utils.cc:112] CPU Frequency: 2445305000 Hz
WARNING:tensorflow:From /global/cfs/cdirs/desi/users/jqzou/dla_finder/training/model.py:291: div (from tensorflow.python.ops.math_ops) is deprecated and will be removed in a future version.
Instructions for updating:
Deprecated in favor of operator or tf.math.divide.
2024-06-17 01:16:14.099273: I tensorflow/compiler/jit/xla_cpu_device.cc:41] Not creating XLA devices, tf_xla_enable_xla_devices not set
2024-06-17 01:16:14.126384: E tensorflow/stream_executor/cuda/cuda_driver.cc:328] failed call to cuInit: CUDA_ERROR_NO_DEVICE: no CUDA-capable device is detected
2024-06-17 01:16:14.126756: I tensorflow/stream_executor/cuda/cuda_diagnostics.cc:156] kernel driver does not appear to be running on this host (nid005800): /proc/driver/nvidia/version does not exist
2024-06-17 01:16:14.128765: I tensorflow/core/platform/cpu_feature_guard.cc:142] This TensorFlow binary is optimized with oneAPI Deep Neural Network Library (oneDNN) to use the following CPU instructions in performance-critical operations:  AVX2 FMA
To enable them in other operations, rebuild TensorFlow with the appropriate compiler flags.
2024-06-17 01:16:14.135342: I tensorflow/compiler/jit/xla_gpu_device.cc:99] Not creating XLA devices, tf_xla_enable_xla_devices not set
2024-06-17 01:16:14.146352: I tensorflow/stream_executor/platform/default/dso_loader.cc:49] Successfully opened dynamic library libcuda.so.1
2024-06-17 01:16:14.174793: E tensorflow/stream_executor/cuda/cuda_driver.cc:328] failed call to cuInit: CUDA_ERROR_NO_DEVICE: no CUDA-capable device is detected
2024-06-17 01:16:14.174860: I tensorflow/stream_executor/cuda/cuda_diagnostics.cc:156] kernel driver does not appear to be running on this host (nid005800): /proc/driver/nvidia/version does not exist
2024-06-17 01:16:14.176625: I tensorflow/core/platform/cpu_feature_guard.cc:142] This TensorFlow binary is optimized with oneAPI Deep Neural Network Library (oneDNN) to use the following CPU instructions in performance-critical operations:  AVX2 FMA
To enable them in other operations, rebuild TensorFlow with the appropriate compiler flags.
2024-06-17 01:16:14.180960: I tensorflow/compiler/jit/xla_gpu_device.cc:99] Not creating XLA devices, tf_xla_enable_xla_devices not set
2024-06-17 01:16:14.193609: I tensorflow/compiler/jit/xla_cpu_device.cc:41] Not creating XLA devices, tf_xla_enable_xla_devices not set
2024-06-17 01:16:14.197871: I tensorflow/stream_executor/platform/default/dso_loader.cc:49] Successfully opened dynamic library libcuda.so.1
2024-06-17 01:16:14.200923: E tensorflow/stream_executor/cuda/cuda_driver.cc:328] failed call to cuInit: CUDA_ERROR_NO_DEVICE: no CUDA-capable device is detected
2024-06-17 01:16:14.201108: I tensorflow/stream_executor/cuda/cuda_diagnostics.cc:156] kernel driver does not appear to be running on this host (nid005800): /proc/driver/nvidia/version does not exist
2024-06-17 01:16:14.202809: I tensorflow/core/platform/cpu_feature_guard.cc:142] This TensorFlow binary is optimized with oneAPI Deep Neural Network Library (oneDNN) to use the following CPU instructions in performance-critical operations:  AVX2 FMA
To enable them in other operations, rebuild TensorFlow with the appropriate compiler flags.
2024-06-17 01:16:14.206438: I tensorflow/compiler/jit/xla_gpu_device.cc:99] Not creating XLA devices, tf_xla_enable_xla_devices not set
2024-06-17 01:16:14.215742: I tensorflow/compiler/jit/xla_cpu_device.cc:41] Not creating XLA devices, tf_xla_enable_xla_devices not set
2024-06-17 01:16:14.235626: I tensorflow/compiler/jit/xla_cpu_device.cc:41] Not creating XLA devices, tf_xla_enable_xla_devices not set
2024-06-17 01:16:14.244166: I tensorflow/compiler/jit/xla_cpu_device.cc:41] Not creating XLA devices, tf_xla_enable_xla_devices not set
WARNING:tensorflow:From /global/cfs/cdirs/desi/users/jqzou/dla_finder/training/model.py:291: div (from tensorflow.python.ops.math_ops) is deprecated and will be removed in a future version.
Instructions for updating:
Deprecated in favor of operator or tf.math.divide.
2024-06-17 01:16:14.257849: I tensorflow/stream_executor/platform/default/dso_loader.cc:49] Successfully opened dynamic library libcuda.so.1
2024-06-17 01:16:14.269003: I tensorflow/stream_executor/platform/default/dso_loader.cc:49] Successfully opened dynamic library libcuda.so.1
INFO:tensorflow:Restoring parameters from /global/cfs/cdirs/desi/users/jqzou/dla_finder/prediction/model/train_lowsnr/train_lowsnr/current_99999.ckpt
2024-06-17 01:16:14.271891: I tensorflow/stream_executor/platform/default/dso_loader.cc:49] Successfully opened dynamic library libcuda.so.1
2024-06-17 01:16:14.293685: I tensorflow/compiler/mlir/mlir_graph_optimization_pass.cc:196] None of the MLIR optimization passes are enabled (registered 0 passes)
WARNING:tensorflow:From /global/cfs/cdirs/desi/users/jqzou/dla_finder/training/model.py:291: div (from tensorflow.python.ops.math_ops) is deprecated and will be removed in a future version.
Instructions for updating:
Deprecated in favor of operator or tf.math.divide.
2024-06-17 01:16:14.343778: I tensorflow/core/platform/profile_utils/cpu_utils.cc:112] CPU Frequency: 2445305000 Hz
2024-06-17 01:16:14.344077: E tensorflow/stream_executor/cuda/cuda_driver.cc:328] failed call to cuInit: CUDA_ERROR_NO_DEVICE: no CUDA-capable device is detected
2024-06-17 01:16:14.344316: I tensorflow/stream_executor/cuda/cuda_diagnostics.cc:156] kernel driver does not appear to be running on this host (nid005800): /proc/driver/nvidia/version does not exist
2024-06-17 01:16:14.345969: I tensorflow/core/platform/cpu_feature_guard.cc:142] This TensorFlow binary is optimized with oneAPI Deep Neural Network Library (oneDNN) to use the following CPU instructions in performance-critical operations:  AVX2 FMA
To enable them in other operations, rebuild TensorFlow with the appropriate compiler flags.
INFO:tensorflow:Restoring parameters from /global/cfs/cdirs/desi/users/jqzou/dla_finder/prediction/model/train_lowsnr/train_lowsnr/current_99999.ckpt
2024-06-17 01:16:14.354194: I tensorflow/compiler/jit/xla_cpu_device.cc:41] Not creating XLA devices, tf_xla_enable_xla_devices not set
INFO:tensorflow:Restoring parameters from /global/cfs/cdirs/desi/users/jqzou/dla_finder/prediction/model/train_lowsnr/train_lowsnr/current_99999.ckpt
2024-06-17 01:16:14.364539: I tensorflow/stream_executor/platform/default/dso_loader.cc:49] Successfully opened dynamic library libcuda.so.1
2024-06-17 01:16:14.372651: I tensorflow/compiler/jit/xla_gpu_device.cc:99] Not creating XLA devices, tf_xla_enable_xla_devices not set
2024-06-17 01:16:14.373219: I tensorflow/compiler/jit/xla_gpu_device.cc:99] Not creating XLA devices, tf_xla_enable_xla_devices not set
2024-06-17 01:16:14.375934: I tensorflow/compiler/mlir/mlir_graph_optimization_pass.cc:196] None of the MLIR optimization passes are enabled (registered 0 passes)
2024-06-17 01:16:14.379313: I tensorflow/compiler/mlir/mlir_graph_optimization_pass.cc:196] None of the MLIR optimization passes are enabled (registered 0 passes)
2024-06-17 01:16:14.380580: I tensorflow/compiler/jit/xla_gpu_device.cc:99] Not creating XLA devices, tf_xla_enable_xla_devices not set
 98%|███████████████████████████████████████████████████████████████████████████████████████████████████████████████████████████████████████████████████▌   | 43/44 [00:03<00:00, 12.13it/s]2024-06-17 01:16:14.419764: I tensorflow/core/platform/profile_utils/cpu_utils.cc:112] CPU Frequency: 2445305000 Hz
2024-06-17 01:16:14.419764: I tensorflow/core/platform/profile_utils/cpu_utils.cc:112] CPU Frequency: 2445305000 Hz
100%|███████████████████████████████████████████████████████████████████████████████████████████████████████████████████████████████████████████████████████| 44/44 [00:03<00:00, 13.14it/s]2024-06-17 01:16:14.435769: I tensorflow/compiler/jit/xla_gpu_device.cc:99] Not creating XLA devices, tf_xla_enable_xla_devices not set
INFO:tensorflow:Restoring parameters from /global/cfs/cdirs/desi/users/jqzou/dla_finder/prediction/model/train_midsnr/train_midsnr/current_99999.ckpt
INFO:tensorflow:Restoring parameters from /global/cfs/cdirs/desi/users/jqzou/dla_finder/prediction/model/train_midsnr/train_midsnr/current_99999.ckpt
INFO:tensorflow:Restoring parameters from /global/cfs/cdirs/desi/users/jqzou/dla_finder/prediction/model/train_lowsnr/train_lowsnr/current_99999.ckpt
2024-06-17 01:16:14.491450: I tensorflow/compiler/jit/xla_gpu_device.cc:99] Not creating XLA devices, tf_xla_enable_xla_devices not set
2024-06-17 01:16:14.498587: I tensorflow/compiler/mlir/mlir_graph_optimization_pass.cc:196] None of the MLIR optimization passes are enabled (registered 0 passes)
INFO:tensorflow:Restoring parameters from /global/cfs/cdirs/desi/users/jqzou/dla_finder/prediction/model/train_midsnr/train_midsnr/current_99999.ckpt
2024-06-17 01:16:14.502689: I tensorflow/compiler/jit/xla_cpu_device.cc:41] Not creating XLA devices, tf_xla_enable_xla_devices not set
2024-06-17 01:16:14.504971: I tensorflow/stream_executor/platform/default/dso_loader.cc:49] Successfully opened dynamic library libcuda.so.1
2024-06-17 01:16:14.527432: I tensorflow/compiler/jit/xla_gpu_device.cc:99] Not creating XLA devices, tf_xla_enable_xla_devices not set
2024-06-17 01:16:14.527639: I tensorflow/core/platform/profile_utils/cpu_utils.cc:112] CPU Frequency: 2445305000 Hz
INFO:tensorflow:Restoring parameters from /global/cfs/cdirs/desi/users/jqzou/dla_finder/prediction/model/train_midsnr/train_midsnr/current_99999.ckpt
INFO:tensorflow:Restoring parameters from /global/cfs/cdirs/desi/users/jqzou/dla_finder/prediction/model/train_midsnr/train_midsnr/current_99999.ckpt
2024-06-17 01:16:14.611962: E tensorflow/stream_executor/cuda/cuda_driver.cc:328] failed call to cuInit: CUDA_ERROR_NO_DEVICE: no CUDA-capable device is detected
2024-06-17 01:16:14.612174: I tensorflow/stream_executor/cuda/cuda_diagnostics.cc:156] kernel driver does not appear to be running on this host (nid005800): /proc/driver/nvidia/version does not exist
2024-06-17 01:16:14.614089: I tensorflow/core/platform/cpu_feature_guard.cc:142] This TensorFlow binary is optimized with oneAPI Deep Neural Network Library (oneDNN) to use the following CPU instructions in performance-critical operations:  AVX2 FMA
To enable them in other operations, rebuild TensorFlow with the appropriate compiler flags.
2024-06-17 01:16:14.663903: I tensorflow/compiler/jit/xla_gpu_device.cc:99] Not creating XLA devices, tf_xla_enable_xla_devices not set
2024-06-17 01:16:14.696930: E tensorflow/stream_executor/cuda/cuda_driver.cc:328] failed call to cuInit: CUDA_ERROR_NO_DEVICE: no CUDA-capable device is detected
2024-06-17 01:16:14.697046: I tensorflow/stream_executor/cuda/cuda_diagnostics.cc:156] kernel driver does not appear to be running on this host (nid005800): /proc/driver/nvidia/version does not exist
2024-06-17 01:16:14.699248: I tensorflow/core/platform/cpu_feature_guard.cc:142] This TensorFlow binary is optimized with oneAPI Deep Neural Network Library (oneDNN) to use the following CPU instructions in performance-critical operations:  AVX2 FMA
To enable them in other operations, rebuild TensorFlow with the appropriate compiler flags.
2024-06-17 01:16:14.706774: I tensorflow/compiler/jit/xla_gpu_device.cc:99] Not creating XLA devices, tf_xla_enable_xla_devices not set
2024-06-17 01:16:14.712207: E tensorflow/stream_executor/cuda/cuda_driver.cc:328] failed call to cuInit: CUDA_ERROR_NO_DEVICE: no CUDA-capable device is detected
2024-06-17 01:16:14.712583: I tensorflow/stream_executor/cuda/cuda_diagnostics.cc:156] kernel driver does not appear to be running on this host (nid005800): /proc/driver/nvidia/version does not exist
2024-06-17 01:16:14.715930: I tensorflow/core/platform/cpu_feature_guard.cc:142] This TensorFlow binary is optimized with oneAPI Deep Neural Network Library (oneDNN) to use the following CPU instructions in performance-critical operations:  AVX2 FMA
To enable them in other operations, rebuild TensorFlow with the appropriate compiler flags.
2024-06-17 01:16:14.724258: I tensorflow/compiler/jit/xla_gpu_device.cc:99] Not creating XLA devices, tf_xla_enable_xla_devices not set
INFO:tensorflow:Restoring parameters from /global/cfs/cdirs/desi/users/jqzou/dla_finder/prediction/model/train_lowsnr/train_lowsnr/current_99999.ckpt
INFO:tensorflow:Restoring parameters from /global/cfs/cdirs/desi/users/jqzou/dla_finder/prediction/model/train_lowsnr/train_lowsnr/current_99999.ckpt
2024-06-17 01:16:14.824799: I tensorflow/compiler/mlir/mlir_graph_optimization_pass.cc:196] None of the MLIR optimization passes are enabled (registered 0 passes)
2024-06-17 01:16:14.843648: I tensorflow/core/platform/profile_utils/cpu_utils.cc:112] CPU Frequency: 2445305000 Hz
2024-06-17 01:16:14.844000: I tensorflow/compiler/mlir/mlir_graph_optimization_pass.cc:196] None of the MLIR optimization passes are enabled (registered 0 passes)
INFO:tensorflow:Restoring parameters from /global/cfs/cdirs/desi/users/jqzou/dla_finder/prediction/model/train_lowsnr/train_lowsnr/current_99999.ckpt
2024-06-17 01:16:14.862011: I tensorflow/core/platform/profile_utils/cpu_utils.cc:112] CPU Frequency: 2445305000 Hz
2024-06-17 01:16:14.886093: I tensorflow/compiler/mlir/mlir_graph_optimization_pass.cc:196] None of the MLIR optimization passes are enabled (registered 0 passes)
2024-06-17 01:16:14.920331: I tensorflow/core/platform/profile_utils/cpu_utils.cc:112] CPU Frequency: 2445305000 Hz
2024-06-17 01:16:14.956315: E tensorflow/stream_executor/cuda/cuda_driver.cc:328] failed call to cuInit: CUDA_ERROR_NO_DEVICE: no CUDA-capable device is detected
2024-06-17 01:16:14.956589: I tensorflow/stream_executor/cuda/cuda_diagnostics.cc:156] kernel driver does not appear to be running on this host (nid005800): /proc/driver/nvidia/version does not exist
2024-06-17 01:16:14.957731: E tensorflow/stream_executor/cuda/cuda_driver.cc:328] failed call to cuInit: CUDA_ERROR_NO_DEVICE: no CUDA-capable device is detected
2024-06-17 01:16:14.958014: I tensorflow/stream_executor/cuda/cuda_diagnostics.cc:156] kernel driver does not appear to be running on this host (nid005800): /proc/driver/nvidia/version does not exist
2024-06-17 01:16:14.958634: I tensorflow/core/platform/cpu_feature_guard.cc:142] This TensorFlow binary is optimized with oneAPI Deep Neural Network Library (oneDNN) to use the following CPU instructions in performance-critical operations:  AVX2 FMA
To enable them in other operations, rebuild TensorFlow with the appropriate compiler flags.
2024-06-17 01:16:14.960361: I tensorflow/core/platform/cpu_feature_guard.cc:142] This TensorFlow binary is optimized with oneAPI Deep Neural Network Library (oneDNN) to use the following CPU instructions in performance-critical operations:  AVX2 FMA
To enable them in other operations, rebuild TensorFlow with the appropriate compiler flags.
2024-06-17 01:16:14.979434: I tensorflow/compiler/jit/xla_gpu_device.cc:99] Not creating XLA devices, tf_xla_enable_xla_devices not set
2024-06-17 01:16:15.032538: I tensorflow/compiler/jit/xla_gpu_device.cc:99] Not creating XLA devices, tf_xla_enable_xla_devices not set
2024-06-17 01:16:15.058327: I tensorflow/compiler/jit/xla_cpu_device.cc:41] Not creating XLA devices, tf_xla_enable_xla_devices not set
2024-06-17 01:16:15.079619: I tensorflow/stream_executor/platform/default/dso_loader.cc:49] Successfully opened dynamic library libcuda.so.1
2024-06-17 01:16:15.092512: E tensorflow/stream_executor/cuda/cuda_driver.cc:328] failed call to cuInit: CUDA_ERROR_NO_DEVICE: no CUDA-capable device is detected
2024-06-17 01:16:15.092737: I tensorflow/stream_executor/cuda/cuda_diagnostics.cc:156] kernel driver does not appear to be running on this host (nid005800): /proc/driver/nvidia/version does not exist
2024-06-17 01:16:15.094717: I tensorflow/core/platform/cpu_feature_guard.cc:142] This TensorFlow binary is optimized with oneAPI Deep Neural Network Library (oneDNN) to use the following CPU instructions in performance-critical operations:  AVX2 FMA
To enable them in other operations, rebuild TensorFlow with the appropriate compiler flags.
2024-06-17 01:16:15.101183: I tensorflow/compiler/jit/xla_gpu_device.cc:99] Not creating XLA devices, tf_xla_enable_xla_devices not set
2024-06-17 01:16:15.109129: I tensorflow/compiler/jit/xla_cpu_device.cc:41] Not creating XLA devices, tf_xla_enable_xla_devices not set
2024-06-17 01:16:15.114894: I tensorflow/stream_executor/platform/default/dso_loader.cc:49] Successfully opened dynamic library libcuda.so.1
INFO:tensorflow:Restoring parameters from /global/cfs/cdirs/desi/users/jqzou/dla_finder/prediction/model/train_lowsnr/train_lowsnr/current_99999.ckpt
2024-06-17 01:16:15.208170: I tensorflow/compiler/mlir/mlir_graph_optimization_pass.cc:196] None of the MLIR optimization passes are enabled (registered 0 passes)
2024-06-17 01:16:15.227887: I tensorflow/core/platform/profile_utils/cpu_utils.cc:112] CPU Frequency: 2445305000 Hz
INFO:tensorflow:Restoring parameters from /global/cfs/cdirs/desi/users/jqzou/dla_finder/prediction/model/train_lowsnr/train_lowsnr/current_99999.ckpt
2024-06-17 01:16:15.312226: E tensorflow/stream_executor/cuda/cuda_driver.cc:328] failed call to cuInit: CUDA_ERROR_NO_DEVICE: no CUDA-capable device is detected
2024-06-17 01:16:15.312485: I tensorflow/stream_executor/cuda/cuda_diagnostics.cc:156] kernel driver does not appear to be running on this host (nid005800): /proc/driver/nvidia/version does not exist
2024-06-17 01:16:15.314723: I tensorflow/core/platform/cpu_feature_guard.cc:142] This TensorFlow binary is optimized with oneAPI Deep Neural Network Library (oneDNN) to use the following CPU instructions in performance-critical operations:  AVX2 FMA
To enable them in other operations, rebuild TensorFlow with the appropriate compiler flags.
2024-06-17 01:16:15.319014: I tensorflow/compiler/jit/xla_gpu_device.cc:99] Not creating XLA devices, tf_xla_enable_xla_devices not set
2024-06-17 01:16:15.329437: I tensorflow/compiler/mlir/mlir_graph_optimization_pass.cc:196] None of the MLIR optimization passes are enabled (registered 0 passes)
INFO:tensorflow:Restoring parameters from /global/cfs/cdirs/desi/users/jqzou/dla_finder/prediction/model/train_lowsnr/train_lowsnr/current_99999.ckpt
2024-06-17 01:16:15.433342: I tensorflow/compiler/mlir/mlir_graph_optimization_pass.cc:196] None of the MLIR optimization passes are enabled (registered 0 passes)
2024-06-17 01:16:15.439773: I tensorflow/core/platform/profile_utils/cpu_utils.cc:112] CPU Frequency: 2445305000 Hz
2024-06-17 01:16:15.471751: I tensorflow/core/platform/profile_utils/cpu_utils.cc:112] CPU Frequency: 2445305000 Hz
INFO:tensorflow:Restoring parameters from /global/cfs/cdirs/desi/users/jqzou/dla_finder/prediction/model/train_lowsnr/train_lowsnr/current_99999.ckpt
2024-06-17 01:16:15.618811: I tensorflow/compiler/jit/xla_cpu_device.cc:41] Not creating XLA devices, tf_xla_enable_xla_devices not set
2024-06-17 01:16:15.629847: I tensorflow/compiler/mlir/mlir_graph_optimization_pass.cc:196] None of the MLIR optimization passes are enabled (registered 0 passes)
2024-06-17 01:16:15.650188: I tensorflow/stream_executor/platform/default/dso_loader.cc:49] Successfully opened dynamic library libcuda.so.1
2024-06-17 01:16:15.672633: I tensorflow/core/platform/profile_utils/cpu_utils.cc:112] CPU Frequency: 2445305000 Hz
2024-06-17 01:16:15.732508: I tensorflow/compiler/jit/xla_gpu_device.cc:99] Not creating XLA devices, tf_xla_enable_xla_devices not set
INFO:tensorflow:Restoring parameters from /global/cfs/cdirs/desi/users/jqzou/dla_finder/prediction/model/train_midsnr/train_midsnr/current_99999.ckpt
2024-06-17 01:16:15.999705: E tensorflow/stream_executor/cuda/cuda_driver.cc:328] failed call to cuInit: CUDA_ERROR_NO_DEVICE: no CUDA-capable device is detected
2024-06-17 01:16:15.999899: I tensorflow/stream_executor/cuda/cuda_diagnostics.cc:156] kernel driver does not appear to be running on this host (nid005800): /proc/driver/nvidia/version does not exist
2024-06-17 01:16:16.001773: I tensorflow/core/platform/cpu_feature_guard.cc:142] This TensorFlow binary is optimized with oneAPI Deep Neural Network Library (oneDNN) to use the following CPU instructions in performance-critical operations:  AVX2 FMA
To enable them in other operations, rebuild TensorFlow with the appropriate compiler flags.
2024-06-17 01:16:16.012480: E tensorflow/stream_executor/cuda/cuda_driver.cc:328] failed call to cuInit: CUDA_ERROR_NO_DEVICE: no CUDA-capable device is detected
2024-06-17 01:16:16.012689: I tensorflow/stream_executor/cuda/cuda_diagnostics.cc:156] kernel driver does not appear to be running on this host (nid005800): /proc/driver/nvidia/version does not exist
2024-06-17 01:16:16.014558: I tensorflow/core/platform/cpu_feature_guard.cc:142] This TensorFlow binary is optimized with oneAPI Deep Neural Network Library (oneDNN) to use the following CPU instructions in performance-critical operations:  AVX2 FMA
To enable them in other operations, rebuild TensorFlow with the appropriate compiler flags.
2024-06-17 01:16:16.028736: I tensorflow/compiler/jit/xla_gpu_device.cc:99] Not creating XLA devices, tf_xla_enable_xla_devices not set
2024-06-17 01:16:16.045247: I tensorflow/compiler/jit/xla_gpu_device.cc:99] Not creating XLA devices, tf_xla_enable_xla_devices not set
2024-06-17 01:16:16.083834: I tensorflow/compiler/jit/xla_gpu_device.cc:99] Not creating XLA devices, tf_xla_enable_xla_devices not set
INFO:tensorflow:Restoring parameters from /global/cfs/cdirs/desi/users/jqzou/dla_finder/prediction/model/train_lowsnr/train_lowsnr/current_99999.ckpt
INFO:tensorflow:Restoring parameters from /global/cfs/cdirs/desi/users/jqzou/dla_finder/prediction/model/train_lowsnr/train_lowsnr/current_99999.ckpt
INFO:tensorflow:Restoring parameters from /global/cfs/cdirs/desi/users/jqzou/dla_finder/prediction/model/train_lowsnr/train_lowsnr/current_99999.ckpt
2024-06-17 01:16:16.231763: I tensorflow/compiler/mlir/mlir_graph_optimization_pass.cc:196] None of the MLIR optimization passes are enabled (registered 0 passes)
2024-06-17 01:16:16.242851: I tensorflow/compiler/mlir/mlir_graph_optimization_pass.cc:196] None of the MLIR optimization passes are enabled (registered 0 passes)
2024-06-17 01:16:16.252138: I tensorflow/core/platform/profile_utils/cpu_utils.cc:112] CPU Frequency: 2445305000 Hz
2024-06-17 01:16:16.287770: I tensorflow/core/platform/profile_utils/cpu_utils.cc:112] CPU Frequency: 2445305000 Hz
2024-06-17 01:16:16.340112: I tensorflow/compiler/jit/xla_gpu_device.cc:99] Not creating XLA devices, tf_xla_enable_xla_devices not set
2024-06-17 01:16:16.367788: I tensorflow/compiler/jit/xla_gpu_device.cc:99] Not creating XLA devices, tf_xla_enable_xla_devices not set
2024-06-17 01:16:16.418771: E tensorflow/stream_executor/cuda/cuda_driver.cc:328] failed call to cuInit: CUDA_ERROR_NO_DEVICE: no CUDA-capable device is detected
2024-06-17 01:16:16.419028: I tensorflow/stream_executor/cuda/cuda_diagnostics.cc:156] kernel driver does not appear to be running on this host (nid005800): /proc/driver/nvidia/version does not exist
2024-06-17 01:16:16.421057: I tensorflow/core/platform/cpu_feature_guard.cc:142] This TensorFlow binary is optimized with oneAPI Deep Neural Network Library (oneDNN) to use the following CPU instructions in performance-critical operations:  AVX2 FMA
To enable them in other operations, rebuild TensorFlow with the appropriate compiler flags.
2024-06-17 01:16:16.424964: I tensorflow/compiler/jit/xla_gpu_device.cc:99] Not creating XLA devices, tf_xla_enable_xla_devices not set
INFO:tensorflow:Restoring parameters from /global/cfs/cdirs/desi/users/jqzou/dla_finder/prediction/model/train_lowsnr/train_lowsnr/current_99999.ckpt
INFO:tensorflow:Restoring parameters from /global/cfs/cdirs/desi/users/jqzou/dla_finder/prediction/model/train_lowsnr/train_lowsnr/current_99999.ckpt
INFO:tensorflow:Restoring parameters from /global/cfs/cdirs/desi/users/jqzou/dla_finder/prediction/model/train_lowsnr/train_lowsnr/current_99999.ckpt
2024-06-17 01:16:16.553986: I tensorflow/compiler/mlir/mlir_graph_optimization_pass.cc:196] None of the MLIR optimization passes are enabled (registered 0 passes)
2024-06-17 01:16:16.600047: I tensorflow/core/platform/profile_utils/cpu_utils.cc:112] CPU Frequency: 2445305000 Hz
2024-06-17 01:16:16.642822: I tensorflow/compiler/jit/xla_gpu_device.cc:99] Not creating XLA devices, tf_xla_enable_xla_devices not set
INFO:tensorflow:Restoring parameters from /global/cfs/cdirs/desi/users/jqzou/dla_finder/prediction/model/train_lowsnr/train_lowsnr/current_99999.ckpt
2024-06-17 01:16:17.393645: I tensorflow/compiler/jit/xla_gpu_device.cc:99] Not creating XLA devices, tf_xla_enable_xla_devices not set
INFO:tensorflow:Restoring parameters from /global/cfs/cdirs/desi/users/jqzou/dla_finder/prediction/model/train_lowsnr/train_lowsnr/current_99999.ckpt
2024-06-17 01:16:17.453925: I tensorflow/compiler/jit/xla_gpu_device.cc:99] Not creating XLA devices, tf_xla_enable_xla_devices not set
INFO:tensorflow:Restoring parameters from /global/cfs/cdirs/desi/users/jqzou/dla_finder/prediction/model/train_lowsnr/train_lowsnr/current_99999.ckpt
2024-06-17 01:16:17.846472: I tensorflow/compiler/jit/xla_gpu_device.cc:99] Not creating XLA devices, tf_xla_enable_xla_devices not set
INFO:tensorflow:Restoring parameters from /global/cfs/cdirs/desi/users/jqzou/dla_finder/prediction/model/train_lowsnr/train_lowsnr/current_99999.ckpt
2024-06-17 01:16:17.997716: I tensorflow/compiler/jit/xla_gpu_device.cc:99] Not creating XLA devices, tf_xla_enable_xla_devices not set
INFO:tensorflow:Restoring parameters from /global/cfs/cdirs/desi/users/jqzou/dla_finder/prediction/model/train_lowsnr/train_lowsnr/current_99999.ckpt

  0%|                                                                                                                                                                | 0/44 [00:00<?, ?it/s]  0%|                                                                                                                                                                | 0/44 [00:00<?, ?it/s]
Traceback (most recent call last):
  File "/global/u1/t/tanting/DESI_analysis/desi-dlas/desi_mock_iron1.py", line 86, in <module>
    dla_tbl=save_pred(sightlines,pred,filename=dlacat_loc)
  File "/global/u1/t/tanting/DESI_analysis/desi-dlas/desidlas/prediction/pred_sightline.py", line 37, in save_pred
    pred_abs=vstack((pred_abs,analyze_pred(sightline,classifier,conf,offset,coldensity,PEAK_THRESH,lam_analyse)))
  File "/global/u1/t/tanting/DESI_analysis/desi-dlas/desidlas/prediction/analyze_prediction.py", line 106, in analyze_pred
    absorber_type =  "DLA" if mean_col_density_prediction >= 20.3 else "LYB" if sightline.is_lyb(peak) else "SUBDLA"
TypeError: is_lyb() missing 1 required positional argument: 'lam_analyse'
srun: error: nid005800: task 0: Exited with exit code 1
srun: Terminating StepId=26870691.0
2024-06-17 01:16:32.441151: W tensorflow/stream_executor/platform/default/dso_loader.cc:60] Could not load dynamic library 'libcudart.so.11.0'; dlerror: libcudart.so.11.0: cannot open shared object file: No such file or directory; LD_LIBRARY_PATH: /global/u1/t/tanting/fitter2_tutorial/PolyChordLite/lib:/global/u1/t/tanting/DESI_analysis/theoretical_pk/fisher_forecast/openmpi-4.1.2/lib:/global/u1/t/tanting/fitter2_tutorial/PolyChordLite/lib:/global/u1/t/tanting/DESI_analysis/theoretical_pk/fisher_forecast/openmpi-4.1.2/lib:/global/common/software/nersc/pm-2022q4/sw/evp-patch/lib64:/global/u1/t/tanting/fitter2_tutorial/PolyChordLite/lib:/global/u1/t/tanting/DESI_analysis/theoretical_pk/fisher_forecast/openmpi-4.1.2/lib:/usr/local/cuda-12.2/compat:/opt/nvidia/hpc_sdk/Linux_x86_64/23.9/math_libs/12.2/lib64:/opt/nvidia/hpc_sdk/Linux_x86_64/23.9/cuda/12.2/extras/CUPTI/lib64:/opt/nvidia/hpc_sdk/Linux_x86_64/23.9/cuda/12.2/extras/Debugger/lib64:/opt/nvidia/hpc_sdk/Linux_x86_64/23.9/cuda/12.2/nvvm/lib64:/opt/nvidia/hpc_sdk/Linux_x86_64/23.9/cuda/12.2/lib64:/opt/cray/pe/papi/7.0.1.2/lib64:/opt/cray/libfabric/1.15.2.0/lib64:/opt/cray/libfabric/1.15.2.0/lib64:/opt/cray/libfabric/1.15.2.0/lib64
2024-06-17 01:16:32.441170: I tensorflow/stream_executor/cuda/cudart_stub.cc:29] Ignore above cudart dlerror if you do not have a GPU set up on your machine.
  0%|                                                                                                                                                                | 0/58 [00:00<?, ?it/s]WARNING:tensorflow:From /global/cfs/cdirs/desi/users/jqzou/dla_finder/training/model.py:291: div (from tensorflow.python.ops.math_ops) is deprecated and will be removed in a future version.
Instructions for updating:
Deprecated in favor of operator or tf.math.divide.
WARNING:tensorflow:From /global/cfs/cdirs/desi/users/jqzou/dla_finder/training/model.py:291: div (from tensorflow.python.ops.math_ops) is deprecated and will be removed in a future version.
Instructions for updating:
Deprecated in favor of operator or tf.math.divide.
WARNING:tensorflow:From /global/cfs/cdirs/desi/users/jqzou/dla_finder/training/model.py:291: div (from tensorflow.python.ops.math_ops) is deprecated and will be removed in a future version.
Instructions for updating:
Deprecated in favor of operator or tf.math.divide.
WARNING:tensorflow:From /global/cfs/cdirs/desi/users/jqzou/dla_finder/training/model.py:291: div (from tensorflow.python.ops.math_ops) is deprecated and will be removed in a future version.
Instructions for updating:
Deprecated in favor of operator or tf.math.divide.
WARNING:tensorflow:From /global/cfs/cdirs/desi/users/jqzou/dla_finder/training/model.py:291: div (from tensorflow.python.ops.math_ops) is deprecated and will be removed in a future version.
Instructions for updating:
Deprecated in favor of operator or tf.math.divide.
WARNING:tensorflow:From /global/cfs/cdirs/desi/users/jqzou/dla_finder/training/model.py:291: div (from tensorflow.python.ops.math_ops) is deprecated and will be removed in a future version.
Instructions for updating:
Deprecated in favor of operator or tf.math.divide.
WARNING:tensorflow:From /global/cfs/cdirs/desi/users/jqzou/dla_finder/training/model.py:291: div (from tensorflow.python.ops.math_ops) is deprecated and will be removed in a future version.
Instructions for updating:
Deprecated in favor of operator or tf.math.divide.
WARNING:tensorflow:From /global/cfs/cdirs/desi/users/jqzou/dla_finder/training/model.py:291: div (from tensorflow.python.ops.math_ops) is deprecated and will be removed in a future version.
Instructions for updating:
Deprecated in favor of operator or tf.math.divide.
WARNING:tensorflow:From /global/cfs/cdirs/desi/users/jqzou/dla_finder/training/model.py:291: div (from tensorflow.python.ops.math_ops) is deprecated and will be removed in a future version.
Instructions for updating:
Deprecated in favor of operator or tf.math.divide.
WARNING:tensorflow:From /global/cfs/cdirs/desi/users/jqzou/dla_finder/training/model.py:291: div (from tensorflow.python.ops.math_ops) is deprecated and will be removed in a future version.
Instructions for updating:
Deprecated in favor of operator or tf.math.divide.
WARNING:tensorflow:From /global/cfs/cdirs/desi/users/jqzou/dla_finder/training/model.py:291: div (from tensorflow.python.ops.math_ops) is deprecated and will be removed in a future version.
Instructions for updating:
Deprecated in favor of operator or tf.math.divide.
WARNING:tensorflow:From /global/cfs/cdirs/desi/users/jqzou/dla_finder/training/model.py:291: div (from tensorflow.python.ops.math_ops) is deprecated and will be removed in a future version.
Instructions for updating:
Deprecated in favor of operator or tf.math.divide.
WARNING:tensorflow:From /global/cfs/cdirs/desi/users/jqzou/dla_finder/training/model.py:291: div (from tensorflow.python.ops.math_ops) is deprecated and will be removed in a future version.
Instructions for updating:
Deprecated in favor of operator or tf.math.divide.
WARNING:tensorflow:From /global/cfs/cdirs/desi/users/jqzou/dla_finder/training/model.py:291: div (from tensorflow.python.ops.math_ops) is deprecated and will be removed in a future version.
Instructions for updating:
Deprecated in favor of operator or tf.math.divide.
WARNING:tensorflow:From /global/cfs/cdirs/desi/users/jqzou/dla_finder/training/model.py:291: div (from tensorflow.python.ops.math_ops) is deprecated and will be removed in a future version.
Instructions for updating:
Deprecated in favor of operator or tf.math.divide.
2024-06-17 01:17:19.784895: I tensorflow/compiler/jit/xla_cpu_device.cc:41] Not creating XLA devices, tf_xla_enable_xla_devices not set
2024-06-17 01:17:19.791608: I tensorflow/stream_executor/platform/default/dso_loader.cc:49] Successfully opened dynamic library libcuda.so.1
2024-06-17 01:17:19.793729: I tensorflow/compiler/jit/xla_cpu_device.cc:41] Not creating XLA devices, tf_xla_enable_xla_devices not set
2024-06-17 01:17:19.796065: I tensorflow/stream_executor/platform/default/dso_loader.cc:49] Successfully opened dynamic library libcuda.so.1
2024-06-17 01:17:19.843095: I tensorflow/compiler/jit/xla_cpu_device.cc:41] Not creating XLA devices, tf_xla_enable_xla_devices not set
2024-06-17 01:17:19.845567: I tensorflow/stream_executor/platform/default/dso_loader.cc:49] Successfully opened dynamic library libcuda.so.1
2024-06-17 01:17:20.034181: I tensorflow/compiler/jit/xla_cpu_device.cc:41] Not creating XLA devices, tf_xla_enable_xla_devices not set
2024-06-17 01:17:20.037266: E tensorflow/stream_executor/cuda/cuda_driver.cc:328] failed call to cuInit: CUDA_ERROR_NO_DEVICE: no CUDA-capable device is detected
2024-06-17 01:17:20.037306: I tensorflow/stream_executor/cuda/cuda_diagnostics.cc:156] kernel driver does not appear to be running on this host (nid005800): /proc/driver/nvidia/version does not exist
2024-06-17 01:17:20.038475: I tensorflow/core/platform/cpu_feature_guard.cc:142] This TensorFlow binary is optimized with oneAPI Deep Neural Network Library (oneDNN) to use the following CPU instructions in performance-critical operations:  AVX2 FMA
To enable them in other operations, rebuild TensorFlow with the appropriate compiler flags.
2024-06-17 01:17:20.039986: I tensorflow/stream_executor/platform/default/dso_loader.cc:49] Successfully opened dynamic library libcuda.so.1
2024-06-17 01:17:20.043391: I tensorflow/compiler/jit/xla_gpu_device.cc:99] Not creating XLA devices, tf_xla_enable_xla_devices not set
2024-06-17 01:17:20.046898: E tensorflow/stream_executor/cuda/cuda_driver.cc:328] failed call to cuInit: CUDA_ERROR_NO_DEVICE: no CUDA-capable device is detected
2024-06-17 01:17:20.046947: I tensorflow/stream_executor/cuda/cuda_diagnostics.cc:156] kernel driver does not appear to be running on this host (nid005800): /proc/driver/nvidia/version does not exist
2024-06-17 01:17:20.048391: I tensorflow/core/platform/cpu_feature_guard.cc:142] This TensorFlow binary is optimized with oneAPI Deep Neural Network Library (oneDNN) to use the following CPU instructions in performance-critical operations:  AVX2 FMA
To enable them in other operations, rebuild TensorFlow with the appropriate compiler flags.
2024-06-17 01:17:20.050559: I tensorflow/compiler/jit/xla_cpu_device.cc:41] Not creating XLA devices, tf_xla_enable_xla_devices not set
2024-06-17 01:17:20.053869: I tensorflow/compiler/jit/xla_gpu_device.cc:99] Not creating XLA devices, tf_xla_enable_xla_devices not set
2024-06-17 01:17:20.053872: I tensorflow/compiler/jit/xla_cpu_device.cc:41] Not creating XLA devices, tf_xla_enable_xla_devices not set
2024-06-17 01:17:20.054110: I tensorflow/stream_executor/platform/default/dso_loader.cc:49] Successfully opened dynamic library libcuda.so.1
2024-06-17 01:17:20.055280: I tensorflow/compiler/jit/xla_cpu_device.cc:41] Not creating XLA devices, tf_xla_enable_xla_devices not set
2024-06-17 01:17:20.055653: I tensorflow/compiler/jit/xla_cpu_device.cc:41] Not creating XLA devices, tf_xla_enable_xla_devices not set
2024-06-17 01:17:20.056747: I tensorflow/stream_executor/platform/default/dso_loader.cc:49] Successfully opened dynamic library libcuda.so.1
2024-06-17 01:17:20.057519: I tensorflow/stream_executor/platform/default/dso_loader.cc:49] Successfully opened dynamic library libcuda.so.1
2024-06-17 01:17:20.057843: I tensorflow/stream_executor/platform/default/dso_loader.cc:49] Successfully opened dynamic library libcuda.so.1
2024-06-17 01:17:20.060445: I tensorflow/compiler/jit/xla_cpu_device.cc:41] Not creating XLA devices, tf_xla_enable_xla_devices not set
2024-06-17 01:17:20.061043: I tensorflow/compiler/jit/xla_cpu_device.cc:41] Not creating XLA devices, tf_xla_enable_xla_devices not set
2024-06-17 01:17:20.062469: I tensorflow/stream_executor/platform/default/dso_loader.cc:49] Successfully opened dynamic library libcuda.so.1
2024-06-17 01:17:20.063276: I tensorflow/stream_executor/platform/default/dso_loader.cc:49] Successfully opened dynamic library libcuda.so.1
2024-06-17 01:17:20.076505: I tensorflow/compiler/jit/xla_cpu_device.cc:41] Not creating XLA devices, tf_xla_enable_xla_devices not set
2024-06-17 01:17:20.078613: I tensorflow/stream_executor/platform/default/dso_loader.cc:49] Successfully opened dynamic library libcuda.so.1
2024-06-17 01:17:20.100039: E tensorflow/stream_executor/cuda/cuda_driver.cc:328] failed call to cuInit: CUDA_ERROR_NO_DEVICE: no CUDA-capable device is detected
2024-06-17 01:17:20.100081: I tensorflow/stream_executor/cuda/cuda_diagnostics.cc:156] kernel driver does not appear to be running on this host (nid005800): /proc/driver/nvidia/version does not exist
2024-06-17 01:17:20.102197: I tensorflow/core/platform/cpu_feature_guard.cc:142] This TensorFlow binary is optimized with oneAPI Deep Neural Network Library (oneDNN) to use the following CPU instructions in performance-critical operations:  AVX2 FMA
To enable them in other operations, rebuild TensorFlow with the appropriate compiler flags.
INFO:tensorflow:Restoring parameters from /global/cfs/cdirs/desi/users/jqzou/dla_finder/prediction/model/train_midsnr/train_midsnr/current_99999.ckpt
2024-06-17 01:17:20.107810: I tensorflow/compiler/jit/xla_gpu_device.cc:99] Not creating XLA devices, tf_xla_enable_xla_devices not set
2024-06-17 01:17:20.108537: I tensorflow/compiler/jit/xla_cpu_device.cc:41] Not creating XLA devices, tf_xla_enable_xla_devices not set
2024-06-17 01:17:20.110489: I tensorflow/compiler/jit/xla_cpu_device.cc:41] Not creating XLA devices, tf_xla_enable_xla_devices not set
2024-06-17 01:17:20.111015: I tensorflow/stream_executor/platform/default/dso_loader.cc:49] Successfully opened dynamic library libcuda.so.1
2024-06-17 01:17:20.112792: I tensorflow/stream_executor/platform/default/dso_loader.cc:49] Successfully opened dynamic library libcuda.so.1
2024-06-17 01:17:20.114339: I tensorflow/compiler/mlir/mlir_graph_optimization_pass.cc:196] None of the MLIR optimization passes are enabled (registered 0 passes)
2024-06-17 01:17:20.118112: I tensorflow/compiler/jit/xla_cpu_device.cc:41] Not creating XLA devices, tf_xla_enable_xla_devices not set
2024-06-17 01:17:20.120043: I tensorflow/stream_executor/platform/default/dso_loader.cc:49] Successfully opened dynamic library libcuda.so.1
2024-06-17 01:17:20.120857: I tensorflow/compiler/jit/xla_cpu_device.cc:41] Not creating XLA devices, tf_xla_enable_xla_devices not set
2024-06-17 01:17:20.122498: I tensorflow/stream_executor/platform/default/dso_loader.cc:49] Successfully opened dynamic library libcuda.so.1
2024-06-17 01:17:20.124820: I tensorflow/core/platform/profile_utils/cpu_utils.cc:112] CPU Frequency: 2445305000 Hz
INFO:tensorflow:Restoring parameters from /global/cfs/cdirs/desi/users/jqzou/dla_finder/prediction/model/train_midsnr/train_midsnr/current_99999.ckpt
2024-06-17 01:17:20.149115: I tensorflow/compiler/mlir/mlir_graph_optimization_pass.cc:196] None of the MLIR optimization passes are enabled (registered 0 passes)
INFO:tensorflow:Restoring parameters from /global/cfs/cdirs/desi/users/jqzou/dla_finder/prediction/model/train_midsnr/train_midsnr/current_99999.ckpt
2024-06-17 01:17:20.179665: I tensorflow/core/platform/profile_utils/cpu_utils.cc:112] CPU Frequency: 2445305000 Hz
2024-06-17 01:17:20.181763: I tensorflow/compiler/mlir/mlir_graph_optimization_pass.cc:196] None of the MLIR optimization passes are enabled (registered 0 passes)
2024-06-17 01:17:20.207643: I tensorflow/core/platform/profile_utils/cpu_utils.cc:112] CPU Frequency: 2445305000 Hz
WARNING:tensorflow:From /global/cfs/cdirs/desi/users/jqzou/dla_finder/training/model.py:291: div (from tensorflow.python.ops.math_ops) is deprecated and will be removed in a future version.
Instructions for updating:
Deprecated in favor of operator or tf.math.divide.
 53%|████████████████████████████████████████████████████████████████████████████████▋                                                                      | 31/58 [00:01<00:01, 24.78it/s]2024-06-17 01:17:20.505183: E tensorflow/stream_executor/cuda/cuda_driver.cc:328] failed call to cuInit: CUDA_ERROR_NO_DEVICE: no CUDA-capable device is detected
2024-06-17 01:17:20.505245: E tensorflow/stream_executor/cuda/cuda_driver.cc:328] failed call to cuInit: CUDA_ERROR_NO_DEVICE: no CUDA-capable device is detected
2024-06-17 01:17:20.505301: I tensorflow/stream_executor/cuda/cuda_diagnostics.cc:156] kernel driver does not appear to be running on this host (nid005800): /proc/driver/nvidia/version does not exist
2024-06-17 01:17:20.505424: I tensorflow/stream_executor/cuda/cuda_diagnostics.cc:156] kernel driver does not appear to be running on this host (nid005800): /proc/driver/nvidia/version does not exist
2024-06-17 01:17:20.507324: I tensorflow/core/platform/cpu_feature_guard.cc:142] This TensorFlow binary is optimized with oneAPI Deep Neural Network Library (oneDNN) to use the following CPU instructions in performance-critical operations:  AVX2 FMA
To enable them in other operations, rebuild TensorFlow with the appropriate compiler flags.
2024-06-17 01:17:20.507455: I tensorflow/core/platform/cpu_feature_guard.cc:142] This TensorFlow binary is optimized with oneAPI Deep Neural Network Library (oneDNN) to use the following CPU instructions in performance-critical operations:  AVX2 FMA
To enable them in other operations, rebuild TensorFlow with the appropriate compiler flags.
WARNING:tensorflow:From /global/cfs/cdirs/desi/users/jqzou/dla_finder/training/model.py:291: div (from tensorflow.python.ops.math_ops) is deprecated and will be removed in a future version.
Instructions for updating:
Deprecated in favor of operator or tf.math.divide.
2024-06-17 01:17:20.520173: I tensorflow/compiler/jit/xla_gpu_device.cc:99] Not creating XLA devices, tf_xla_enable_xla_devices not set
2024-06-17 01:17:20.521799: I tensorflow/compiler/jit/xla_gpu_device.cc:99] Not creating XLA devices, tf_xla_enable_xla_devices not set
2024-06-17 01:17:20.525283: E tensorflow/stream_executor/cuda/cuda_driver.cc:328] failed call to cuInit: CUDA_ERROR_NO_DEVICE: no CUDA-capable device is detected
2024-06-17 01:17:20.525329: I tensorflow/stream_executor/cuda/cuda_diagnostics.cc:156] kernel driver does not appear to be running on this host (nid005800): /proc/driver/nvidia/version does not exist
WARNING:tensorflow:From /global/cfs/cdirs/desi/users/jqzou/dla_finder/training/model.py:291: div (from tensorflow.python.ops.math_ops) is deprecated and will be removed in a future version.
Instructions for updating:
Deprecated in favor of operator or tf.math.divide.
2024-06-17 01:17:20.527226: I tensorflow/core/platform/cpu_feature_guard.cc:142] This TensorFlow binary is optimized with oneAPI Deep Neural Network Library (oneDNN) to use the following CPU instructions in performance-critical operations:  AVX2 FMA
To enable them in other operations, rebuild TensorFlow with the appropriate compiler flags.
2024-06-17 01:17:20.537948: I tensorflow/compiler/jit/xla_gpu_device.cc:99] Not creating XLA devices, tf_xla_enable_xla_devices not set
2024-06-17 01:17:20.539518: E tensorflow/stream_executor/cuda/cuda_driver.cc:328] failed call to cuInit: CUDA_ERROR_NO_DEVICE: no CUDA-capable device is detected
2024-06-17 01:17:20.539578: I tensorflow/stream_executor/cuda/cuda_diagnostics.cc:156] kernel driver does not appear to be running on this host (nid005800): /proc/driver/nvidia/version does not exist
2024-06-17 01:17:20.540552: E tensorflow/stream_executor/cuda/cuda_driver.cc:328] failed call to cuInit: CUDA_ERROR_NO_DEVICE: no CUDA-capable device is detected
2024-06-17 01:17:20.540603: I tensorflow/stream_executor/cuda/cuda_diagnostics.cc:156] kernel driver does not appear to be running on this host (nid005800): /proc/driver/nvidia/version does not exist
2024-06-17 01:17:20.541318: I tensorflow/core/platform/cpu_feature_guard.cc:142] This TensorFlow binary is optimized with oneAPI Deep Neural Network Library (oneDNN) to use the following CPU instructions in performance-critical operations:  AVX2 FMA
To enable them in other operations, rebuild TensorFlow with the appropriate compiler flags.
2024-06-17 01:17:20.542079: I tensorflow/core/platform/cpu_feature_guard.cc:142] This TensorFlow binary is optimized with oneAPI Deep Neural Network Library (oneDNN) to use the following CPU instructions in performance-critical operations:  AVX2 FMA
To enable them in other operations, rebuild TensorFlow with the appropriate compiler flags.
2024-06-17 01:17:20.547400: I tensorflow/compiler/jit/xla_gpu_device.cc:99] Not creating XLA devices, tf_xla_enable_xla_devices not set
2024-06-17 01:17:20.547403: I tensorflow/compiler/jit/xla_gpu_device.cc:99] Not creating XLA devices, tf_xla_enable_xla_devices not set
2024-06-17 01:17:20.547915: E tensorflow/stream_executor/cuda/cuda_driver.cc:328] failed call to cuInit: CUDA_ERROR_NO_DEVICE: no CUDA-capable device is detected
2024-06-17 01:17:20.547973: I tensorflow/stream_executor/cuda/cuda_diagnostics.cc:156] kernel driver does not appear to be running on this host (nid005800): /proc/driver/nvidia/version does not exist
2024-06-17 01:17:20.549435: I tensorflow/core/platform/cpu_feature_guard.cc:142] This TensorFlow binary is optimized with oneAPI Deep Neural Network Library (oneDNN) to use the following CPU instructions in performance-critical operations:  AVX2 FMA
To enable them in other operations, rebuild TensorFlow with the appropriate compiler flags.
2024-06-17 01:17:20.549595: E tensorflow/stream_executor/cuda/cuda_driver.cc:328] failed call to cuInit: CUDA_ERROR_NO_DEVICE: no CUDA-capable device is detected
2024-06-17 01:17:20.549656: I tensorflow/stream_executor/cuda/cuda_diagnostics.cc:156] kernel driver does not appear to be running on this host (nid005800): /proc/driver/nvidia/version does not exist
2024-06-17 01:17:20.551247: I tensorflow/core/platform/cpu_feature_guard.cc:142] This TensorFlow binary is optimized with oneAPI Deep Neural Network Library (oneDNN) to use the following CPU instructions in performance-critical operations:  AVX2 FMA
To enable them in other operations, rebuild TensorFlow with the appropriate compiler flags.
2024-06-17 01:17:20.553364: E tensorflow/stream_executor/cuda/cuda_driver.cc:328] failed call to cuInit: CUDA_ERROR_NO_DEVICE: no CUDA-capable device is detected
2024-06-17 01:17:20.553404: I tensorflow/stream_executor/cuda/cuda_diagnostics.cc:156] kernel driver does not appear to be running on this host (nid005800): /proc/driver/nvidia/version does not exist
2024-06-17 01:17:20.554668: I tensorflow/core/platform/cpu_feature_guard.cc:142] This TensorFlow binary is optimized with oneAPI Deep Neural Network Library (oneDNN) to use the following CPU instructions in performance-critical operations:  AVX2 FMA
To enable them in other operations, rebuild TensorFlow with the appropriate compiler flags.
2024-06-17 01:17:20.555379: I tensorflow/compiler/jit/xla_gpu_device.cc:99] Not creating XLA devices, tf_xla_enable_xla_devices not set
2024-06-17 01:17:20.558365: I tensorflow/compiler/jit/xla_gpu_device.cc:99] Not creating XLA devices, tf_xla_enable_xla_devices not set
2024-06-17 01:17:20.560868: I tensorflow/compiler/jit/xla_gpu_device.cc:99] Not creating XLA devices, tf_xla_enable_xla_devices not set
2024-06-17 01:17:20.575845: E tensorflow/stream_executor/cuda/cuda_driver.cc:328] failed call to cuInit: CUDA_ERROR_NO_DEVICE: no CUDA-capable device is detected
2024-06-17 01:17:20.575896: I tensorflow/stream_executor/cuda/cuda_diagnostics.cc:156] kernel driver does not appear to be running on this host (nid005800): /proc/driver/nvidia/version does not exist
2024-06-17 01:17:20.577145: I tensorflow/core/platform/cpu_feature_guard.cc:142] This TensorFlow binary is optimized with oneAPI Deep Neural Network Library (oneDNN) to use the following CPU instructions in performance-critical operations:  AVX2 FMA
To enable them in other operations, rebuild TensorFlow with the appropriate compiler flags.
2024-06-17 01:17:20.581301: I tensorflow/compiler/jit/xla_gpu_device.cc:99] Not creating XLA devices, tf_xla_enable_xla_devices not set
INFO:tensorflow:Restoring parameters from /global/cfs/cdirs/desi/users/jqzou/dla_finder/prediction/model/train_midsnr/train_midsnr/current_99999.ckpt
INFO:tensorflow:Restoring parameters from /global/cfs/cdirs/desi/users/jqzou/dla_finder/prediction/model/train_midsnr/train_midsnr/current_99999.ckpt
2024-06-17 01:17:20.595371: I tensorflow/compiler/mlir/mlir_graph_optimization_pass.cc:196] None of the MLIR optimization passes are enabled (registered 0 passes)
2024-06-17 01:17:20.595653: E tensorflow/stream_executor/cuda/cuda_driver.cc:328] failed call to cuInit: CUDA_ERROR_NO_DEVICE: no CUDA-capable device is detected
2024-06-17 01:17:20.595701: I tensorflow/stream_executor/cuda/cuda_diagnostics.cc:156] kernel driver does not appear to be running on this host (nid005800): /proc/driver/nvidia/version does not exist
2024-06-17 01:17:20.596351: E tensorflow/stream_executor/cuda/cuda_driver.cc:328] failed call to cuInit: CUDA_ERROR_NO_DEVICE: no CUDA-capable device is detected
2024-06-17 01:17:20.596393: I tensorflow/stream_executor/cuda/cuda_diagnostics.cc:156] kernel driver does not appear to be running on this host (nid005800): /proc/driver/nvidia/version does not exist
2024-06-17 01:17:20.596981: I tensorflow/core/platform/cpu_feature_guard.cc:142] This TensorFlow binary is optimized with oneAPI Deep Neural Network Library (oneDNN) to use the following CPU instructions in performance-critical operations:  AVX2 FMA
To enable them in other operations, rebuild TensorFlow with the appropriate compiler flags.
2024-06-17 01:17:20.597632: I tensorflow/core/platform/cpu_feature_guard.cc:142] This TensorFlow binary is optimized with oneAPI Deep Neural Network Library (oneDNN) to use the following CPU instructions in performance-critical operations:  AVX2 FMA
To enable them in other operations, rebuild TensorFlow with the appropriate compiler flags.
2024-06-17 01:17:20.601173: I tensorflow/compiler/jit/xla_gpu_device.cc:99] Not creating XLA devices, tf_xla_enable_xla_devices not set
2024-06-17 01:17:20.602162: I tensorflow/compiler/jit/xla_gpu_device.cc:99] Not creating XLA devices, tf_xla_enable_xla_devices not set
2024-06-17 01:17:20.604591: I tensorflow/compiler/mlir/mlir_graph_optimization_pass.cc:196] None of the MLIR optimization passes are enabled (registered 0 passes)
INFO:tensorflow:Restoring parameters from /global/cfs/cdirs/desi/users/jqzou/dla_finder/prediction/model/train_midsnr/train_midsnr/current_99999.ckpt
INFO:tensorflow:Restoring parameters from /global/cfs/cdirs/desi/users/jqzou/dla_finder/prediction/model/train_midsnr/train_midsnr/current_99999.ckpt
INFO:tensorflow:Restoring parameters from /global/cfs/cdirs/desi/users/jqzou/dla_finder/prediction/model/train_midsnr/train_midsnr/current_99999.ckpt
2024-06-17 01:17:20.618427: E tensorflow/stream_executor/cuda/cuda_driver.cc:328] failed call to cuInit: CUDA_ERROR_NO_DEVICE: no CUDA-capable device is detected
2024-06-17 01:17:20.618476: I tensorflow/stream_executor/cuda/cuda_diagnostics.cc:156] kernel driver does not appear to be running on this host (nid005800): /proc/driver/nvidia/version does not exist
2024-06-17 01:17:20.619634: I tensorflow/core/platform/profile_utils/cpu_utils.cc:112] CPU Frequency: 2445305000 Hz
2024-06-17 01:17:20.619926: I tensorflow/core/platform/cpu_feature_guard.cc:142] This TensorFlow binary is optimized with oneAPI Deep Neural Network Library (oneDNN) to use the following CPU instructions in performance-critical operations:  AVX2 FMA
To enable them in other operations, rebuild TensorFlow with the appropriate compiler flags.
INFO:tensorflow:Restoring parameters from /global/cfs/cdirs/desi/users/jqzou/dla_finder/prediction/model/train_midsnr/train_midsnr/current_99999.ckpt
2024-06-17 01:17:20.625331: I tensorflow/compiler/jit/xla_gpu_device.cc:99] Not creating XLA devices, tf_xla_enable_xla_devices not set
2024-06-17 01:17:20.626146: I tensorflow/compiler/mlir/mlir_graph_optimization_pass.cc:196] None of the MLIR optimization passes are enabled (registered 0 passes)
2024-06-17 01:17:20.626973: I tensorflow/compiler/mlir/mlir_graph_optimization_pass.cc:196] None of the MLIR optimization passes are enabled (registered 0 passes)
2024-06-17 01:17:20.627410: I tensorflow/compiler/mlir/mlir_graph_optimization_pass.cc:196] None of the MLIR optimization passes are enabled (registered 0 passes)
2024-06-17 01:17:20.631654: I tensorflow/core/platform/profile_utils/cpu_utils.cc:112] CPU Frequency: 2445305000 Hz
2024-06-17 01:17:20.631686: I tensorflow/compiler/mlir/mlir_graph_optimization_pass.cc:196] None of the MLIR optimization passes are enabled (registered 0 passes)
2024-06-17 01:17:20.633837: I tensorflow/core/platform/profile_utils/cpu_utils.cc:112] CPU Frequency: 2445305000 Hz
INFO:tensorflow:Restoring parameters from /global/cfs/cdirs/desi/users/jqzou/dla_finder/prediction/model/train_midsnr/train_midsnr/current_99999.ckpt
2024-06-17 01:17:20.640124: I tensorflow/core/platform/profile_utils/cpu_utils.cc:112] CPU Frequency: 2445305000 Hz
2024-06-17 01:17:20.640456: I tensorflow/core/platform/profile_utils/cpu_utils.cc:112] CPU Frequency: 2445305000 Hz
INFO:tensorflow:Restoring parameters from /global/cfs/cdirs/desi/users/jqzou/dla_finder/prediction/model/train_midsnr/train_midsnr/current_99999.ckpt
INFO:tensorflow:Restoring parameters from /global/cfs/cdirs/desi/users/jqzou/dla_finder/prediction/model/train_midsnr/train_midsnr/current_99999.ckpt
2024-06-17 01:17:20.641938: I tensorflow/core/platform/profile_utils/cpu_utils.cc:112] CPU Frequency: 2445305000 Hz
2024-06-17 01:17:20.646369: I tensorflow/compiler/mlir/mlir_graph_optimization_pass.cc:196] None of the MLIR optimization passes are enabled (registered 0 passes)
2024-06-17 01:17:20.654126: I tensorflow/core/platform/profile_utils/cpu_utils.cc:112] CPU Frequency: 2445305000 Hz
2024-06-17 01:17:20.655960: I tensorflow/compiler/mlir/mlir_graph_optimization_pass.cc:196] None of the MLIR optimization passes are enabled (registered 0 passes)
INFO:tensorflow:Restoring parameters from /global/cfs/cdirs/desi/users/jqzou/dla_finder/prediction/model/train_midsnr/train_midsnr/current_99999.ckpt
2024-06-17 01:17:20.656811: I tensorflow/compiler/mlir/mlir_graph_optimization_pass.cc:196] None of the MLIR optimization passes are enabled (registered 0 passes)
INFO:tensorflow:Restoring parameters from /global/cfs/cdirs/desi/users/jqzou/dla_finder/prediction/model/train_midsnr/train_midsnr/current_99999.ckpt
2024-06-17 01:17:20.665685: I tensorflow/compiler/mlir/mlir_graph_optimization_pass.cc:196] None of the MLIR optimization passes are enabled (registered 0 passes)
WARNING:tensorflow:From /global/cfs/cdirs/desi/users/jqzou/dla_finder/training/model.py:291: div (from tensorflow.python.ops.math_ops) is deprecated and will be removed in a future version.
Instructions for updating:
Deprecated in favor of operator or tf.math.divide.
2024-06-17 01:17:20.669213: I tensorflow/compiler/mlir/mlir_graph_optimization_pass.cc:196] None of the MLIR optimization passes are enabled (registered 0 passes)
2024-06-17 01:17:20.673368: I tensorflow/core/platform/profile_utils/cpu_utils.cc:112] CPU Frequency: 2445305000 Hz
2024-06-17 01:17:20.691644: I tensorflow/core/platform/profile_utils/cpu_utils.cc:112] CPU Frequency: 2445305000 Hz
2024-06-17 01:17:20.695783: I tensorflow/core/platform/profile_utils/cpu_utils.cc:112] CPU Frequency: 2445305000 Hz
INFO:tensorflow:Restoring parameters from /global/cfs/cdirs/desi/users/jqzou/dla_finder/prediction/model/train_midsnr/train_midsnr/current_99999.ckpt
2024-06-17 01:17:20.699653: I tensorflow/core/platform/profile_utils/cpu_utils.cc:112] CPU Frequency: 2445305000 Hz
2024-06-17 01:17:20.707783: I tensorflow/compiler/mlir/mlir_graph_optimization_pass.cc:196] None of the MLIR optimization passes are enabled (registered 0 passes)
2024-06-17 01:17:20.735670: I tensorflow/core/platform/profile_utils/cpu_utils.cc:112] CPU Frequency: 2445305000 Hz
WARNING:tensorflow:From /global/cfs/cdirs/desi/users/jqzou/dla_finder/training/model.py:291: div (from tensorflow.python.ops.math_ops) is deprecated and will be removed in a future version.
Instructions for updating:
Deprecated in favor of operator or tf.math.divide.
WARNING:tensorflow:From /global/cfs/cdirs/desi/users/jqzou/dla_finder/training/model.py:291: div (from tensorflow.python.ops.math_ops) is deprecated and will be removed in a future version.
Instructions for updating:
Deprecated in favor of operator or tf.math.divide.
WARNING:tensorflow:From /global/cfs/cdirs/desi/users/jqzou/dla_finder/training/model.py:291: div (from tensorflow.python.ops.math_ops) is deprecated and will be removed in a future version.
Instructions for updating:
Deprecated in favor of operator or tf.math.divide.
WARNING:tensorflow:From /global/cfs/cdirs/desi/users/jqzou/dla_finder/training/model.py:291: div (from tensorflow.python.ops.math_ops) is deprecated and will be removed in a future version.
Instructions for updating:
Deprecated in favor of operator or tf.math.divide.
2024-06-17 01:17:21.277839: I tensorflow/compiler/jit/xla_cpu_device.cc:41] Not creating XLA devices, tf_xla_enable_xla_devices not set
2024-06-17 01:17:21.324686: I tensorflow/compiler/jit/xla_cpu_device.cc:41] Not creating XLA devices, tf_xla_enable_xla_devices not set
2024-06-17 01:17:21.327327: I tensorflow/stream_executor/platform/default/dso_loader.cc:49] Successfully opened dynamic library libcuda.so.1
2024-06-17 01:17:21.346059: I tensorflow/stream_executor/platform/default/dso_loader.cc:49] Successfully opened dynamic library libcuda.so.1
2024-06-17 01:17:21.421849: I tensorflow/compiler/jit/xla_cpu_device.cc:41] Not creating XLA devices, tf_xla_enable_xla_devices not set
 59%|████████████████████████████████████████████████████████████████████████████████████████▌                                                              | 34/58 [00:02<00:01, 12.45it/s]2024-06-17 01:17:21.464595: I tensorflow/stream_executor/platform/default/dso_loader.cc:49] Successfully opened dynamic library libcuda.so.1
WARNING:tensorflow:From /global/cfs/cdirs/desi/users/jqzou/dla_finder/training/model.py:291: div (from tensorflow.python.ops.math_ops) is deprecated and will be removed in a future version.
Instructions for updating:
Deprecated in favor of operator or tf.math.divide.
WARNING:tensorflow:From /global/cfs/cdirs/desi/users/jqzou/dla_finder/training/model.py:291: div (from tensorflow.python.ops.math_ops) is deprecated and will be removed in a future version.
Instructions for updating:
Deprecated in favor of operator or tf.math.divide.
2024-06-17 01:17:21.566748: I tensorflow/compiler/jit/xla_cpu_device.cc:41] Not creating XLA devices, tf_xla_enable_xla_devices not set
2024-06-17 01:17:21.573431: I tensorflow/stream_executor/platform/default/dso_loader.cc:49] Successfully opened dynamic library libcuda.so.1
 66%|██████████████████████████████████████████████████████████████████████████████████████████████████▉                                                    | 38/58 [00:02<00:01, 14.01it/s]2024-06-17 01:17:21.717708: I tensorflow/compiler/jit/xla_cpu_device.cc:41] Not creating XLA devices, tf_xla_enable_xla_devices not set
2024-06-17 01:17:21.729613: I tensorflow/stream_executor/platform/default/dso_loader.cc:49] Successfully opened dynamic library libcuda.so.1
2024-06-17 01:17:21.769734: I tensorflow/compiler/jit/xla_cpu_device.cc:41] Not creating XLA devices, tf_xla_enable_xla_devices not set
2024-06-17 01:17:21.798405: I tensorflow/stream_executor/platform/default/dso_loader.cc:49] Successfully opened dynamic library libcuda.so.1
2024-06-17 01:17:21.827146: I tensorflow/compiler/jit/xla_cpu_device.cc:41] Not creating XLA devices, tf_xla_enable_xla_devices not set
2024-06-17 01:17:21.845650: I tensorflow/stream_executor/platform/default/dso_loader.cc:49] Successfully opened dynamic library libcuda.so.1
2024-06-17 01:17:21.850835: I tensorflow/compiler/jit/xla_cpu_device.cc:41] Not creating XLA devices, tf_xla_enable_xla_devices not set
2024-06-17 01:17:21.861574: I tensorflow/stream_executor/platform/default/dso_loader.cc:49] Successfully opened dynamic library libcuda.so.1
 71%|██████████████████████████████████████████████████████████████████████████████████████████████████████████▋                                            | 41/58 [00:02<00:01, 13.20it/s]2024-06-17 01:17:21.891542: E tensorflow/stream_executor/cuda/cuda_driver.cc:328] failed call to cuInit: CUDA_ERROR_NO_DEVICE: no CUDA-capable device is detected
2024-06-17 01:17:21.892271: I tensorflow/stream_executor/cuda/cuda_diagnostics.cc:156] kernel driver does not appear to be running on this host (nid005800): /proc/driver/nvidia/version does not exist
2024-06-17 01:17:21.895927: I tensorflow/core/platform/cpu_feature_guard.cc:142] This TensorFlow binary is optimized with oneAPI Deep Neural Network Library (oneDNN) to use the following CPU instructions in performance-critical operations:  AVX2 FMA
To enable them in other operations, rebuild TensorFlow with the appropriate compiler flags.
2024-06-17 01:17:21.901252: I tensorflow/compiler/jit/xla_gpu_device.cc:99] Not creating XLA devices, tf_xla_enable_xla_devices not set
 76%|██████████████████████████████████████████████████████████████████████████████████████████████████████████████████▌                                    | 44/58 [00:02<00:00, 14.74it/s]2024-06-17 01:17:21.981760: I tensorflow/compiler/jit/xla_gpu_device.cc:99] Not creating XLA devices, tf_xla_enable_xla_devices not set
2024-06-17 01:17:21.986121: E tensorflow/stream_executor/cuda/cuda_driver.cc:328] failed call to cuInit: CUDA_ERROR_NO_DEVICE: no CUDA-capable device is detected
2024-06-17 01:17:21.986177: I tensorflow/stream_executor/cuda/cuda_diagnostics.cc:156] kernel driver does not appear to be running on this host (nid005800): /proc/driver/nvidia/version does not exist
2024-06-17 01:17:21.987580: I tensorflow/core/platform/cpu_feature_guard.cc:142] This TensorFlow binary is optimized with oneAPI Deep Neural Network Library (oneDNN) to use the following CPU instructions in performance-critical operations:  AVX2 FMA
To enable them in other operations, rebuild TensorFlow with the appropriate compiler flags.
2024-06-17 01:17:21.992110: I tensorflow/compiler/jit/xla_gpu_device.cc:99] Not creating XLA devices, tf_xla_enable_xla_devices not set
INFO:tensorflow:Restoring parameters from /global/cfs/cdirs/desi/users/jqzou/dla_finder/prediction/model/train_lowsnr/train_lowsnr/current_99999.ckpt
2024-06-17 01:17:22.018188: I tensorflow/compiler/mlir/mlir_graph_optimization_pass.cc:196] None of the MLIR optimization passes are enabled (registered 0 passes)
2024-06-17 01:17:22.025907: I tensorflow/core/platform/profile_utils/cpu_utils.cc:112] CPU Frequency: 2445305000 Hz
INFO:tensorflow:Restoring parameters from /global/cfs/cdirs/desi/users/jqzou/dla_finder/prediction/model/train_midsnr/train_midsnr/current_99999.ckpt
INFO:tensorflow:Restoring parameters from /global/cfs/cdirs/desi/users/jqzou/dla_finder/prediction/model/train_lowsnr/train_lowsnr/current_99999.ckpt
2024-06-17 01:17:22.056354: I tensorflow/compiler/mlir/mlir_graph_optimization_pass.cc:196] None of the MLIR optimization passes are enabled (registered 0 passes)
2024-06-17 01:17:22.087634: I tensorflow/core/platform/profile_utils/cpu_utils.cc:112] CPU Frequency: 2445305000 Hz
WARNING:tensorflow:From /global/cfs/cdirs/desi/users/jqzou/dla_finder/training/model.py:291: div (from tensorflow.python.ops.math_ops) is deprecated and will be removed in a future version.
Instructions for updating:
Deprecated in favor of operator or tf.math.divide.
2024-06-17 01:17:22.108015: E tensorflow/stream_executor/cuda/cuda_driver.cc:328] failed call to cuInit: CUDA_ERROR_NO_DEVICE: no CUDA-capable device is detected
2024-06-17 01:17:22.108065: I tensorflow/stream_executor/cuda/cuda_diagnostics.cc:156] kernel driver does not appear to be running on this host (nid005800): /proc/driver/nvidia/version does not exist
2024-06-17 01:17:22.109273: I tensorflow/core/platform/cpu_feature_guard.cc:142] This TensorFlow binary is optimized with oneAPI Deep Neural Network Library (oneDNN) to use the following CPU instructions in performance-critical operations:  AVX2 FMA
To enable them in other operations, rebuild TensorFlow with the appropriate compiler flags.
2024-06-17 01:17:22.113947: I tensorflow/compiler/jit/xla_gpu_device.cc:99] Not creating XLA devices, tf_xla_enable_xla_devices not set
2024-06-17 01:17:22.134425: E tensorflow/stream_executor/cuda/cuda_driver.cc:328] failed call to cuInit: CUDA_ERROR_NO_DEVICE: no CUDA-capable device is detected
2024-06-17 01:17:22.134469: I tensorflow/stream_executor/cuda/cuda_diagnostics.cc:156] kernel driver does not appear to be running on this host (nid005800): /proc/driver/nvidia/version does not exist
2024-06-17 01:17:22.135547: E tensorflow/stream_executor/cuda/cuda_driver.cc:328] failed call to cuInit: CUDA_ERROR_NO_DEVICE: no CUDA-capable device is detected
2024-06-17 01:17:22.135586: I tensorflow/stream_executor/cuda/cuda_diagnostics.cc:156] kernel driver does not appear to be running on this host (nid005800): /proc/driver/nvidia/version does not exist
2024-06-17 01:17:22.135657: I tensorflow/core/platform/cpu_feature_guard.cc:142] This TensorFlow binary is optimized with oneAPI Deep Neural Network Library (oneDNN) to use the following CPU instructions in performance-critical operations:  AVX2 FMA
To enable them in other operations, rebuild TensorFlow with the appropriate compiler flags.
2024-06-17 01:17:22.136710: I tensorflow/core/platform/cpu_feature_guard.cc:142] This TensorFlow binary is optimized with oneAPI Deep Neural Network Library (oneDNN) to use the following CPU instructions in performance-critical operations:  AVX2 FMA
To enable them in other operations, rebuild TensorFlow with the appropriate compiler flags.
2024-06-17 01:17:22.139991: I tensorflow/compiler/jit/xla_gpu_device.cc:99] Not creating XLA devices, tf_xla_enable_xla_devices not set
2024-06-17 01:17:22.141097: I tensorflow/compiler/jit/xla_gpu_device.cc:99] Not creating XLA devices, tf_xla_enable_xla_devices not set
2024-06-17 01:17:22.160558: E tensorflow/stream_executor/cuda/cuda_driver.cc:328] failed call to cuInit: CUDA_ERROR_NO_DEVICE: no CUDA-capable device is detected
2024-06-17 01:17:22.160616: I tensorflow/stream_executor/cuda/cuda_diagnostics.cc:156] kernel driver does not appear to be running on this host (nid005800): /proc/driver/nvidia/version does not exist
2024-06-17 01:17:22.164956: I tensorflow/core/platform/cpu_feature_guard.cc:142] This TensorFlow binary is optimized with oneAPI Deep Neural Network Library (oneDNN) to use the following CPU instructions in performance-critical operations:  AVX2 FMA
To enable them in other operations, rebuild TensorFlow with the appropriate compiler flags.
INFO:tensorflow:Restoring parameters from /global/cfs/cdirs/desi/users/jqzou/dla_finder/prediction/model/train_lowsnr/train_lowsnr/current_99999.ckpt
2024-06-17 01:17:22.192168: I tensorflow/compiler/jit/xla_gpu_device.cc:99] Not creating XLA devices, tf_xla_enable_xla_devices not set
2024-06-17 01:17:22.215136: I tensorflow/compiler/mlir/mlir_graph_optimization_pass.cc:196] None of the MLIR optimization passes are enabled (registered 0 passes)
2024-06-17 01:17:22.227386: E tensorflow/stream_executor/cuda/cuda_driver.cc:328] failed call to cuInit: CUDA_ERROR_NO_DEVICE: no CUDA-capable device is detected
2024-06-17 01:17:22.227629: I tensorflow/stream_executor/cuda/cuda_diagnostics.cc:156] kernel driver does not appear to be running on this host (nid005800): /proc/driver/nvidia/version does not exist
2024-06-17 01:17:22.229469: I tensorflow/core/platform/cpu_feature_guard.cc:142] This TensorFlow binary is optimized with oneAPI Deep Neural Network Library (oneDNN) to use the following CPU instructions in performance-critical operations:  AVX2 FMA
To enable them in other operations, rebuild TensorFlow with the appropriate compiler flags.
INFO:tensorflow:Restoring parameters from /global/cfs/cdirs/desi/users/jqzou/dla_finder/prediction/model/train_lowsnr/train_lowsnr/current_99999.ckpt
INFO:tensorflow:Restoring parameters from /global/cfs/cdirs/desi/users/jqzou/dla_finder/prediction/model/train_lowsnr/train_lowsnr/current_99999.ckpt
2024-06-17 01:17:22.233773: I tensorflow/compiler/jit/xla_gpu_device.cc:99] Not creating XLA devices, tf_xla_enable_xla_devices not set
2024-06-17 01:17:22.236601: E tensorflow/stream_executor/cuda/cuda_driver.cc:328] failed call to cuInit: CUDA_ERROR_NO_DEVICE: no CUDA-capable device is detected
2024-06-17 01:17:22.236664: I tensorflow/stream_executor/cuda/cuda_diagnostics.cc:156] kernel driver does not appear to be running on this host (nid005800): /proc/driver/nvidia/version does not exist
2024-06-17 01:17:22.238520: I tensorflow/core/platform/cpu_feature_guard.cc:142] This TensorFlow binary is optimized with oneAPI Deep Neural Network Library (oneDNN) to use the following CPU instructions in performance-critical operations:  AVX2 FMA
To enable them in other operations, rebuild TensorFlow with the appropriate compiler flags.
2024-06-17 01:17:22.243191: I tensorflow/compiler/jit/xla_gpu_device.cc:99] Not creating XLA devices, tf_xla_enable_xla_devices not set
2024-06-17 01:17:22.251024: I tensorflow/compiler/mlir/mlir_graph_optimization_pass.cc:196] None of the MLIR optimization passes are enabled (registered 0 passes)
2024-06-17 01:17:22.253450: I tensorflow/compiler/mlir/mlir_graph_optimization_pass.cc:196] None of the MLIR optimization passes are enabled (registered 0 passes)
2024-06-17 01:17:22.258413: I tensorflow/compiler/jit/xla_cpu_device.cc:41] Not creating XLA devices, tf_xla_enable_xla_devices not set
2024-06-17 01:17:22.266283: I tensorflow/stream_executor/platform/default/dso_loader.cc:49] Successfully opened dynamic library libcuda.so.1
2024-06-17 01:17:22.267772: I tensorflow/core/platform/profile_utils/cpu_utils.cc:112] CPU Frequency: 2445305000 Hz
WARNING:tensorflow:From /global/cfs/cdirs/desi/users/jqzou/dla_finder/training/model.py:291: div (from tensorflow.python.ops.math_ops) is deprecated and will be removed in a future version.
Instructions for updating:
Deprecated in favor of operator or tf.math.divide.
2024-06-17 01:17:22.270356: I tensorflow/core/platform/profile_utils/cpu_utils.cc:112] CPU Frequency: 2445305000 Hz
2024-06-17 01:17:22.276363: I tensorflow/core/platform/profile_utils/cpu_utils.cc:112] CPU Frequency: 2445305000 Hz
INFO:tensorflow:Restoring parameters from /global/cfs/cdirs/desi/users/jqzou/dla_finder/prediction/model/train_lowsnr/train_lowsnr/current_99999.ckpt
2024-06-17 01:17:22.327166: I tensorflow/compiler/mlir/mlir_graph_optimization_pass.cc:196] None of the MLIR optimization passes are enabled (registered 0 passes)
2024-06-17 01:17:22.359146: I tensorflow/compiler/jit/xla_cpu_device.cc:41] Not creating XLA devices, tf_xla_enable_xla_devices not set
2024-06-17 01:17:22.373131: I tensorflow/stream_executor/platform/default/dso_loader.cc:49] Successfully opened dynamic library libcuda.so.1
INFO:tensorflow:Restoring parameters from /global/cfs/cdirs/desi/users/jqzou/dla_finder/prediction/model/train_lowsnr/train_lowsnr/current_99999.ckpt
INFO:tensorflow:Restoring parameters from /global/cfs/cdirs/desi/users/jqzou/dla_finder/prediction/model/train_lowsnr/train_lowsnr/current_99999.ckpt
2024-06-17 01:17:22.383752: I tensorflow/core/platform/profile_utils/cpu_utils.cc:112] CPU Frequency: 2445305000 Hz
2024-06-17 01:17:22.398574: I tensorflow/compiler/mlir/mlir_graph_optimization_pass.cc:196] None of the MLIR optimization passes are enabled (registered 0 passes)
2024-06-17 01:17:22.400146: I tensorflow/compiler/mlir/mlir_graph_optimization_pass.cc:196] None of the MLIR optimization passes are enabled (registered 0 passes)
2024-06-17 01:17:22.418794: I tensorflow/core/platform/profile_utils/cpu_utils.cc:112] CPU Frequency: 2445305000 Hz
 81%|██████████████████████████████████████████████████████████████████████████████████████████████████████████████████████████▎                            | 47/58 [00:03<00:00, 11.52it/s]2024-06-17 01:17:22.447716: I tensorflow/core/platform/profile_utils/cpu_utils.cc:112] CPU Frequency: 2445305000 Hz
2024-06-17 01:17:22.521433: I tensorflow/compiler/jit/xla_gpu_device.cc:99] Not creating XLA devices, tf_xla_enable_xla_devices not set
WARNING:tensorflow:From /global/cfs/cdirs/desi/users/jqzou/dla_finder/training/model.py:291: div (from tensorflow.python.ops.math_ops) is deprecated and will be removed in a future version.
Instructions for updating:
Deprecated in favor of operator or tf.math.divide.
INFO:tensorflow:Restoring parameters from /global/cfs/cdirs/desi/users/jqzou/dla_finder/prediction/model/train_midsnr/train_midsnr/current_99999.ckpt
2024-06-17 01:17:22.607233: I tensorflow/compiler/jit/xla_gpu_device.cc:99] Not creating XLA devices, tf_xla_enable_xla_devices not set
WARNING:tensorflow:From /global/cfs/cdirs/desi/users/jqzou/dla_finder/training/model.py:291: div (from tensorflow.python.ops.math_ops) is deprecated and will be removed in a future version.
Instructions for updating:
Deprecated in favor of operator or tf.math.divide.
2024-06-17 01:17:22.655143: I tensorflow/compiler/jit/xla_gpu_device.cc:99] Not creating XLA devices, tf_xla_enable_xla_devices not set
2024-06-17 01:17:22.664434: I tensorflow/compiler/jit/xla_gpu_device.cc:99] Not creating XLA devices, tf_xla_enable_xla_devices not set
INFO:tensorflow:Restoring parameters from /global/cfs/cdirs/desi/users/jqzou/dla_finder/prediction/model/train_midsnr/train_midsnr/current_99999.ckpt
WARNING:tensorflow:From /global/cfs/cdirs/desi/users/jqzou/dla_finder/training/model.py:291: div (from tensorflow.python.ops.math_ops) is deprecated and will be removed in a future version.
Instructions for updating:
Deprecated in favor of operator or tf.math.divide.
2024-06-17 01:17:22.722581: I tensorflow/compiler/jit/xla_gpu_device.cc:99] Not creating XLA devices, tf_xla_enable_xla_devices not set
INFO:tensorflow:Restoring parameters from /global/cfs/cdirs/desi/users/jqzou/dla_finder/prediction/model/train_midsnr/train_midsnr/current_99999.ckpt
2024-06-17 01:17:22.733283: I tensorflow/compiler/jit/xla_gpu_device.cc:99] Not creating XLA devices, tf_xla_enable_xla_devices not set
INFO:tensorflow:Restoring parameters from /global/cfs/cdirs/desi/users/jqzou/dla_finder/prediction/model/train_midsnr/train_midsnr/current_99999.ckpt
INFO:tensorflow:Restoring parameters from /global/cfs/cdirs/desi/users/jqzou/dla_finder/prediction/model/train_midsnr/train_midsnr/current_99999.ckpt
2024-06-17 01:17:22.805937: E tensorflow/stream_executor/cuda/cuda_driver.cc:328] failed call to cuInit: CUDA_ERROR_NO_DEVICE: no CUDA-capable device is detected
2024-06-17 01:17:22.806021: I tensorflow/stream_executor/cuda/cuda_diagnostics.cc:156] kernel driver does not appear to be running on this host (nid005800): /proc/driver/nvidia/version does not exist
2024-06-17 01:17:22.807929: I tensorflow/core/platform/cpu_feature_guard.cc:142] This TensorFlow binary is optimized with oneAPI Deep Neural Network Library (oneDNN) to use the following CPU instructions in performance-critical operations:  AVX2 FMA
To enable them in other operations, rebuild TensorFlow with the appropriate compiler flags.
INFO:tensorflow:Restoring parameters from /global/cfs/cdirs/desi/users/jqzou/dla_finder/prediction/model/train_midsnr/train_midsnr/current_99999.ckpt
2024-06-17 01:17:22.924118: I tensorflow/compiler/jit/xla_gpu_device.cc:99] Not creating XLA devices, tf_xla_enable_xla_devices not set
 84%|███████████████████████████████████████████████████████████████████████████████████████████████████████████████████████████████▌                       | 49/58 [00:04<00:01,  7.82it/s]INFO:tensorflow:Restoring parameters from /global/cfs/cdirs/desi/users/jqzou/dla_finder/prediction/model/train_lowsnr/train_lowsnr/current_99999.ckpt
2024-06-17 01:17:23.174966: E tensorflow/stream_executor/cuda/cuda_driver.cc:328] failed call to cuInit: CUDA_ERROR_NO_DEVICE: no CUDA-capable device is detected
2024-06-17 01:17:23.175044: I tensorflow/stream_executor/cuda/cuda_diagnostics.cc:156] kernel driver does not appear to be running on this host (nid005800): /proc/driver/nvidia/version does not exist
2024-06-17 01:17:23.177079: I tensorflow/core/platform/cpu_feature_guard.cc:142] This TensorFlow binary is optimized with oneAPI Deep Neural Network Library (oneDNN) to use the following CPU instructions in performance-critical operations:  AVX2 FMA
To enable them in other operations, rebuild TensorFlow with the appropriate compiler flags.
2024-06-17 01:17:23.219404: I tensorflow/compiler/mlir/mlir_graph_optimization_pass.cc:196] None of the MLIR optimization passes are enabled (registered 0 passes)
2024-06-17 01:17:23.221546: I tensorflow/compiler/jit/xla_cpu_device.cc:41] Not creating XLA devices, tf_xla_enable_xla_devices not set
2024-06-17 01:17:23.233580: I tensorflow/stream_executor/platform/default/dso_loader.cc:49] Successfully opened dynamic library libcuda.so.1
2024-06-17 01:17:23.235598: I tensorflow/compiler/jit/xla_gpu_device.cc:99] Not creating XLA devices, tf_xla_enable_xla_devices not set
2024-06-17 01:17:23.290031: I tensorflow/compiler/jit/xla_cpu_device.cc:41] Not creating XLA devices, tf_xla_enable_xla_devices not set
2024-06-17 01:17:23.320965: I tensorflow/stream_executor/platform/default/dso_loader.cc:49] Successfully opened dynamic library libcuda.so.1
2024-06-17 01:17:23.321133: I tensorflow/core/platform/profile_utils/cpu_utils.cc:112] CPU Frequency: 2445305000 Hz
 90%|███████████████████████████████████████████████████████████████████████████████████████████████████████████████████████████████████████▍               | 52/58 [00:04<00:00,  8.52it/s]INFO:tensorflow:Restoring parameters from /global/cfs/cdirs/desi/users/jqzou/dla_finder/prediction/model/train_lowsnr/train_lowsnr/current_99999.ckpt
 93%|████████████████████████████████████████████████████████████████████████████████████████████████████████████████████████████████████████████▌          | 54/58 [00:04<00:00,  9.63it/s]2024-06-17 01:17:23.475715: I tensorflow/compiler/mlir/mlir_graph_optimization_pass.cc:196] None of the MLIR optimization passes are enabled (registered 0 passes)
2024-06-17 01:17:23.503125: I tensorflow/core/platform/profile_utils/cpu_utils.cc:112] CPU Frequency: 2445305000 Hz
100%|███████████████████████████████████████████████████████████████████████████████████████████████████████████████████████████████████████████████████████| 58/58 [00:04<00:00, 13.30it/s]100%|███████████████████████████████████████████████████████████████████████████████████████████████████████████████████████████████████████████████████████| 58/58 [00:04<00:00, 12.95it/s]2024-06-17 01:17:23.620209: I tensorflow/compiler/jit/xla_cpu_device.cc:41] Not creating XLA devices, tf_xla_enable_xla_devices not set
2024-06-17 01:17:23.628618: I tensorflow/stream_executor/platform/default/dso_loader.cc:49] Successfully opened dynamic library libcuda.so.1
2024-06-17 01:17:23.670375: I tensorflow/compiler/jit/xla_gpu_device.cc:99] Not creating XLA devices, tf_xla_enable_xla_devices not set
INFO:tensorflow:Restoring parameters from /global/cfs/cdirs/desi/users/jqzou/dla_finder/prediction/model/train_midsnr/train_midsnr/current_99999.ckpt
2024-06-17 01:17:23.754922: I tensorflow/compiler/jit/xla_cpu_device.cc:41] Not creating XLA devices, tf_xla_enable_xla_devices not set
2024-06-17 01:17:23.763432: I tensorflow/stream_executor/platform/default/dso_loader.cc:49] Successfully opened dynamic library libcuda.so.1
2024-06-17 01:17:23.798641: E tensorflow/stream_executor/cuda/cuda_driver.cc:328] failed call to cuInit: CUDA_ERROR_NO_DEVICE: no CUDA-capable device is detected
2024-06-17 01:17:23.798843: I tensorflow/stream_executor/cuda/cuda_diagnostics.cc:156] kernel driver does not appear to be running on this host (nid005800): /proc/driver/nvidia/version does not exist
2024-06-17 01:17:23.800717: I tensorflow/core/platform/cpu_feature_guard.cc:142] This TensorFlow binary is optimized with oneAPI Deep Neural Network Library (oneDNN) to use the following CPU instructions in performance-critical operations:  AVX2 FMA
To enable them in other operations, rebuild TensorFlow with the appropriate compiler flags.
2024-06-17 01:17:23.805670: I tensorflow/compiler/jit/xla_gpu_device.cc:99] Not creating XLA devices, tf_xla_enable_xla_devices not set
2024-06-17 01:17:23.822724: I tensorflow/compiler/jit/xla_gpu_device.cc:99] Not creating XLA devices, tf_xla_enable_xla_devices not set
2024-06-17 01:17:23.862018: I tensorflow/compiler/jit/xla_cpu_device.cc:41] Not creating XLA devices, tf_xla_enable_xla_devices not set
2024-06-17 01:17:23.877275: I tensorflow/stream_executor/platform/default/dso_loader.cc:49] Successfully opened dynamic library libcuda.so.1
INFO:tensorflow:Restoring parameters from /global/cfs/cdirs/desi/users/jqzou/dla_finder/prediction/model/train_midsnr/train_midsnr/current_99999.ckpt
2024-06-17 01:17:23.928580: E tensorflow/stream_executor/cuda/cuda_driver.cc:328] failed call to cuInit: CUDA_ERROR_NO_DEVICE: no CUDA-capable device is detected
2024-06-17 01:17:23.928641: I tensorflow/stream_executor/cuda/cuda_diagnostics.cc:156] kernel driver does not appear to be running on this host (nid005800): /proc/driver/nvidia/version does not exist
2024-06-17 01:17:23.931676: I tensorflow/core/platform/cpu_feature_guard.cc:142] This TensorFlow binary is optimized with oneAPI Deep Neural Network Library (oneDNN) to use the following CPU instructions in performance-critical operations:  AVX2 FMA
To enable them in other operations, rebuild TensorFlow with the appropriate compiler flags.
INFO:tensorflow:Restoring parameters from /global/cfs/cdirs/desi/users/jqzou/dla_finder/prediction/model/train_lowsnr/train_lowsnr/current_99999.ckpt
2024-06-17 01:17:23.956772: I tensorflow/compiler/jit/xla_gpu_device.cc:99] Not creating XLA devices, tf_xla_enable_xla_devices not set
2024-06-17 01:17:23.970316: I tensorflow/compiler/mlir/mlir_graph_optimization_pass.cc:196] None of the MLIR optimization passes are enabled (registered 0 passes)
2024-06-17 01:17:24.007727: I tensorflow/core/platform/profile_utils/cpu_utils.cc:112] CPU Frequency: 2445305000 Hz
INFO:tensorflow:Restoring parameters from /global/cfs/cdirs/desi/users/jqzou/dla_finder/prediction/model/train_lowsnr/train_lowsnr/current_99999.ckpt
2024-06-17 01:17:24.061869: I tensorflow/compiler/mlir/mlir_graph_optimization_pass.cc:196] None of the MLIR optimization passes are enabled (registered 0 passes)
2024-06-17 01:17:24.069654: I tensorflow/core/platform/profile_utils/cpu_utils.cc:112] CPU Frequency: 2445305000 Hz
2024-06-17 01:17:24.155961: E tensorflow/stream_executor/cuda/cuda_driver.cc:328] failed call to cuInit: CUDA_ERROR_NO_DEVICE: no CUDA-capable device is detected
2024-06-17 01:17:24.156171: I tensorflow/stream_executor/cuda/cuda_diagnostics.cc:156] kernel driver does not appear to be running on this host (nid005800): /proc/driver/nvidia/version does not exist
2024-06-17 01:17:24.157982: I tensorflow/core/platform/cpu_feature_guard.cc:142] This TensorFlow binary is optimized with oneAPI Deep Neural Network Library (oneDNN) to use the following CPU instructions in performance-critical operations:  AVX2 FMA
To enable them in other operations, rebuild TensorFlow with the appropriate compiler flags.
2024-06-17 01:17:24.168826: I tensorflow/compiler/jit/xla_gpu_device.cc:99] Not creating XLA devices, tf_xla_enable_xla_devices not set
2024-06-17 01:17:24.229662: E tensorflow/stream_executor/cuda/cuda_driver.cc:328] failed call to cuInit: CUDA_ERROR_NO_DEVICE: no CUDA-capable device is detected
2024-06-17 01:17:24.229731: I tensorflow/stream_executor/cuda/cuda_diagnostics.cc:156] kernel driver does not appear to be running on this host (nid005800): /proc/driver/nvidia/version does not exist
2024-06-17 01:17:24.243760: I tensorflow/core/platform/cpu_feature_guard.cc:142] This TensorFlow binary is optimized with oneAPI Deep Neural Network Library (oneDNN) to use the following CPU instructions in performance-critical operations:  AVX2 FMA
To enable them in other operations, rebuild TensorFlow with the appropriate compiler flags.
2024-06-17 01:17:24.266799: I tensorflow/compiler/jit/xla_gpu_device.cc:99] Not creating XLA devices, tf_xla_enable_xla_devices not set
INFO:tensorflow:Restoring parameters from /global/cfs/cdirs/desi/users/jqzou/dla_finder/prediction/model/train_lowsnr/train_lowsnr/current_99999.ckpt
2024-06-17 01:17:24.291071: I tensorflow/compiler/mlir/mlir_graph_optimization_pass.cc:196] None of the MLIR optimization passes are enabled (registered 0 passes)
2024-06-17 01:17:24.306395: I tensorflow/core/platform/profile_utils/cpu_utils.cc:112] CPU Frequency: 2445305000 Hz
2024-06-17 01:17:24.335291: E tensorflow/stream_executor/cuda/cuda_driver.cc:328] failed call to cuInit: CUDA_ERROR_NO_DEVICE: no CUDA-capable device is detected
2024-06-17 01:17:24.335493: I tensorflow/stream_executor/cuda/cuda_diagnostics.cc:156] kernel driver does not appear to be running on this host (nid005800): /proc/driver/nvidia/version does not exist
2024-06-17 01:17:24.337257: I tensorflow/core/platform/cpu_feature_guard.cc:142] This TensorFlow binary is optimized with oneAPI Deep Neural Network Library (oneDNN) to use the following CPU instructions in performance-critical operations:  AVX2 FMA
To enable them in other operations, rebuild TensorFlow with the appropriate compiler flags.
2024-06-17 01:17:24.341602: I tensorflow/compiler/jit/xla_gpu_device.cc:99] Not creating XLA devices, tf_xla_enable_xla_devices not set
2024-06-17 01:17:24.361982: I tensorflow/compiler/jit/xla_gpu_device.cc:99] Not creating XLA devices, tf_xla_enable_xla_devices not set
INFO:tensorflow:Restoring parameters from /global/cfs/cdirs/desi/users/jqzou/dla_finder/prediction/model/train_lowsnr/train_lowsnr/current_99999.ckpt
2024-06-17 01:17:24.420174: I tensorflow/compiler/mlir/mlir_graph_optimization_pass.cc:196] None of the MLIR optimization passes are enabled (registered 0 passes)
2024-06-17 01:17:24.434100: I tensorflow/core/platform/profile_utils/cpu_utils.cc:112] CPU Frequency: 2445305000 Hz
INFO:tensorflow:Restoring parameters from /global/cfs/cdirs/desi/users/jqzou/dla_finder/prediction/model/train_lowsnr/train_lowsnr/current_99999.ckpt
2024-06-17 01:17:24.447441: I tensorflow/compiler/jit/xla_gpu_device.cc:99] Not creating XLA devices, tf_xla_enable_xla_devices not set
INFO:tensorflow:Restoring parameters from /global/cfs/cdirs/desi/users/jqzou/dla_finder/prediction/model/train_lowsnr/train_lowsnr/current_99999.ckpt
2024-06-17 01:17:24.501263: I tensorflow/compiler/mlir/mlir_graph_optimization_pass.cc:196] None of the MLIR optimization passes are enabled (registered 0 passes)
INFO:tensorflow:Restoring parameters from /global/cfs/cdirs/desi/users/jqzou/dla_finder/prediction/model/train_lowsnr/train_lowsnr/current_99999.ckpt
2024-06-17 01:17:24.536680: I tensorflow/core/platform/profile_utils/cpu_utils.cc:112] CPU Frequency: 2445305000 Hz
2024-06-17 01:17:24.540566: I tensorflow/compiler/jit/xla_gpu_device.cc:99] Not creating XLA devices, tf_xla_enable_xla_devices not set
INFO:tensorflow:Restoring parameters from /global/cfs/cdirs/desi/users/jqzou/dla_finder/prediction/model/train_midsnr/train_midsnr/current_99999.ckpt
2024-06-17 01:17:24.640616: I tensorflow/compiler/jit/xla_gpu_device.cc:99] Not creating XLA devices, tf_xla_enable_xla_devices not set
INFO:tensorflow:Restoring parameters from /global/cfs/cdirs/desi/users/jqzou/dla_finder/prediction/model/train_lowsnr/train_lowsnr/current_99999.ckpt
2024-06-17 01:17:24.855448: I tensorflow/compiler/jit/xla_gpu_device.cc:99] Not creating XLA devices, tf_xla_enable_xla_devices not set
2024-06-17 01:17:24.953161: I tensorflow/compiler/jit/xla_gpu_device.cc:99] Not creating XLA devices, tf_xla_enable_xla_devices not set
INFO:tensorflow:Restoring parameters from /global/cfs/cdirs/desi/users/jqzou/dla_finder/prediction/model/train_lowsnr/train_lowsnr/current_99999.ckpt
INFO:tensorflow:Restoring parameters from /global/cfs/cdirs/desi/users/jqzou/dla_finder/prediction/model/train_lowsnr/train_lowsnr/current_99999.ckpt
2024-06-17 01:17:25.321140: I tensorflow/compiler/jit/xla_gpu_device.cc:99] Not creating XLA devices, tf_xla_enable_xla_devices not set
2024-06-17 01:17:25.391428: I tensorflow/compiler/jit/xla_gpu_device.cc:99] Not creating XLA devices, tf_xla_enable_xla_devices not set
2024-06-17 01:17:25.394433: I tensorflow/compiler/jit/xla_gpu_device.cc:99] Not creating XLA devices, tf_xla_enable_xla_devices not set
INFO:tensorflow:Restoring parameters from /global/cfs/cdirs/desi/users/jqzou/dla_finder/prediction/model/train_lowsnr/train_lowsnr/current_99999.ckpt
INFO:tensorflow:Restoring parameters from /global/cfs/cdirs/desi/users/jqzou/dla_finder/prediction/model/train_lowsnr/train_lowsnr/current_99999.ckpt
INFO:tensorflow:Restoring parameters from /global/cfs/cdirs/desi/users/jqzou/dla_finder/prediction/model/train_lowsnr/train_lowsnr/current_99999.ckpt
2024-06-17 01:17:26.044592: I tensorflow/compiler/jit/xla_gpu_device.cc:99] Not creating XLA devices, tf_xla_enable_xla_devices not set
INFO:tensorflow:Restoring parameters from /global/cfs/cdirs/desi/users/jqzou/dla_finder/prediction/model/train_lowsnr/train_lowsnr/current_99999.ckpt
2024-06-17 01:17:26.408862: I tensorflow/compiler/jit/xla_gpu_device.cc:99] Not creating XLA devices, tf_xla_enable_xla_devices not set
2024-06-17 01:17:26.430374: I tensorflow/compiler/jit/xla_gpu_device.cc:99] Not creating XLA devices, tf_xla_enable_xla_devices not set
INFO:tensorflow:Restoring parameters from /global/cfs/cdirs/desi/users/jqzou/dla_finder/prediction/model/train_lowsnr/train_lowsnr/current_99999.ckpt
INFO:tensorflow:Restoring parameters from /global/cfs/cdirs/desi/users/jqzou/dla_finder/prediction/model/train_lowsnr/train_lowsnr/current_99999.ckpt
2024-06-17 01:17:26.553659: I tensorflow/compiler/jit/xla_gpu_device.cc:99] Not creating XLA devices, tf_xla_enable_xla_devices not set
INFO:tensorflow:Restoring parameters from /global/cfs/cdirs/desi/users/jqzou/dla_finder/prediction/model/train_lowsnr/train_lowsnr/current_99999.ckpt
2024-06-17 01:17:26.676104: I tensorflow/compiler/jit/xla_gpu_device.cc:99] Not creating XLA devices, tf_xla_enable_xla_devices not set
INFO:tensorflow:Restoring parameters from /global/cfs/cdirs/desi/users/jqzou/dla_finder/prediction/model/train_lowsnr/train_lowsnr/current_99999.ckpt
2024-06-17 01:17:26.871800: I tensorflow/compiler/jit/xla_gpu_device.cc:99] Not creating XLA devices, tf_xla_enable_xla_devices not set
2024-06-17 01:17:26.894618: I tensorflow/compiler/jit/xla_gpu_device.cc:99] Not creating XLA devices, tf_xla_enable_xla_devices not set
INFO:tensorflow:Restoring parameters from /global/cfs/cdirs/desi/users/jqzou/dla_finder/prediction/model/train_lowsnr/train_lowsnr/current_99999.ckpt
INFO:tensorflow:Restoring parameters from /global/cfs/cdirs/desi/users/jqzou/dla_finder/prediction/model/train_lowsnr/train_lowsnr/current_99999.ckpt
2024-06-17 01:17:27.622293: I tensorflow/compiler/jit/xla_gpu_device.cc:99] Not creating XLA devices, tf_xla_enable_xla_devices not set
INFO:tensorflow:Restoring parameters from /global/cfs/cdirs/desi/users/jqzou/dla_finder/prediction/model/train_lowsnr/train_lowsnr/current_99999.ckpt
2024-06-17 01:17:27.674401: I tensorflow/compiler/jit/xla_gpu_device.cc:99] Not creating XLA devices, tf_xla_enable_xla_devices not set
INFO:tensorflow:Restoring parameters from /global/cfs/cdirs/desi/users/jqzou/dla_finder/prediction/model/train_lowsnr/train_lowsnr/current_99999.ckpt
2024-06-17 01:17:27.749964: I tensorflow/compiler/jit/xla_gpu_device.cc:99] Not creating XLA devices, tf_xla_enable_xla_devices not set
INFO:tensorflow:Restoring parameters from /global/cfs/cdirs/desi/users/jqzou/dla_finder/prediction/model/train_lowsnr/train_lowsnr/current_99999.ckpt

  0%|                                                                                                                                                                | 0/58 [00:00<?, ?it/s]  3%|█████▏                                                                                                                                                  | 2/58 [00:00<00:01, 50.09it/s]
Traceback (most recent call last):
  File "/global/u1/t/tanting/DESI_analysis/desi-dlas/desi_mock_iron1.py", line 86, in <module>
    dla_tbl=save_pred(sightlines,pred,filename=dlacat_loc)
  File "/global/u1/t/tanting/DESI_analysis/desi-dlas/desidlas/prediction/pred_sightline.py", line 37, in save_pred
    pred_abs=vstack((pred_abs,analyze_pred(sightline,classifier,conf,offset,coldensity,PEAK_THRESH,lam_analyse)))
  File "/global/u1/t/tanting/DESI_analysis/desi-dlas/desidlas/prediction/analyze_prediction.py", line 106, in analyze_pred
    absorber_type =  "DLA" if mean_col_density_prediction >= 20.3 else "LYB" if sightline.is_lyb(peak) else "SUBDLA"
TypeError: is_lyb() missing 1 required positional argument: 'lam_analyse'
srun: error: nid005800: task 0: Exited with exit code 1
srun: Terminating StepId=26870691.1
