/var/spool/slurmd/job20519589/slurm_script: line 11: load_picca_plots: command not found
2024-01-18 17:11:13.711307: W tensorflow/stream_executor/platform/default/dso_loader.cc:60] Could not load dynamic library 'libcudart.so.11.0'; dlerror: libcudart.so.11.0: cannot open shared object file: No such file or directory; LD_LIBRARY_PATH: /global/u1/t/tanting/fitter2_tutorial/PolyChordLite/lib:/global/u1/t/tanting/DESI_analysis/theoretical_pk/fisher_forecast/openmpi-4.1.2/lib:/global/u1/t/tanting/fitter2_tutorial/PolyChordLite/lib:/global/u1/t/tanting/DESI_analysis/theoretical_pk/fisher_forecast/openmpi-4.1.2/lib:/global/common/software/nersc/pm-2022q4/sw/evp-patch/lib64:/global/u1/t/tanting/fitter2_tutorial/PolyChordLite/lib:/global/u1/t/tanting/DESI_analysis/theoretical_pk/fisher_forecast/openmpi-4.1.2/lib:/usr/local/cuda-12.2/compat:/opt/nvidia/hpc_sdk/Linux_x86_64/23.9/math_libs/12.2/lib64:/opt/nvidia/hpc_sdk/Linux_x86_64/23.9/cuda/12.2/extras/CUPTI/lib64:/opt/nvidia/hpc_sdk/Linux_x86_64/23.9/cuda/12.2/extras/Debugger/lib64:/opt/nvidia/hpc_sdk/Linux_x86_64/23.9/cuda/12.2/nvvm/lib64:/opt/nvidia/hpc_sdk/Linux_x86_64/23.9/cuda/12.2/lib64:/opt/cray/pe/papi/7.0.1.2/lib64:/opt/cray/libfabric/1.15.2.0/lib64:/opt/cray/libfabric/1.15.2.0/lib64:/opt/cray/libfabric/1.15.2.0/lib64
2024-01-18 17:11:13.711330: I tensorflow/stream_executor/cuda/cudart_stub.cc:29] Ignore above cudart dlerror if you do not have a GPU set up on your machine.
  0%|                                                                                                                                    | 0/888 [00:00<?, ?it/s] 17%|████████████████████▌                                                                                                   | 152/888 [00:00<00:00, 1414.82it/s]/global/cfs/cdirs/desi/users/jqzou/dla_finder/datasets/input_set.py:102: FutureWarning: arrays to stack must be passed as a "sequence" type such as list or tuple. Support for non-sequence iterables such as generators is deprecated as of NumPy 1.16 and will raise an error in the future.
  fluxes_matrix = np.vstack(map(lambda x:x[0][x[1]-kernelrangepx:x[1]+kernelrangepx],zip(itertools.repeat(flux_padded), np.nonzero(ix_dla_range)[0]+pixel_num_left)))
/global/cfs/cdirs/desi/users/jqzou/dla_finder/datasets/input_set.py:103: FutureWarning: arrays to stack must be passed as a "sequence" type such as list or tuple. Support for non-sequence iterables such as generators is deprecated as of NumPy 1.16 and will raise an error in the future.
  lam_matrix = np.vstack(map(lambda x:x[0][x[1]-kernelrangepx:x[1]+kernelrangepx],zip(itertools.repeat(lam_padded), np.nonzero(ix_dla_range)[0]+pixel_num_left)))
WARNING:tensorflow:From /global/cfs/cdirs/desi/users/jqzou/dla_finder/training/model.py:291: div (from tensorflow.python.ops.math_ops) is deprecated and will be removed in a future version.
Instructions for updating:
Deprecated in favor of operator or tf.math.divide.
/global/cfs/cdirs/desi/users/jqzou/dla_finder/datasets/input_set.py:102: FutureWarning: arrays to stack must be passed as a "sequence" type such as list or tuple. Support for non-sequence iterables such as generators is deprecated as of NumPy 1.16 and will raise an error in the future.
  fluxes_matrix = np.vstack(map(lambda x:x[0][x[1]-kernelrangepx:x[1]+kernelrangepx],zip(itertools.repeat(flux_padded), np.nonzero(ix_dla_range)[0]+pixel_num_left)))
/global/cfs/cdirs/desi/users/jqzou/dla_finder/datasets/input_set.py:103: FutureWarning: arrays to stack must be passed as a "sequence" type such as list or tuple. Support for non-sequence iterables such as generators is deprecated as of NumPy 1.16 and will raise an error in the future.
  lam_matrix = np.vstack(map(lambda x:x[0][x[1]-kernelrangepx:x[1]+kernelrangepx],zip(itertools.repeat(lam_padded), np.nonzero(ix_dla_range)[0]+pixel_num_left)))
WARNING:tensorflow:From /global/cfs/cdirs/desi/users/jqzou/dla_finder/training/model.py:291: div (from tensorflow.python.ops.math_ops) is deprecated and will be removed in a future version.
Instructions for updating:
Deprecated in favor of operator or tf.math.divide.
/global/cfs/cdirs/desi/users/jqzou/dla_finder/datasets/input_set.py:102: FutureWarning: arrays to stack must be passed as a "sequence" type such as list or tuple. Support for non-sequence iterables such as generators is deprecated as of NumPy 1.16 and will raise an error in the future.
  fluxes_matrix = np.vstack(map(lambda x:x[0][x[1]-kernelrangepx:x[1]+kernelrangepx],zip(itertools.repeat(flux_padded), np.nonzero(ix_dla_range)[0]+pixel_num_left)))
/global/cfs/cdirs/desi/users/jqzou/dla_finder/datasets/input_set.py:103: FutureWarning: arrays to stack must be passed as a "sequence" type such as list or tuple. Support for non-sequence iterables such as generators is deprecated as of NumPy 1.16 and will raise an error in the future.
  lam_matrix = np.vstack(map(lambda x:x[0][x[1]-kernelrangepx:x[1]+kernelrangepx],zip(itertools.repeat(lam_padded), np.nonzero(ix_dla_range)[0]+pixel_num_left)))
WARNING:tensorflow:From /global/cfs/cdirs/desi/users/jqzou/dla_finder/training/model.py:291: div (from tensorflow.python.ops.math_ops) is deprecated and will be removed in a future version.
Instructions for updating:
Deprecated in favor of operator or tf.math.divide.
/global/cfs/cdirs/desi/users/jqzou/dla_finder/datasets/input_set.py:102: FutureWarning: arrays to stack must be passed as a "sequence" type such as list or tuple. Support for non-sequence iterables such as generators is deprecated as of NumPy 1.16 and will raise an error in the future.
  fluxes_matrix = np.vstack(map(lambda x:x[0][x[1]-kernelrangepx:x[1]+kernelrangepx],zip(itertools.repeat(flux_padded), np.nonzero(ix_dla_range)[0]+pixel_num_left)))
/global/cfs/cdirs/desi/users/jqzou/dla_finder/datasets/input_set.py:103: FutureWarning: arrays to stack must be passed as a "sequence" type such as list or tuple. Support for non-sequence iterables such as generators is deprecated as of NumPy 1.16 and will raise an error in the future.
  lam_matrix = np.vstack(map(lambda x:x[0][x[1]-kernelrangepx:x[1]+kernelrangepx],zip(itertools.repeat(lam_padded), np.nonzero(ix_dla_range)[0]+pixel_num_left)))
WARNING:tensorflow:From /global/cfs/cdirs/desi/users/jqzou/dla_finder/training/model.py:291: div (from tensorflow.python.ops.math_ops) is deprecated and will be removed in a future version.
Instructions for updating:
Deprecated in favor of operator or tf.math.divide.
/global/cfs/cdirs/desi/users/jqzou/dla_finder/datasets/input_set.py:102: FutureWarning: arrays to stack must be passed as a "sequence" type such as list or tuple. Support for non-sequence iterables such as generators is deprecated as of NumPy 1.16 and will raise an error in the future.
  fluxes_matrix = np.vstack(map(lambda x:x[0][x[1]-kernelrangepx:x[1]+kernelrangepx],zip(itertools.repeat(flux_padded), np.nonzero(ix_dla_range)[0]+pixel_num_left)))
/global/cfs/cdirs/desi/users/jqzou/dla_finder/datasets/input_set.py:103: FutureWarning: arrays to stack must be passed as a "sequence" type such as list or tuple. Support for non-sequence iterables such as generators is deprecated as of NumPy 1.16 and will raise an error in the future.
  lam_matrix = np.vstack(map(lambda x:x[0][x[1]-kernelrangepx:x[1]+kernelrangepx],zip(itertools.repeat(lam_padded), np.nonzero(ix_dla_range)[0]+pixel_num_left)))
WARNING:tensorflow:From /global/cfs/cdirs/desi/users/jqzou/dla_finder/training/model.py:291: div (from tensorflow.python.ops.math_ops) is deprecated and will be removed in a future version.
Instructions for updating:
Deprecated in favor of operator or tf.math.divide.
/global/cfs/cdirs/desi/users/jqzou/dla_finder/datasets/input_set.py:102: FutureWarning: arrays to stack must be passed as a "sequence" type such as list or tuple. Support for non-sequence iterables such as generators is deprecated as of NumPy 1.16 and will raise an error in the future.
  fluxes_matrix = np.vstack(map(lambda x:x[0][x[1]-kernelrangepx:x[1]+kernelrangepx],zip(itertools.repeat(flux_padded), np.nonzero(ix_dla_range)[0]+pixel_num_left)))
/global/cfs/cdirs/desi/users/jqzou/dla_finder/datasets/input_set.py:103: FutureWarning: arrays to stack must be passed as a "sequence" type such as list or tuple. Support for non-sequence iterables such as generators is deprecated as of NumPy 1.16 and will raise an error in the future.
  lam_matrix = np.vstack(map(lambda x:x[0][x[1]-kernelrangepx:x[1]+kernelrangepx],zip(itertools.repeat(lam_padded), np.nonzero(ix_dla_range)[0]+pixel_num_left)))
WARNING:tensorflow:From /global/cfs/cdirs/desi/users/jqzou/dla_finder/training/model.py:291: div (from tensorflow.python.ops.math_ops) is deprecated and will be removed in a future version.
Instructions for updating:
Deprecated in favor of operator or tf.math.divide.
/global/cfs/cdirs/desi/users/jqzou/dla_finder/datasets/input_set.py:102: FutureWarning: arrays to stack must be passed as a "sequence" type such as list or tuple. Support for non-sequence iterables such as generators is deprecated as of NumPy 1.16 and will raise an error in the future.
  fluxes_matrix = np.vstack(map(lambda x:x[0][x[1]-kernelrangepx:x[1]+kernelrangepx],zip(itertools.repeat(flux_padded), np.nonzero(ix_dla_range)[0]+pixel_num_left)))
/global/cfs/cdirs/desi/users/jqzou/dla_finder/datasets/input_set.py:103: FutureWarning: arrays to stack must be passed as a "sequence" type such as list or tuple. Support for non-sequence iterables such as generators is deprecated as of NumPy 1.16 and will raise an error in the future.
  lam_matrix = np.vstack(map(lambda x:x[0][x[1]-kernelrangepx:x[1]+kernelrangepx],zip(itertools.repeat(lam_padded), np.nonzero(ix_dla_range)[0]+pixel_num_left)))
WARNING:tensorflow:From /global/cfs/cdirs/desi/users/jqzou/dla_finder/training/model.py:291: div (from tensorflow.python.ops.math_ops) is deprecated and will be removed in a future version.
Instructions for updating:
Deprecated in favor of operator or tf.math.divide.
/global/cfs/cdirs/desi/users/jqzou/dla_finder/datasets/input_set.py:102: FutureWarning: arrays to stack must be passed as a "sequence" type such as list or tuple. Support for non-sequence iterables such as generators is deprecated as of NumPy 1.16 and will raise an error in the future.
  fluxes_matrix = np.vstack(map(lambda x:x[0][x[1]-kernelrangepx:x[1]+kernelrangepx],zip(itertools.repeat(flux_padded), np.nonzero(ix_dla_range)[0]+pixel_num_left)))
/global/cfs/cdirs/desi/users/jqzou/dla_finder/datasets/input_set.py:103: FutureWarning: arrays to stack must be passed as a "sequence" type such as list or tuple. Support for non-sequence iterables such as generators is deprecated as of NumPy 1.16 and will raise an error in the future.
  lam_matrix = np.vstack(map(lambda x:x[0][x[1]-kernelrangepx:x[1]+kernelrangepx],zip(itertools.repeat(lam_padded), np.nonzero(ix_dla_range)[0]+pixel_num_left)))
WARNING:tensorflow:From /global/cfs/cdirs/desi/users/jqzou/dla_finder/training/model.py:291: div (from tensorflow.python.ops.math_ops) is deprecated and will be removed in a future version.
Instructions for updating:
Deprecated in favor of operator or tf.math.divide.
/global/cfs/cdirs/desi/users/jqzou/dla_finder/datasets/input_set.py:102: FutureWarning: arrays to stack must be passed as a "sequence" type such as list or tuple. Support for non-sequence iterables such as generators is deprecated as of NumPy 1.16 and will raise an error in the future.
  fluxes_matrix = np.vstack(map(lambda x:x[0][x[1]-kernelrangepx:x[1]+kernelrangepx],zip(itertools.repeat(flux_padded), np.nonzero(ix_dla_range)[0]+pixel_num_left)))
/global/cfs/cdirs/desi/users/jqzou/dla_finder/datasets/input_set.py:103: FutureWarning: arrays to stack must be passed as a "sequence" type such as list or tuple. Support for non-sequence iterables such as generators is deprecated as of NumPy 1.16 and will raise an error in the future.
  lam_matrix = np.vstack(map(lambda x:x[0][x[1]-kernelrangepx:x[1]+kernelrangepx],zip(itertools.repeat(lam_padded), np.nonzero(ix_dla_range)[0]+pixel_num_left)))
WARNING:tensorflow:From /global/cfs/cdirs/desi/users/jqzou/dla_finder/training/model.py:291: div (from tensorflow.python.ops.math_ops) is deprecated and will be removed in a future version.
Instructions for updating:
Deprecated in favor of operator or tf.math.divide.
/global/cfs/cdirs/desi/users/jqzou/dla_finder/datasets/input_set.py:102: FutureWarning: arrays to stack must be passed as a "sequence" type such as list or tuple. Support for non-sequence iterables such as generators is deprecated as of NumPy 1.16 and will raise an error in the future.
  fluxes_matrix = np.vstack(map(lambda x:x[0][x[1]-kernelrangepx:x[1]+kernelrangepx],zip(itertools.repeat(flux_padded), np.nonzero(ix_dla_range)[0]+pixel_num_left)))
/global/cfs/cdirs/desi/users/jqzou/dla_finder/datasets/input_set.py:103: FutureWarning: arrays to stack must be passed as a "sequence" type such as list or tuple. Support for non-sequence iterables such as generators is deprecated as of NumPy 1.16 and will raise an error in the future.
  lam_matrix = np.vstack(map(lambda x:x[0][x[1]-kernelrangepx:x[1]+kernelrangepx],zip(itertools.repeat(lam_padded), np.nonzero(ix_dla_range)[0]+pixel_num_left)))
WARNING:tensorflow:From /global/cfs/cdirs/desi/users/jqzou/dla_finder/training/model.py:291: div (from tensorflow.python.ops.math_ops) is deprecated and will be removed in a future version.
Instructions for updating:
Deprecated in favor of operator or tf.math.divide.
2024-01-18 17:11:23.652132: I tensorflow/compiler/jit/xla_cpu_device.cc:41] Not creating XLA devices, tf_xla_enable_xla_devices not set
2024-01-18 17:11:23.683262: I tensorflow/stream_executor/platform/default/dso_loader.cc:49] Successfully opened dynamic library libcuda.so.1
2024-01-18 17:11:23.790551: I tensorflow/compiler/jit/xla_cpu_device.cc:41] Not creating XLA devices, tf_xla_enable_xla_devices not set
2024-01-18 17:11:23.794238: I tensorflow/stream_executor/platform/default/dso_loader.cc:49] Successfully opened dynamic library libcuda.so.1
2024-01-18 17:11:23.804006: I tensorflow/compiler/jit/xla_cpu_device.cc:41] Not creating XLA devices, tf_xla_enable_xla_devices not set
2024-01-18 17:11:23.805853: I tensorflow/stream_executor/platform/default/dso_loader.cc:49] Successfully opened dynamic library libcuda.so.1
2024-01-18 17:11:23.811617: I tensorflow/compiler/jit/xla_cpu_device.cc:41] Not creating XLA devices, tf_xla_enable_xla_devices not set
2024-01-18 17:11:23.813464: I tensorflow/stream_executor/platform/default/dso_loader.cc:49] Successfully opened dynamic library libcuda.so.1
2024-01-18 17:11:23.852226: I tensorflow/compiler/jit/xla_cpu_device.cc:41] Not creating XLA devices, tf_xla_enable_xla_devices not set
2024-01-18 17:11:23.854060: I tensorflow/stream_executor/platform/default/dso_loader.cc:49] Successfully opened dynamic library libcuda.so.1
2024-01-18 17:11:23.861643: I tensorflow/compiler/jit/xla_cpu_device.cc:41] Not creating XLA devices, tf_xla_enable_xla_devices not set
2024-01-18 17:11:23.862707: I tensorflow/compiler/jit/xla_cpu_device.cc:41] Not creating XLA devices, tf_xla_enable_xla_devices not set
2024-01-18 17:11:23.863472: I tensorflow/stream_executor/platform/default/dso_loader.cc:49] Successfully opened dynamic library libcuda.so.1
2024-01-18 17:11:23.865026: I tensorflow/stream_executor/platform/default/dso_loader.cc:49] Successfully opened dynamic library libcuda.so.1
2024-01-18 17:11:23.868642: I tensorflow/compiler/jit/xla_cpu_device.cc:41] Not creating XLA devices, tf_xla_enable_xla_devices not set
2024-01-18 17:11:23.870524: I tensorflow/stream_executor/platform/default/dso_loader.cc:49] Successfully opened dynamic library libcuda.so.1
2024-01-18 17:11:23.901475: I tensorflow/compiler/jit/xla_cpu_device.cc:41] Not creating XLA devices, tf_xla_enable_xla_devices not set
2024-01-18 17:11:23.903029: I tensorflow/stream_executor/platform/default/dso_loader.cc:49] Successfully opened dynamic library libcuda.so.1
2024-01-18 17:11:23.918326: I tensorflow/compiler/jit/xla_cpu_device.cc:41] Not creating XLA devices, tf_xla_enable_xla_devices not set
2024-01-18 17:11:23.920169: I tensorflow/stream_executor/platform/default/dso_loader.cc:49] Successfully opened dynamic library libcuda.so.1
2024-01-18 17:11:24.059717: E tensorflow/stream_executor/cuda/cuda_driver.cc:328] failed call to cuInit: CUDA_ERROR_NO_DEVICE: no CUDA-capable device is detected
2024-01-18 17:11:24.059783: I tensorflow/stream_executor/cuda/cuda_diagnostics.cc:156] kernel driver does not appear to be running on this host (nid006255): /proc/driver/nvidia/version does not exist
2024-01-18 17:11:24.061367: I tensorflow/core/platform/cpu_feature_guard.cc:142] This TensorFlow binary is optimized with oneAPI Deep Neural Network Library (oneDNN) to use the following CPU instructions in performance-critical operations:  AVX2 FMA
To enable them in other operations, rebuild TensorFlow with the appropriate compiler flags.
2024-01-18 17:11:24.067409: I tensorflow/compiler/jit/xla_gpu_device.cc:99] Not creating XLA devices, tf_xla_enable_xla_devices not set
/global/cfs/cdirs/desi/users/jqzou/dla_finder/datasets/input_set.py:102: FutureWarning: arrays to stack must be passed as a "sequence" type such as list or tuple. Support for non-sequence iterables such as generators is deprecated as of NumPy 1.16 and will raise an error in the future.
  fluxes_matrix = np.vstack(map(lambda x:x[0][x[1]-kernelrangepx:x[1]+kernelrangepx],zip(itertools.repeat(flux_padded), np.nonzero(ix_dla_range)[0]+pixel_num_left)))
/global/cfs/cdirs/desi/users/jqzou/dla_finder/datasets/input_set.py:103: FutureWarning: arrays to stack must be passed as a "sequence" type such as list or tuple. Support for non-sequence iterables such as generators is deprecated as of NumPy 1.16 and will raise an error in the future.
  lam_matrix = np.vstack(map(lambda x:x[0][x[1]-kernelrangepx:x[1]+kernelrangepx],zip(itertools.repeat(lam_padded), np.nonzero(ix_dla_range)[0]+pixel_num_left)))
WARNING:tensorflow:From /global/cfs/cdirs/desi/users/jqzou/dla_finder/training/model.py:291: div (from tensorflow.python.ops.math_ops) is deprecated and will be removed in a future version.
Instructions for updating:
Deprecated in favor of operator or tf.math.divide.
2024-01-18 17:11:24.133137: E tensorflow/stream_executor/cuda/cuda_driver.cc:328] failed call to cuInit: CUDA_ERROR_NO_DEVICE: no CUDA-capable device is detected
2024-01-18 17:11:24.133184: I tensorflow/stream_executor/cuda/cuda_diagnostics.cc:156] kernel driver does not appear to be running on this host (nid006255): /proc/driver/nvidia/version does not exist
2024-01-18 17:11:24.134603: I tensorflow/core/platform/cpu_feature_guard.cc:142] This TensorFlow binary is optimized with oneAPI Deep Neural Network Library (oneDNN) to use the following CPU instructions in performance-critical operations:  AVX2 FMA
To enable them in other operations, rebuild TensorFlow with the appropriate compiler flags.
2024-01-18 17:11:24.139098: I tensorflow/compiler/jit/xla_gpu_device.cc:99] Not creating XLA devices, tf_xla_enable_xla_devices not set
INFO:tensorflow:Restoring parameters from /global/cfs/cdirs/desi/users/jqzou/dla_finder/prediction/model/train_midsnr/train_midsnr/current_99999.ckpt
2024-01-18 17:11:24.157610: E tensorflow/stream_executor/cuda/cuda_driver.cc:328] failed call to cuInit: CUDA_ERROR_NO_DEVICE: no CUDA-capable device is detected
2024-01-18 17:11:24.157666: I tensorflow/stream_executor/cuda/cuda_diagnostics.cc:156] kernel driver does not appear to be running on this host (nid006255): /proc/driver/nvidia/version does not exist
2024-01-18 17:11:24.159208: I tensorflow/core/platform/cpu_feature_guard.cc:142] This TensorFlow binary is optimized with oneAPI Deep Neural Network Library (oneDNN) to use the following CPU instructions in performance-critical operations:  AVX2 FMA
To enable them in other operations, rebuild TensorFlow with the appropriate compiler flags.
2024-01-18 17:11:24.164585: I tensorflow/compiler/jit/xla_gpu_device.cc:99] Not creating XLA devices, tf_xla_enable_xla_devices not set
2024-01-18 17:11:24.168892: I tensorflow/compiler/mlir/mlir_graph_optimization_pass.cc:196] None of the MLIR optimization passes are enabled (registered 0 passes)
2024-01-18 17:11:24.180966: E tensorflow/stream_executor/cuda/cuda_driver.cc:328] failed call to cuInit: CUDA_ERROR_NO_DEVICE: no CUDA-capable device is detected
2024-01-18 17:11:24.181011: I tensorflow/stream_executor/cuda/cuda_diagnostics.cc:156] kernel driver does not appear to be running on this host (nid006255): /proc/driver/nvidia/version does not exist
2024-01-18 17:11:24.182537: I tensorflow/core/platform/cpu_feature_guard.cc:142] This TensorFlow binary is optimized with oneAPI Deep Neural Network Library (oneDNN) to use the following CPU instructions in performance-critical operations:  AVX2 FMA
To enable them in other operations, rebuild TensorFlow with the appropriate compiler flags.
2024-01-18 17:11:24.188200: I tensorflow/compiler/jit/xla_gpu_device.cc:99] Not creating XLA devices, tf_xla_enable_xla_devices not set
INFO:tensorflow:Restoring parameters from /global/cfs/cdirs/desi/users/jqzou/dla_finder/prediction/model/train_midsnr/train_midsnr/current_99999.ckpt
2024-01-18 17:11:24.194646: E tensorflow/stream_executor/cuda/cuda_driver.cc:328] failed call to cuInit: CUDA_ERROR_NO_DEVICE: no CUDA-capable device is detected
2024-01-18 17:11:24.194693: I tensorflow/stream_executor/cuda/cuda_diagnostics.cc:156] kernel driver does not appear to be running on this host (nid006255): /proc/driver/nvidia/version does not exist
2024-01-18 17:11:24.196193: I tensorflow/core/platform/cpu_feature_guard.cc:142] This TensorFlow binary is optimized with oneAPI Deep Neural Network Library (oneDNN) to use the following CPU instructions in performance-critical operations:  AVX2 FMA
To enable them in other operations, rebuild TensorFlow with the appropriate compiler flags.
2024-01-18 17:11:24.197820: E tensorflow/stream_executor/cuda/cuda_driver.cc:328] failed call to cuInit: CUDA_ERROR_NO_DEVICE: no CUDA-capable device is detected
2024-01-18 17:11:24.197858: I tensorflow/stream_executor/cuda/cuda_diagnostics.cc:156] kernel driver does not appear to be running on this host (nid006255): /proc/driver/nvidia/version does not exist
2024-01-18 17:11:24.199177: I tensorflow/core/platform/cpu_feature_guard.cc:142] This TensorFlow binary is optimized with oneAPI Deep Neural Network Library (oneDNN) to use the following CPU instructions in performance-critical operations:  AVX2 FMA
To enable them in other operations, rebuild TensorFlow with the appropriate compiler flags.
2024-01-18 17:11:24.201566: I tensorflow/core/platform/profile_utils/cpu_utils.cc:112] CPU Frequency: 2445420000 Hz
2024-01-18 17:11:24.202202: I tensorflow/compiler/jit/xla_gpu_device.cc:99] Not creating XLA devices, tf_xla_enable_xla_devices not set
2024-01-18 17:11:24.204204: I tensorflow/compiler/jit/xla_gpu_device.cc:99] Not creating XLA devices, tf_xla_enable_xla_devices not set
/global/cfs/cdirs/desi/users/jqzou/dla_finder/datasets/input_set.py:102: FutureWarning: arrays to stack must be passed as a "sequence" type such as list or tuple. Support for non-sequence iterables such as generators is deprecated as of NumPy 1.16 and will raise an error in the future.
  fluxes_matrix = np.vstack(map(lambda x:x[0][x[1]-kernelrangepx:x[1]+kernelrangepx],zip(itertools.repeat(flux_padded), np.nonzero(ix_dla_range)[0]+pixel_num_left)))
/global/cfs/cdirs/desi/users/jqzou/dla_finder/datasets/input_set.py:103: FutureWarning: arrays to stack must be passed as a "sequence" type such as list or tuple. Support for non-sequence iterables such as generators is deprecated as of NumPy 1.16 and will raise an error in the future.
  lam_matrix = np.vstack(map(lambda x:x[0][x[1]-kernelrangepx:x[1]+kernelrangepx],zip(itertools.repeat(lam_padded), np.nonzero(ix_dla_range)[0]+pixel_num_left)))
WARNING:tensorflow:From /global/cfs/cdirs/desi/users/jqzou/dla_finder/training/model.py:291: div (from tensorflow.python.ops.math_ops) is deprecated and will be removed in a future version.
Instructions for updating:
Deprecated in favor of operator or tf.math.divide.
2024-01-18 17:11:24.207032: I tensorflow/compiler/mlir/mlir_graph_optimization_pass.cc:196] None of the MLIR optimization passes are enabled (registered 0 passes)
2024-01-18 17:11:24.209973: E tensorflow/stream_executor/cuda/cuda_driver.cc:328] failed call to cuInit: CUDA_ERROR_NO_DEVICE: no CUDA-capable device is detected
2024-01-18 17:11:24.210039: I tensorflow/stream_executor/cuda/cuda_diagnostics.cc:156] kernel driver does not appear to be running on this host (nid006255): /proc/driver/nvidia/version does not exist
2024-01-18 17:11:24.211808: I tensorflow/core/platform/cpu_feature_guard.cc:142] This TensorFlow binary is optimized with oneAPI Deep Neural Network Library (oneDNN) to use the following CPU instructions in performance-critical operations:  AVX2 FMA
To enable them in other operations, rebuild TensorFlow with the appropriate compiler flags.
2024-01-18 17:11:24.217887: I tensorflow/compiler/jit/xla_gpu_device.cc:99] Not creating XLA devices, tf_xla_enable_xla_devices not set
INFO:tensorflow:Restoring parameters from /global/cfs/cdirs/desi/users/jqzou/dla_finder/prediction/model/train_midsnr/train_midsnr/current_99999.ckpt
2024-01-18 17:11:24.233527: I tensorflow/core/platform/profile_utils/cpu_utils.cc:112] CPU Frequency: 2445420000 Hz
2024-01-18 17:11:24.243227: I tensorflow/compiler/mlir/mlir_graph_optimization_pass.cc:196] None of the MLIR optimization passes are enabled (registered 0 passes)
2024-01-18 17:11:24.251362: I tensorflow/core/platform/profile_utils/cpu_utils.cc:112] CPU Frequency: 2445420000 Hz
2024-01-18 17:11:24.251769: E tensorflow/stream_executor/cuda/cuda_driver.cc:328] failed call to cuInit: CUDA_ERROR_NO_DEVICE: no CUDA-capable device is detected
2024-01-18 17:11:24.251822: I tensorflow/stream_executor/cuda/cuda_diagnostics.cc:156] kernel driver does not appear to be running on this host (nid006255): /proc/driver/nvidia/version does not exist
2024-01-18 17:11:24.253160: I tensorflow/core/platform/cpu_feature_guard.cc:142] This TensorFlow binary is optimized with oneAPI Deep Neural Network Library (oneDNN) to use the following CPU instructions in performance-critical operations:  AVX2 FMA
To enable them in other operations, rebuild TensorFlow with the appropriate compiler flags.
2024-01-18 17:11:24.256289: E tensorflow/stream_executor/cuda/cuda_driver.cc:328] failed call to cuInit: CUDA_ERROR_NO_DEVICE: no CUDA-capable device is detected
2024-01-18 17:11:24.256334: I tensorflow/stream_executor/cuda/cuda_diagnostics.cc:156] kernel driver does not appear to be running on this host (nid006255): /proc/driver/nvidia/version does not exist
2024-01-18 17:11:24.257605: I tensorflow/core/platform/cpu_feature_guard.cc:142] This TensorFlow binary is optimized with oneAPI Deep Neural Network Library (oneDNN) to use the following CPU instructions in performance-critical operations:  AVX2 FMA
To enable them in other operations, rebuild TensorFlow with the appropriate compiler flags.
2024-01-18 17:11:24.257699: I tensorflow/compiler/jit/xla_gpu_device.cc:99] Not creating XLA devices, tf_xla_enable_xla_devices not set
INFO:tensorflow:Restoring parameters from /global/cfs/cdirs/desi/users/jqzou/dla_finder/prediction/model/train_midsnr/train_midsnr/current_99999.ckpt
2024-01-18 17:11:24.262470: I tensorflow/compiler/jit/xla_gpu_device.cc:99] Not creating XLA devices, tf_xla_enable_xla_devices not set
INFO:tensorflow:Restoring parameters from /global/cfs/cdirs/desi/users/jqzou/dla_finder/prediction/model/train_midsnr/train_midsnr/current_99999.ckpt
2024-01-18 17:11:24.271473: I tensorflow/compiler/mlir/mlir_graph_optimization_pass.cc:196] None of the MLIR optimization passes are enabled (registered 0 passes)
INFO:tensorflow:Restoring parameters from /global/cfs/cdirs/desi/users/jqzou/dla_finder/prediction/model/train_midsnr/train_midsnr/current_99999.ckpt
2024-01-18 17:11:24.279805: I tensorflow/compiler/mlir/mlir_graph_optimization_pass.cc:196] None of the MLIR optimization passes are enabled (registered 0 passes)
2024-01-18 17:11:24.280094: E tensorflow/stream_executor/cuda/cuda_driver.cc:328] failed call to cuInit: CUDA_ERROR_NO_DEVICE: no CUDA-capable device is detected
2024-01-18 17:11:24.280139: I tensorflow/stream_executor/cuda/cuda_diagnostics.cc:156] kernel driver does not appear to be running on this host (nid006255): /proc/driver/nvidia/version does not exist
2024-01-18 17:11:24.281579: I tensorflow/core/platform/cpu_feature_guard.cc:142] This TensorFlow binary is optimized with oneAPI Deep Neural Network Library (oneDNN) to use the following CPU instructions in performance-critical operations:  AVX2 FMA
To enable them in other operations, rebuild TensorFlow with the appropriate compiler flags.
2024-01-18 17:11:24.286200: I tensorflow/compiler/jit/xla_gpu_device.cc:99] Not creating XLA devices, tf_xla_enable_xla_devices not set
2024-01-18 17:11:24.286942: I tensorflow/compiler/mlir/mlir_graph_optimization_pass.cc:196] None of the MLIR optimization passes are enabled (registered 0 passes)
INFO:tensorflow:Restoring parameters from /global/cfs/cdirs/desi/users/jqzou/dla_finder/prediction/model/train_midsnr/train_midsnr/current_99999.ckpt
2024-01-18 17:11:24.292632: I tensorflow/core/platform/profile_utils/cpu_utils.cc:112] CPU Frequency: 2445420000 Hz
2024-01-18 17:11:24.294971: I tensorflow/core/platform/profile_utils/cpu_utils.cc:112] CPU Frequency: 2445420000 Hz
2024-01-18 17:11:24.297538: I tensorflow/core/platform/profile_utils/cpu_utils.cc:112] CPU Frequency: 2445420000 Hz
2024-01-18 17:11:24.298366: I tensorflow/compiler/mlir/mlir_graph_optimization_pass.cc:196] None of the MLIR optimization passes are enabled (registered 0 passes)
/global/cfs/cdirs/desi/users/jqzou/dla_finder/datasets/input_set.py:102: FutureWarning: arrays to stack must be passed as a "sequence" type such as list or tuple. Support for non-sequence iterables such as generators is deprecated as of NumPy 1.16 and will raise an error in the future.
  fluxes_matrix = np.vstack(map(lambda x:x[0][x[1]-kernelrangepx:x[1]+kernelrangepx],zip(itertools.repeat(flux_padded), np.nonzero(ix_dla_range)[0]+pixel_num_left)))
/global/cfs/cdirs/desi/users/jqzou/dla_finder/datasets/input_set.py:103: FutureWarning: arrays to stack must be passed as a "sequence" type such as list or tuple. Support for non-sequence iterables such as generators is deprecated as of NumPy 1.16 and will raise an error in the future.
  lam_matrix = np.vstack(map(lambda x:x[0][x[1]-kernelrangepx:x[1]+kernelrangepx],zip(itertools.repeat(lam_padded), np.nonzero(ix_dla_range)[0]+pixel_num_left)))
WARNING:tensorflow:From /global/cfs/cdirs/desi/users/jqzou/dla_finder/training/model.py:291: div (from tensorflow.python.ops.math_ops) is deprecated and will be removed in a future version.
Instructions for updating:
Deprecated in favor of operator or tf.math.divide.
INFO:tensorflow:Restoring parameters from /global/cfs/cdirs/desi/users/jqzou/dla_finder/prediction/model/train_midsnr/train_midsnr/current_99999.ckpt
INFO:tensorflow:Restoring parameters from /global/cfs/cdirs/desi/users/jqzou/dla_finder/prediction/model/train_midsnr/train_midsnr/current_99999.ckpt
2024-01-18 17:11:24.323837: I tensorflow/compiler/mlir/mlir_graph_optimization_pass.cc:196] None of the MLIR optimization passes are enabled (registered 0 passes)
2024-01-18 17:11:24.325535: I tensorflow/core/platform/profile_utils/cpu_utils.cc:112] CPU Frequency: 2445420000 Hz
2024-01-18 17:11:24.331839: I tensorflow/compiler/mlir/mlir_graph_optimization_pass.cc:196] None of the MLIR optimization passes are enabled (registered 0 passes)
2024-01-18 17:11:24.331864: I tensorflow/core/platform/profile_utils/cpu_utils.cc:112] CPU Frequency: 2445420000 Hz
INFO:tensorflow:Restoring parameters from /global/cfs/cdirs/desi/users/jqzou/dla_finder/prediction/model/train_midsnr/train_midsnr/current_99999.ckpt
2024-01-18 17:11:24.354658: I tensorflow/compiler/mlir/mlir_graph_optimization_pass.cc:196] None of the MLIR optimization passes are enabled (registered 0 passes)
2024-01-18 17:11:24.357515: I tensorflow/core/platform/profile_utils/cpu_utils.cc:112] CPU Frequency: 2445420000 Hz
/global/cfs/cdirs/desi/users/jqzou/dla_finder/datasets/input_set.py:102: FutureWarning: arrays to stack must be passed as a "sequence" type such as list or tuple. Support for non-sequence iterables such as generators is deprecated as of NumPy 1.16 and will raise an error in the future.
  fluxes_matrix = np.vstack(map(lambda x:x[0][x[1]-kernelrangepx:x[1]+kernelrangepx],zip(itertools.repeat(flux_padded), np.nonzero(ix_dla_range)[0]+pixel_num_left)))
/global/cfs/cdirs/desi/users/jqzou/dla_finder/datasets/input_set.py:103: FutureWarning: arrays to stack must be passed as a "sequence" type such as list or tuple. Support for non-sequence iterables such as generators is deprecated as of NumPy 1.16 and will raise an error in the future.
  lam_matrix = np.vstack(map(lambda x:x[0][x[1]-kernelrangepx:x[1]+kernelrangepx],zip(itertools.repeat(lam_padded), np.nonzero(ix_dla_range)[0]+pixel_num_left)))
WARNING:tensorflow:From /global/cfs/cdirs/desi/users/jqzou/dla_finder/training/model.py:291: div (from tensorflow.python.ops.math_ops) is deprecated and will be removed in a future version.
Instructions for updating:
Deprecated in favor of operator or tf.math.divide.
/global/cfs/cdirs/desi/users/jqzou/dla_finder/datasets/input_set.py:102: FutureWarning: arrays to stack must be passed as a "sequence" type such as list or tuple. Support for non-sequence iterables such as generators is deprecated as of NumPy 1.16 and will raise an error in the future.
  fluxes_matrix = np.vstack(map(lambda x:x[0][x[1]-kernelrangepx:x[1]+kernelrangepx],zip(itertools.repeat(flux_padded), np.nonzero(ix_dla_range)[0]+pixel_num_left)))
/global/cfs/cdirs/desi/users/jqzou/dla_finder/datasets/input_set.py:103: FutureWarning: arrays to stack must be passed as a "sequence" type such as list or tuple. Support for non-sequence iterables such as generators is deprecated as of NumPy 1.16 and will raise an error in the future.
  lam_matrix = np.vstack(map(lambda x:x[0][x[1]-kernelrangepx:x[1]+kernelrangepx],zip(itertools.repeat(lam_padded), np.nonzero(ix_dla_range)[0]+pixel_num_left)))
WARNING:tensorflow:From /global/cfs/cdirs/desi/users/jqzou/dla_finder/training/model.py:291: div (from tensorflow.python.ops.math_ops) is deprecated and will be removed in a future version.
Instructions for updating:
Deprecated in favor of operator or tf.math.divide.
/global/cfs/cdirs/desi/users/jqzou/dla_finder/datasets/input_set.py:102: FutureWarning: arrays to stack must be passed as a "sequence" type such as list or tuple. Support for non-sequence iterables such as generators is deprecated as of NumPy 1.16 and will raise an error in the future.
  fluxes_matrix = np.vstack(map(lambda x:x[0][x[1]-kernelrangepx:x[1]+kernelrangepx],zip(itertools.repeat(flux_padded), np.nonzero(ix_dla_range)[0]+pixel_num_left)))
/global/cfs/cdirs/desi/users/jqzou/dla_finder/datasets/input_set.py:103: FutureWarning: arrays to stack must be passed as a "sequence" type such as list or tuple. Support for non-sequence iterables such as generators is deprecated as of NumPy 1.16 and will raise an error in the future.
  lam_matrix = np.vstack(map(lambda x:x[0][x[1]-kernelrangepx:x[1]+kernelrangepx],zip(itertools.repeat(lam_padded), np.nonzero(ix_dla_range)[0]+pixel_num_left)))
WARNING:tensorflow:From /global/cfs/cdirs/desi/users/jqzou/dla_finder/training/model.py:291: div (from tensorflow.python.ops.math_ops) is deprecated and will be removed in a future version.
Instructions for updating:
Deprecated in favor of operator or tf.math.divide.
2024-01-18 17:11:24.389524: I tensorflow/core/platform/profile_utils/cpu_utils.cc:112] CPU Frequency: 2445420000 Hz
/global/cfs/cdirs/desi/users/jqzou/dla_finder/datasets/input_set.py:102: FutureWarning: arrays to stack must be passed as a "sequence" type such as list or tuple. Support for non-sequence iterables such as generators is deprecated as of NumPy 1.16 and will raise an error in the future.
  fluxes_matrix = np.vstack(map(lambda x:x[0][x[1]-kernelrangepx:x[1]+kernelrangepx],zip(itertools.repeat(flux_padded), np.nonzero(ix_dla_range)[0]+pixel_num_left)))
/global/cfs/cdirs/desi/users/jqzou/dla_finder/datasets/input_set.py:103: FutureWarning: arrays to stack must be passed as a "sequence" type such as list or tuple. Support for non-sequence iterables such as generators is deprecated as of NumPy 1.16 and will raise an error in the future.
  lam_matrix = np.vstack(map(lambda x:x[0][x[1]-kernelrangepx:x[1]+kernelrangepx],zip(itertools.repeat(lam_padded), np.nonzero(ix_dla_range)[0]+pixel_num_left)))
WARNING:tensorflow:From /global/cfs/cdirs/desi/users/jqzou/dla_finder/training/model.py:291: div (from tensorflow.python.ops.math_ops) is deprecated and will be removed in a future version.
Instructions for updating:
Deprecated in favor of operator or tf.math.divide.
/global/cfs/cdirs/desi/users/jqzou/dla_finder/datasets/input_set.py:102: FutureWarning: arrays to stack must be passed as a "sequence" type such as list or tuple. Support for non-sequence iterables such as generators is deprecated as of NumPy 1.16 and will raise an error in the future.
  fluxes_matrix = np.vstack(map(lambda x:x[0][x[1]-kernelrangepx:x[1]+kernelrangepx],zip(itertools.repeat(flux_padded), np.nonzero(ix_dla_range)[0]+pixel_num_left)))
/global/cfs/cdirs/desi/users/jqzou/dla_finder/datasets/input_set.py:103: FutureWarning: arrays to stack must be passed as a "sequence" type such as list or tuple. Support for non-sequence iterables such as generators is deprecated as of NumPy 1.16 and will raise an error in the future.
  lam_matrix = np.vstack(map(lambda x:x[0][x[1]-kernelrangepx:x[1]+kernelrangepx],zip(itertools.repeat(lam_padded), np.nonzero(ix_dla_range)[0]+pixel_num_left)))
WARNING:tensorflow:From /global/cfs/cdirs/desi/users/jqzou/dla_finder/training/model.py:291: div (from tensorflow.python.ops.math_ops) is deprecated and will be removed in a future version.
Instructions for updating:
Deprecated in favor of operator or tf.math.divide.
/global/cfs/cdirs/desi/users/jqzou/dla_finder/datasets/input_set.py:102: FutureWarning: arrays to stack must be passed as a "sequence" type such as list or tuple. Support for non-sequence iterables such as generators is deprecated as of NumPy 1.16 and will raise an error in the future.
  fluxes_matrix = np.vstack(map(lambda x:x[0][x[1]-kernelrangepx:x[1]+kernelrangepx],zip(itertools.repeat(flux_padded), np.nonzero(ix_dla_range)[0]+pixel_num_left)))
/global/cfs/cdirs/desi/users/jqzou/dla_finder/datasets/input_set.py:103: FutureWarning: arrays to stack must be passed as a "sequence" type such as list or tuple. Support for non-sequence iterables such as generators is deprecated as of NumPy 1.16 and will raise an error in the future.
  lam_matrix = np.vstack(map(lambda x:x[0][x[1]-kernelrangepx:x[1]+kernelrangepx],zip(itertools.repeat(lam_padded), np.nonzero(ix_dla_range)[0]+pixel_num_left)))
WARNING:tensorflow:From /global/cfs/cdirs/desi/users/jqzou/dla_finder/training/model.py:291: div (from tensorflow.python.ops.math_ops) is deprecated and will be removed in a future version.
Instructions for updating:
Deprecated in favor of operator or tf.math.divide.
/global/cfs/cdirs/desi/users/jqzou/dla_finder/datasets/input_set.py:102: FutureWarning: arrays to stack must be passed as a "sequence" type such as list or tuple. Support for non-sequence iterables such as generators is deprecated as of NumPy 1.16 and will raise an error in the future.
  fluxes_matrix = np.vstack(map(lambda x:x[0][x[1]-kernelrangepx:x[1]+kernelrangepx],zip(itertools.repeat(flux_padded), np.nonzero(ix_dla_range)[0]+pixel_num_left)))
/global/cfs/cdirs/desi/users/jqzou/dla_finder/datasets/input_set.py:103: FutureWarning: arrays to stack must be passed as a "sequence" type such as list or tuple. Support for non-sequence iterables such as generators is deprecated as of NumPy 1.16 and will raise an error in the future.
  lam_matrix = np.vstack(map(lambda x:x[0][x[1]-kernelrangepx:x[1]+kernelrangepx],zip(itertools.repeat(lam_padded), np.nonzero(ix_dla_range)[0]+pixel_num_left)))
WARNING:tensorflow:From /global/cfs/cdirs/desi/users/jqzou/dla_finder/training/model.py:291: div (from tensorflow.python.ops.math_ops) is deprecated and will be removed in a future version.
Instructions for updating:
Deprecated in favor of operator or tf.math.divide.
/global/cfs/cdirs/desi/users/jqzou/dla_finder/datasets/input_set.py:102: FutureWarning: arrays to stack must be passed as a "sequence" type such as list or tuple. Support for non-sequence iterables such as generators is deprecated as of NumPy 1.16 and will raise an error in the future.
  fluxes_matrix = np.vstack(map(lambda x:x[0][x[1]-kernelrangepx:x[1]+kernelrangepx],zip(itertools.repeat(flux_padded), np.nonzero(ix_dla_range)[0]+pixel_num_left)))
/global/cfs/cdirs/desi/users/jqzou/dla_finder/datasets/input_set.py:103: FutureWarning: arrays to stack must be passed as a "sequence" type such as list or tuple. Support for non-sequence iterables such as generators is deprecated as of NumPy 1.16 and will raise an error in the future.
  lam_matrix = np.vstack(map(lambda x:x[0][x[1]-kernelrangepx:x[1]+kernelrangepx],zip(itertools.repeat(lam_padded), np.nonzero(ix_dla_range)[0]+pixel_num_left)))
WARNING:tensorflow:From /global/cfs/cdirs/desi/users/jqzou/dla_finder/training/model.py:291: div (from tensorflow.python.ops.math_ops) is deprecated and will be removed in a future version.
Instructions for updating:
Deprecated in favor of operator or tf.math.divide.
/global/cfs/cdirs/desi/users/jqzou/dla_finder/datasets/input_set.py:102: FutureWarning: arrays to stack must be passed as a "sequence" type such as list or tuple. Support for non-sequence iterables such as generators is deprecated as of NumPy 1.16 and will raise an error in the future.
  fluxes_matrix = np.vstack(map(lambda x:x[0][x[1]-kernelrangepx:x[1]+kernelrangepx],zip(itertools.repeat(flux_padded), np.nonzero(ix_dla_range)[0]+pixel_num_left)))
/global/cfs/cdirs/desi/users/jqzou/dla_finder/datasets/input_set.py:103: FutureWarning: arrays to stack must be passed as a "sequence" type such as list or tuple. Support for non-sequence iterables such as generators is deprecated as of NumPy 1.16 and will raise an error in the future.
  lam_matrix = np.vstack(map(lambda x:x[0][x[1]-kernelrangepx:x[1]+kernelrangepx],zip(itertools.repeat(lam_padded), np.nonzero(ix_dla_range)[0]+pixel_num_left)))
WARNING:tensorflow:From /global/cfs/cdirs/desi/users/jqzou/dla_finder/training/model.py:291: div (from tensorflow.python.ops.math_ops) is deprecated and will be removed in a future version.
Instructions for updating:
Deprecated in favor of operator or tf.math.divide.
/global/cfs/cdirs/desi/users/jqzou/dla_finder/datasets/input_set.py:102: FutureWarning: arrays to stack must be passed as a "sequence" type such as list or tuple. Support for non-sequence iterables such as generators is deprecated as of NumPy 1.16 and will raise an error in the future.
  fluxes_matrix = np.vstack(map(lambda x:x[0][x[1]-kernelrangepx:x[1]+kernelrangepx],zip(itertools.repeat(flux_padded), np.nonzero(ix_dla_range)[0]+pixel_num_left)))
/global/cfs/cdirs/desi/users/jqzou/dla_finder/datasets/input_set.py:103: FutureWarning: arrays to stack must be passed as a "sequence" type such as list or tuple. Support for non-sequence iterables such as generators is deprecated as of NumPy 1.16 and will raise an error in the future.
  lam_matrix = np.vstack(map(lambda x:x[0][x[1]-kernelrangepx:x[1]+kernelrangepx],zip(itertools.repeat(lam_padded), np.nonzero(ix_dla_range)[0]+pixel_num_left)))
WARNING:tensorflow:From /global/cfs/cdirs/desi/users/jqzou/dla_finder/training/model.py:291: div (from tensorflow.python.ops.math_ops) is deprecated and will be removed in a future version.
Instructions for updating:
Deprecated in favor of operator or tf.math.divide.
/global/cfs/cdirs/desi/users/jqzou/dla_finder/datasets/input_set.py:102: FutureWarning: arrays to stack must be passed as a "sequence" type such as list or tuple. Support for non-sequence iterables such as generators is deprecated as of NumPy 1.16 and will raise an error in the future.
  fluxes_matrix = np.vstack(map(lambda x:x[0][x[1]-kernelrangepx:x[1]+kernelrangepx],zip(itertools.repeat(flux_padded), np.nonzero(ix_dla_range)[0]+pixel_num_left)))
/global/cfs/cdirs/desi/users/jqzou/dla_finder/datasets/input_set.py:103: FutureWarning: arrays to stack must be passed as a "sequence" type such as list or tuple. Support for non-sequence iterables such as generators is deprecated as of NumPy 1.16 and will raise an error in the future.
  lam_matrix = np.vstack(map(lambda x:x[0][x[1]-kernelrangepx:x[1]+kernelrangepx],zip(itertools.repeat(lam_padded), np.nonzero(ix_dla_range)[0]+pixel_num_left)))
WARNING:tensorflow:From /global/cfs/cdirs/desi/users/jqzou/dla_finder/training/model.py:291: div (from tensorflow.python.ops.math_ops) is deprecated and will be removed in a future version.
Instructions for updating:
Deprecated in favor of operator or tf.math.divide.
2024-01-18 17:11:25.156983: I tensorflow/compiler/jit/xla_cpu_device.cc:41] Not creating XLA devices, tf_xla_enable_xla_devices not set
2024-01-18 17:11:25.175222: I tensorflow/compiler/jit/xla_cpu_device.cc:41] Not creating XLA devices, tf_xla_enable_xla_devices not set
2024-01-18 17:11:25.179655: I tensorflow/stream_executor/platform/default/dso_loader.cc:49] Successfully opened dynamic library libcuda.so.1
/global/cfs/cdirs/desi/users/jqzou/dla_finder/datasets/input_set.py:102: FutureWarning: arrays to stack must be passed as a "sequence" type such as list or tuple. Support for non-sequence iterables such as generators is deprecated as of NumPy 1.16 and will raise an error in the future.
  fluxes_matrix = np.vstack(map(lambda x:x[0][x[1]-kernelrangepx:x[1]+kernelrangepx],zip(itertools.repeat(flux_padded), np.nonzero(ix_dla_range)[0]+pixel_num_left)))
/global/cfs/cdirs/desi/users/jqzou/dla_finder/datasets/input_set.py:103: FutureWarning: arrays to stack must be passed as a "sequence" type such as list or tuple. Support for non-sequence iterables such as generators is deprecated as of NumPy 1.16 and will raise an error in the future.
  lam_matrix = np.vstack(map(lambda x:x[0][x[1]-kernelrangepx:x[1]+kernelrangepx],zip(itertools.repeat(lam_padded), np.nonzero(ix_dla_range)[0]+pixel_num_left)))
WARNING:tensorflow:From /global/cfs/cdirs/desi/users/jqzou/dla_finder/training/model.py:291: div (from tensorflow.python.ops.math_ops) is deprecated and will be removed in a future version.
Instructions for updating:
Deprecated in favor of operator or tf.math.divide.
2024-01-18 17:11:25.199352: I tensorflow/stream_executor/platform/default/dso_loader.cc:49] Successfully opened dynamic library libcuda.so.1
/global/cfs/cdirs/desi/users/jqzou/dla_finder/datasets/input_set.py:102: FutureWarning: arrays to stack must be passed as a "sequence" type such as list or tuple. Support for non-sequence iterables such as generators is deprecated as of NumPy 1.16 and will raise an error in the future.
  fluxes_matrix = np.vstack(map(lambda x:x[0][x[1]-kernelrangepx:x[1]+kernelrangepx],zip(itertools.repeat(flux_padded), np.nonzero(ix_dla_range)[0]+pixel_num_left)))
/global/cfs/cdirs/desi/users/jqzou/dla_finder/datasets/input_set.py:103: FutureWarning: arrays to stack must be passed as a "sequence" type such as list or tuple. Support for non-sequence iterables such as generators is deprecated as of NumPy 1.16 and will raise an error in the future.
  lam_matrix = np.vstack(map(lambda x:x[0][x[1]-kernelrangepx:x[1]+kernelrangepx],zip(itertools.repeat(lam_padded), np.nonzero(ix_dla_range)[0]+pixel_num_left)))
WARNING:tensorflow:From /global/cfs/cdirs/desi/users/jqzou/dla_finder/training/model.py:291: div (from tensorflow.python.ops.math_ops) is deprecated and will be removed in a future version.
Instructions for updating:
Deprecated in favor of operator or tf.math.divide.
2024-01-18 17:11:25.248155: I tensorflow/compiler/jit/xla_cpu_device.cc:41] Not creating XLA devices, tf_xla_enable_xla_devices not set
2024-01-18 17:11:25.252631: I tensorflow/stream_executor/platform/default/dso_loader.cc:49] Successfully opened dynamic library libcuda.so.1
2024-01-18 17:11:25.354601: I tensorflow/compiler/jit/xla_cpu_device.cc:41] Not creating XLA devices, tf_xla_enable_xla_devices not set
2024-01-18 17:11:25.359157: I tensorflow/stream_executor/platform/default/dso_loader.cc:49] Successfully opened dynamic library libcuda.so.1
2024-01-18 17:11:25.427491: I tensorflow/compiler/jit/xla_cpu_device.cc:41] Not creating XLA devices, tf_xla_enable_xla_devices not set
2024-01-18 17:11:25.429353: I tensorflow/stream_executor/platform/default/dso_loader.cc:49] Successfully opened dynamic library libcuda.so.1
2024-01-18 17:11:25.439690: I tensorflow/compiler/jit/xla_cpu_device.cc:41] Not creating XLA devices, tf_xla_enable_xla_devices not set
2024-01-18 17:11:25.441813: I tensorflow/stream_executor/platform/default/dso_loader.cc:49] Successfully opened dynamic library libcuda.so.1
/global/cfs/cdirs/desi/users/jqzou/dla_finder/datasets/input_set.py:102: FutureWarning: arrays to stack must be passed as a "sequence" type such as list or tuple. Support for non-sequence iterables such as generators is deprecated as of NumPy 1.16 and will raise an error in the future.
  fluxes_matrix = np.vstack(map(lambda x:x[0][x[1]-kernelrangepx:x[1]+kernelrangepx],zip(itertools.repeat(flux_padded), np.nonzero(ix_dla_range)[0]+pixel_num_left)))
/global/cfs/cdirs/desi/users/jqzou/dla_finder/datasets/input_set.py:103: FutureWarning: arrays to stack must be passed as a "sequence" type such as list or tuple. Support for non-sequence iterables such as generators is deprecated as of NumPy 1.16 and will raise an error in the future.
  lam_matrix = np.vstack(map(lambda x:x[0][x[1]-kernelrangepx:x[1]+kernelrangepx],zip(itertools.repeat(lam_padded), np.nonzero(ix_dla_range)[0]+pixel_num_left)))
WARNING:tensorflow:From /global/cfs/cdirs/desi/users/jqzou/dla_finder/training/model.py:291: div (from tensorflow.python.ops.math_ops) is deprecated and will be removed in a future version.
Instructions for updating:
Deprecated in favor of operator or tf.math.divide.
2024-01-18 17:11:25.469016: I tensorflow/compiler/jit/xla_cpu_device.cc:41] Not creating XLA devices, tf_xla_enable_xla_devices not set
2024-01-18 17:11:25.470842: I tensorflow/stream_executor/platform/default/dso_loader.cc:49] Successfully opened dynamic library libcuda.so.1
2024-01-18 17:11:25.487203: I tensorflow/compiler/jit/xla_cpu_device.cc:41] Not creating XLA devices, tf_xla_enable_xla_devices not set
2024-01-18 17:11:25.488882: I tensorflow/stream_executor/platform/default/dso_loader.cc:49] Successfully opened dynamic library libcuda.so.1
2024-01-18 17:11:25.525442: I tensorflow/compiler/jit/xla_cpu_device.cc:41] Not creating XLA devices, tf_xla_enable_xla_devices not set
2024-01-18 17:11:25.527346: I tensorflow/stream_executor/platform/default/dso_loader.cc:49] Successfully opened dynamic library libcuda.so.1
2024-01-18 17:11:25.530890: I tensorflow/compiler/jit/xla_cpu_device.cc:41] Not creating XLA devices, tf_xla_enable_xla_devices not set
2024-01-18 17:11:25.533152: I tensorflow/stream_executor/platform/default/dso_loader.cc:49] Successfully opened dynamic library libcuda.so.1
2024-01-18 17:11:25.537240: E tensorflow/stream_executor/cuda/cuda_driver.cc:328] failed call to cuInit: CUDA_ERROR_NO_DEVICE: no CUDA-capable device is detected
2024-01-18 17:11:25.537292: I tensorflow/stream_executor/cuda/cuda_diagnostics.cc:156] kernel driver does not appear to be running on this host (nid006255): /proc/driver/nvidia/version does not exist
2024-01-18 17:11:25.538841: I tensorflow/core/platform/cpu_feature_guard.cc:142] This TensorFlow binary is optimized with oneAPI Deep Neural Network Library (oneDNN) to use the following CPU instructions in performance-critical operations:  AVX2 FMA
To enable them in other operations, rebuild TensorFlow with the appropriate compiler flags.
/global/cfs/cdirs/desi/users/jqzou/dla_finder/datasets/input_set.py:102: FutureWarning: arrays to stack must be passed as a "sequence" type such as list or tuple. Support for non-sequence iterables such as generators is deprecated as of NumPy 1.16 and will raise an error in the future.
  fluxes_matrix = np.vstack(map(lambda x:x[0][x[1]-kernelrangepx:x[1]+kernelrangepx],zip(itertools.repeat(flux_padded), np.nonzero(ix_dla_range)[0]+pixel_num_left)))
/global/cfs/cdirs/desi/users/jqzou/dla_finder/datasets/input_set.py:103: FutureWarning: arrays to stack must be passed as a "sequence" type such as list or tuple. Support for non-sequence iterables such as generators is deprecated as of NumPy 1.16 and will raise an error in the future.
  lam_matrix = np.vstack(map(lambda x:x[0][x[1]-kernelrangepx:x[1]+kernelrangepx],zip(itertools.repeat(lam_padded), np.nonzero(ix_dla_range)[0]+pixel_num_left)))
WARNING:tensorflow:From /global/cfs/cdirs/desi/users/jqzou/dla_finder/training/model.py:291: div (from tensorflow.python.ops.math_ops) is deprecated and will be removed in a future version.
Instructions for updating:
Deprecated in favor of operator or tf.math.divide.
2024-01-18 17:11:25.544030: I tensorflow/compiler/jit/xla_gpu_device.cc:99] Not creating XLA devices, tf_xla_enable_xla_devices not set
2024-01-18 17:11:25.559551: E tensorflow/stream_executor/cuda/cuda_driver.cc:328] failed call to cuInit: CUDA_ERROR_NO_DEVICE: no CUDA-capable device is detected
2024-01-18 17:11:25.559605: I tensorflow/stream_executor/cuda/cuda_diagnostics.cc:156] kernel driver does not appear to be running on this host (nid006255): /proc/driver/nvidia/version does not exist
2024-01-18 17:11:25.561147: I tensorflow/core/platform/cpu_feature_guard.cc:142] This TensorFlow binary is optimized with oneAPI Deep Neural Network Library (oneDNN) to use the following CPU instructions in performance-critical operations:  AVX2 FMA
To enable them in other operations, rebuild TensorFlow with the appropriate compiler flags.
2024-01-18 17:11:25.566705: I tensorflow/compiler/jit/xla_gpu_device.cc:99] Not creating XLA devices, tf_xla_enable_xla_devices not set
2024-01-18 17:11:25.575674: E tensorflow/stream_executor/cuda/cuda_driver.cc:328] failed call to cuInit: CUDA_ERROR_NO_DEVICE: no CUDA-capable device is detected
2024-01-18 17:11:25.575725: I tensorflow/stream_executor/cuda/cuda_diagnostics.cc:156] kernel driver does not appear to be running on this host (nid006255): /proc/driver/nvidia/version does not exist
2024-01-18 17:11:25.577094: I tensorflow/core/platform/cpu_feature_guard.cc:142] This TensorFlow binary is optimized with oneAPI Deep Neural Network Library (oneDNN) to use the following CPU instructions in performance-critical operations:  AVX2 FMA
To enable them in other operations, rebuild TensorFlow with the appropriate compiler flags.
2024-01-18 17:11:25.577556: I tensorflow/compiler/jit/xla_cpu_device.cc:41] Not creating XLA devices, tf_xla_enable_xla_devices not set
2024-01-18 17:11:25.579430: I tensorflow/stream_executor/platform/default/dso_loader.cc:49] Successfully opened dynamic library libcuda.so.1
2024-01-18 17:11:25.581925: I tensorflow/compiler/jit/xla_gpu_device.cc:99] Not creating XLA devices, tf_xla_enable_xla_devices not set
2024-01-18 17:11:25.601967: I tensorflow/compiler/jit/xla_cpu_device.cc:41] Not creating XLA devices, tf_xla_enable_xla_devices not set
2024-01-18 17:11:25.603880: I tensorflow/stream_executor/platform/default/dso_loader.cc:49] Successfully opened dynamic library libcuda.so.1
INFO:tensorflow:Restoring parameters from /global/cfs/cdirs/desi/users/jqzou/dla_finder/prediction/model/train_lowsnr/train_lowsnr/current_99999.ckpt
2024-01-18 17:11:25.620520: I tensorflow/compiler/mlir/mlir_graph_optimization_pass.cc:196] None of the MLIR optimization passes are enabled (registered 0 passes)
2024-01-18 17:11:25.628606: I tensorflow/core/platform/profile_utils/cpu_utils.cc:112] CPU Frequency: 2445420000 Hz
INFO:tensorflow:Restoring parameters from /global/cfs/cdirs/desi/users/jqzou/dla_finder/prediction/model/train_lowsnr/train_lowsnr/current_99999.ckpt
2024-01-18 17:11:25.644613: I tensorflow/compiler/mlir/mlir_graph_optimization_pass.cc:196] None of the MLIR optimization passes are enabled (registered 0 passes)
2024-01-18 17:11:25.653015: I tensorflow/core/platform/profile_utils/cpu_utils.cc:112] CPU Frequency: 2445420000 Hz
INFO:tensorflow:Restoring parameters from /global/cfs/cdirs/desi/users/jqzou/dla_finder/prediction/model/train_lowsnr/train_lowsnr/current_99999.ckpt
2024-01-18 17:11:25.673004: I tensorflow/compiler/mlir/mlir_graph_optimization_pass.cc:196] None of the MLIR optimization passes are enabled (registered 0 passes)
2024-01-18 17:11:25.685969: I tensorflow/core/platform/profile_utils/cpu_utils.cc:112] CPU Frequency: 2445420000 Hz
2024-01-18 17:11:25.704081: E tensorflow/stream_executor/cuda/cuda_driver.cc:328] failed call to cuInit: CUDA_ERROR_NO_DEVICE: no CUDA-capable device is detected
2024-01-18 17:11:25.704131: I tensorflow/stream_executor/cuda/cuda_diagnostics.cc:156] kernel driver does not appear to be running on this host (nid006255): /proc/driver/nvidia/version does not exist
2024-01-18 17:11:25.705565: I tensorflow/core/platform/cpu_feature_guard.cc:142] This TensorFlow binary is optimized with oneAPI Deep Neural Network Library (oneDNN) to use the following CPU instructions in performance-critical operations:  AVX2 FMA
To enable them in other operations, rebuild TensorFlow with the appropriate compiler flags.
2024-01-18 17:11:25.709644: I tensorflow/compiler/jit/xla_gpu_device.cc:99] Not creating XLA devices, tf_xla_enable_xla_devices not set
2024-01-18 17:11:25.713723: I tensorflow/compiler/jit/xla_cpu_device.cc:41] Not creating XLA devices, tf_xla_enable_xla_devices not set
2024-01-18 17:11:25.715667: I tensorflow/stream_executor/platform/default/dso_loader.cc:49] Successfully opened dynamic library libcuda.so.1
2024-01-18 17:11:25.729347: I tensorflow/compiler/jit/xla_cpu_device.cc:41] Not creating XLA devices, tf_xla_enable_xla_devices not set
2024-01-18 17:11:25.731020: I tensorflow/stream_executor/platform/default/dso_loader.cc:49] Successfully opened dynamic library libcuda.so.1
2024-01-18 17:11:25.752182: I tensorflow/compiler/jit/xla_cpu_device.cc:41] Not creating XLA devices, tf_xla_enable_xla_devices not set
2024-01-18 17:11:25.754303: I tensorflow/stream_executor/platform/default/dso_loader.cc:49] Successfully opened dynamic library libcuda.so.1
INFO:tensorflow:Restoring parameters from /global/cfs/cdirs/desi/users/jqzou/dla_finder/prediction/model/train_lowsnr/train_lowsnr/current_99999.ckpt
2024-01-18 17:11:25.774206: I tensorflow/compiler/mlir/mlir_graph_optimization_pass.cc:196] None of the MLIR optimization passes are enabled (registered 0 passes)
2024-01-18 17:11:25.777470: I tensorflow/compiler/jit/xla_cpu_device.cc:41] Not creating XLA devices, tf_xla_enable_xla_devices not set
2024-01-18 17:11:25.777557: E tensorflow/stream_executor/cuda/cuda_driver.cc:328] failed call to cuInit: CUDA_ERROR_NO_DEVICE: no CUDA-capable device is detected
2024-01-18 17:11:25.777603: I tensorflow/stream_executor/cuda/cuda_diagnostics.cc:156] kernel driver does not appear to be running on this host (nid006255): /proc/driver/nvidia/version does not exist
2024-01-18 17:11:25.778983: I tensorflow/core/platform/cpu_feature_guard.cc:142] This TensorFlow binary is optimized with oneAPI Deep Neural Network Library (oneDNN) to use the following CPU instructions in performance-critical operations:  AVX2 FMA
To enable them in other operations, rebuild TensorFlow with the appropriate compiler flags.
2024-01-18 17:11:25.780051: I tensorflow/stream_executor/platform/default/dso_loader.cc:49] Successfully opened dynamic library libcuda.so.1
2024-01-18 17:11:25.784878: I tensorflow/compiler/jit/xla_gpu_device.cc:99] Not creating XLA devices, tf_xla_enable_xla_devices not set
2024-01-18 17:11:25.793066: I tensorflow/core/platform/profile_utils/cpu_utils.cc:112] CPU Frequency: 2445420000 Hz
/global/cfs/cdirs/desi/users/jqzou/dla_finder/datasets/input_set.py:102: FutureWarning: arrays to stack must be passed as a "sequence" type such as list or tuple. Support for non-sequence iterables such as generators is deprecated as of NumPy 1.16 and will raise an error in the future.
  fluxes_matrix = np.vstack(map(lambda x:x[0][x[1]-kernelrangepx:x[1]+kernelrangepx],zip(itertools.repeat(flux_padded), np.nonzero(ix_dla_range)[0]+pixel_num_left)))
/global/cfs/cdirs/desi/users/jqzou/dla_finder/datasets/input_set.py:103: FutureWarning: arrays to stack must be passed as a "sequence" type such as list or tuple. Support for non-sequence iterables such as generators is deprecated as of NumPy 1.16 and will raise an error in the future.
  lam_matrix = np.vstack(map(lambda x:x[0][x[1]-kernelrangepx:x[1]+kernelrangepx],zip(itertools.repeat(lam_padded), np.nonzero(ix_dla_range)[0]+pixel_num_left)))
WARNING:tensorflow:From /global/cfs/cdirs/desi/users/jqzou/dla_finder/training/model.py:291: div (from tensorflow.python.ops.math_ops) is deprecated and will be removed in a future version.
Instructions for updating:
Deprecated in favor of operator or tf.math.divide.
2024-01-18 17:11:25.816382: E tensorflow/stream_executor/cuda/cuda_driver.cc:328] failed call to cuInit: CUDA_ERROR_NO_DEVICE: no CUDA-capable device is detected
2024-01-18 17:11:25.816479: I tensorflow/stream_executor/cuda/cuda_diagnostics.cc:156] kernel driver does not appear to be running on this host (nid006255): /proc/driver/nvidia/version does not exist
2024-01-18 17:11:25.818465: I tensorflow/core/platform/cpu_feature_guard.cc:142] This TensorFlow binary is optimized with oneAPI Deep Neural Network Library (oneDNN) to use the following CPU instructions in performance-critical operations:  AVX2 FMA
To enable them in other operations, rebuild TensorFlow with the appropriate compiler flags.
INFO:tensorflow:Restoring parameters from /global/cfs/cdirs/desi/users/jqzou/dla_finder/prediction/model/train_lowsnr/train_lowsnr/current_99999.ckpt
2024-01-18 17:11:25.885518: E tensorflow/stream_executor/cuda/cuda_driver.cc:328] failed call to cuInit: CUDA_ERROR_NO_DEVICE: no CUDA-capable device is detected
2024-01-18 17:11:25.885722: I tensorflow/stream_executor/cuda/cuda_diagnostics.cc:156] kernel driver does not appear to be running on this host (nid006255): /proc/driver/nvidia/version does not exist
2024-01-18 17:11:25.887812: I tensorflow/core/platform/cpu_feature_guard.cc:142] This TensorFlow binary is optimized with oneAPI Deep Neural Network Library (oneDNN) to use the following CPU instructions in performance-critical operations:  AVX2 FMA
To enable them in other operations, rebuild TensorFlow with the appropriate compiler flags.
2024-01-18 17:11:25.903590: I tensorflow/compiler/mlir/mlir_graph_optimization_pass.cc:196] None of the MLIR optimization passes are enabled (registered 0 passes)
2024-01-18 17:11:25.915180: I tensorflow/core/platform/profile_utils/cpu_utils.cc:112] CPU Frequency: 2445420000 Hz
2024-01-18 17:11:25.921097: I tensorflow/compiler/jit/xla_gpu_device.cc:99] Not creating XLA devices, tf_xla_enable_xla_devices not set
2024-01-18 17:11:25.923093: I tensorflow/compiler/jit/xla_gpu_device.cc:99] Not creating XLA devices, tf_xla_enable_xla_devices not set
2024-01-18 17:11:25.946920: E tensorflow/stream_executor/cuda/cuda_driver.cc:328] failed call to cuInit: CUDA_ERROR_NO_DEVICE: no CUDA-capable device is detected
2024-01-18 17:11:25.946995: I tensorflow/stream_executor/cuda/cuda_diagnostics.cc:156] kernel driver does not appear to be running on this host (nid006255): /proc/driver/nvidia/version does not exist
2024-01-18 17:11:25.948977: I tensorflow/core/platform/cpu_feature_guard.cc:142] This TensorFlow binary is optimized with oneAPI Deep Neural Network Library (oneDNN) to use the following CPU instructions in performance-critical operations:  AVX2 FMA
To enable them in other operations, rebuild TensorFlow with the appropriate compiler flags.
2024-01-18 17:11:25.982668: I tensorflow/compiler/jit/xla_gpu_device.cc:99] Not creating XLA devices, tf_xla_enable_xla_devices not set
2024-01-18 17:11:25.990835: I tensorflow/compiler/jit/xla_gpu_device.cc:99] Not creating XLA devices, tf_xla_enable_xla_devices not set
INFO:tensorflow:Restoring parameters from /global/cfs/cdirs/desi/users/jqzou/dla_finder/prediction/model/train_midsnr/train_midsnr/current_99999.ckpt
2024-01-18 17:11:26.061078: E tensorflow/stream_executor/cuda/cuda_driver.cc:328] failed call to cuInit: CUDA_ERROR_NO_DEVICE: no CUDA-capable device is detected
2024-01-18 17:11:26.061151: I tensorflow/stream_executor/cuda/cuda_diagnostics.cc:156] kernel driver does not appear to be running on this host (nid006255): /proc/driver/nvidia/version does not exist
2024-01-18 17:11:26.062818: I tensorflow/core/platform/cpu_feature_guard.cc:142] This TensorFlow binary is optimized with oneAPI Deep Neural Network Library (oneDNN) to use the following CPU instructions in performance-critical operations:  AVX2 FMA
To enable them in other operations, rebuild TensorFlow with the appropriate compiler flags.
2024-01-18 17:11:26.080131: I tensorflow/compiler/jit/xla_cpu_device.cc:41] Not creating XLA devices, tf_xla_enable_xla_devices not set
2024-01-18 17:11:26.089963: I tensorflow/stream_executor/platform/default/dso_loader.cc:49] Successfully opened dynamic library libcuda.so.1
2024-01-18 17:11:26.095157: I tensorflow/compiler/jit/xla_gpu_device.cc:99] Not creating XLA devices, tf_xla_enable_xla_devices not set
2024-01-18 17:11:26.114429: E tensorflow/stream_executor/cuda/cuda_driver.cc:328] failed call to cuInit: CUDA_ERROR_NO_DEVICE: no CUDA-capable device is detected
2024-01-18 17:11:26.114819: I tensorflow/stream_executor/cuda/cuda_diagnostics.cc:156] kernel driver does not appear to be running on this host (nid006255): /proc/driver/nvidia/version does not exist
INFO:tensorflow:Restoring parameters from /global/cfs/cdirs/desi/users/jqzou/dla_finder/prediction/model/train_lowsnr/train_lowsnr/current_99999.ckpt
2024-01-18 17:11:26.117090: I tensorflow/core/platform/cpu_feature_guard.cc:142] This TensorFlow binary is optimized with oneAPI Deep Neural Network Library (oneDNN) to use the following CPU instructions in performance-critical operations:  AVX2 FMA
To enable them in other operations, rebuild TensorFlow with the appropriate compiler flags.
INFO:tensorflow:Restoring parameters from /global/cfs/cdirs/desi/users/jqzou/dla_finder/prediction/model/train_lowsnr/train_lowsnr/current_99999.ckpt
2024-01-18 17:11:26.140503: I tensorflow/compiler/mlir/mlir_graph_optimization_pass.cc:196] None of the MLIR optimization passes are enabled (registered 0 passes)
2024-01-18 17:11:26.145336: I tensorflow/compiler/mlir/mlir_graph_optimization_pass.cc:196] None of the MLIR optimization passes are enabled (registered 0 passes)
2024-01-18 17:11:26.146197: E tensorflow/stream_executor/cuda/cuda_driver.cc:328] failed call to cuInit: CUDA_ERROR_NO_DEVICE: no CUDA-capable device is detected
2024-01-18 17:11:26.146393: I tensorflow/stream_executor/cuda/cuda_diagnostics.cc:156] kernel driver does not appear to be running on this host (nid006255): /proc/driver/nvidia/version does not exist
INFO:tensorflow:Restoring parameters from /global/cfs/cdirs/desi/users/jqzou/dla_finder/prediction/model/train_lowsnr/train_lowsnr/current_99999.ckpt
2024-01-18 17:11:26.148215: I tensorflow/core/platform/cpu_feature_guard.cc:142] This TensorFlow binary is optimized with oneAPI Deep Neural Network Library (oneDNN) to use the following CPU instructions in performance-critical operations:  AVX2 FMA
To enable them in other operations, rebuild TensorFlow with the appropriate compiler flags.
2024-01-18 17:11:26.151859: I tensorflow/compiler/jit/xla_gpu_device.cc:99] Not creating XLA devices, tf_xla_enable_xla_devices not set
2024-01-18 17:11:26.152191: I tensorflow/compiler/jit/xla_gpu_device.cc:99] Not creating XLA devices, tf_xla_enable_xla_devices not set
2024-01-18 17:11:26.159899: I tensorflow/core/platform/profile_utils/cpu_utils.cc:112] CPU Frequency: 2445420000 Hz
2024-01-18 17:11:26.173536: I tensorflow/compiler/mlir/mlir_graph_optimization_pass.cc:196] None of the MLIR optimization passes are enabled (registered 0 passes)
/global/cfs/cdirs/desi/users/jqzou/dla_finder/datasets/input_set.py:102: FutureWarning: arrays to stack must be passed as a "sequence" type such as list or tuple. Support for non-sequence iterables such as generators is deprecated as of NumPy 1.16 and will raise an error in the future.
  fluxes_matrix = np.vstack(map(lambda x:x[0][x[1]-kernelrangepx:x[1]+kernelrangepx],zip(itertools.repeat(flux_padded), np.nonzero(ix_dla_range)[0]+pixel_num_left)))
/global/cfs/cdirs/desi/users/jqzou/dla_finder/datasets/input_set.py:103: FutureWarning: arrays to stack must be passed as a "sequence" type such as list or tuple. Support for non-sequence iterables such as generators is deprecated as of NumPy 1.16 and will raise an error in the future.
  lam_matrix = np.vstack(map(lambda x:x[0][x[1]-kernelrangepx:x[1]+kernelrangepx],zip(itertools.repeat(lam_padded), np.nonzero(ix_dla_range)[0]+pixel_num_left)))
WARNING:tensorflow:From /global/cfs/cdirs/desi/users/jqzou/dla_finder/training/model.py:291: div (from tensorflow.python.ops.math_ops) is deprecated and will be removed in a future version.
Instructions for updating:
Deprecated in favor of operator or tf.math.divide.
2024-01-18 17:11:26.185663: I tensorflow/core/platform/profile_utils/cpu_utils.cc:112] CPU Frequency: 2445420000 Hz
2024-01-18 17:11:26.194775: I tensorflow/core/platform/profile_utils/cpu_utils.cc:112] CPU Frequency: 2445420000 Hz
2024-01-18 17:11:26.205633: E tensorflow/stream_executor/cuda/cuda_driver.cc:328] failed call to cuInit: CUDA_ERROR_NO_DEVICE: no CUDA-capable device is detected
2024-01-18 17:11:26.205846: I tensorflow/stream_executor/cuda/cuda_diagnostics.cc:156] kernel driver does not appear to be running on this host (nid006255): /proc/driver/nvidia/version does not exist
2024-01-18 17:11:26.207813: I tensorflow/core/platform/cpu_feature_guard.cc:142] This TensorFlow binary is optimized with oneAPI Deep Neural Network Library (oneDNN) to use the following CPU instructions in performance-critical operations:  AVX2 FMA
To enable them in other operations, rebuild TensorFlow with the appropriate compiler flags.
2024-01-18 17:11:26.210997: I tensorflow/compiler/jit/xla_cpu_device.cc:41] Not creating XLA devices, tf_xla_enable_xla_devices not set
2024-01-18 17:11:26.211962: I tensorflow/compiler/jit/xla_gpu_device.cc:99] Not creating XLA devices, tf_xla_enable_xla_devices not set
INFO:tensorflow:Restoring parameters from /global/cfs/cdirs/desi/users/jqzou/dla_finder/prediction/model/train_lowsnr/train_lowsnr/current_99999.ckpt
2024-01-18 17:11:26.233161: I tensorflow/stream_executor/platform/default/dso_loader.cc:49] Successfully opened dynamic library libcuda.so.1
2024-01-18 17:11:26.261160: I tensorflow/compiler/mlir/mlir_graph_optimization_pass.cc:196] None of the MLIR optimization passes are enabled (registered 0 passes)
INFO:tensorflow:Restoring parameters from /global/cfs/cdirs/desi/users/jqzou/dla_finder/prediction/model/train_lowsnr/train_lowsnr/current_99999.ckpt
2024-01-18 17:11:26.305615: I tensorflow/core/platform/profile_utils/cpu_utils.cc:112] CPU Frequency: 2445420000 Hz
INFO:tensorflow:Restoring parameters from /global/cfs/cdirs/desi/users/jqzou/dla_finder/prediction/model/train_lowsnr/train_lowsnr/current_99999.ckpt
2024-01-18 17:11:26.321744: I tensorflow/compiler/mlir/mlir_graph_optimization_pass.cc:196] None of the MLIR optimization passes are enabled (registered 0 passes)
2024-01-18 17:11:26.327952: I tensorflow/compiler/mlir/mlir_graph_optimization_pass.cc:196] None of the MLIR optimization passes are enabled (registered 0 passes)
2024-01-18 17:11:26.339442: I tensorflow/core/platform/profile_utils/cpu_utils.cc:112] CPU Frequency: 2445420000 Hz
2024-01-18 17:11:26.346834: I tensorflow/core/platform/profile_utils/cpu_utils.cc:112] CPU Frequency: 2445420000 Hz
2024-01-18 17:11:26.352540: E tensorflow/stream_executor/cuda/cuda_driver.cc:328] failed call to cuInit: CUDA_ERROR_NO_DEVICE: no CUDA-capable device is detected
2024-01-18 17:11:26.352655: I tensorflow/stream_executor/cuda/cuda_diagnostics.cc:156] kernel driver does not appear to be running on this host (nid006255): /proc/driver/nvidia/version does not exist
2024-01-18 17:11:26.354472: I tensorflow/core/platform/cpu_feature_guard.cc:142] This TensorFlow binary is optimized with oneAPI Deep Neural Network Library (oneDNN) to use the following CPU instructions in performance-critical operations:  AVX2 FMA
To enable them in other operations, rebuild TensorFlow with the appropriate compiler flags.
2024-01-18 17:11:26.357836: I tensorflow/compiler/jit/xla_gpu_device.cc:99] Not creating XLA devices, tf_xla_enable_xla_devices not set
2024-01-18 17:11:26.358579: E tensorflow/stream_executor/cuda/cuda_driver.cc:328] failed call to cuInit: CUDA_ERROR_NO_DEVICE: no CUDA-capable device is detected
2024-01-18 17:11:26.358784: I tensorflow/stream_executor/cuda/cuda_diagnostics.cc:156] kernel driver does not appear to be running on this host (nid006255): /proc/driver/nvidia/version does not exist
2024-01-18 17:11:26.360777: I tensorflow/core/platform/cpu_feature_guard.cc:142] This TensorFlow binary is optimized with oneAPI Deep Neural Network Library (oneDNN) to use the following CPU instructions in performance-critical operations:  AVX2 FMA
To enable them in other operations, rebuild TensorFlow with the appropriate compiler flags.
INFO:tensorflow:Restoring parameters from /global/cfs/cdirs/desi/users/jqzou/dla_finder/prediction/model/train_lowsnr/train_lowsnr/current_99999.ckpt
2024-01-18 17:11:26.374892: I tensorflow/compiler/jit/xla_gpu_device.cc:99] Not creating XLA devices, tf_xla_enable_xla_devices not set
2024-01-18 17:11:26.391232: I tensorflow/compiler/mlir/mlir_graph_optimization_pass.cc:196] None of the MLIR optimization passes are enabled (registered 0 passes)
2024-01-18 17:11:26.411169: I tensorflow/core/platform/profile_utils/cpu_utils.cc:112] CPU Frequency: 2445420000 Hz
2024-01-18 17:11:26.463430: E tensorflow/stream_executor/cuda/cuda_driver.cc:328] failed call to cuInit: CUDA_ERROR_NO_DEVICE: no CUDA-capable device is detected
2024-01-18 17:11:26.463504: I tensorflow/stream_executor/cuda/cuda_diagnostics.cc:156] kernel driver does not appear to be running on this host (nid006255): /proc/driver/nvidia/version does not exist
2024-01-18 17:11:26.465709: I tensorflow/core/platform/cpu_feature_guard.cc:142] This TensorFlow binary is optimized with oneAPI Deep Neural Network Library (oneDNN) to use the following CPU instructions in performance-critical operations:  AVX2 FMA
To enable them in other operations, rebuild TensorFlow with the appropriate compiler flags.
2024-01-18 17:11:26.468739: E tensorflow/stream_executor/cuda/cuda_driver.cc:328] failed call to cuInit: CUDA_ERROR_NO_DEVICE: no CUDA-capable device is detected
2024-01-18 17:11:26.468897: I tensorflow/stream_executor/cuda/cuda_diagnostics.cc:156] kernel driver does not appear to be running on this host (nid006255): /proc/driver/nvidia/version does not exist
2024-01-18 17:11:26.469902: I tensorflow/compiler/jit/xla_gpu_device.cc:99] Not creating XLA devices, tf_xla_enable_xla_devices not set
2024-01-18 17:11:26.470930: I tensorflow/core/platform/cpu_feature_guard.cc:142] This TensorFlow binary is optimized with oneAPI Deep Neural Network Library (oneDNN) to use the following CPU instructions in performance-critical operations:  AVX2 FMA
To enable them in other operations, rebuild TensorFlow with the appropriate compiler flags.
2024-01-18 17:11:26.481010: I tensorflow/compiler/jit/xla_gpu_device.cc:99] Not creating XLA devices, tf_xla_enable_xla_devices not set
INFO:tensorflow:Restoring parameters from /global/cfs/cdirs/desi/users/jqzou/dla_finder/prediction/model/train_lowsnr/train_lowsnr/current_99999.ckpt
2024-01-18 17:11:26.510698: I tensorflow/compiler/mlir/mlir_graph_optimization_pass.cc:196] None of the MLIR optimization passes are enabled (registered 0 passes)
INFO:tensorflow:Restoring parameters from /global/cfs/cdirs/desi/users/jqzou/dla_finder/prediction/model/train_lowsnr/train_lowsnr/current_99999.ckpt
2024-01-18 17:11:26.537172: I tensorflow/core/platform/profile_utils/cpu_utils.cc:112] CPU Frequency: 2445420000 Hz
2024-01-18 17:11:26.541275: I tensorflow/compiler/mlir/mlir_graph_optimization_pass.cc:196] None of the MLIR optimization passes are enabled (registered 0 passes)
2024-01-18 17:11:26.563341: I tensorflow/core/platform/profile_utils/cpu_utils.cc:112] CPU Frequency: 2445420000 Hz
2024-01-18 17:11:26.702870: I tensorflow/compiler/jit/xla_cpu_device.cc:41] Not creating XLA devices, tf_xla_enable_xla_devices not set
INFO:tensorflow:Restoring parameters from /global/cfs/cdirs/desi/users/jqzou/dla_finder/prediction/model/train_lowsnr/train_lowsnr/current_99999.ckpt
INFO:tensorflow:Restoring parameters from /global/cfs/cdirs/desi/users/jqzou/dla_finder/prediction/model/train_lowsnr/train_lowsnr/current_99999.ckpt
2024-01-18 17:11:26.776659: I tensorflow/compiler/mlir/mlir_graph_optimization_pass.cc:196] None of the MLIR optimization passes are enabled (registered 0 passes)
2024-01-18 17:11:26.781217: I tensorflow/compiler/mlir/mlir_graph_optimization_pass.cc:196] None of the MLIR optimization passes are enabled (registered 0 passes)
2024-01-18 17:11:26.796297: I tensorflow/core/platform/profile_utils/cpu_utils.cc:112] CPU Frequency: 2445420000 Hz
2024-01-18 17:11:26.797108: I tensorflow/stream_executor/platform/default/dso_loader.cc:49] Successfully opened dynamic library libcuda.so.1
2024-01-18 17:11:26.817704: I tensorflow/core/platform/profile_utils/cpu_utils.cc:112] CPU Frequency: 2445420000 Hz
2024-01-18 17:11:26.964129: I tensorflow/compiler/jit/xla_cpu_device.cc:41] Not creating XLA devices, tf_xla_enable_xla_devices not set
2024-01-18 17:11:26.985854: I tensorflow/stream_executor/platform/default/dso_loader.cc:49] Successfully opened dynamic library libcuda.so.1
2024-01-18 17:11:27.032774: E tensorflow/stream_executor/cuda/cuda_driver.cc:328] failed call to cuInit: CUDA_ERROR_NO_DEVICE: no CUDA-capable device is detected
2024-01-18 17:11:27.032983: I tensorflow/stream_executor/cuda/cuda_diagnostics.cc:156] kernel driver does not appear to be running on this host (nid006255): /proc/driver/nvidia/version does not exist
2024-01-18 17:11:27.034883: I tensorflow/core/platform/cpu_feature_guard.cc:142] This TensorFlow binary is optimized with oneAPI Deep Neural Network Library (oneDNN) to use the following CPU instructions in performance-critical operations:  AVX2 FMA
To enable them in other operations, rebuild TensorFlow with the appropriate compiler flags.
2024-01-18 17:11:27.038643: I tensorflow/compiler/jit/xla_gpu_device.cc:99] Not creating XLA devices, tf_xla_enable_xla_devices not set
2024-01-18 17:11:27.052760: E tensorflow/stream_executor/cuda/cuda_driver.cc:328] failed call to cuInit: CUDA_ERROR_NO_DEVICE: no CUDA-capable device is detected
2024-01-18 17:11:27.052967: I tensorflow/stream_executor/cuda/cuda_diagnostics.cc:156] kernel driver does not appear to be running on this host (nid006255): /proc/driver/nvidia/version does not exist
2024-01-18 17:11:27.054896: I tensorflow/core/platform/cpu_feature_guard.cc:142] This TensorFlow binary is optimized with oneAPI Deep Neural Network Library (oneDNN) to use the following CPU instructions in performance-critical operations:  AVX2 FMA
To enable them in other operations, rebuild TensorFlow with the appropriate compiler flags.
2024-01-18 17:11:27.058778: I tensorflow/compiler/jit/xla_gpu_device.cc:99] Not creating XLA devices, tf_xla_enable_xla_devices not set
INFO:tensorflow:Restoring parameters from /global/cfs/cdirs/desi/users/jqzou/dla_finder/prediction/model/train_lowsnr/train_lowsnr/current_99999.ckpt
2024-01-18 17:11:27.161780: I tensorflow/compiler/jit/xla_gpu_device.cc:99] Not creating XLA devices, tf_xla_enable_xla_devices not set
2024-01-18 17:11:27.165876: I tensorflow/compiler/jit/xla_gpu_device.cc:99] Not creating XLA devices, tf_xla_enable_xla_devices not set
2024-01-18 17:11:27.176900: I tensorflow/compiler/mlir/mlir_graph_optimization_pass.cc:196] None of the MLIR optimization passes are enabled (registered 0 passes)
INFO:tensorflow:Restoring parameters from /global/cfs/cdirs/desi/users/jqzou/dla_finder/prediction/model/train_lowsnr/train_lowsnr/current_99999.ckpt
INFO:tensorflow:Restoring parameters from /global/cfs/cdirs/desi/users/jqzou/dla_finder/prediction/model/train_lowsnr/train_lowsnr/current_99999.ckpt
2024-01-18 17:11:27.256634: I tensorflow/core/platform/profile_utils/cpu_utils.cc:112] CPU Frequency: 2445420000 Hz
INFO:tensorflow:Restoring parameters from /global/cfs/cdirs/desi/users/jqzou/dla_finder/prediction/model/train_lowsnr/train_lowsnr/current_99999.ckpt
2024-01-18 17:11:27.331245: I tensorflow/compiler/mlir/mlir_graph_optimization_pass.cc:196] None of the MLIR optimization passes are enabled (registered 0 passes)
2024-01-18 17:11:27.377627: I tensorflow/core/platform/profile_utils/cpu_utils.cc:112] CPU Frequency: 2445420000 Hz
2024-01-18 17:11:27.454917: I tensorflow/compiler/jit/xla_gpu_device.cc:99] Not creating XLA devices, tf_xla_enable_xla_devices not set
INFO:tensorflow:Restoring parameters from /global/cfs/cdirs/desi/users/jqzou/dla_finder/prediction/model/train_lowsnr/train_lowsnr/current_99999.ckpt
2024-01-18 17:11:27.620374: I tensorflow/compiler/jit/xla_gpu_device.cc:99] Not creating XLA devices, tf_xla_enable_xla_devices not set
INFO:tensorflow:Restoring parameters from /global/cfs/cdirs/desi/users/jqzou/dla_finder/prediction/model/train_lowsnr/train_lowsnr/current_99999.ckpt
2024-01-18 17:11:27.993900: E tensorflow/stream_executor/cuda/cuda_driver.cc:328] failed call to cuInit: CUDA_ERROR_NO_DEVICE: no CUDA-capable device is detected
2024-01-18 17:11:27.994120: I tensorflow/stream_executor/cuda/cuda_diagnostics.cc:156] kernel driver does not appear to be running on this host (nid006255): /proc/driver/nvidia/version does not exist
2024-01-18 17:11:27.996128: I tensorflow/core/platform/cpu_feature_guard.cc:142] This TensorFlow binary is optimized with oneAPI Deep Neural Network Library (oneDNN) to use the following CPU instructions in performance-critical operations:  AVX2 FMA
To enable them in other operations, rebuild TensorFlow with the appropriate compiler flags.
2024-01-18 17:11:28.000646: I tensorflow/compiler/jit/xla_gpu_device.cc:99] Not creating XLA devices, tf_xla_enable_xla_devices not set
2024-01-18 17:11:28.084646: E tensorflow/stream_executor/cuda/cuda_driver.cc:328] failed call to cuInit: CUDA_ERROR_NO_DEVICE: no CUDA-capable device is detected
2024-01-18 17:11:28.084706: I tensorflow/stream_executor/cuda/cuda_diagnostics.cc:156] kernel driver does not appear to be running on this host (nid006255): /proc/driver/nvidia/version does not exist
2024-01-18 17:11:28.086514: I tensorflow/core/platform/cpu_feature_guard.cc:142] This TensorFlow binary is optimized with oneAPI Deep Neural Network Library (oneDNN) to use the following CPU instructions in performance-critical operations:  AVX2 FMA
To enable them in other operations, rebuild TensorFlow with the appropriate compiler flags.
2024-01-18 17:11:28.090453: I tensorflow/compiler/jit/xla_gpu_device.cc:99] Not creating XLA devices, tf_xla_enable_xla_devices not set
2024-01-18 17:11:28.165581: I tensorflow/compiler/jit/xla_gpu_device.cc:99] Not creating XLA devices, tf_xla_enable_xla_devices not set
INFO:tensorflow:Restoring parameters from /global/cfs/cdirs/desi/users/jqzou/dla_finder/prediction/model/train_lowsnr/train_lowsnr/current_99999.ckpt
2024-01-18 17:11:28.219916: I tensorflow/compiler/mlir/mlir_graph_optimization_pass.cc:196] None of the MLIR optimization passes are enabled (registered 0 passes)
INFO:tensorflow:Restoring parameters from /global/cfs/cdirs/desi/users/jqzou/dla_finder/prediction/model/train_lowsnr/train_lowsnr/current_99999.ckpt
2024-01-18 17:11:28.257632: I tensorflow/core/platform/profile_utils/cpu_utils.cc:112] CPU Frequency: 2445420000 Hz
2024-01-18 17:11:28.267238: I tensorflow/compiler/jit/xla_gpu_device.cc:99] Not creating XLA devices, tf_xla_enable_xla_devices not set
2024-01-18 17:11:28.268428: I tensorflow/compiler/jit/xla_gpu_device.cc:99] Not creating XLA devices, tf_xla_enable_xla_devices not set
INFO:tensorflow:Restoring parameters from /global/cfs/cdirs/desi/users/jqzou/dla_finder/prediction/model/train_lowsnr/train_lowsnr/current_99999.ckpt
2024-01-18 17:11:28.342757: I tensorflow/compiler/mlir/mlir_graph_optimization_pass.cc:196] None of the MLIR optimization passes are enabled (registered 0 passes)
INFO:tensorflow:Restoring parameters from /global/cfs/cdirs/desi/users/jqzou/dla_finder/prediction/model/train_lowsnr/train_lowsnr/current_99999.ckpt
INFO:tensorflow:Restoring parameters from /global/cfs/cdirs/desi/users/jqzou/dla_finder/prediction/model/train_midsnr/train_midsnr/current_99999.ckpt
2024-01-18 17:11:28.367313: I tensorflow/core/platform/profile_utils/cpu_utils.cc:112] CPU Frequency: 2445420000 Hz
2024-01-18 17:11:28.472521: I tensorflow/compiler/jit/xla_gpu_device.cc:99] Not creating XLA devices, tf_xla_enable_xla_devices not set
INFO:tensorflow:Restoring parameters from /global/cfs/cdirs/desi/users/jqzou/dla_finder/prediction/model/train_midsnr/train_midsnr/current_99999.ckpt
2024-01-18 17:11:28.812414: I tensorflow/compiler/jit/xla_gpu_device.cc:99] Not creating XLA devices, tf_xla_enable_xla_devices not set
INFO:tensorflow:Restoring parameters from /global/cfs/cdirs/desi/users/jqzou/dla_finder/prediction/model/train_lowsnr/train_lowsnr/current_99999.ckpt
2024-01-18 17:11:28.997754: I tensorflow/compiler/jit/xla_gpu_device.cc:99] Not creating XLA devices, tf_xla_enable_xla_devices not set
INFO:tensorflow:Restoring parameters from /global/cfs/cdirs/desi/users/jqzou/dla_finder/prediction/model/train_lowsnr/train_lowsnr/current_99999.ckpt
2024-01-18 17:11:29.143643: I tensorflow/compiler/jit/xla_gpu_device.cc:99] Not creating XLA devices, tf_xla_enable_xla_devices not set
INFO:tensorflow:Restoring parameters from /global/cfs/cdirs/desi/users/jqzou/dla_finder/prediction/model/train_lowsnr/train_lowsnr/current_99999.ckpt
2024-01-18 17:11:29.269890: I tensorflow/compiler/jit/xla_gpu_device.cc:99] Not creating XLA devices, tf_xla_enable_xla_devices not set
INFO:tensorflow:Restoring parameters from /global/cfs/cdirs/desi/users/jqzou/dla_finder/prediction/model/train_lowsnr/train_lowsnr/current_99999.ckpt
2024-01-18 17:11:29.367766: I tensorflow/compiler/jit/xla_gpu_device.cc:99] Not creating XLA devices, tf_xla_enable_xla_devices not set
2024-01-18 17:11:29.417780: I tensorflow/compiler/jit/xla_gpu_device.cc:99] Not creating XLA devices, tf_xla_enable_xla_devices not set
INFO:tensorflow:Restoring parameters from /global/cfs/cdirs/desi/users/jqzou/dla_finder/prediction/model/train_lowsnr/train_lowsnr/current_99999.ckpt
2024-01-18 17:11:29.446082: I tensorflow/compiler/jit/xla_gpu_device.cc:99] Not creating XLA devices, tf_xla_enable_xla_devices not set
INFO:tensorflow:Restoring parameters from /global/cfs/cdirs/desi/users/jqzou/dla_finder/prediction/model/train_midsnr/train_midsnr/current_99999.ckpt
2024-01-18 17:11:29.499406: I tensorflow/compiler/jit/xla_gpu_device.cc:99] Not creating XLA devices, tf_xla_enable_xla_devices not set
INFO:tensorflow:Restoring parameters from /global/cfs/cdirs/desi/users/jqzou/dla_finder/prediction/model/train_midsnr/train_midsnr/current_99999.ckpt
2024-01-18 17:11:29.560971: I tensorflow/compiler/jit/xla_gpu_device.cc:99] Not creating XLA devices, tf_xla_enable_xla_devices not set
INFO:tensorflow:Restoring parameters from /global/cfs/cdirs/desi/users/jqzou/dla_finder/prediction/model/train_lowsnr/train_lowsnr/current_99999.ckpt
INFO:tensorflow:Restoring parameters from /global/cfs/cdirs/desi/users/jqzou/dla_finder/prediction/model/train_midsnr/train_midsnr/current_99999.ckpt
2024-01-18 17:11:29.739938: I tensorflow/compiler/jit/xla_gpu_device.cc:99] Not creating XLA devices, tf_xla_enable_xla_devices not set
2024-01-18 17:11:29.752486: I tensorflow/compiler/jit/xla_gpu_device.cc:99] Not creating XLA devices, tf_xla_enable_xla_devices not set
INFO:tensorflow:Restoring parameters from /global/cfs/cdirs/desi/users/jqzou/dla_finder/prediction/model/train_lowsnr/train_lowsnr/current_99999.ckpt
INFO:tensorflow:Restoring parameters from /global/cfs/cdirs/desi/users/jqzou/dla_finder/prediction/model/train_midsnr/train_midsnr/current_99999.ckpt
2024-01-18 17:11:29.975139: I tensorflow/compiler/jit/xla_gpu_device.cc:99] Not creating XLA devices, tf_xla_enable_xla_devices not set
INFO:tensorflow:Restoring parameters from /global/cfs/cdirs/desi/users/jqzou/dla_finder/prediction/model/train_lowsnr/train_lowsnr/current_99999.ckpt
2024-01-18 17:11:30.412820: I tensorflow/compiler/jit/xla_gpu_device.cc:99] Not creating XLA devices, tf_xla_enable_xla_devices not set
2024-01-18 17:11:30.414701: I tensorflow/compiler/jit/xla_gpu_device.cc:99] Not creating XLA devices, tf_xla_enable_xla_devices not set
2024-01-18 17:11:30.438774: I tensorflow/compiler/jit/xla_gpu_device.cc:99] Not creating XLA devices, tf_xla_enable_xla_devices not set
INFO:tensorflow:Restoring parameters from /global/cfs/cdirs/desi/users/jqzou/dla_finder/prediction/model/train_midsnr/train_midsnr/current_99999.ckpt
INFO:tensorflow:Restoring parameters from /global/cfs/cdirs/desi/users/jqzou/dla_finder/prediction/model/train_lowsnr/train_lowsnr/current_99999.ckpt
2024-01-18 17:11:30.498516: I tensorflow/compiler/jit/xla_gpu_device.cc:99] Not creating XLA devices, tf_xla_enable_xla_devices not set
INFO:tensorflow:Restoring parameters from /global/cfs/cdirs/desi/users/jqzou/dla_finder/prediction/model/train_lowsnr/train_lowsnr/current_99999.ckpt
2024-01-18 17:11:30.565619: I tensorflow/compiler/jit/xla_gpu_device.cc:99] Not creating XLA devices, tf_xla_enable_xla_devices not set
INFO:tensorflow:Restoring parameters from /global/cfs/cdirs/desi/users/jqzou/dla_finder/prediction/model/train_lowsnr/train_lowsnr/current_99999.ckpt
2024-01-18 17:11:30.632644: I tensorflow/compiler/jit/xla_gpu_device.cc:99] Not creating XLA devices, tf_xla_enable_xla_devices not set
INFO:tensorflow:Restoring parameters from /global/cfs/cdirs/desi/users/jqzou/dla_finder/prediction/model/train_midsnr/train_midsnr/current_99999.ckpt
INFO:tensorflow:Restoring parameters from /global/cfs/cdirs/desi/users/jqzou/dla_finder/prediction/model/train_lowsnr/train_lowsnr/current_99999.ckpt
2024-01-18 17:11:30.920108: I tensorflow/compiler/jit/xla_gpu_device.cc:99] Not creating XLA devices, tf_xla_enable_xla_devices not set
2024-01-18 17:11:30.963697: I tensorflow/compiler/jit/xla_gpu_device.cc:99] Not creating XLA devices, tf_xla_enable_xla_devices not set
2024-01-18 17:11:30.988814: I tensorflow/compiler/jit/xla_gpu_device.cc:99] Not creating XLA devices, tf_xla_enable_xla_devices not set
2024-01-18 17:11:30.999453: I tensorflow/compiler/jit/xla_gpu_device.cc:99] Not creating XLA devices, tf_xla_enable_xla_devices not set
INFO:tensorflow:Restoring parameters from /global/cfs/cdirs/desi/users/jqzou/dla_finder/prediction/model/train_midsnr/train_midsnr/current_99999.ckpt
INFO:tensorflow:Restoring parameters from /global/cfs/cdirs/desi/users/jqzou/dla_finder/prediction/model/train_lowsnr/train_lowsnr/current_99999.ckpt
INFO:tensorflow:Restoring parameters from /global/cfs/cdirs/desi/users/jqzou/dla_finder/prediction/model/train_lowsnr/train_lowsnr/current_99999.ckpt
INFO:tensorflow:Restoring parameters from /global/cfs/cdirs/desi/users/jqzou/dla_finder/prediction/model/train_midsnr/train_midsnr/current_99999.ckpt
2024-01-18 17:11:31.122513: I tensorflow/compiler/jit/xla_gpu_device.cc:99] Not creating XLA devices, tf_xla_enable_xla_devices not set
INFO:tensorflow:Restoring parameters from /global/cfs/cdirs/desi/users/jqzou/dla_finder/prediction/model/train_lowsnr/train_lowsnr/current_99999.ckpt
2024-01-18 17:11:31.433934: I tensorflow/compiler/jit/xla_gpu_device.cc:99] Not creating XLA devices, tf_xla_enable_xla_devices not set
INFO:tensorflow:Restoring parameters from /global/cfs/cdirs/desi/users/jqzou/dla_finder/prediction/model/train_midsnr/train_midsnr/current_99999.ckpt
2024-01-18 17:11:31.687412: I tensorflow/compiler/jit/xla_gpu_device.cc:99] Not creating XLA devices, tf_xla_enable_xla_devices not set
2024-01-18 17:11:31.736688: I tensorflow/compiler/jit/xla_gpu_device.cc:99] Not creating XLA devices, tf_xla_enable_xla_devices not set
2024-01-18 17:11:31.743307: I tensorflow/compiler/jit/xla_gpu_device.cc:99] Not creating XLA devices, tf_xla_enable_xla_devices not set
INFO:tensorflow:Restoring parameters from /global/cfs/cdirs/desi/users/jqzou/dla_finder/prediction/model/train_lowsnr/train_lowsnr/current_99999.ckpt
2024-01-18 17:11:31.788128: I tensorflow/compiler/jit/xla_gpu_device.cc:99] Not creating XLA devices, tf_xla_enable_xla_devices not set
INFO:tensorflow:Restoring parameters from /global/cfs/cdirs/desi/users/jqzou/dla_finder/prediction/model/train_midsnr/train_midsnr/current_99999.ckpt
INFO:tensorflow:Restoring parameters from /global/cfs/cdirs/desi/users/jqzou/dla_finder/prediction/model/train_lowsnr/train_lowsnr/current_99999.ckpt
2024-01-18 17:11:31.882513: I tensorflow/compiler/jit/xla_gpu_device.cc:99] Not creating XLA devices, tf_xla_enable_xla_devices not set
INFO:tensorflow:Restoring parameters from /global/cfs/cdirs/desi/users/jqzou/dla_finder/prediction/model/train_midsnr/train_midsnr/current_99999.ckpt
INFO:tensorflow:Restoring parameters from /global/cfs/cdirs/desi/users/jqzou/dla_finder/prediction/model/train_midsnr/train_midsnr/current_99999.ckpt
2024-01-18 17:11:32.150018: I tensorflow/compiler/jit/xla_gpu_device.cc:99] Not creating XLA devices, tf_xla_enable_xla_devices not set
INFO:tensorflow:Restoring parameters from /global/cfs/cdirs/desi/users/jqzou/dla_finder/prediction/model/train_lowsnr/train_lowsnr/current_99999.ckpt
2024-01-18 17:11:32.317287: I tensorflow/compiler/jit/xla_gpu_device.cc:99] Not creating XLA devices, tf_xla_enable_xla_devices not set
INFO:tensorflow:Restoring parameters from /global/cfs/cdirs/desi/users/jqzou/dla_finder/prediction/model/train_lowsnr/train_lowsnr/current_99999.ckpt
2024-01-18 17:11:32.715972: I tensorflow/compiler/jit/xla_gpu_device.cc:99] Not creating XLA devices, tf_xla_enable_xla_devices not set
2024-01-18 17:11:32.754391: I tensorflow/compiler/jit/xla_gpu_device.cc:99] Not creating XLA devices, tf_xla_enable_xla_devices not set
2024-01-18 17:11:32.762972: I tensorflow/compiler/jit/xla_gpu_device.cc:99] Not creating XLA devices, tf_xla_enable_xla_devices not set
INFO:tensorflow:Restoring parameters from /global/cfs/cdirs/desi/users/jqzou/dla_finder/prediction/model/train_lowsnr/train_lowsnr/current_99999.ckpt
INFO:tensorflow:Restoring parameters from /global/cfs/cdirs/desi/users/jqzou/dla_finder/prediction/model/train_lowsnr/train_lowsnr/current_99999.ckpt
INFO:tensorflow:Restoring parameters from /global/cfs/cdirs/desi/users/jqzou/dla_finder/prediction/model/train_midsnr/train_midsnr/current_99999.ckpt
2024-01-18 17:11:32.856839: I tensorflow/compiler/jit/xla_gpu_device.cc:99] Not creating XLA devices, tf_xla_enable_xla_devices not set
INFO:tensorflow:Restoring parameters from /global/cfs/cdirs/desi/users/jqzou/dla_finder/prediction/model/train_lowsnr/train_lowsnr/current_99999.ckpt
2024-01-18 17:11:33.015011: I tensorflow/compiler/jit/xla_gpu_device.cc:99] Not creating XLA devices, tf_xla_enable_xla_devices not set
2024-01-18 17:11:33.114924: I tensorflow/compiler/jit/xla_gpu_device.cc:99] Not creating XLA devices, tf_xla_enable_xla_devices not set
INFO:tensorflow:Restoring parameters from /global/cfs/cdirs/desi/users/jqzou/dla_finder/prediction/model/train_midsnr/train_midsnr/current_99999.ckpt
INFO:tensorflow:Restoring parameters from /global/cfs/cdirs/desi/users/jqzou/dla_finder/prediction/model/train_midsnr/train_midsnr/current_99999.ckpt
2024-01-18 17:11:33.269551: I tensorflow/compiler/jit/xla_gpu_device.cc:99] Not creating XLA devices, tf_xla_enable_xla_devices not set
INFO:tensorflow:Restoring parameters from /global/cfs/cdirs/desi/users/jqzou/dla_finder/prediction/model/train_lowsnr/train_lowsnr/current_99999.ckpt
2024-01-18 17:11:33.551831: I tensorflow/compiler/jit/xla_gpu_device.cc:99] Not creating XLA devices, tf_xla_enable_xla_devices not set
INFO:tensorflow:Restoring parameters from /global/cfs/cdirs/desi/users/jqzou/dla_finder/prediction/model/train_lowsnr/train_lowsnr/current_99999.ckpt
2024-01-18 17:11:33.670806: I tensorflow/compiler/jit/xla_gpu_device.cc:99] Not creating XLA devices, tf_xla_enable_xla_devices not set
INFO:tensorflow:Restoring parameters from /global/cfs/cdirs/desi/users/jqzou/dla_finder/prediction/model/train_lowsnr/train_lowsnr/current_99999.ckpt
2024-01-18 17:11:33.767105: I tensorflow/compiler/jit/xla_gpu_device.cc:99] Not creating XLA devices, tf_xla_enable_xla_devices not set
INFO:tensorflow:Restoring parameters from /global/cfs/cdirs/desi/users/jqzou/dla_finder/prediction/model/train_lowsnr/train_lowsnr/current_99999.ckpt
2024-01-18 17:11:33.860832: I tensorflow/compiler/jit/xla_gpu_device.cc:99] Not creating XLA devices, tf_xla_enable_xla_devices not set
INFO:tensorflow:Restoring parameters from /global/cfs/cdirs/desi/users/jqzou/dla_finder/prediction/model/train_lowsnr/train_lowsnr/current_99999.ckpt
2024-01-18 17:11:33.932506: I tensorflow/compiler/jit/xla_gpu_device.cc:99] Not creating XLA devices, tf_xla_enable_xla_devices not set
INFO:tensorflow:Restoring parameters from /global/cfs/cdirs/desi/users/jqzou/dla_finder/prediction/model/train_midsnr/train_midsnr/current_99999.ckpt
2024-01-18 17:11:34.111504: I tensorflow/compiler/jit/xla_gpu_device.cc:99] Not creating XLA devices, tf_xla_enable_xla_devices not set
2024-01-18 17:11:34.210424: I tensorflow/compiler/jit/xla_gpu_device.cc:99] Not creating XLA devices, tf_xla_enable_xla_devices not set
INFO:tensorflow:Restoring parameters from /global/cfs/cdirs/desi/users/jqzou/dla_finder/prediction/model/train_midsnr/train_midsnr/current_99999.ckpt
INFO:tensorflow:Restoring parameters from /global/cfs/cdirs/desi/users/jqzou/dla_finder/prediction/model/train_lowsnr/train_lowsnr/current_99999.ckpt
2024-01-18 17:11:34.356006: I tensorflow/compiler/jit/xla_gpu_device.cc:99] Not creating XLA devices, tf_xla_enable_xla_devices not set
2024-01-18 17:11:34.403390: I tensorflow/compiler/jit/xla_gpu_device.cc:99] Not creating XLA devices, tf_xla_enable_xla_devices not set
INFO:tensorflow:Restoring parameters from /global/cfs/cdirs/desi/users/jqzou/dla_finder/prediction/model/train_lowsnr/train_lowsnr/current_99999.ckpt
INFO:tensorflow:Restoring parameters from /global/cfs/cdirs/desi/users/jqzou/dla_finder/prediction/model/train_lowsnr/train_lowsnr/current_99999.ckpt
2024-01-18 17:11:34.476940: I tensorflow/compiler/jit/xla_gpu_device.cc:99] Not creating XLA devices, tf_xla_enable_xla_devices not set
INFO:tensorflow:Restoring parameters from /global/cfs/cdirs/desi/users/jqzou/dla_finder/prediction/model/train_lowsnr/train_lowsnr/current_99999.ckpt
2024-01-18 17:11:34.612329: I tensorflow/compiler/jit/xla_gpu_device.cc:99] Not creating XLA devices, tf_xla_enable_xla_devices not set
INFO:tensorflow:Restoring parameters from /global/cfs/cdirs/desi/users/jqzou/dla_finder/prediction/model/train_lowsnr/train_lowsnr/current_99999.ckpt
2024-01-18 17:11:35.024343: I tensorflow/compiler/jit/xla_gpu_device.cc:99] Not creating XLA devices, tf_xla_enable_xla_devices not set
INFO:tensorflow:Restoring parameters from /global/cfs/cdirs/desi/users/jqzou/dla_finder/prediction/model/train_lowsnr/train_lowsnr/current_99999.ckpt
2024-01-18 17:11:35.278347: I tensorflow/compiler/jit/xla_gpu_device.cc:99] Not creating XLA devices, tf_xla_enable_xla_devices not set
INFO:tensorflow:Restoring parameters from /global/cfs/cdirs/desi/users/jqzou/dla_finder/prediction/model/train_lowsnr/train_lowsnr/current_99999.ckpt
2024-01-18 17:11:35.354365: I tensorflow/compiler/jit/xla_gpu_device.cc:99] Not creating XLA devices, tf_xla_enable_xla_devices not set
INFO:tensorflow:Restoring parameters from /global/cfs/cdirs/desi/users/jqzou/dla_finder/prediction/model/train_lowsnr/train_lowsnr/current_99999.ckpt
2024-01-18 17:11:35.422577: I tensorflow/compiler/jit/xla_gpu_device.cc:99] Not creating XLA devices, tf_xla_enable_xla_devices not set
INFO:tensorflow:Restoring parameters from /global/cfs/cdirs/desi/users/jqzou/dla_finder/prediction/model/train_lowsnr/train_lowsnr/current_99999.ckpt
2024-01-18 17:11:35.663118: I tensorflow/compiler/jit/xla_gpu_device.cc:99] Not creating XLA devices, tf_xla_enable_xla_devices not set
2024-01-18 17:11:35.690214: I tensorflow/compiler/jit/xla_gpu_device.cc:99] Not creating XLA devices, tf_xla_enable_xla_devices not set
INFO:tensorflow:Restoring parameters from /global/cfs/cdirs/desi/users/jqzou/dla_finder/prediction/model/train_lowsnr/train_lowsnr/current_99999.ckpt
INFO:tensorflow:Restoring parameters from /global/cfs/cdirs/desi/users/jqzou/dla_finder/prediction/model/train_midsnr/train_midsnr/current_99999.ckpt
2024-01-18 17:11:36.096310: I tensorflow/compiler/jit/xla_gpu_device.cc:99] Not creating XLA devices, tf_xla_enable_xla_devices not set
2024-01-18 17:11:36.143582: I tensorflow/compiler/jit/xla_gpu_device.cc:99] Not creating XLA devices, tf_xla_enable_xla_devices not set
INFO:tensorflow:Restoring parameters from /global/cfs/cdirs/desi/users/jqzou/dla_finder/prediction/model/train_lowsnr/train_lowsnr/current_99999.ckpt
INFO:tensorflow:Restoring parameters from /global/cfs/cdirs/desi/users/jqzou/dla_finder/prediction/model/train_midsnr/train_midsnr/current_99999.ckpt
2024-01-18 17:11:36.350020: I tensorflow/compiler/jit/xla_gpu_device.cc:99] Not creating XLA devices, tf_xla_enable_xla_devices not set
2024-01-18 17:11:36.392252: I tensorflow/compiler/jit/xla_gpu_device.cc:99] Not creating XLA devices, tf_xla_enable_xla_devices not set
2024-01-18 17:11:36.427353: I tensorflow/compiler/jit/xla_gpu_device.cc:99] Not creating XLA devices, tf_xla_enable_xla_devices not set
INFO:tensorflow:Restoring parameters from /global/cfs/cdirs/desi/users/jqzou/dla_finder/prediction/model/train_midsnr/train_midsnr/current_99999.ckpt
INFO:tensorflow:Restoring parameters from /global/cfs/cdirs/desi/users/jqzou/dla_finder/prediction/model/train_lowsnr/train_lowsnr/current_99999.ckpt
INFO:tensorflow:Restoring parameters from /global/cfs/cdirs/desi/users/jqzou/dla_finder/prediction/model/train_lowsnr/train_lowsnr/current_99999.ckpt
2024-01-18 17:11:36.512966: I tensorflow/compiler/jit/xla_gpu_device.cc:99] Not creating XLA devices, tf_xla_enable_xla_devices not set
INFO:tensorflow:Restoring parameters from /global/cfs/cdirs/desi/users/jqzou/dla_finder/prediction/model/train_midsnr/train_midsnr/current_99999.ckpt
2024-01-18 17:11:36.607765: I tensorflow/compiler/jit/xla_gpu_device.cc:99] Not creating XLA devices, tf_xla_enable_xla_devices not set
2024-01-18 17:11:36.633682: I tensorflow/compiler/jit/xla_gpu_device.cc:99] Not creating XLA devices, tf_xla_enable_xla_devices not set
2024-01-18 17:11:36.671037: I tensorflow/compiler/jit/xla_gpu_device.cc:99] Not creating XLA devices, tf_xla_enable_xla_devices not set
INFO:tensorflow:Restoring parameters from /global/cfs/cdirs/desi/users/jqzou/dla_finder/prediction/model/train_midsnr/train_midsnr/current_99999.ckpt
INFO:tensorflow:Restoring parameters from /global/cfs/cdirs/desi/users/jqzou/dla_finder/prediction/model/train_lowsnr/train_lowsnr/current_99999.ckpt
INFO:tensorflow:Restoring parameters from /global/cfs/cdirs/desi/users/jqzou/dla_finder/prediction/model/train_midsnr/train_midsnr/current_99999.ckpt
2024-01-18 17:11:36.875397: I tensorflow/compiler/jit/xla_gpu_device.cc:99] Not creating XLA devices, tf_xla_enable_xla_devices not set
2024-01-18 17:11:36.890294: I tensorflow/compiler/jit/xla_gpu_device.cc:99] Not creating XLA devices, tf_xla_enable_xla_devices not set
INFO:tensorflow:Restoring parameters from /global/cfs/cdirs/desi/users/jqzou/dla_finder/prediction/model/train_lowsnr/train_lowsnr/current_99999.ckpt
INFO:tensorflow:Restoring parameters from /global/cfs/cdirs/desi/users/jqzou/dla_finder/prediction/model/train_lowsnr/train_lowsnr/current_99999.ckpt
2024-01-18 17:11:37.053711: I tensorflow/compiler/jit/xla_gpu_device.cc:99] Not creating XLA devices, tf_xla_enable_xla_devices not set
INFO:tensorflow:Restoring parameters from /global/cfs/cdirs/desi/users/jqzou/dla_finder/prediction/model/train_lowsnr/train_lowsnr/current_99999.ckpt
2024-01-18 17:11:37.125997: I tensorflow/compiler/jit/xla_gpu_device.cc:99] Not creating XLA devices, tf_xla_enable_xla_devices not set
2024-01-18 17:11:37.147597: I tensorflow/compiler/jit/xla_gpu_device.cc:99] Not creating XLA devices, tf_xla_enable_xla_devices not set
INFO:tensorflow:Restoring parameters from /global/cfs/cdirs/desi/users/jqzou/dla_finder/prediction/model/train_lowsnr/train_lowsnr/current_99999.ckpt
2024-01-18 17:11:37.217308: I tensorflow/compiler/jit/xla_gpu_device.cc:99] Not creating XLA devices, tf_xla_enable_xla_devices not set
INFO:tensorflow:Restoring parameters from /global/cfs/cdirs/desi/users/jqzou/dla_finder/prediction/model/train_lowsnr/train_lowsnr/current_99999.ckpt
INFO:tensorflow:Restoring parameters from /global/cfs/cdirs/desi/users/jqzou/dla_finder/prediction/model/train_lowsnr/train_lowsnr/current_99999.ckpt
2024-01-18 17:11:37.800705: I tensorflow/compiler/jit/xla_gpu_device.cc:99] Not creating XLA devices, tf_xla_enable_xla_devices not set
2024-01-18 17:11:37.899030: I tensorflow/compiler/jit/xla_gpu_device.cc:99] Not creating XLA devices, tf_xla_enable_xla_devices not set
2024-01-18 17:11:37.923281: I tensorflow/compiler/jit/xla_gpu_device.cc:99] Not creating XLA devices, tf_xla_enable_xla_devices not set
INFO:tensorflow:Restoring parameters from /global/cfs/cdirs/desi/users/jqzou/dla_finder/prediction/model/train_midsnr/train_midsnr/current_99999.ckpt
INFO:tensorflow:Restoring parameters from /global/cfs/cdirs/desi/users/jqzou/dla_finder/prediction/model/train_lowsnr/train_lowsnr/current_99999.ckpt
2024-01-18 17:11:38.033289: I tensorflow/compiler/jit/xla_gpu_device.cc:99] Not creating XLA devices, tf_xla_enable_xla_devices not set
INFO:tensorflow:Restoring parameters from /global/cfs/cdirs/desi/users/jqzou/dla_finder/prediction/model/train_lowsnr/train_lowsnr/current_99999.ckpt
INFO:tensorflow:Restoring parameters from /global/cfs/cdirs/desi/users/jqzou/dla_finder/prediction/model/train_midsnr/train_midsnr/current_99999.ckpt
2024-01-18 17:11:38.381415: I tensorflow/compiler/jit/xla_gpu_device.cc:99] Not creating XLA devices, tf_xla_enable_xla_devices not set
INFO:tensorflow:Restoring parameters from /global/cfs/cdirs/desi/users/jqzou/dla_finder/prediction/model/train_lowsnr/train_lowsnr/current_99999.ckpt
2024-01-18 17:11:38.707724: I tensorflow/compiler/jit/xla_gpu_device.cc:99] Not creating XLA devices, tf_xla_enable_xla_devices not set
INFO:tensorflow:Restoring parameters from /global/cfs/cdirs/desi/users/jqzou/dla_finder/prediction/model/train_lowsnr/train_lowsnr/current_99999.ckpt
2024-01-18 17:11:38.795483: I tensorflow/compiler/jit/xla_gpu_device.cc:99] Not creating XLA devices, tf_xla_enable_xla_devices not set
2024-01-18 17:11:38.908312: I tensorflow/compiler/jit/xla_gpu_device.cc:99] Not creating XLA devices, tf_xla_enable_xla_devices not set
INFO:tensorflow:Restoring parameters from /global/cfs/cdirs/desi/users/jqzou/dla_finder/prediction/model/train_lowsnr/train_lowsnr/current_99999.ckpt
INFO:tensorflow:Restoring parameters from /global/cfs/cdirs/desi/users/jqzou/dla_finder/prediction/model/train_lowsnr/train_lowsnr/current_99999.ckpt
2024-01-18 17:11:39.170399: I tensorflow/compiler/jit/xla_gpu_device.cc:99] Not creating XLA devices, tf_xla_enable_xla_devices not set
2024-01-18 17:11:39.247363: I tensorflow/compiler/jit/xla_gpu_device.cc:99] Not creating XLA devices, tf_xla_enable_xla_devices not set
INFO:tensorflow:Restoring parameters from /global/cfs/cdirs/desi/users/jqzou/dla_finder/prediction/model/train_lowsnr/train_lowsnr/current_99999.ckpt
INFO:tensorflow:Restoring parameters from /global/cfs/cdirs/desi/users/jqzou/dla_finder/prediction/model/train_midsnr/train_midsnr/current_99999.ckpt
2024-01-18 17:11:39.345046: I tensorflow/compiler/jit/xla_gpu_device.cc:99] Not creating XLA devices, tf_xla_enable_xla_devices not set
2024-01-18 17:11:39.376060: I tensorflow/compiler/jit/xla_gpu_device.cc:99] Not creating XLA devices, tf_xla_enable_xla_devices not set
2024-01-18 17:11:39.395748: I tensorflow/compiler/jit/xla_gpu_device.cc:99] Not creating XLA devices, tf_xla_enable_xla_devices not set
INFO:tensorflow:Restoring parameters from /global/cfs/cdirs/desi/users/jqzou/dla_finder/prediction/model/train_lowsnr/train_lowsnr/current_99999.ckpt
INFO:tensorflow:Restoring parameters from /global/cfs/cdirs/desi/users/jqzou/dla_finder/prediction/model/train_lowsnr/train_lowsnr/current_99999.ckpt
INFO:tensorflow:Restoring parameters from /global/cfs/cdirs/desi/users/jqzou/dla_finder/prediction/model/train_lowsnr/train_lowsnr/current_99999.ckpt
2024-01-18 17:11:39.702179: I tensorflow/compiler/jit/xla_gpu_device.cc:99] Not creating XLA devices, tf_xla_enable_xla_devices not set
2024-01-18 17:11:39.757747: I tensorflow/compiler/jit/xla_gpu_device.cc:99] Not creating XLA devices, tf_xla_enable_xla_devices not set
INFO:tensorflow:Restoring parameters from /global/cfs/cdirs/desi/users/jqzou/dla_finder/prediction/model/train_lowsnr/train_lowsnr/current_99999.ckpt
INFO:tensorflow:Restoring parameters from /global/cfs/cdirs/desi/users/jqzou/dla_finder/prediction/model/train_lowsnr/train_lowsnr/current_99999.ckpt
2024-01-18 17:11:39.889303: I tensorflow/compiler/jit/xla_gpu_device.cc:99] Not creating XLA devices, tf_xla_enable_xla_devices not set
2024-01-18 17:11:39.953225: I tensorflow/compiler/jit/xla_gpu_device.cc:99] Not creating XLA devices, tf_xla_enable_xla_devices not set
INFO:tensorflow:Restoring parameters from /global/cfs/cdirs/desi/users/jqzou/dla_finder/prediction/model/train_midsnr/train_midsnr/current_99999.ckpt
INFO:tensorflow:Restoring parameters from /global/cfs/cdirs/desi/users/jqzou/dla_finder/prediction/model/train_midsnr/train_midsnr/current_99999.ckpt
2024-01-18 17:11:40.047992: I tensorflow/compiler/jit/xla_gpu_device.cc:99] Not creating XLA devices, tf_xla_enable_xla_devices not set
INFO:tensorflow:Restoring parameters from /global/cfs/cdirs/desi/users/jqzou/dla_finder/prediction/model/train_lowsnr/train_lowsnr/current_99999.ckpt
2024-01-18 17:11:40.394895: I tensorflow/compiler/jit/xla_gpu_device.cc:99] Not creating XLA devices, tf_xla_enable_xla_devices not set
INFO:tensorflow:Restoring parameters from /global/cfs/cdirs/desi/users/jqzou/dla_finder/prediction/model/train_lowsnr/train_lowsnr/current_99999.ckpt
2024-01-18 17:11:40.478871: I tensorflow/compiler/jit/xla_gpu_device.cc:99] Not creating XLA devices, tf_xla_enable_xla_devices not set
2024-01-18 17:11:40.511696: I tensorflow/compiler/jit/xla_gpu_device.cc:99] Not creating XLA devices, tf_xla_enable_xla_devices not set
2024-01-18 17:11:40.521292: I tensorflow/compiler/jit/xla_gpu_device.cc:99] Not creating XLA devices, tf_xla_enable_xla_devices not set
INFO:tensorflow:Restoring parameters from /global/cfs/cdirs/desi/users/jqzou/dla_finder/prediction/model/train_lowsnr/train_lowsnr/current_99999.ckpt
INFO:tensorflow:Restoring parameters from /global/cfs/cdirs/desi/users/jqzou/dla_finder/prediction/model/train_lowsnr/train_lowsnr/current_99999.ckpt
INFO:tensorflow:Restoring parameters from /global/cfs/cdirs/desi/users/jqzou/dla_finder/prediction/model/train_lowsnr/train_lowsnr/current_99999.ckpt
2024-01-18 17:11:40.647659: I tensorflow/compiler/jit/xla_gpu_device.cc:99] Not creating XLA devices, tf_xla_enable_xla_devices not set
INFO:tensorflow:Restoring parameters from /global/cfs/cdirs/desi/users/jqzou/dla_finder/prediction/model/train_midsnr/train_midsnr/current_99999.ckpt
2024-01-18 17:11:40.771771: I tensorflow/compiler/jit/xla_gpu_device.cc:99] Not creating XLA devices, tf_xla_enable_xla_devices not set
INFO:tensorflow:Restoring parameters from /global/cfs/cdirs/desi/users/jqzou/dla_finder/prediction/model/train_midsnr/train_midsnr/current_99999.ckpt
2024-01-18 17:11:40.861421: I tensorflow/compiler/jit/xla_gpu_device.cc:99] Not creating XLA devices, tf_xla_enable_xla_devices not set
INFO:tensorflow:Restoring parameters from /global/cfs/cdirs/desi/users/jqzou/dla_finder/prediction/model/train_lowsnr/train_lowsnr/current_99999.ckpt
2024-01-18 17:11:41.112762: I tensorflow/compiler/jit/xla_gpu_device.cc:99] Not creating XLA devices, tf_xla_enable_xla_devices not set
INFO:tensorflow:Restoring parameters from /global/cfs/cdirs/desi/users/jqzou/dla_finder/prediction/model/train_lowsnr/train_lowsnr/current_99999.ckpt
2024-01-18 17:11:41.380415: I tensorflow/compiler/jit/xla_gpu_device.cc:99] Not creating XLA devices, tf_xla_enable_xla_devices not set
2024-01-18 17:11:41.444761: I tensorflow/compiler/jit/xla_gpu_device.cc:99] Not creating XLA devices, tf_xla_enable_xla_devices not set
INFO:tensorflow:Restoring parameters from /global/cfs/cdirs/desi/users/jqzou/dla_finder/prediction/model/train_lowsnr/train_lowsnr/current_99999.ckpt
2024-01-18 17:11:41.522387: I tensorflow/compiler/jit/xla_gpu_device.cc:99] Not creating XLA devices, tf_xla_enable_xla_devices not set
INFO:tensorflow:Restoring parameters from /global/cfs/cdirs/desi/users/jqzou/dla_finder/prediction/model/train_lowsnr/train_lowsnr/current_99999.ckpt
INFO:tensorflow:Restoring parameters from /global/cfs/cdirs/desi/users/jqzou/dla_finder/prediction/model/train_midsnr/train_midsnr/current_99999.ckpt
2024-01-18 17:11:41.689463: I tensorflow/compiler/jit/xla_gpu_device.cc:99] Not creating XLA devices, tf_xla_enable_xla_devices not set
INFO:tensorflow:Restoring parameters from /global/cfs/cdirs/desi/users/jqzou/dla_finder/prediction/model/train_lowsnr/train_lowsnr/current_99999.ckpt
2024-01-18 17:11:41.884819: I tensorflow/compiler/jit/xla_gpu_device.cc:99] Not creating XLA devices, tf_xla_enable_xla_devices not set
INFO:tensorflow:Restoring parameters from /global/cfs/cdirs/desi/users/jqzou/dla_finder/prediction/model/train_lowsnr/train_lowsnr/current_99999.ckpt
2024-01-18 17:11:42.273153: I tensorflow/compiler/jit/xla_gpu_device.cc:99] Not creating XLA devices, tf_xla_enable_xla_devices not set
INFO:tensorflow:Restoring parameters from /global/cfs/cdirs/desi/users/jqzou/dla_finder/prediction/model/train_midsnr/train_midsnr/current_99999.ckpt
2024-01-18 17:11:42.421738: I tensorflow/compiler/jit/xla_gpu_device.cc:99] Not creating XLA devices, tf_xla_enable_xla_devices not set
INFO:tensorflow:Restoring parameters from /global/cfs/cdirs/desi/users/jqzou/dla_finder/prediction/model/train_lowsnr/train_lowsnr/current_99999.ckpt
2024-01-18 17:11:42.528188: I tensorflow/compiler/jit/xla_gpu_device.cc:99] Not creating XLA devices, tf_xla_enable_xla_devices not set
2024-01-18 17:11:42.530686: I tensorflow/compiler/jit/xla_gpu_device.cc:99] Not creating XLA devices, tf_xla_enable_xla_devices not set
INFO:tensorflow:Restoring parameters from /global/cfs/cdirs/desi/users/jqzou/dla_finder/prediction/model/train_midsnr/train_midsnr/current_99999.ckpt
2024-01-18 17:11:42.598915: I tensorflow/compiler/jit/xla_gpu_device.cc:99] Not creating XLA devices, tf_xla_enable_xla_devices not set
INFO:tensorflow:Restoring parameters from /global/cfs/cdirs/desi/users/jqzou/dla_finder/prediction/model/train_midsnr/train_midsnr/current_99999.ckpt
INFO:tensorflow:Restoring parameters from /global/cfs/cdirs/desi/users/jqzou/dla_finder/prediction/model/train_midsnr/train_midsnr/current_99999.ckpt
2024-01-18 17:11:42.749185: I tensorflow/compiler/jit/xla_gpu_device.cc:99] Not creating XLA devices, tf_xla_enable_xla_devices not set
2024-01-18 17:11:42.799126: I tensorflow/compiler/jit/xla_gpu_device.cc:99] Not creating XLA devices, tf_xla_enable_xla_devices not set
2024-01-18 17:11:42.814189: I tensorflow/compiler/jit/xla_gpu_device.cc:99] Not creating XLA devices, tf_xla_enable_xla_devices not set
INFO:tensorflow:Restoring parameters from /global/cfs/cdirs/desi/users/jqzou/dla_finder/prediction/model/train_lowsnr/train_lowsnr/current_99999.ckpt
 17%|████████████████████▌                                                                                                   | 152/888 [00:19<00:00, 1414.82it/s]INFO:tensorflow:Restoring parameters from /global/cfs/cdirs/desi/users/jqzou/dla_finder/prediction/model/train_midsnr/train_midsnr/current_99999.ckpt
INFO:tensorflow:Restoring parameters from /global/cfs/cdirs/desi/users/jqzou/dla_finder/prediction/model/train_lowsnr/train_lowsnr/current_99999.ckpt
2024-01-18 17:11:42.898311: I tensorflow/compiler/jit/xla_gpu_device.cc:99] Not creating XLA devices, tf_xla_enable_xla_devices not set
2024-01-18 17:11:42.946374: I tensorflow/compiler/jit/xla_gpu_device.cc:99] Not creating XLA devices, tf_xla_enable_xla_devices not set
INFO:tensorflow:Restoring parameters from /global/cfs/cdirs/desi/users/jqzou/dla_finder/prediction/model/train_lowsnr/train_lowsnr/current_99999.ckpt
2024-01-18 17:11:43.033810: I tensorflow/compiler/jit/xla_gpu_device.cc:99] Not creating XLA devices, tf_xla_enable_xla_devices not set
2024-01-18 17:11:43.041890: I tensorflow/compiler/jit/xla_gpu_device.cc:99] Not creating XLA devices, tf_xla_enable_xla_devices not set
INFO:tensorflow:Restoring parameters from /global/cfs/cdirs/desi/users/jqzou/dla_finder/prediction/model/train_lowsnr/train_lowsnr/current_99999.ckpt
2024-01-18 17:11:43.084483: I tensorflow/compiler/jit/xla_gpu_device.cc:99] Not creating XLA devices, tf_xla_enable_xla_devices not set
2024-01-18 17:11:43.099922: I tensorflow/compiler/jit/xla_gpu_device.cc:99] Not creating XLA devices, tf_xla_enable_xla_devices not set
INFO:tensorflow:Restoring parameters from /global/cfs/cdirs/desi/users/jqzou/dla_finder/prediction/model/train_lowsnr/train_lowsnr/current_99999.ckpt
INFO:tensorflow:Restoring parameters from /global/cfs/cdirs/desi/users/jqzou/dla_finder/prediction/model/train_lowsnr/train_lowsnr/current_99999.ckpt
2024-01-18 17:11:43.107072: I tensorflow/compiler/jit/xla_gpu_device.cc:99] Not creating XLA devices, tf_xla_enable_xla_devices not set
INFO:tensorflow:Restoring parameters from /global/cfs/cdirs/desi/users/jqzou/dla_finder/prediction/model/train_lowsnr/train_lowsnr/current_99999.ckpt
INFO:tensorflow:Restoring parameters from /global/cfs/cdirs/desi/users/jqzou/dla_finder/prediction/model/train_midsnr/train_midsnr/current_99999.ckpt
INFO:tensorflow:Restoring parameters from /global/cfs/cdirs/desi/users/jqzou/dla_finder/prediction/model/train_lowsnr/train_lowsnr/current_99999.ckpt
2024-01-18 17:11:43.744256: I tensorflow/compiler/jit/xla_gpu_device.cc:99] Not creating XLA devices, tf_xla_enable_xla_devices not set
2024-01-18 17:11:43.750537: I tensorflow/compiler/jit/xla_gpu_device.cc:99] Not creating XLA devices, tf_xla_enable_xla_devices not set
INFO:tensorflow:Restoring parameters from /global/cfs/cdirs/desi/users/jqzou/dla_finder/prediction/model/train_midsnr/train_midsnr/current_99999.ckpt
INFO:tensorflow:Restoring parameters from /global/cfs/cdirs/desi/users/jqzou/dla_finder/prediction/model/train_lowsnr/train_lowsnr/current_99999.ckpt
2024-01-18 17:11:44.057612: I tensorflow/compiler/jit/xla_gpu_device.cc:99] Not creating XLA devices, tf_xla_enable_xla_devices not set
INFO:tensorflow:Restoring parameters from /global/cfs/cdirs/desi/users/jqzou/dla_finder/prediction/model/train_midsnr/train_midsnr/current_99999.ckpt
2024-01-18 17:11:44.221618: I tensorflow/compiler/jit/xla_gpu_device.cc:99] Not creating XLA devices, tf_xla_enable_xla_devices not set
INFO:tensorflow:Restoring parameters from /global/cfs/cdirs/desi/users/jqzou/dla_finder/prediction/model/train_midsnr/train_midsnr/current_99999.ckpt
2024-01-18 17:11:44.434796: I tensorflow/compiler/jit/xla_gpu_device.cc:99] Not creating XLA devices, tf_xla_enable_xla_devices not set
INFO:tensorflow:Restoring parameters from /global/cfs/cdirs/desi/users/jqzou/dla_finder/prediction/model/train_midsnr/train_midsnr/current_99999.ckpt
2024-01-18 17:11:44.557599: I tensorflow/compiler/jit/xla_gpu_device.cc:99] Not creating XLA devices, tf_xla_enable_xla_devices not set
2024-01-18 17:11:44.591390: I tensorflow/compiler/jit/xla_gpu_device.cc:99] Not creating XLA devices, tf_xla_enable_xla_devices not set
INFO:tensorflow:Restoring parameters from /global/cfs/cdirs/desi/users/jqzou/dla_finder/prediction/model/train_lowsnr/train_lowsnr/current_99999.ckpt
INFO:tensorflow:Restoring parameters from /global/cfs/cdirs/desi/users/jqzou/dla_finder/prediction/model/train_lowsnr/train_lowsnr/current_99999.ckpt
2024-01-18 17:11:44.810588: I tensorflow/compiler/jit/xla_gpu_device.cc:99] Not creating XLA devices, tf_xla_enable_xla_devices not set
INFO:tensorflow:Restoring parameters from /global/cfs/cdirs/desi/users/jqzou/dla_finder/prediction/model/train_lowsnr/train_lowsnr/current_99999.ckpt
 28%|██████████████████████████████████                                                                                        | 248/888 [00:22<01:10,  9.07it/s]2024-01-18 17:11:45.211588: I tensorflow/compiler/jit/xla_gpu_device.cc:99] Not creating XLA devices, tf_xla_enable_xla_devices not set
INFO:tensorflow:Restoring parameters from /global/cfs/cdirs/desi/users/jqzou/dla_finder/prediction/model/train_midsnr/train_midsnr/current_99999.ckpt
2024-01-18 17:11:45.306935: I tensorflow/compiler/jit/xla_gpu_device.cc:99] Not creating XLA devices, tf_xla_enable_xla_devices not set
2024-01-18 17:11:45.306991: I tensorflow/compiler/jit/xla_gpu_device.cc:99] Not creating XLA devices, tf_xla_enable_xla_devices not set
2024-01-18 17:11:45.323345: I tensorflow/compiler/jit/xla_gpu_device.cc:99] Not creating XLA devices, tf_xla_enable_xla_devices not set
INFO:tensorflow:Restoring parameters from /global/cfs/cdirs/desi/users/jqzou/dla_finder/prediction/model/train_midsnr/train_midsnr/current_99999.ckpt
INFO:tensorflow:Restoring parameters from /global/cfs/cdirs/desi/users/jqzou/dla_finder/prediction/model/train_lowsnr/train_lowsnr/current_99999.ckpt
2024-01-18 17:11:45.398670: I tensorflow/compiler/jit/xla_gpu_device.cc:99] Not creating XLA devices, tf_xla_enable_xla_devices not set
INFO:tensorflow:Restoring parameters from /global/cfs/cdirs/desi/users/jqzou/dla_finder/prediction/model/train_lowsnr/train_lowsnr/current_99999.ckpt
2024-01-18 17:11:45.448465: I tensorflow/compiler/jit/xla_gpu_device.cc:99] Not creating XLA devices, tf_xla_enable_xla_devices not set
INFO:tensorflow:Restoring parameters from /global/cfs/cdirs/desi/users/jqzou/dla_finder/prediction/model/train_lowsnr/train_lowsnr/current_99999.ckpt
INFO:tensorflow:Restoring parameters from /global/cfs/cdirs/desi/users/jqzou/dla_finder/prediction/model/train_lowsnr/train_lowsnr/current_99999.ckpt
2024-01-18 17:11:45.794200: I tensorflow/compiler/jit/xla_gpu_device.cc:99] Not creating XLA devices, tf_xla_enable_xla_devices not set
INFO:tensorflow:Restoring parameters from /global/cfs/cdirs/desi/users/jqzou/dla_finder/prediction/model/train_midsnr/train_midsnr/current_99999.ckpt
2024-01-18 17:11:45.884364: I tensorflow/compiler/jit/xla_gpu_device.cc:99] Not creating XLA devices, tf_xla_enable_xla_devices not set
2024-01-18 17:11:45.951338: I tensorflow/compiler/jit/xla_gpu_device.cc:99] Not creating XLA devices, tf_xla_enable_xla_devices not set
2024-01-18 17:11:45.965110: I tensorflow/compiler/jit/xla_gpu_device.cc:99] Not creating XLA devices, tf_xla_enable_xla_devices not set
INFO:tensorflow:Restoring parameters from /global/cfs/cdirs/desi/users/jqzou/dla_finder/prediction/model/train_lowsnr/train_lowsnr/current_99999.ckpt
INFO:tensorflow:Restoring parameters from /global/cfs/cdirs/desi/users/jqzou/dla_finder/prediction/model/train_lowsnr/train_lowsnr/current_99999.ckpt
INFO:tensorflow:Restoring parameters from /global/cfs/cdirs/desi/users/jqzou/dla_finder/prediction/model/train_lowsnr/train_lowsnr/current_99999.ckpt
2024-01-18 17:11:46.056535: I tensorflow/compiler/jit/xla_gpu_device.cc:99] Not creating XLA devices, tf_xla_enable_xla_devices not set
INFO:tensorflow:Restoring parameters from /global/cfs/cdirs/desi/users/jqzou/dla_finder/prediction/model/train_lowsnr/train_lowsnr/current_99999.ckpt
2024-01-18 17:11:46.357838: I tensorflow/compiler/jit/xla_gpu_device.cc:99] Not creating XLA devices, tf_xla_enable_xla_devices not set
INFO:tensorflow:Restoring parameters from /global/cfs/cdirs/desi/users/jqzou/dla_finder/prediction/model/train_midsnr/train_midsnr/current_99999.ckpt
2024-01-18 17:11:46.466734: I tensorflow/compiler/jit/xla_gpu_device.cc:99] Not creating XLA devices, tf_xla_enable_xla_devices not set
INFO:tensorflow:Restoring parameters from /global/cfs/cdirs/desi/users/jqzou/dla_finder/prediction/model/train_lowsnr/train_lowsnr/current_99999.ckpt
2024-01-18 17:11:46.544619: I tensorflow/compiler/jit/xla_gpu_device.cc:99] Not creating XLA devices, tf_xla_enable_xla_devices not set
INFO:tensorflow:Restoring parameters from /global/cfs/cdirs/desi/users/jqzou/dla_finder/prediction/model/train_midsnr/train_midsnr/current_99999.ckpt
2024-01-18 17:11:47.023722: I tensorflow/compiler/jit/xla_gpu_device.cc:99] Not creating XLA devices, tf_xla_enable_xla_devices not set
INFO:tensorflow:Restoring parameters from /global/cfs/cdirs/desi/users/jqzou/dla_finder/prediction/model/train_lowsnr/train_lowsnr/current_99999.ckpt
 29%|███████████████████████████████████▏                                                                                      | 256/888 [00:24<01:14,  8.52it/s]2024-01-18 17:11:47.159979: I tensorflow/compiler/jit/xla_gpu_device.cc:99] Not creating XLA devices, tf_xla_enable_xla_devices not set
2024-01-18 17:11:47.190160: I tensorflow/compiler/jit/xla_gpu_device.cc:99] Not creating XLA devices, tf_xla_enable_xla_devices not set
INFO:tensorflow:Restoring parameters from /global/cfs/cdirs/desi/users/jqzou/dla_finder/prediction/model/train_lowsnr/train_lowsnr/current_99999.ckpt
2024-01-18 17:11:47.229561: I tensorflow/compiler/jit/xla_gpu_device.cc:99] Not creating XLA devices, tf_xla_enable_xla_devices not set
INFO:tensorflow:Restoring parameters from /global/cfs/cdirs/desi/users/jqzou/dla_finder/prediction/model/train_lowsnr/train_lowsnr/current_99999.ckpt
2024-01-18 17:11:47.260762: I tensorflow/compiler/jit/xla_gpu_device.cc:99] Not creating XLA devices, tf_xla_enable_xla_devices not set
INFO:tensorflow:Restoring parameters from /global/cfs/cdirs/desi/users/jqzou/dla_finder/prediction/model/train_lowsnr/train_lowsnr/current_99999.ckpt
INFO:tensorflow:Restoring parameters from /global/cfs/cdirs/desi/users/jqzou/dla_finder/prediction/model/train_lowsnr/train_lowsnr/current_99999.ckpt
2024-01-18 17:11:47.348866: I tensorflow/compiler/jit/xla_gpu_device.cc:99] Not creating XLA devices, tf_xla_enable_xla_devices not set
2024-01-18 17:11:47.387981: I tensorflow/compiler/jit/xla_gpu_device.cc:99] Not creating XLA devices, tf_xla_enable_xla_devices not set
INFO:tensorflow:Restoring parameters from /global/cfs/cdirs/desi/users/jqzou/dla_finder/prediction/model/train_midsnr/train_midsnr/current_99999.ckpt
INFO:tensorflow:Restoring parameters from /global/cfs/cdirs/desi/users/jqzou/dla_finder/prediction/model/train_lowsnr/train_lowsnr/current_99999.ckpt
2024-01-18 17:11:47.478719: I tensorflow/compiler/jit/xla_gpu_device.cc:99] Not creating XLA devices, tf_xla_enable_xla_devices not set
2024-01-18 17:11:47.490582: I tensorflow/compiler/jit/xla_gpu_device.cc:99] Not creating XLA devices, tf_xla_enable_xla_devices not set
INFO:tensorflow:Restoring parameters from /global/cfs/cdirs/desi/users/jqzou/dla_finder/prediction/model/train_lowsnr/train_lowsnr/current_99999.ckpt
INFO:tensorflow:Restoring parameters from /global/cfs/cdirs/desi/users/jqzou/dla_finder/prediction/model/train_lowsnr/train_lowsnr/current_99999.ckpt
2024-01-18 17:11:47.656914: I tensorflow/compiler/jit/xla_gpu_device.cc:99] Not creating XLA devices, tf_xla_enable_xla_devices not set
2024-01-18 17:11:47.727106: I tensorflow/compiler/jit/xla_gpu_device.cc:99] Not creating XLA devices, tf_xla_enable_xla_devices not set
INFO:tensorflow:Restoring parameters from /global/cfs/cdirs/desi/users/jqzou/dla_finder/prediction/model/train_lowsnr/train_lowsnr/current_99999.ckpt
INFO:tensorflow:Restoring parameters from /global/cfs/cdirs/desi/users/jqzou/dla_finder/prediction/model/train_lowsnr/train_lowsnr/current_99999.ckpt
2024-01-18 17:11:48.098464: I tensorflow/compiler/jit/xla_gpu_device.cc:99] Not creating XLA devices, tf_xla_enable_xla_devices not set
INFO:tensorflow:Restoring parameters from /global/cfs/cdirs/desi/users/jqzou/dla_finder/prediction/model/train_midsnr/train_midsnr/current_99999.ckpt
2024-01-18 17:11:48.214191: I tensorflow/compiler/jit/xla_gpu_device.cc:99] Not creating XLA devices, tf_xla_enable_xla_devices not set
2024-01-18 17:11:48.264783: I tensorflow/compiler/jit/xla_gpu_device.cc:99] Not creating XLA devices, tf_xla_enable_xla_devices not set
2024-01-18 17:11:48.278451: I tensorflow/compiler/jit/xla_gpu_device.cc:99] Not creating XLA devices, tf_xla_enable_xla_devices not set
INFO:tensorflow:Restoring parameters from /global/cfs/cdirs/desi/users/jqzou/dla_finder/prediction/model/train_midsnr/train_midsnr/current_99999.ckpt
INFO:tensorflow:Restoring parameters from /global/cfs/cdirs/desi/users/jqzou/dla_finder/prediction/model/train_lowsnr/train_lowsnr/current_99999.ckpt
INFO:tensorflow:Restoring parameters from /global/cfs/cdirs/desi/users/jqzou/dla_finder/prediction/model/train_lowsnr/train_lowsnr/current_99999.ckpt
2024-01-18 17:11:48.501105: I tensorflow/compiler/jit/xla_gpu_device.cc:99] Not creating XLA devices, tf_xla_enable_xla_devices not set
2024-01-18 17:11:48.507946: I tensorflow/compiler/jit/xla_gpu_device.cc:99] Not creating XLA devices, tf_xla_enable_xla_devices not set
INFO:tensorflow:Restoring parameters from /global/cfs/cdirs/desi/users/jqzou/dla_finder/prediction/model/train_lowsnr/train_lowsnr/current_99999.ckpt
INFO:tensorflow:Restoring parameters from /global/cfs/cdirs/desi/users/jqzou/dla_finder/prediction/model/train_lowsnr/train_lowsnr/current_99999.ckpt
2024-01-18 17:11:48.785675: I tensorflow/compiler/jit/xla_gpu_device.cc:99] Not creating XLA devices, tf_xla_enable_xla_devices not set
INFO:tensorflow:Restoring parameters from /global/cfs/cdirs/desi/users/jqzou/dla_finder/prediction/model/train_lowsnr/train_lowsnr/current_99999.ckpt
2024-01-18 17:11:48.972624: I tensorflow/compiler/jit/xla_gpu_device.cc:99] Not creating XLA devices, tf_xla_enable_xla_devices not set
2024-01-18 17:11:48.987190: I tensorflow/compiler/jit/xla_gpu_device.cc:99] Not creating XLA devices, tf_xla_enable_xla_devices not set
2024-01-18 17:11:49.032949: I tensorflow/compiler/jit/xla_gpu_device.cc:99] Not creating XLA devices, tf_xla_enable_xla_devices not set
2024-01-18 17:11:49.047582: I tensorflow/compiler/jit/xla_gpu_device.cc:99] Not creating XLA devices, tf_xla_enable_xla_devices not set
INFO:tensorflow:Restoring parameters from /global/cfs/cdirs/desi/users/jqzou/dla_finder/prediction/model/train_lowsnr/train_lowsnr/current_99999.ckpt
INFO:tensorflow:Restoring parameters from /global/cfs/cdirs/desi/users/jqzou/dla_finder/prediction/model/train_lowsnr/train_lowsnr/current_99999.ckpt
INFO:tensorflow:Restoring parameters from /global/cfs/cdirs/desi/users/jqzou/dla_finder/prediction/model/train_lowsnr/train_lowsnr/current_99999.ckpt
INFO:tensorflow:Restoring parameters from /global/cfs/cdirs/desi/users/jqzou/dla_finder/prediction/model/train_lowsnr/train_lowsnr/current_99999.ckpt
2024-01-18 17:11:49.374640: I tensorflow/compiler/jit/xla_gpu_device.cc:99] Not creating XLA devices, tf_xla_enable_xla_devices not set
INFO:tensorflow:Restoring parameters from /global/cfs/cdirs/desi/users/jqzou/dla_finder/prediction/model/train_lowsnr/train_lowsnr/current_99999.ckpt
2024-01-18 17:11:49.783458: I tensorflow/compiler/jit/xla_gpu_device.cc:99] Not creating XLA devices, tf_xla_enable_xla_devices not set
2024-01-18 17:11:49.851177: I tensorflow/compiler/jit/xla_gpu_device.cc:99] Not creating XLA devices, tf_xla_enable_xla_devices not set
INFO:tensorflow:Restoring parameters from /global/cfs/cdirs/desi/users/jqzou/dla_finder/prediction/model/train_lowsnr/train_lowsnr/current_99999.ckpt
INFO:tensorflow:Restoring parameters from /global/cfs/cdirs/desi/users/jqzou/dla_finder/prediction/model/train_lowsnr/train_lowsnr/current_99999.ckpt
2024-01-18 17:11:50.220001: I tensorflow/compiler/jit/xla_gpu_device.cc:99] Not creating XLA devices, tf_xla_enable_xla_devices not set
2024-01-18 17:11:50.277112: I tensorflow/compiler/jit/xla_gpu_device.cc:99] Not creating XLA devices, tf_xla_enable_xla_devices not set
2024-01-18 17:11:50.291110: I tensorflow/compiler/jit/xla_gpu_device.cc:99] Not creating XLA devices, tf_xla_enable_xla_devices not set
INFO:tensorflow:Restoring parameters from /global/cfs/cdirs/desi/users/jqzou/dla_finder/prediction/model/train_lowsnr/train_lowsnr/current_99999.ckpt
INFO:tensorflow:Restoring parameters from /global/cfs/cdirs/desi/users/jqzou/dla_finder/prediction/model/train_midsnr/train_midsnr/current_99999.ckpt
INFO:tensorflow:Restoring parameters from /global/cfs/cdirs/desi/users/jqzou/dla_finder/prediction/model/train_midsnr/train_midsnr/current_99999.ckpt
2024-01-18 17:11:50.424167: I tensorflow/compiler/jit/xla_gpu_device.cc:99] Not creating XLA devices, tf_xla_enable_xla_devices not set
2024-01-18 17:11:50.427226: I tensorflow/compiler/jit/xla_gpu_device.cc:99] Not creating XLA devices, tf_xla_enable_xla_devices not set
2024-01-18 17:11:50.438818: I tensorflow/compiler/jit/xla_gpu_device.cc:99] Not creating XLA devices, tf_xla_enable_xla_devices not set
2024-01-18 17:11:50.482612: I tensorflow/compiler/jit/xla_gpu_device.cc:99] Not creating XLA devices, tf_xla_enable_xla_devices not set
INFO:tensorflow:Restoring parameters from /global/cfs/cdirs/desi/users/jqzou/dla_finder/prediction/model/train_lowsnr/train_lowsnr/current_99999.ckpt
INFO:tensorflow:Restoring parameters from /global/cfs/cdirs/desi/users/jqzou/dla_finder/prediction/model/train_lowsnr/train_lowsnr/current_99999.ckpt
INFO:tensorflow:Restoring parameters from /global/cfs/cdirs/desi/users/jqzou/dla_finder/prediction/model/train_midsnr/train_midsnr/current_99999.ckpt
2024-01-18 17:11:50.516398: I tensorflow/compiler/jit/xla_gpu_device.cc:99] Not creating XLA devices, tf_xla_enable_xla_devices not set
INFO:tensorflow:Restoring parameters from /global/cfs/cdirs/desi/users/jqzou/dla_finder/prediction/model/train_lowsnr/train_lowsnr/current_99999.ckpt
INFO:tensorflow:Restoring parameters from /global/cfs/cdirs/desi/users/jqzou/dla_finder/prediction/model/train_midsnr/train_midsnr/current_99999.ckpt
2024-01-18 17:11:50.705248: I tensorflow/compiler/jit/xla_gpu_device.cc:99] Not creating XLA devices, tf_xla_enable_xla_devices not set
2024-01-18 17:11:50.721170: I tensorflow/compiler/jit/xla_gpu_device.cc:99] Not creating XLA devices, tf_xla_enable_xla_devices not set
INFO:tensorflow:Restoring parameters from /global/cfs/cdirs/desi/users/jqzou/dla_finder/prediction/model/train_lowsnr/train_lowsnr/current_99999.ckpt
INFO:tensorflow:Restoring parameters from /global/cfs/cdirs/desi/users/jqzou/dla_finder/prediction/model/train_midsnr/train_midsnr/current_99999.ckpt
2024-01-18 17:11:51.356569: I tensorflow/compiler/jit/xla_gpu_device.cc:99] Not creating XLA devices, tf_xla_enable_xla_devices not set
2024-01-18 17:11:51.381219: I tensorflow/compiler/jit/xla_gpu_device.cc:99] Not creating XLA devices, tf_xla_enable_xla_devices not set
INFO:tensorflow:Restoring parameters from /global/cfs/cdirs/desi/users/jqzou/dla_finder/prediction/model/train_lowsnr/train_lowsnr/current_99999.ckpt
INFO:tensorflow:Restoring parameters from /global/cfs/cdirs/desi/users/jqzou/dla_finder/prediction/model/train_midsnr/train_midsnr/current_99999.ckpt
 35%|███████████████████████████████████████████▎                                                                              | 315/888 [00:28<00:58,  9.81it/s]2024-01-18 17:11:51.538017: I tensorflow/compiler/jit/xla_gpu_device.cc:99] Not creating XLA devices, tf_xla_enable_xla_devices not set
2024-01-18 17:11:51.550774: I tensorflow/compiler/jit/xla_gpu_device.cc:99] Not creating XLA devices, tf_xla_enable_xla_devices not set
INFO:tensorflow:Restoring parameters from /global/cfs/cdirs/desi/users/jqzou/dla_finder/prediction/model/train_lowsnr/train_lowsnr/current_99999.ckpt
INFO:tensorflow:Restoring parameters from /global/cfs/cdirs/desi/users/jqzou/dla_finder/prediction/model/train_lowsnr/train_lowsnr/current_99999.ckpt
2024-01-18 17:11:51.678407: I tensorflow/compiler/jit/xla_gpu_device.cc:99] Not creating XLA devices, tf_xla_enable_xla_devices not set
2024-01-18 17:11:51.700444: I tensorflow/compiler/jit/xla_gpu_device.cc:99] Not creating XLA devices, tf_xla_enable_xla_devices not set
INFO:tensorflow:Restoring parameters from /global/cfs/cdirs/desi/users/jqzou/dla_finder/prediction/model/train_lowsnr/train_lowsnr/current_99999.ckpt
INFO:tensorflow:Restoring parameters from /global/cfs/cdirs/desi/users/jqzou/dla_finder/prediction/model/train_lowsnr/train_lowsnr/current_99999.ckpt
2024-01-18 17:11:52.059864: I tensorflow/compiler/jit/xla_gpu_device.cc:99] Not creating XLA devices, tf_xla_enable_xla_devices not set
INFO:tensorflow:Restoring parameters from /global/cfs/cdirs/desi/users/jqzou/dla_finder/prediction/model/train_lowsnr/train_lowsnr/current_99999.ckpt
2024-01-18 17:11:52.170683: I tensorflow/compiler/jit/xla_gpu_device.cc:99] Not creating XLA devices, tf_xla_enable_xla_devices not set
INFO:tensorflow:Restoring parameters from /global/cfs/cdirs/desi/users/jqzou/dla_finder/prediction/model/train_lowsnr/train_lowsnr/current_99999.ckpt
2024-01-18 17:11:52.385529: I tensorflow/compiler/jit/xla_gpu_device.cc:99] Not creating XLA devices, tf_xla_enable_xla_devices not set
2024-01-18 17:11:52.456579: I tensorflow/compiler/jit/xla_gpu_device.cc:99] Not creating XLA devices, tf_xla_enable_xla_devices not set
INFO:tensorflow:Restoring parameters from /global/cfs/cdirs/desi/users/jqzou/dla_finder/prediction/model/train_lowsnr/train_lowsnr/current_99999.ckpt
2024-01-18 17:11:52.480233: I tensorflow/compiler/jit/xla_gpu_device.cc:99] Not creating XLA devices, tf_xla_enable_xla_devices not set
INFO:tensorflow:Restoring parameters from /global/cfs/cdirs/desi/users/jqzou/dla_finder/prediction/model/train_lowsnr/train_lowsnr/current_99999.ckpt
INFO:tensorflow:Restoring parameters from /global/cfs/cdirs/desi/users/jqzou/dla_finder/prediction/model/train_lowsnr/train_lowsnr/current_99999.ckpt
2024-01-18 17:11:52.599771: I tensorflow/compiler/jit/xla_gpu_device.cc:99] Not creating XLA devices, tf_xla_enable_xla_devices not set
2024-01-18 17:11:52.609956: I tensorflow/compiler/jit/xla_gpu_device.cc:99] Not creating XLA devices, tf_xla_enable_xla_devices not set
2024-01-18 17:11:52.611962: I tensorflow/compiler/jit/xla_gpu_device.cc:99] Not creating XLA devices, tf_xla_enable_xla_devices not set
INFO:tensorflow:Restoring parameters from /global/cfs/cdirs/desi/users/jqzou/dla_finder/prediction/model/train_lowsnr/train_lowsnr/current_99999.ckpt
INFO:tensorflow:Restoring parameters from /global/cfs/cdirs/desi/users/jqzou/dla_finder/prediction/model/train_lowsnr/train_lowsnr/current_99999.ckpt
2024-01-18 17:11:52.688392: I tensorflow/compiler/jit/xla_gpu_device.cc:99] Not creating XLA devices, tf_xla_enable_xla_devices not set
INFO:tensorflow:Restoring parameters from /global/cfs/cdirs/desi/users/jqzou/dla_finder/prediction/model/train_midsnr/train_midsnr/current_99999.ckpt
INFO:tensorflow:Restoring parameters from /global/cfs/cdirs/desi/users/jqzou/dla_finder/prediction/model/train_lowsnr/train_lowsnr/current_99999.ckpt
2024-01-18 17:11:52.768280: I tensorflow/compiler/jit/xla_gpu_device.cc:99] Not creating XLA devices, tf_xla_enable_xla_devices not set
INFO:tensorflow:Restoring parameters from /global/cfs/cdirs/desi/users/jqzou/dla_finder/prediction/model/train_midsnr/train_midsnr/current_99999.ckpt
2024-01-18 17:11:53.046329: I tensorflow/compiler/jit/xla_gpu_device.cc:99] Not creating XLA devices, tf_xla_enable_xla_devices not set
INFO:tensorflow:Restoring parameters from /global/cfs/cdirs/desi/users/jqzou/dla_finder/prediction/model/train_lowsnr/train_lowsnr/current_99999.ckpt
 39%|███████████████████████████████████████████████▊                                                                          | 348/888 [00:30<00:49, 11.01it/s]2024-01-18 17:11:53.373752: I tensorflow/compiler/jit/xla_gpu_device.cc:99] Not creating XLA devices, tf_xla_enable_xla_devices not set
INFO:tensorflow:Restoring parameters from /global/cfs/cdirs/desi/users/jqzou/dla_finder/prediction/model/train_lowsnr/train_lowsnr/current_99999.ckpt
2024-01-18 17:11:53.499566: I tensorflow/compiler/jit/xla_gpu_device.cc:99] Not creating XLA devices, tf_xla_enable_xla_devices not set
2024-01-18 17:11:53.542508: I tensorflow/compiler/jit/xla_gpu_device.cc:99] Not creating XLA devices, tf_xla_enable_xla_devices not set
INFO:tensorflow:Restoring parameters from /global/cfs/cdirs/desi/users/jqzou/dla_finder/prediction/model/train_lowsnr/train_lowsnr/current_99999.ckpt
2024-01-18 17:11:53.644924: I tensorflow/compiler/jit/xla_gpu_device.cc:99] Not creating XLA devices, tf_xla_enable_xla_devices not set
INFO:tensorflow:Restoring parameters from /global/cfs/cdirs/desi/users/jqzou/dla_finder/prediction/model/train_lowsnr/train_lowsnr/current_99999.ckpt
INFO:tensorflow:Restoring parameters from /global/cfs/cdirs/desi/users/jqzou/dla_finder/prediction/model/train_midsnr/train_midsnr/current_99999.ckpt
2024-01-18 17:11:54.003479: I tensorflow/compiler/jit/xla_gpu_device.cc:99] Not creating XLA devices, tf_xla_enable_xla_devices not set
2024-01-18 17:11:54.040686: I tensorflow/compiler/jit/xla_gpu_device.cc:99] Not creating XLA devices, tf_xla_enable_xla_devices not set
INFO:tensorflow:Restoring parameters from /global/cfs/cdirs/desi/users/jqzou/dla_finder/prediction/model/train_lowsnr/train_lowsnr/current_99999.ckpt
INFO:tensorflow:Restoring parameters from /global/cfs/cdirs/desi/users/jqzou/dla_finder/prediction/model/train_lowsnr/train_lowsnr/current_99999.ckpt
2024-01-18 17:11:54.193848: I tensorflow/compiler/jit/xla_gpu_device.cc:99] Not creating XLA devices, tf_xla_enable_xla_devices not set
INFO:tensorflow:Restoring parameters from /global/cfs/cdirs/desi/users/jqzou/dla_finder/prediction/model/train_midsnr/train_midsnr/current_99999.ckpt
2024-01-18 17:11:54.306376: I tensorflow/compiler/jit/xla_gpu_device.cc:99] Not creating XLA devices, tf_xla_enable_xla_devices not set
2024-01-18 17:11:54.327819: I tensorflow/compiler/jit/xla_gpu_device.cc:99] Not creating XLA devices, tf_xla_enable_xla_devices not set
INFO:tensorflow:Restoring parameters from /global/cfs/cdirs/desi/users/jqzou/dla_finder/prediction/model/train_lowsnr/train_lowsnr/current_99999.ckpt
INFO:tensorflow:Restoring parameters from /global/cfs/cdirs/desi/users/jqzou/dla_finder/prediction/model/train_lowsnr/train_lowsnr/current_99999.ckpt
2024-01-18 17:11:54.559086: I tensorflow/compiler/jit/xla_gpu_device.cc:99] Not creating XLA devices, tf_xla_enable_xla_devices not set
2024-01-18 17:11:54.594085: I tensorflow/compiler/jit/xla_gpu_device.cc:99] Not creating XLA devices, tf_xla_enable_xla_devices not set
INFO:tensorflow:Restoring parameters from /global/cfs/cdirs/desi/users/jqzou/dla_finder/prediction/model/train_midsnr/train_midsnr/current_99999.ckpt
 42%|██████████████████████████████████████████████████▋                                                                       | 369/888 [00:31<00:45, 11.51it/s]INFO:tensorflow:Restoring parameters from /global/cfs/cdirs/desi/users/jqzou/dla_finder/prediction/model/train_lowsnr/train_lowsnr/current_99999.ckpt
2024-01-18 17:11:54.728335: I tensorflow/compiler/jit/xla_gpu_device.cc:99] Not creating XLA devices, tf_xla_enable_xla_devices not set
INFO:tensorflow:Restoring parameters from /global/cfs/cdirs/desi/users/jqzou/dla_finder/prediction/model/train_lowsnr/train_lowsnr/current_99999.ckpt
2024-01-18 17:11:54.859873: I tensorflow/compiler/jit/xla_gpu_device.cc:99] Not creating XLA devices, tf_xla_enable_xla_devices not set
INFO:tensorflow:Restoring parameters from /global/cfs/cdirs/desi/users/jqzou/dla_finder/prediction/model/train_lowsnr/train_lowsnr/current_99999.ckpt
2024-01-18 17:11:55.031143: I tensorflow/compiler/jit/xla_gpu_device.cc:99] Not creating XLA devices, tf_xla_enable_xla_devices not set
 43%|████████████████████████████████████████████████████▌                                                                     | 383/888 [00:32<00:39, 12.75it/s]2024-01-18 17:11:55.061878: I tensorflow/compiler/jit/xla_gpu_device.cc:99] Not creating XLA devices, tf_xla_enable_xla_devices not set
INFO:tensorflow:Restoring parameters from /global/cfs/cdirs/desi/users/jqzou/dla_finder/prediction/model/train_midsnr/train_midsnr/current_99999.ckpt
INFO:tensorflow:Restoring parameters from /global/cfs/cdirs/desi/users/jqzou/dla_finder/prediction/model/train_midsnr/train_midsnr/current_99999.ckpt
2024-01-18 17:11:55.321365: I tensorflow/compiler/jit/xla_gpu_device.cc:99] Not creating XLA devices, tf_xla_enable_xla_devices not set
2024-01-18 17:11:55.377634: I tensorflow/compiler/jit/xla_gpu_device.cc:99] Not creating XLA devices, tf_xla_enable_xla_devices not set
2024-01-18 17:11:55.385723: I tensorflow/compiler/jit/xla_gpu_device.cc:99] Not creating XLA devices, tf_xla_enable_xla_devices not set
INFO:tensorflow:Restoring parameters from /global/cfs/cdirs/desi/users/jqzou/dla_finder/prediction/model/train_midsnr/train_midsnr/current_99999.ckpt
 44%|██████████████████████████████████████████████████████▏                                                                   | 394/888 [00:32<00:35, 13.83it/s]2024-01-18 17:11:55.429610: I tensorflow/compiler/jit/xla_gpu_device.cc:99] Not creating XLA devices, tf_xla_enable_xla_devices not set
INFO:tensorflow:Restoring parameters from /global/cfs/cdirs/desi/users/jqzou/dla_finder/prediction/model/train_lowsnr/train_lowsnr/current_99999.ckpt
INFO:tensorflow:Restoring parameters from /global/cfs/cdirs/desi/users/jqzou/dla_finder/prediction/model/train_lowsnr/train_lowsnr/current_99999.ckpt
INFO:tensorflow:Restoring parameters from /global/cfs/cdirs/desi/users/jqzou/dla_finder/prediction/model/train_lowsnr/train_lowsnr/current_99999.ckpt
2024-01-18 17:11:55.544693: I tensorflow/compiler/jit/xla_gpu_device.cc:99] Not creating XLA devices, tf_xla_enable_xla_devices not set
INFO:tensorflow:Restoring parameters from /global/cfs/cdirs/desi/users/jqzou/dla_finder/prediction/model/train_lowsnr/train_lowsnr/current_99999.ckpt
2024-01-18 17:11:55.650002: I tensorflow/compiler/jit/xla_gpu_device.cc:99] Not creating XLA devices, tf_xla_enable_xla_devices not set
 45%|███████████████████████████████████████████████████████▏                                                                  | 402/888 [00:32<00:33, 14.64it/s]INFO:tensorflow:Restoring parameters from /global/cfs/cdirs/desi/users/jqzou/dla_finder/prediction/model/train_midsnr/train_midsnr/current_99999.ckpt
2024-01-18 17:11:55.748513: I tensorflow/compiler/jit/xla_gpu_device.cc:99] Not creating XLA devices, tf_xla_enable_xla_devices not set
2024-01-18 17:11:55.938112: I tensorflow/compiler/jit/xla_gpu_device.cc:99] Not creating XLA devices, tf_xla_enable_xla_devices not set
INFO:tensorflow:Restoring parameters from /global/cfs/cdirs/desi/users/jqzou/dla_finder/prediction/model/train_lowsnr/train_lowsnr/current_99999.ckpt
INFO:tensorflow:Restoring parameters from /global/cfs/cdirs/desi/users/jqzou/dla_finder/prediction/model/train_lowsnr/train_lowsnr/current_99999.ckpt
2024-01-18 17:11:56.075484: I tensorflow/compiler/jit/xla_gpu_device.cc:99] Not creating XLA devices, tf_xla_enable_xla_devices not set
INFO:tensorflow:Restoring parameters from /global/cfs/cdirs/desi/users/jqzou/dla_finder/prediction/model/train_lowsnr/train_lowsnr/current_99999.ckpt
2024-01-18 17:11:56.145787: I tensorflow/compiler/jit/xla_gpu_device.cc:99] Not creating XLA devices, tf_xla_enable_xla_devices not set
INFO:tensorflow:Restoring parameters from /global/cfs/cdirs/desi/users/jqzou/dla_finder/prediction/model/train_lowsnr/train_lowsnr/current_99999.ckpt
2024-01-18 17:11:56.482068: I tensorflow/compiler/jit/xla_gpu_device.cc:99] Not creating XLA devices, tf_xla_enable_xla_devices not set
INFO:tensorflow:Restoring parameters from /global/cfs/cdirs/desi/users/jqzou/dla_finder/prediction/model/train_lowsnr/train_lowsnr/current_99999.ckpt
2024-01-18 17:11:56.707483: I tensorflow/compiler/jit/xla_gpu_device.cc:99] Not creating XLA devices, tf_xla_enable_xla_devices not set
2024-01-18 17:11:56.767260: I tensorflow/compiler/jit/xla_gpu_device.cc:99] Not creating XLA devices, tf_xla_enable_xla_devices not set
 46%|████████████████████████████████████████████████████████▏                                                                 | 409/888 [00:33<00:38, 12.48it/s]INFO:tensorflow:Restoring parameters from /global/cfs/cdirs/desi/users/jqzou/dla_finder/prediction/model/train_lowsnr/train_lowsnr/current_99999.ckpt
INFO:tensorflow:Restoring parameters from /global/cfs/cdirs/desi/users/jqzou/dla_finder/prediction/model/train_lowsnr/train_lowsnr/current_99999.ckpt
2024-01-18 17:11:56.977610: I tensorflow/compiler/jit/xla_gpu_device.cc:99] Not creating XLA devices, tf_xla_enable_xla_devices not set
2024-01-18 17:11:57.008553: I tensorflow/compiler/jit/xla_gpu_device.cc:99] Not creating XLA devices, tf_xla_enable_xla_devices not set
INFO:tensorflow:Restoring parameters from /global/cfs/cdirs/desi/users/jqzou/dla_finder/prediction/model/train_lowsnr/train_lowsnr/current_99999.ckpt
INFO:tensorflow:Restoring parameters from /global/cfs/cdirs/desi/users/jqzou/dla_finder/prediction/model/train_midsnr/train_midsnr/current_99999.ckpt
2024-01-18 17:11:57.088537: I tensorflow/compiler/jit/xla_gpu_device.cc:99] Not creating XLA devices, tf_xla_enable_xla_devices not set
INFO:tensorflow:Restoring parameters from /global/cfs/cdirs/desi/users/jqzou/dla_finder/prediction/model/train_lowsnr/train_lowsnr/current_99999.ckpt
2024-01-18 17:11:57.326418: I tensorflow/compiler/jit/xla_gpu_device.cc:99] Not creating XLA devices, tf_xla_enable_xla_devices not set
2024-01-18 17:11:57.494400: I tensorflow/compiler/jit/xla_gpu_device.cc:99] Not creating XLA devices, tf_xla_enable_xla_devices not set
INFO:tensorflow:Restoring parameters from /global/cfs/cdirs/desi/users/jqzou/dla_finder/prediction/model/train_lowsnr/train_lowsnr/current_99999.ckpt
INFO:tensorflow:Restoring parameters from /global/cfs/cdirs/desi/users/jqzou/dla_finder/prediction/model/train_lowsnr/train_lowsnr/current_99999.ckpt
2024-01-18 17:11:57.720091: I tensorflow/compiler/jit/xla_gpu_device.cc:99] Not creating XLA devices, tf_xla_enable_xla_devices not set
 48%|██████████████████████████████████████████████████████████▎                                                               | 424/888 [00:34<00:34, 13.39it/s]2024-01-18 17:11:57.734186: I tensorflow/compiler/jit/xla_gpu_device.cc:99] Not creating XLA devices, tf_xla_enable_xla_devices not set
2024-01-18 17:11:57.760437: I tensorflow/compiler/jit/xla_gpu_device.cc:99] Not creating XLA devices, tf_xla_enable_xla_devices not set
INFO:tensorflow:Restoring parameters from /global/cfs/cdirs/desi/users/jqzou/dla_finder/prediction/model/train_lowsnr/train_lowsnr/current_99999.ckpt
INFO:tensorflow:Restoring parameters from /global/cfs/cdirs/desi/users/jqzou/dla_finder/prediction/model/train_lowsnr/train_lowsnr/current_99999.ckpt
INFO:tensorflow:Restoring parameters from /global/cfs/cdirs/desi/users/jqzou/dla_finder/prediction/model/train_lowsnr/train_lowsnr/current_99999.ckpt
 49%|███████████████████████████████████████████████████████████▎                                                              | 432/888 [00:35<00:31, 14.64it/s]2024-01-18 17:11:58.069400: I tensorflow/compiler/jit/xla_gpu_device.cc:99] Not creating XLA devices, tf_xla_enable_xla_devices not set
2024-01-18 17:11:58.081881: I tensorflow/compiler/jit/xla_gpu_device.cc:99] Not creating XLA devices, tf_xla_enable_xla_devices not set
INFO:tensorflow:Restoring parameters from /global/cfs/cdirs/desi/users/jqzou/dla_finder/prediction/model/train_midsnr/train_midsnr/current_99999.ckpt
INFO:tensorflow:Restoring parameters from /global/cfs/cdirs/desi/users/jqzou/dla_finder/prediction/model/train_lowsnr/train_lowsnr/current_99999.ckpt
 50%|████████████████████████████████████████████████████████████▍                                                             | 440/888 [00:35<00:25, 17.43it/s]2024-01-18 17:11:58.295072: I tensorflow/compiler/jit/xla_gpu_device.cc:99] Not creating XLA devices, tf_xla_enable_xla_devices not set
 50%|█████████████████████████████████████████████████████████████▌                                                            | 448/888 [00:35<00:21, 20.42it/s]INFO:tensorflow:Restoring parameters from /global/cfs/cdirs/desi/users/jqzou/dla_finder/prediction/model/train_lowsnr/train_lowsnr/current_99999.ckpt
2024-01-18 17:11:58.408465: I tensorflow/compiler/jit/xla_gpu_device.cc:99] Not creating XLA devices, tf_xla_enable_xla_devices not set
INFO:tensorflow:Restoring parameters from /global/cfs/cdirs/desi/users/jqzou/dla_finder/prediction/model/train_lowsnr/train_lowsnr/current_99999.ckpt
2024-01-18 17:11:58.846154: I tensorflow/compiler/jit/xla_gpu_device.cc:99] Not creating XLA devices, tf_xla_enable_xla_devices not set
2024-01-18 17:11:58.867922: I tensorflow/compiler/jit/xla_gpu_device.cc:99] Not creating XLA devices, tf_xla_enable_xla_devices not set
INFO:tensorflow:Restoring parameters from /global/cfs/cdirs/desi/users/jqzou/dla_finder/prediction/model/train_lowsnr/train_lowsnr/current_99999.ckpt
INFO:tensorflow:Restoring parameters from /global/cfs/cdirs/desi/users/jqzou/dla_finder/prediction/model/train_lowsnr/train_lowsnr/current_99999.ckpt
 51%|██████████████████████████████████████████████████████████████▋                                                           | 456/888 [00:36<00:29, 14.77it/s]2024-01-18 17:11:59.382233: I tensorflow/compiler/jit/xla_gpu_device.cc:99] Not creating XLA devices, tf_xla_enable_xla_devices not set
2024-01-18 17:11:59.395610: I tensorflow/compiler/jit/xla_gpu_device.cc:99] Not creating XLA devices, tf_xla_enable_xla_devices not set
2024-01-18 17:11:59.412099: I tensorflow/compiler/jit/xla_gpu_device.cc:99] Not creating XLA devices, tf_xla_enable_xla_devices not set
INFO:tensorflow:Restoring parameters from /global/cfs/cdirs/desi/users/jqzou/dla_finder/prediction/model/train_lowsnr/train_lowsnr/current_99999.ckpt
INFO:tensorflow:Restoring parameters from /global/cfs/cdirs/desi/users/jqzou/dla_finder/prediction/model/train_lowsnr/train_lowsnr/current_99999.ckpt
INFO:tensorflow:Restoring parameters from /global/cfs/cdirs/desi/users/jqzou/dla_finder/prediction/model/train_lowsnr/train_lowsnr/current_99999.ckpt
 52%|███████████████████████████████████████████████████████████████▋                                                          | 464/888 [00:36<00:23, 17.67it/s]2024-01-18 17:11:59.673201: I tensorflow/compiler/jit/xla_gpu_device.cc:99] Not creating XLA devices, tf_xla_enable_xla_devices not set
INFO:tensorflow:Restoring parameters from /global/cfs/cdirs/desi/users/jqzou/dla_finder/prediction/model/train_midsnr/train_midsnr/current_99999.ckpt
2024-01-18 17:11:59.835716: I tensorflow/compiler/jit/xla_gpu_device.cc:99] Not creating XLA devices, tf_xla_enable_xla_devices not set
INFO:tensorflow:Restoring parameters from /global/cfs/cdirs/desi/users/jqzou/dla_finder/prediction/model/train_midsnr/train_midsnr/current_99999.ckpt
2024-01-18 17:12:00.015999: I tensorflow/compiler/jit/xla_gpu_device.cc:99] Not creating XLA devices, tf_xla_enable_xla_devices not set
INFO:tensorflow:Restoring parameters from /global/cfs/cdirs/desi/users/jqzou/dla_finder/prediction/model/train_lowsnr/train_lowsnr/current_99999.ckpt
2024-01-18 17:12:00.104879: I tensorflow/compiler/jit/xla_gpu_device.cc:99] Not creating XLA devices, tf_xla_enable_xla_devices not set
INFO:tensorflow:Restoring parameters from /global/cfs/cdirs/desi/users/jqzou/dla_finder/prediction/model/train_lowsnr/train_lowsnr/current_99999.ckpt
2024-01-18 17:12:00.184172: I tensorflow/compiler/jit/xla_gpu_device.cc:99] Not creating XLA devices, tf_xla_enable_xla_devices not set
2024-01-18 17:12:00.232892: I tensorflow/compiler/jit/xla_gpu_device.cc:99] Not creating XLA devices, tf_xla_enable_xla_devices not set
INFO:tensorflow:Restoring parameters from /global/cfs/cdirs/desi/users/jqzou/dla_finder/prediction/model/train_lowsnr/train_lowsnr/current_99999.ckpt
2024-01-18 17:12:00.293071: I tensorflow/compiler/jit/xla_gpu_device.cc:99] Not creating XLA devices, tf_xla_enable_xla_devices not set
INFO:tensorflow:Restoring parameters from /global/cfs/cdirs/desi/users/jqzou/dla_finder/prediction/model/train_lowsnr/train_lowsnr/current_99999.ckpt
INFO:tensorflow:Restoring parameters from /global/cfs/cdirs/desi/users/jqzou/dla_finder/prediction/model/train_lowsnr/train_lowsnr/current_99999.ckpt
2024-01-18 17:12:00.409248: I tensorflow/compiler/jit/xla_gpu_device.cc:99] Not creating XLA devices, tf_xla_enable_xla_devices not set
2024-01-18 17:12:00.428197: I tensorflow/compiler/jit/xla_gpu_device.cc:99] Not creating XLA devices, tf_xla_enable_xla_devices not set
2024-01-18 17:12:00.442556: I tensorflow/compiler/jit/xla_gpu_device.cc:99] Not creating XLA devices, tf_xla_enable_xla_devices not set
INFO:tensorflow:Restoring parameters from /global/cfs/cdirs/desi/users/jqzou/dla_finder/prediction/model/train_lowsnr/train_lowsnr/current_99999.ckpt
INFO:tensorflow:Restoring parameters from /global/cfs/cdirs/desi/users/jqzou/dla_finder/prediction/model/train_lowsnr/train_lowsnr/current_99999.ckpt
INFO:tensorflow:Restoring parameters from /global/cfs/cdirs/desi/users/jqzou/dla_finder/prediction/model/train_midsnr/train_midsnr/current_99999.ckpt
2024-01-18 17:12:01.010973: I tensorflow/compiler/jit/xla_gpu_device.cc:99] Not creating XLA devices, tf_xla_enable_xla_devices not set
2024-01-18 17:12:01.081611: I tensorflow/compiler/jit/xla_gpu_device.cc:99] Not creating XLA devices, tf_xla_enable_xla_devices not set
INFO:tensorflow:Restoring parameters from /global/cfs/cdirs/desi/users/jqzou/dla_finder/prediction/model/train_lowsnr/train_lowsnr/current_99999.ckpt
INFO:tensorflow:Restoring parameters from /global/cfs/cdirs/desi/users/jqzou/dla_finder/prediction/model/train_midsnr/train_midsnr/current_99999.ckpt
2024-01-18 17:12:01.352319: I tensorflow/compiler/jit/xla_gpu_device.cc:99] Not creating XLA devices, tf_xla_enable_xla_devices not set
INFO:tensorflow:Restoring parameters from /global/cfs/cdirs/desi/users/jqzou/dla_finder/prediction/model/train_lowsnr/train_lowsnr/current_99999.ckpt
2024-01-18 17:12:01.487993: I tensorflow/compiler/jit/xla_gpu_device.cc:99] Not creating XLA devices, tf_xla_enable_xla_devices not set
2024-01-18 17:12:01.492382: I tensorflow/compiler/jit/xla_gpu_device.cc:99] Not creating XLA devices, tf_xla_enable_xla_devices not set
INFO:tensorflow:Restoring parameters from /global/cfs/cdirs/desi/users/jqzou/dla_finder/prediction/model/train_midsnr/train_midsnr/current_99999.ckpt
INFO:tensorflow:Restoring parameters from /global/cfs/cdirs/desi/users/jqzou/dla_finder/prediction/model/train_lowsnr/train_lowsnr/current_99999.ckpt
2024-01-18 17:12:01.608046: I tensorflow/compiler/jit/xla_gpu_device.cc:99] Not creating XLA devices, tf_xla_enable_xla_devices not set
INFO:tensorflow:Restoring parameters from /global/cfs/cdirs/desi/users/jqzou/dla_finder/prediction/model/train_lowsnr/train_lowsnr/current_99999.ckpt
2024-01-18 17:12:01.705140: I tensorflow/compiler/jit/xla_gpu_device.cc:99] Not creating XLA devices, tf_xla_enable_xla_devices not set
2024-01-18 17:12:01.744445: I tensorflow/compiler/jit/xla_gpu_device.cc:99] Not creating XLA devices, tf_xla_enable_xla_devices not set
INFO:tensorflow:Restoring parameters from /global/cfs/cdirs/desi/users/jqzou/dla_finder/prediction/model/train_lowsnr/train_lowsnr/current_99999.ckpt
2024-01-18 17:12:01.802942: I tensorflow/compiler/jit/xla_gpu_device.cc:99] Not creating XLA devices, tf_xla_enable_xla_devices not set
INFO:tensorflow:Restoring parameters from /global/cfs/cdirs/desi/users/jqzou/dla_finder/prediction/model/train_lowsnr/train_lowsnr/current_99999.ckpt
INFO:tensorflow:Restoring parameters from /global/cfs/cdirs/desi/users/jqzou/dla_finder/prediction/model/train_lowsnr/train_lowsnr/current_99999.ckpt
2024-01-18 17:12:01.960577: I tensorflow/compiler/jit/xla_gpu_device.cc:99] Not creating XLA devices, tf_xla_enable_xla_devices not set
INFO:tensorflow:Restoring parameters from /global/cfs/cdirs/desi/users/jqzou/dla_finder/prediction/model/train_midsnr/train_midsnr/current_99999.ckpt
2024-01-18 17:12:02.036204: I tensorflow/compiler/jit/xla_gpu_device.cc:99] Not creating XLA devices, tf_xla_enable_xla_devices not set
 53%|████████████████████████████████████████████████████████████████▊                                                         | 472/888 [00:39<00:52,  7.89it/s]2024-01-18 17:12:02.084787: I tensorflow/compiler/jit/xla_gpu_device.cc:99] Not creating XLA devices, tf_xla_enable_xla_devices not set
INFO:tensorflow:Restoring parameters from /global/cfs/cdirs/desi/users/jqzou/dla_finder/prediction/model/train_midsnr/train_midsnr/current_99999.ckpt
INFO:tensorflow:Restoring parameters from /global/cfs/cdirs/desi/users/jqzou/dla_finder/prediction/model/train_lowsnr/train_lowsnr/current_99999.ckpt
2024-01-18 17:12:02.235120: I tensorflow/compiler/jit/xla_gpu_device.cc:99] Not creating XLA devices, tf_xla_enable_xla_devices not set
INFO:tensorflow:Restoring parameters from /global/cfs/cdirs/desi/users/jqzou/dla_finder/prediction/model/train_lowsnr/train_lowsnr/current_99999.ckpt
2024-01-18 17:12:02.360827: I tensorflow/compiler/jit/xla_gpu_device.cc:99] Not creating XLA devices, tf_xla_enable_xla_devices not set
INFO:tensorflow:Restoring parameters from /global/cfs/cdirs/desi/users/jqzou/dla_finder/prediction/model/train_lowsnr/train_lowsnr/current_99999.ckpt
2024-01-18 17:12:02.464354: I tensorflow/compiler/jit/xla_gpu_device.cc:99] Not creating XLA devices, tf_xla_enable_xla_devices not set
INFO:tensorflow:Restoring parameters from /global/cfs/cdirs/desi/users/jqzou/dla_finder/prediction/model/train_lowsnr/train_lowsnr/current_99999.ckpt
2024-01-18 17:12:02.586067: I tensorflow/compiler/jit/xla_gpu_device.cc:99] Not creating XLA devices, tf_xla_enable_xla_devices not set
INFO:tensorflow:Restoring parameters from /global/cfs/cdirs/desi/users/jqzou/dla_finder/prediction/model/train_lowsnr/train_lowsnr/current_99999.ckpt
2024-01-18 17:12:02.806768: I tensorflow/compiler/jit/xla_gpu_device.cc:99] Not creating XLA devices, tf_xla_enable_xla_devices not set
INFO:tensorflow:Restoring parameters from /global/cfs/cdirs/desi/users/jqzou/dla_finder/prediction/model/train_lowsnr/train_lowsnr/current_99999.ckpt
2024-01-18 17:12:03.209003: I tensorflow/compiler/jit/xla_gpu_device.cc:99] Not creating XLA devices, tf_xla_enable_xla_devices not set
INFO:tensorflow:Restoring parameters from /global/cfs/cdirs/desi/users/jqzou/dla_finder/prediction/model/train_lowsnr/train_lowsnr/current_99999.ckpt
 54%|█████████████████████████████████████████████████████████████████▉                                                        | 480/888 [00:40<00:57,  7.09it/s]2024-01-18 17:12:03.719780: I tensorflow/compiler/jit/xla_gpu_device.cc:99] Not creating XLA devices, tf_xla_enable_xla_devices not set
2024-01-18 17:12:03.723789: I tensorflow/compiler/jit/xla_gpu_device.cc:99] Not creating XLA devices, tf_xla_enable_xla_devices not set
INFO:tensorflow:Restoring parameters from /global/cfs/cdirs/desi/users/jqzou/dla_finder/prediction/model/train_lowsnr/train_lowsnr/current_99999.ckpt
INFO:tensorflow:Restoring parameters from /global/cfs/cdirs/desi/users/jqzou/dla_finder/prediction/model/train_lowsnr/train_lowsnr/current_99999.ckpt
2024-01-18 17:12:03.801058: I tensorflow/compiler/jit/xla_gpu_device.cc:99] Not creating XLA devices, tf_xla_enable_xla_devices not set
INFO:tensorflow:Restoring parameters from /global/cfs/cdirs/desi/users/jqzou/dla_finder/prediction/model/train_lowsnr/train_lowsnr/current_99999.ckpt
2024-01-18 17:12:03.882578: I tensorflow/compiler/jit/xla_gpu_device.cc:99] Not creating XLA devices, tf_xla_enable_xla_devices not set
INFO:tensorflow:Restoring parameters from /global/cfs/cdirs/desi/users/jqzou/dla_finder/prediction/model/train_lowsnr/train_lowsnr/current_99999.ckpt
2024-01-18 17:12:03.984269: I tensorflow/compiler/jit/xla_gpu_device.cc:99] Not creating XLA devices, tf_xla_enable_xla_devices not set
2024-01-18 17:12:03.993038: I tensorflow/compiler/jit/xla_gpu_device.cc:99] Not creating XLA devices, tf_xla_enable_xla_devices not set
INFO:tensorflow:Restoring parameters from /global/cfs/cdirs/desi/users/jqzou/dla_finder/prediction/model/train_lowsnr/train_lowsnr/current_99999.ckpt
INFO:tensorflow:Restoring parameters from /global/cfs/cdirs/desi/users/jqzou/dla_finder/prediction/model/train_lowsnr/train_lowsnr/current_99999.ckpt
2024-01-18 17:12:04.123044: I tensorflow/compiler/jit/xla_gpu_device.cc:99] Not creating XLA devices, tf_xla_enable_xla_devices not set
INFO:tensorflow:Restoring parameters from /global/cfs/cdirs/desi/users/jqzou/dla_finder/prediction/model/train_lowsnr/train_lowsnr/current_99999.ckpt
2024-01-18 17:12:04.210383: I tensorflow/compiler/jit/xla_gpu_device.cc:99] Not creating XLA devices, tf_xla_enable_xla_devices not set
INFO:tensorflow:Restoring parameters from /global/cfs/cdirs/desi/users/jqzou/dla_finder/prediction/model/train_midsnr/train_midsnr/current_99999.ckpt
2024-01-18 17:12:04.471892: I tensorflow/compiler/jit/xla_gpu_device.cc:99] Not creating XLA devices, tf_xla_enable_xla_devices not set
2024-01-18 17:12:04.508027: I tensorflow/compiler/jit/xla_gpu_device.cc:99] Not creating XLA devices, tf_xla_enable_xla_devices not set
INFO:tensorflow:Restoring parameters from /global/cfs/cdirs/desi/users/jqzou/dla_finder/prediction/model/train_lowsnr/train_lowsnr/current_99999.ckpt
INFO:tensorflow:Restoring parameters from /global/cfs/cdirs/desi/users/jqzou/dla_finder/prediction/model/train_lowsnr/train_lowsnr/current_99999.ckpt
2024-01-18 17:12:04.728034: I tensorflow/compiler/jit/xla_gpu_device.cc:99] Not creating XLA devices, tf_xla_enable_xla_devices not set
2024-01-18 17:12:04.777945: I tensorflow/compiler/jit/xla_gpu_device.cc:99] Not creating XLA devices, tf_xla_enable_xla_devices not set
INFO:tensorflow:Restoring parameters from /global/cfs/cdirs/desi/users/jqzou/dla_finder/prediction/model/train_lowsnr/train_lowsnr/current_99999.ckpt
INFO:tensorflow:Restoring parameters from /global/cfs/cdirs/desi/users/jqzou/dla_finder/prediction/model/train_lowsnr/train_lowsnr/current_99999.ckpt
2024-01-18 17:12:04.945558: I tensorflow/compiler/jit/xla_gpu_device.cc:99] Not creating XLA devices, tf_xla_enable_xla_devices not set
INFO:tensorflow:Restoring parameters from /global/cfs/cdirs/desi/users/jqzou/dla_finder/prediction/model/train_lowsnr/train_lowsnr/current_99999.ckpt
2024-01-18 17:12:05.272495: I tensorflow/compiler/jit/xla_gpu_device.cc:99] Not creating XLA devices, tf_xla_enable_xla_devices not set
2024-01-18 17:12:05.300306: I tensorflow/compiler/jit/xla_gpu_device.cc:99] Not creating XLA devices, tf_xla_enable_xla_devices not set
INFO:tensorflow:Restoring parameters from /global/cfs/cdirs/desi/users/jqzou/dla_finder/prediction/model/train_lowsnr/train_lowsnr/current_99999.ckpt
INFO:tensorflow:Restoring parameters from /global/cfs/cdirs/desi/users/jqzou/dla_finder/prediction/model/train_lowsnr/train_lowsnr/current_99999.ckpt
2024-01-18 17:12:05.684106: I tensorflow/compiler/jit/xla_gpu_device.cc:99] Not creating XLA devices, tf_xla_enable_xla_devices not set
2024-01-18 17:12:05.744771: I tensorflow/compiler/jit/xla_gpu_device.cc:99] Not creating XLA devices, tf_xla_enable_xla_devices not set
INFO:tensorflow:Restoring parameters from /global/cfs/cdirs/desi/users/jqzou/dla_finder/prediction/model/train_lowsnr/train_lowsnr/current_99999.ckpt
2024-01-18 17:12:05.791427: I tensorflow/compiler/jit/xla_gpu_device.cc:99] Not creating XLA devices, tf_xla_enable_xla_devices not set
INFO:tensorflow:Restoring parameters from /global/cfs/cdirs/desi/users/jqzou/dla_finder/prediction/model/train_lowsnr/train_lowsnr/current_99999.ckpt
INFO:tensorflow:Restoring parameters from /global/cfs/cdirs/desi/users/jqzou/dla_finder/prediction/model/train_lowsnr/train_lowsnr/current_99999.ckpt
2024-01-18 17:12:06.071460: I tensorflow/compiler/jit/xla_gpu_device.cc:99] Not creating XLA devices, tf_xla_enable_xla_devices not set
2024-01-18 17:12:06.157022: I tensorflow/compiler/jit/xla_gpu_device.cc:99] Not creating XLA devices, tf_xla_enable_xla_devices not set
INFO:tensorflow:Restoring parameters from /global/cfs/cdirs/desi/users/jqzou/dla_finder/prediction/model/train_midsnr/train_midsnr/current_99999.ckpt
INFO:tensorflow:Restoring parameters from /global/cfs/cdirs/desi/users/jqzou/dla_finder/prediction/model/train_midsnr/train_midsnr/current_99999.ckpt
2024-01-18 17:12:06.232329: I tensorflow/compiler/jit/xla_gpu_device.cc:99] Not creating XLA devices, tf_xla_enable_xla_devices not set
2024-01-18 17:12:06.284487: I tensorflow/compiler/jit/xla_gpu_device.cc:99] Not creating XLA devices, tf_xla_enable_xla_devices not set
INFO:tensorflow:Restoring parameters from /global/cfs/cdirs/desi/users/jqzou/dla_finder/prediction/model/train_lowsnr/train_lowsnr/current_99999.ckpt
INFO:tensorflow:Restoring parameters from /global/cfs/cdirs/desi/users/jqzou/dla_finder/prediction/model/train_lowsnr/train_lowsnr/current_99999.ckpt
2024-01-18 17:12:06.362018: I tensorflow/compiler/jit/xla_gpu_device.cc:99] Not creating XLA devices, tf_xla_enable_xla_devices not set
INFO:tensorflow:Restoring parameters from /global/cfs/cdirs/desi/users/jqzou/dla_finder/prediction/model/train_lowsnr/train_lowsnr/current_99999.ckpt
2024-01-18 17:12:06.520412: I tensorflow/compiler/jit/xla_gpu_device.cc:99] Not creating XLA devices, tf_xla_enable_xla_devices not set
2024-01-18 17:12:06.532829: I tensorflow/compiler/jit/xla_gpu_device.cc:99] Not creating XLA devices, tf_xla_enable_xla_devices not set
2024-01-18 17:12:06.561031: I tensorflow/compiler/jit/xla_gpu_device.cc:99] Not creating XLA devices, tf_xla_enable_xla_devices not set
INFO:tensorflow:Restoring parameters from /global/cfs/cdirs/desi/users/jqzou/dla_finder/prediction/model/train_lowsnr/train_lowsnr/current_99999.ckpt
INFO:tensorflow:Restoring parameters from /global/cfs/cdirs/desi/users/jqzou/dla_finder/prediction/model/train_midsnr/train_midsnr/current_99999.ckpt
2024-01-18 17:12:06.655867: I tensorflow/compiler/jit/xla_gpu_device.cc:99] Not creating XLA devices, tf_xla_enable_xla_devices not set
INFO:tensorflow:Restoring parameters from /global/cfs/cdirs/desi/users/jqzou/dla_finder/prediction/model/train_midsnr/train_midsnr/current_99999.ckpt
INFO:tensorflow:Restoring parameters from /global/cfs/cdirs/desi/users/jqzou/dla_finder/prediction/model/train_lowsnr/train_lowsnr/current_99999.ckpt
2024-01-18 17:12:06.815624: I tensorflow/compiler/jit/xla_gpu_device.cc:99] Not creating XLA devices, tf_xla_enable_xla_devices not set
2024-01-18 17:12:06.859509: I tensorflow/compiler/jit/xla_gpu_device.cc:99] Not creating XLA devices, tf_xla_enable_xla_devices not set
INFO:tensorflow:Restoring parameters from /global/cfs/cdirs/desi/users/jqzou/dla_finder/prediction/model/train_lowsnr/train_lowsnr/current_99999.ckpt
2024-01-18 17:12:06.901760: I tensorflow/compiler/jit/xla_gpu_device.cc:99] Not creating XLA devices, tf_xla_enable_xla_devices not set
INFO:tensorflow:Restoring parameters from /global/cfs/cdirs/desi/users/jqzou/dla_finder/prediction/model/train_lowsnr/train_lowsnr/current_99999.ckpt
INFO:tensorflow:Restoring parameters from /global/cfs/cdirs/desi/users/jqzou/dla_finder/prediction/model/train_lowsnr/train_lowsnr/current_99999.ckpt
2024-01-18 17:12:06.985696: I tensorflow/compiler/jit/xla_gpu_device.cc:99] Not creating XLA devices, tf_xla_enable_xla_devices not set
INFO:tensorflow:Restoring parameters from /global/cfs/cdirs/desi/users/jqzou/dla_finder/prediction/model/train_lowsnr/train_lowsnr/current_99999.ckpt
2024-01-18 17:12:07.259143: I tensorflow/compiler/jit/xla_gpu_device.cc:99] Not creating XLA devices, tf_xla_enable_xla_devices not set
INFO:tensorflow:Restoring parameters from /global/cfs/cdirs/desi/users/jqzou/dla_finder/prediction/model/train_lowsnr/train_lowsnr/current_99999.ckpt
2024-01-18 17:12:07.495510: I tensorflow/compiler/jit/xla_gpu_device.cc:99] Not creating XLA devices, tf_xla_enable_xla_devices not set
INFO:tensorflow:Restoring parameters from /global/cfs/cdirs/desi/users/jqzou/dla_finder/prediction/model/train_midsnr/train_midsnr/current_99999.ckpt
2024-01-18 17:12:07.581976: I tensorflow/compiler/jit/xla_gpu_device.cc:99] Not creating XLA devices, tf_xla_enable_xla_devices not set
INFO:tensorflow:Restoring parameters from /global/cfs/cdirs/desi/users/jqzou/dla_finder/prediction/model/train_lowsnr/train_lowsnr/current_99999.ckpt
2024-01-18 17:12:08.033096: I tensorflow/compiler/jit/xla_gpu_device.cc:99] Not creating XLA devices, tf_xla_enable_xla_devices not set
2024-01-18 17:12:08.057124: I tensorflow/compiler/jit/xla_gpu_device.cc:99] Not creating XLA devices, tf_xla_enable_xla_devices not set
INFO:tensorflow:Restoring parameters from /global/cfs/cdirs/desi/users/jqzou/dla_finder/prediction/model/train_lowsnr/train_lowsnr/current_99999.ckpt
INFO:tensorflow:Restoring parameters from /global/cfs/cdirs/desi/users/jqzou/dla_finder/prediction/model/train_midsnr/train_midsnr/current_99999.ckpt
2024-01-18 17:12:08.198091: I tensorflow/compiler/jit/xla_gpu_device.cc:99] Not creating XLA devices, tf_xla_enable_xla_devices not set
INFO:tensorflow:Restoring parameters from /global/cfs/cdirs/desi/users/jqzou/dla_finder/prediction/model/train_lowsnr/train_lowsnr/current_99999.ckpt
2024-01-18 17:12:08.522086: I tensorflow/compiler/jit/xla_gpu_device.cc:99] Not creating XLA devices, tf_xla_enable_xla_devices not set
INFO:tensorflow:Restoring parameters from /global/cfs/cdirs/desi/users/jqzou/dla_finder/prediction/model/train_lowsnr/train_lowsnr/current_99999.ckpt
2024-01-18 17:12:08.655795: I tensorflow/compiler/jit/xla_gpu_device.cc:99] Not creating XLA devices, tf_xla_enable_xla_devices not set
INFO:tensorflow:Restoring parameters from /global/cfs/cdirs/desi/users/jqzou/dla_finder/prediction/model/train_midsnr/train_midsnr/current_99999.ckpt
2024-01-18 17:12:08.886957: I tensorflow/compiler/jit/xla_gpu_device.cc:99] Not creating XLA devices, tf_xla_enable_xla_devices not set
INFO:tensorflow:Restoring parameters from /global/cfs/cdirs/desi/users/jqzou/dla_finder/prediction/model/train_lowsnr/train_lowsnr/current_99999.ckpt
2024-01-18 17:12:08.984946: I tensorflow/compiler/jit/xla_gpu_device.cc:99] Not creating XLA devices, tf_xla_enable_xla_devices not set
2024-01-18 17:12:09.002284: I tensorflow/compiler/jit/xla_gpu_device.cc:99] Not creating XLA devices, tf_xla_enable_xla_devices not set
INFO:tensorflow:Restoring parameters from /global/cfs/cdirs/desi/users/jqzou/dla_finder/prediction/model/train_midsnr/train_midsnr/current_99999.ckpt
INFO:tensorflow:Restoring parameters from /global/cfs/cdirs/desi/users/jqzou/dla_finder/prediction/model/train_lowsnr/train_lowsnr/current_99999.ckpt
2024-01-18 17:12:09.132371: I tensorflow/compiler/jit/xla_gpu_device.cc:99] Not creating XLA devices, tf_xla_enable_xla_devices not set
INFO:tensorflow:Restoring parameters from /global/cfs/cdirs/desi/users/jqzou/dla_finder/prediction/model/train_midsnr/train_midsnr/current_99999.ckpt
2024-01-18 17:12:09.466074: I tensorflow/compiler/jit/xla_gpu_device.cc:99] Not creating XLA devices, tf_xla_enable_xla_devices not set
2024-01-18 17:12:09.490900: I tensorflow/compiler/jit/xla_gpu_device.cc:99] Not creating XLA devices, tf_xla_enable_xla_devices not set
2024-01-18 17:12:09.502519: I tensorflow/compiler/jit/xla_gpu_device.cc:99] Not creating XLA devices, tf_xla_enable_xla_devices not set
INFO:tensorflow:Restoring parameters from /global/cfs/cdirs/desi/users/jqzou/dla_finder/prediction/model/train_midsnr/train_midsnr/current_99999.ckpt
INFO:tensorflow:Restoring parameters from /global/cfs/cdirs/desi/users/jqzou/dla_finder/prediction/model/train_midsnr/train_midsnr/current_99999.ckpt
INFO:tensorflow:Restoring parameters from /global/cfs/cdirs/desi/users/jqzou/dla_finder/prediction/model/train_lowsnr/train_lowsnr/current_99999.ckpt
2024-01-18 17:12:09.598362: I tensorflow/compiler/jit/xla_gpu_device.cc:99] Not creating XLA devices, tf_xla_enable_xla_devices not set
INFO:tensorflow:Restoring parameters from /global/cfs/cdirs/desi/users/jqzou/dla_finder/prediction/model/train_lowsnr/train_lowsnr/current_99999.ckpt
2024-01-18 17:12:09.801689: I tensorflow/compiler/jit/xla_gpu_device.cc:99] Not creating XLA devices, tf_xla_enable_xla_devices not set
2024-01-18 17:12:09.850116: I tensorflow/compiler/jit/xla_gpu_device.cc:99] Not creating XLA devices, tf_xla_enable_xla_devices not set
2024-01-18 17:12:09.851314: I tensorflow/compiler/jit/xla_gpu_device.cc:99] Not creating XLA devices, tf_xla_enable_xla_devices not set
INFO:tensorflow:Restoring parameters from /global/cfs/cdirs/desi/users/jqzou/dla_finder/prediction/model/train_midsnr/train_midsnr/current_99999.ckpt
INFO:tensorflow:Restoring parameters from /global/cfs/cdirs/desi/users/jqzou/dla_finder/prediction/model/train_lowsnr/train_lowsnr/current_99999.ckpt
INFO:tensorflow:Restoring parameters from /global/cfs/cdirs/desi/users/jqzou/dla_finder/prediction/model/train_lowsnr/train_lowsnr/current_99999.ckpt
2024-01-18 17:12:10.047257: I tensorflow/compiler/jit/xla_gpu_device.cc:99] Not creating XLA devices, tf_xla_enable_xla_devices not set
2024-01-18 17:12:10.048361: I tensorflow/compiler/jit/xla_gpu_device.cc:99] Not creating XLA devices, tf_xla_enable_xla_devices not set
INFO:tensorflow:Restoring parameters from /global/cfs/cdirs/desi/users/jqzou/dla_finder/prediction/model/train_lowsnr/train_lowsnr/current_99999.ckpt
INFO:tensorflow:Restoring parameters from /global/cfs/cdirs/desi/users/jqzou/dla_finder/prediction/model/train_lowsnr/train_lowsnr/current_99999.ckpt
2024-01-18 17:12:10.234438: I tensorflow/compiler/jit/xla_gpu_device.cc:99] Not creating XLA devices, tf_xla_enable_xla_devices not set
INFO:tensorflow:Restoring parameters from /global/cfs/cdirs/desi/users/jqzou/dla_finder/prediction/model/train_lowsnr/train_lowsnr/current_99999.ckpt
2024-01-18 17:12:10.504366: I tensorflow/compiler/jit/xla_gpu_device.cc:99] Not creating XLA devices, tf_xla_enable_xla_devices not set
INFO:tensorflow:Restoring parameters from /global/cfs/cdirs/desi/users/jqzou/dla_finder/prediction/model/train_lowsnr/train_lowsnr/current_99999.ckpt
2024-01-18 17:12:10.620335: I tensorflow/compiler/jit/xla_gpu_device.cc:99] Not creating XLA devices, tf_xla_enable_xla_devices not set
2024-01-18 17:12:10.624504: I tensorflow/compiler/jit/xla_gpu_device.cc:99] Not creating XLA devices, tf_xla_enable_xla_devices not set
INFO:tensorflow:Restoring parameters from /global/cfs/cdirs/desi/users/jqzou/dla_finder/prediction/model/train_lowsnr/train_lowsnr/current_99999.ckpt
INFO:tensorflow:Restoring parameters from /global/cfs/cdirs/desi/users/jqzou/dla_finder/prediction/model/train_midsnr/train_midsnr/current_99999.ckpt
2024-01-18 17:12:10.838655: I tensorflow/compiler/jit/xla_gpu_device.cc:99] Not creating XLA devices, tf_xla_enable_xla_devices not set
INFO:tensorflow:Restoring parameters from /global/cfs/cdirs/desi/users/jqzou/dla_finder/prediction/model/train_lowsnr/train_lowsnr/current_99999.ckpt
2024-01-18 17:12:11.007810: I tensorflow/compiler/jit/xla_gpu_device.cc:99] Not creating XLA devices, tf_xla_enable_xla_devices not set
INFO:tensorflow:Restoring parameters from /global/cfs/cdirs/desi/users/jqzou/dla_finder/prediction/model/train_lowsnr/train_lowsnr/current_99999.ckpt
2024-01-18 17:12:11.087447: I tensorflow/compiler/jit/xla_gpu_device.cc:99] Not creating XLA devices, tf_xla_enable_xla_devices not set
2024-01-18 17:12:11.134319: I tensorflow/compiler/jit/xla_gpu_device.cc:99] Not creating XLA devices, tf_xla_enable_xla_devices not set
INFO:tensorflow:Restoring parameters from /global/cfs/cdirs/desi/users/jqzou/dla_finder/prediction/model/train_midsnr/train_midsnr/current_99999.ckpt
INFO:tensorflow:Restoring parameters from /global/cfs/cdirs/desi/users/jqzou/dla_finder/prediction/model/train_lowsnr/train_lowsnr/current_99999.ckpt
2024-01-18 17:12:11.589594: I tensorflow/compiler/jit/xla_gpu_device.cc:99] Not creating XLA devices, tf_xla_enable_xla_devices not set
INFO:tensorflow:Restoring parameters from /global/cfs/cdirs/desi/users/jqzou/dla_finder/prediction/model/train_midsnr/train_midsnr/current_99999.ckpt
2024-01-18 17:12:11.876424: I tensorflow/compiler/jit/xla_gpu_device.cc:99] Not creating XLA devices, tf_xla_enable_xla_devices not set
 55%|███████████████████████████████████████████████████████████████████                                                       | 488/888 [00:49<02:40,  2.50it/s]2024-01-18 17:12:11.903216: I tensorflow/compiler/jit/xla_gpu_device.cc:99] Not creating XLA devices, tf_xla_enable_xla_devices not set
INFO:tensorflow:Restoring parameters from /global/cfs/cdirs/desi/users/jqzou/dla_finder/prediction/model/train_lowsnr/train_lowsnr/current_99999.ckpt
2024-01-18 17:12:11.980436: I tensorflow/compiler/jit/xla_gpu_device.cc:99] Not creating XLA devices, tf_xla_enable_xla_devices not set
INFO:tensorflow:Restoring parameters from /global/cfs/cdirs/desi/users/jqzou/dla_finder/prediction/model/train_midsnr/train_midsnr/current_99999.ckpt
2024-01-18 17:12:12.023346: I tensorflow/compiler/jit/xla_gpu_device.cc:99] Not creating XLA devices, tf_xla_enable_xla_devices not set
2024-01-18 17:12:12.024943: I tensorflow/compiler/jit/xla_gpu_device.cc:99] Not creating XLA devices, tf_xla_enable_xla_devices not set
2024-01-18 17:12:12.027170: I tensorflow/compiler/jit/xla_gpu_device.cc:99] Not creating XLA devices, tf_xla_enable_xla_devices not set
INFO:tensorflow:Restoring parameters from /global/cfs/cdirs/desi/users/jqzou/dla_finder/prediction/model/train_lowsnr/train_lowsnr/current_99999.ckpt
INFO:tensorflow:Restoring parameters from /global/cfs/cdirs/desi/users/jqzou/dla_finder/prediction/model/train_lowsnr/train_lowsnr/current_99999.ckpt
INFO:tensorflow:Restoring parameters from /global/cfs/cdirs/desi/users/jqzou/dla_finder/prediction/model/train_lowsnr/train_lowsnr/current_99999.ckpt
INFO:tensorflow:Restoring parameters from /global/cfs/cdirs/desi/users/jqzou/dla_finder/prediction/model/train_lowsnr/train_lowsnr/current_99999.ckpt
2024-01-18 17:12:12.172773: I tensorflow/compiler/jit/xla_gpu_device.cc:99] Not creating XLA devices, tf_xla_enable_xla_devices not set
INFO:tensorflow:Restoring parameters from /global/cfs/cdirs/desi/users/jqzou/dla_finder/prediction/model/train_lowsnr/train_lowsnr/current_99999.ckpt
2024-01-18 17:12:12.247116: I tensorflow/compiler/jit/xla_gpu_device.cc:99] Not creating XLA devices, tf_xla_enable_xla_devices not set
INFO:tensorflow:Restoring parameters from /global/cfs/cdirs/desi/users/jqzou/dla_finder/prediction/model/train_lowsnr/train_lowsnr/current_99999.ckpt
2024-01-18 17:12:12.349955: I tensorflow/compiler/jit/xla_gpu_device.cc:99] Not creating XLA devices, tf_xla_enable_xla_devices not set
2024-01-18 17:12:12.398933: I tensorflow/compiler/jit/xla_gpu_device.cc:99] Not creating XLA devices, tf_xla_enable_xla_devices not set
INFO:tensorflow:Restoring parameters from /global/cfs/cdirs/desi/users/jqzou/dla_finder/prediction/model/train_midsnr/train_midsnr/current_99999.ckpt
INFO:tensorflow:Restoring parameters from /global/cfs/cdirs/desi/users/jqzou/dla_finder/prediction/model/train_lowsnr/train_lowsnr/current_99999.ckpt
2024-01-18 17:12:12.509640: I tensorflow/compiler/jit/xla_gpu_device.cc:99] Not creating XLA devices, tf_xla_enable_xla_devices not set
INFO:tensorflow:Restoring parameters from /global/cfs/cdirs/desi/users/jqzou/dla_finder/prediction/model/train_lowsnr/train_lowsnr/current_99999.ckpt
2024-01-18 17:12:12.631439: I tensorflow/compiler/jit/xla_gpu_device.cc:99] Not creating XLA devices, tf_xla_enable_xla_devices not set
2024-01-18 17:12:12.738439: I tensorflow/compiler/jit/xla_gpu_device.cc:99] Not creating XLA devices, tf_xla_enable_xla_devices not set
INFO:tensorflow:Restoring parameters from /global/cfs/cdirs/desi/users/jqzou/dla_finder/prediction/model/train_lowsnr/train_lowsnr/current_99999.ckpt
INFO:tensorflow:Restoring parameters from /global/cfs/cdirs/desi/users/jqzou/dla_finder/prediction/model/train_lowsnr/train_lowsnr/current_99999.ckpt
2024-01-18 17:12:13.068577: I tensorflow/compiler/jit/xla_gpu_device.cc:99] Not creating XLA devices, tf_xla_enable_xla_devices not set
INFO:tensorflow:Restoring parameters from /global/cfs/cdirs/desi/users/jqzou/dla_finder/prediction/model/train_midsnr/train_midsnr/current_99999.ckpt
2024-01-18 17:12:13.196438: I tensorflow/compiler/jit/xla_gpu_device.cc:99] Not creating XLA devices, tf_xla_enable_xla_devices not set
INFO:tensorflow:Restoring parameters from /global/cfs/cdirs/desi/users/jqzou/dla_finder/prediction/model/train_midsnr/train_midsnr/current_99999.ckpt
2024-01-18 17:12:13.316577: I tensorflow/compiler/jit/xla_gpu_device.cc:99] Not creating XLA devices, tf_xla_enable_xla_devices not set
INFO:tensorflow:Restoring parameters from /global/cfs/cdirs/desi/users/jqzou/dla_finder/prediction/model/train_lowsnr/train_lowsnr/current_99999.ckpt
2024-01-18 17:12:13.529535: I tensorflow/compiler/jit/xla_gpu_device.cc:99] Not creating XLA devices, tf_xla_enable_xla_devices not set
INFO:tensorflow:Restoring parameters from /global/cfs/cdirs/desi/users/jqzou/dla_finder/prediction/model/train_lowsnr/train_lowsnr/current_99999.ckpt
2024-01-18 17:12:13.760749: I tensorflow/compiler/jit/xla_gpu_device.cc:99] Not creating XLA devices, tf_xla_enable_xla_devices not set
2024-01-18 17:12:13.768492: I tensorflow/compiler/jit/xla_gpu_device.cc:99] Not creating XLA devices, tf_xla_enable_xla_devices not set
2024-01-18 17:12:13.853359: I tensorflow/compiler/jit/xla_gpu_device.cc:99] Not creating XLA devices, tf_xla_enable_xla_devices not set
INFO:tensorflow:Restoring parameters from /global/cfs/cdirs/desi/users/jqzou/dla_finder/prediction/model/train_lowsnr/train_lowsnr/current_99999.ckpt
INFO:tensorflow:Restoring parameters from /global/cfs/cdirs/desi/users/jqzou/dla_finder/prediction/model/train_lowsnr/train_lowsnr/current_99999.ckpt
INFO:tensorflow:Restoring parameters from /global/cfs/cdirs/desi/users/jqzou/dla_finder/prediction/model/train_lowsnr/train_lowsnr/current_99999.ckpt
2024-01-18 17:12:14.121219: I tensorflow/compiler/jit/xla_gpu_device.cc:99] Not creating XLA devices, tf_xla_enable_xla_devices not set
INFO:tensorflow:Restoring parameters from /global/cfs/cdirs/desi/users/jqzou/dla_finder/prediction/model/train_lowsnr/train_lowsnr/current_99999.ckpt
2024-01-18 17:12:14.276906: I tensorflow/compiler/jit/xla_gpu_device.cc:99] Not creating XLA devices, tf_xla_enable_xla_devices not set
2024-01-18 17:12:14.309653: I tensorflow/compiler/jit/xla_gpu_device.cc:99] Not creating XLA devices, tf_xla_enable_xla_devices not set
2024-01-18 17:12:14.339944: I tensorflow/compiler/jit/xla_gpu_device.cc:99] Not creating XLA devices, tf_xla_enable_xla_devices not set
INFO:tensorflow:Restoring parameters from /global/cfs/cdirs/desi/users/jqzou/dla_finder/prediction/model/train_lowsnr/train_lowsnr/current_99999.ckpt
INFO:tensorflow:Restoring parameters from /global/cfs/cdirs/desi/users/jqzou/dla_finder/prediction/model/train_lowsnr/train_lowsnr/current_99999.ckpt
2024-01-18 17:12:14.429903: I tensorflow/compiler/jit/xla_gpu_device.cc:99] Not creating XLA devices, tf_xla_enable_xla_devices not set
INFO:tensorflow:Restoring parameters from /global/cfs/cdirs/desi/users/jqzou/dla_finder/prediction/model/train_midsnr/train_midsnr/current_99999.ckpt
2024-01-18 17:12:14.488133: I tensorflow/compiler/jit/xla_gpu_device.cc:99] Not creating XLA devices, tf_xla_enable_xla_devices not set
INFO:tensorflow:Restoring parameters from /global/cfs/cdirs/desi/users/jqzou/dla_finder/prediction/model/train_lowsnr/train_lowsnr/current_99999.ckpt
INFO:tensorflow:Restoring parameters from /global/cfs/cdirs/desi/users/jqzou/dla_finder/prediction/model/train_lowsnr/train_lowsnr/current_99999.ckpt
2024-01-18 17:12:14.637261: I tensorflow/compiler/jit/xla_gpu_device.cc:99] Not creating XLA devices, tf_xla_enable_xla_devices not set
INFO:tensorflow:Restoring parameters from /global/cfs/cdirs/desi/users/jqzou/dla_finder/prediction/model/train_lowsnr/train_lowsnr/current_99999.ckpt
2024-01-18 17:12:14.758790: I tensorflow/compiler/jit/xla_gpu_device.cc:99] Not creating XLA devices, tf_xla_enable_xla_devices not set
2024-01-18 17:12:14.779945: I tensorflow/compiler/jit/xla_gpu_device.cc:99] Not creating XLA devices, tf_xla_enable_xla_devices not set
INFO:tensorflow:Restoring parameters from /global/cfs/cdirs/desi/users/jqzou/dla_finder/prediction/model/train_lowsnr/train_lowsnr/current_99999.ckpt
INFO:tensorflow:Restoring parameters from /global/cfs/cdirs/desi/users/jqzou/dla_finder/prediction/model/train_midsnr/train_midsnr/current_99999.ckpt
2024-01-18 17:12:14.905035: I tensorflow/compiler/jit/xla_gpu_device.cc:99] Not creating XLA devices, tf_xla_enable_xla_devices not set
2024-01-18 17:12:14.960954: I tensorflow/compiler/jit/xla_gpu_device.cc:99] Not creating XLA devices, tf_xla_enable_xla_devices not set
INFO:tensorflow:Restoring parameters from /global/cfs/cdirs/desi/users/jqzou/dla_finder/prediction/model/train_midsnr/train_midsnr/current_99999.ckpt
INFO:tensorflow:Restoring parameters from /global/cfs/cdirs/desi/users/jqzou/dla_finder/prediction/model/train_lowsnr/train_lowsnr/current_99999.ckpt
2024-01-18 17:12:15.478026: I tensorflow/compiler/jit/xla_gpu_device.cc:99] Not creating XLA devices, tf_xla_enable_xla_devices not set
INFO:tensorflow:Restoring parameters from /global/cfs/cdirs/desi/users/jqzou/dla_finder/prediction/model/train_lowsnr/train_lowsnr/current_99999.ckpt
2024-01-18 17:12:15.585114: I tensorflow/compiler/jit/xla_gpu_device.cc:99] Not creating XLA devices, tf_xla_enable_xla_devices not set
INFO:tensorflow:Restoring parameters from /global/cfs/cdirs/desi/users/jqzou/dla_finder/prediction/model/train_lowsnr/train_lowsnr/current_99999.ckpt
2024-01-18 17:12:15.686376: I tensorflow/compiler/jit/xla_gpu_device.cc:99] Not creating XLA devices, tf_xla_enable_xla_devices not set
INFO:tensorflow:Restoring parameters from /global/cfs/cdirs/desi/users/jqzou/dla_finder/prediction/model/train_midsnr/train_midsnr/current_99999.ckpt
2024-01-18 17:12:15.853913: I tensorflow/compiler/jit/xla_gpu_device.cc:99] Not creating XLA devices, tf_xla_enable_xla_devices not set
INFO:tensorflow:Restoring parameters from /global/cfs/cdirs/desi/users/jqzou/dla_finder/prediction/model/train_midsnr/train_midsnr/current_99999.ckpt
 56%|████████████████████████████████████████████████████████████████████▏                                                     | 496/888 [00:53<02:48,  2.32it/s]2024-01-18 17:12:15.964356: I tensorflow/compiler/jit/xla_gpu_device.cc:99] Not creating XLA devices, tf_xla_enable_xla_devices not set
2024-01-18 17:12:16.036457: I tensorflow/compiler/jit/xla_gpu_device.cc:99] Not creating XLA devices, tf_xla_enable_xla_devices not set
INFO:tensorflow:Restoring parameters from /global/cfs/cdirs/desi/users/jqzou/dla_finder/prediction/model/train_lowsnr/train_lowsnr/current_99999.ckpt
2024-01-18 17:12:16.089234: I tensorflow/compiler/jit/xla_gpu_device.cc:99] Not creating XLA devices, tf_xla_enable_xla_devices not set
INFO:tensorflow:Restoring parameters from /global/cfs/cdirs/desi/users/jqzou/dla_finder/prediction/model/train_midsnr/train_midsnr/current_99999.ckpt
INFO:tensorflow:Restoring parameters from /global/cfs/cdirs/desi/users/jqzou/dla_finder/prediction/model/train_lowsnr/train_lowsnr/current_99999.ckpt
2024-01-18 17:12:16.368087: I tensorflow/compiler/jit/xla_gpu_device.cc:99] Not creating XLA devices, tf_xla_enable_xla_devices not set
2024-01-18 17:12:16.413719: I tensorflow/compiler/jit/xla_gpu_device.cc:99] Not creating XLA devices, tf_xla_enable_xla_devices not set
2024-01-18 17:12:16.425305: I tensorflow/compiler/jit/xla_gpu_device.cc:99] Not creating XLA devices, tf_xla_enable_xla_devices not set
INFO:tensorflow:Restoring parameters from /global/cfs/cdirs/desi/users/jqzou/dla_finder/prediction/model/train_midsnr/train_midsnr/current_99999.ckpt
INFO:tensorflow:Restoring parameters from /global/cfs/cdirs/desi/users/jqzou/dla_finder/prediction/model/train_lowsnr/train_lowsnr/current_99999.ckpt
INFO:tensorflow:Restoring parameters from /global/cfs/cdirs/desi/users/jqzou/dla_finder/prediction/model/train_lowsnr/train_lowsnr/current_99999.ckpt
2024-01-18 17:12:16.762438: I tensorflow/compiler/jit/xla_gpu_device.cc:99] Not creating XLA devices, tf_xla_enable_xla_devices not set
INFO:tensorflow:Restoring parameters from /global/cfs/cdirs/desi/users/jqzou/dla_finder/prediction/model/train_lowsnr/train_lowsnr/current_99999.ckpt
2024-01-18 17:12:16.905489: I tensorflow/compiler/jit/xla_gpu_device.cc:99] Not creating XLA devices, tf_xla_enable_xla_devices not set
INFO:tensorflow:Restoring parameters from /global/cfs/cdirs/desi/users/jqzou/dla_finder/prediction/model/train_lowsnr/train_lowsnr/current_99999.ckpt
2024-01-18 17:12:16.998084: I tensorflow/compiler/jit/xla_gpu_device.cc:99] Not creating XLA devices, tf_xla_enable_xla_devices not set
2024-01-18 17:12:17.042623: I tensorflow/compiler/jit/xla_gpu_device.cc:99] Not creating XLA devices, tf_xla_enable_xla_devices not set
2024-01-18 17:12:17.057886: I tensorflow/compiler/jit/xla_gpu_device.cc:99] Not creating XLA devices, tf_xla_enable_xla_devices not set
INFO:tensorflow:Restoring parameters from /global/cfs/cdirs/desi/users/jqzou/dla_finder/prediction/model/train_lowsnr/train_lowsnr/current_99999.ckpt
2024-01-18 17:12:17.100595: I tensorflow/compiler/jit/xla_gpu_device.cc:99] Not creating XLA devices, tf_xla_enable_xla_devices not set
2024-01-18 17:12:17.114476: I tensorflow/compiler/jit/xla_gpu_device.cc:99] Not creating XLA devices, tf_xla_enable_xla_devices not set
INFO:tensorflow:Restoring parameters from /global/cfs/cdirs/desi/users/jqzou/dla_finder/prediction/model/train_midsnr/train_midsnr/current_99999.ckpt
INFO:tensorflow:Restoring parameters from /global/cfs/cdirs/desi/users/jqzou/dla_finder/prediction/model/train_midsnr/train_midsnr/current_99999.ckpt
INFO:tensorflow:Restoring parameters from /global/cfs/cdirs/desi/users/jqzou/dla_finder/prediction/model/train_lowsnr/train_lowsnr/current_99999.ckpt
INFO:tensorflow:Restoring parameters from /global/cfs/cdirs/desi/users/jqzou/dla_finder/prediction/model/train_midsnr/train_midsnr/current_99999.ckpt
2024-01-18 17:12:17.339778: I tensorflow/compiler/jit/xla_gpu_device.cc:99] Not creating XLA devices, tf_xla_enable_xla_devices not set
2024-01-18 17:12:17.390607: I tensorflow/compiler/jit/xla_gpu_device.cc:99] Not creating XLA devices, tf_xla_enable_xla_devices not set
INFO:tensorflow:Restoring parameters from /global/cfs/cdirs/desi/users/jqzou/dla_finder/prediction/model/train_lowsnr/train_lowsnr/current_99999.ckpt
INFO:tensorflow:Restoring parameters from /global/cfs/cdirs/desi/users/jqzou/dla_finder/prediction/model/train_midsnr/train_midsnr/current_99999.ckpt
2024-01-18 17:12:17.576475: I tensorflow/compiler/jit/xla_gpu_device.cc:99] Not creating XLA devices, tf_xla_enable_xla_devices not set
INFO:tensorflow:Restoring parameters from /global/cfs/cdirs/desi/users/jqzou/dla_finder/prediction/model/train_midsnr/train_midsnr/current_99999.ckpt
2024-01-18 17:12:17.765826: I tensorflow/compiler/jit/xla_gpu_device.cc:99] Not creating XLA devices, tf_xla_enable_xla_devices not set
INFO:tensorflow:Restoring parameters from /global/cfs/cdirs/desi/users/jqzou/dla_finder/prediction/model/train_midsnr/train_midsnr/current_99999.ckpt
2024-01-18 17:12:17.909796: I tensorflow/compiler/jit/xla_gpu_device.cc:99] Not creating XLA devices, tf_xla_enable_xla_devices not set
INFO:tensorflow:Restoring parameters from /global/cfs/cdirs/desi/users/jqzou/dla_finder/prediction/model/train_lowsnr/train_lowsnr/current_99999.ckpt
2024-01-18 17:12:18.178451: I tensorflow/compiler/jit/xla_gpu_device.cc:99] Not creating XLA devices, tf_xla_enable_xla_devices not set
2024-01-18 17:12:18.229929: I tensorflow/compiler/jit/xla_gpu_device.cc:99] Not creating XLA devices, tf_xla_enable_xla_devices not set
INFO:tensorflow:Restoring parameters from /global/cfs/cdirs/desi/users/jqzou/dla_finder/prediction/model/train_lowsnr/train_lowsnr/current_99999.ckpt
2024-01-18 17:12:18.277529: I tensorflow/compiler/jit/xla_gpu_device.cc:99] Not creating XLA devices, tf_xla_enable_xla_devices not set
INFO:tensorflow:Restoring parameters from /global/cfs/cdirs/desi/users/jqzou/dla_finder/prediction/model/train_lowsnr/train_lowsnr/current_99999.ckpt
INFO:tensorflow:Restoring parameters from /global/cfs/cdirs/desi/users/jqzou/dla_finder/prediction/model/train_lowsnr/train_lowsnr/current_99999.ckpt
2024-01-18 17:12:18.610802: I tensorflow/compiler/jit/xla_gpu_device.cc:99] Not creating XLA devices, tf_xla_enable_xla_devices not set
2024-01-18 17:12:18.628103: I tensorflow/compiler/jit/xla_gpu_device.cc:99] Not creating XLA devices, tf_xla_enable_xla_devices not set
2024-01-18 17:12:18.671851: I tensorflow/compiler/jit/xla_gpu_device.cc:99] Not creating XLA devices, tf_xla_enable_xla_devices not set
INFO:tensorflow:Restoring parameters from /global/cfs/cdirs/desi/users/jqzou/dla_finder/prediction/model/train_lowsnr/train_lowsnr/current_99999.ckpt
INFO:tensorflow:Restoring parameters from /global/cfs/cdirs/desi/users/jqzou/dla_finder/prediction/model/train_lowsnr/train_lowsnr/current_99999.ckpt
INFO:tensorflow:Restoring parameters from /global/cfs/cdirs/desi/users/jqzou/dla_finder/prediction/model/train_lowsnr/train_lowsnr/current_99999.ckpt
2024-01-18 17:12:18.807940: I tensorflow/compiler/jit/xla_gpu_device.cc:99] Not creating XLA devices, tf_xla_enable_xla_devices not set
INFO:tensorflow:Restoring parameters from /global/cfs/cdirs/desi/users/jqzou/dla_finder/prediction/model/train_lowsnr/train_lowsnr/current_99999.ckpt
2024-01-18 17:12:19.157039: I tensorflow/compiler/jit/xla_gpu_device.cc:99] Not creating XLA devices, tf_xla_enable_xla_devices not set
2024-01-18 17:12:19.203136: I tensorflow/compiler/jit/xla_gpu_device.cc:99] Not creating XLA devices, tf_xla_enable_xla_devices not set
2024-01-18 17:12:19.237461: I tensorflow/compiler/jit/xla_gpu_device.cc:99] Not creating XLA devices, tf_xla_enable_xla_devices not set
INFO:tensorflow:Restoring parameters from /global/cfs/cdirs/desi/users/jqzou/dla_finder/prediction/model/train_lowsnr/train_lowsnr/current_99999.ckpt
INFO:tensorflow:Restoring parameters from /global/cfs/cdirs/desi/users/jqzou/dla_finder/prediction/model/train_midsnr/train_midsnr/current_99999.ckpt
INFO:tensorflow:Restoring parameters from /global/cfs/cdirs/desi/users/jqzou/dla_finder/prediction/model/train_lowsnr/train_lowsnr/current_99999.ckpt
2024-01-18 17:12:19.312888: I tensorflow/compiler/jit/xla_gpu_device.cc:99] Not creating XLA devices, tf_xla_enable_xla_devices not set
2024-01-18 17:12:19.313926: I tensorflow/compiler/jit/xla_gpu_device.cc:99] Not creating XLA devices, tf_xla_enable_xla_devices not set
2024-01-18 17:12:19.331508: I tensorflow/compiler/jit/xla_gpu_device.cc:99] Not creating XLA devices, tf_xla_enable_xla_devices not set
INFO:tensorflow:Restoring parameters from /global/cfs/cdirs/desi/users/jqzou/dla_finder/prediction/model/train_lowsnr/train_lowsnr/current_99999.ckpt
INFO:tensorflow:Restoring parameters from /global/cfs/cdirs/desi/users/jqzou/dla_finder/prediction/model/train_midsnr/train_midsnr/current_99999.ckpt
INFO:tensorflow:Restoring parameters from /global/cfs/cdirs/desi/users/jqzou/dla_finder/prediction/model/train_midsnr/train_midsnr/current_99999.ckpt
2024-01-18 17:12:19.497740: I tensorflow/compiler/jit/xla_gpu_device.cc:99] Not creating XLA devices, tf_xla_enable_xla_devices not set
2024-01-18 17:12:19.545340: I tensorflow/compiler/jit/xla_gpu_device.cc:99] Not creating XLA devices, tf_xla_enable_xla_devices not set
2024-01-18 17:12:19.551819: I tensorflow/compiler/jit/xla_gpu_device.cc:99] Not creating XLA devices, tf_xla_enable_xla_devices not set
INFO:tensorflow:Restoring parameters from /global/cfs/cdirs/desi/users/jqzou/dla_finder/prediction/model/train_lowsnr/train_lowsnr/current_99999.ckpt
INFO:tensorflow:Restoring parameters from /global/cfs/cdirs/desi/users/jqzou/dla_finder/prediction/model/train_lowsnr/train_lowsnr/current_99999.ckpt
INFO:tensorflow:Restoring parameters from /global/cfs/cdirs/desi/users/jqzou/dla_finder/prediction/model/train_lowsnr/train_lowsnr/current_99999.ckpt
2024-01-18 17:12:19.809922: I tensorflow/compiler/jit/xla_gpu_device.cc:99] Not creating XLA devices, tf_xla_enable_xla_devices not set
2024-01-18 17:12:19.836234: I tensorflow/compiler/jit/xla_gpu_device.cc:99] Not creating XLA devices, tf_xla_enable_xla_devices not set
 57%|█████████████████████████████████████████████████████████████████████▏                                                    | 504/888 [00:57<02:52,  2.23it/s]INFO:tensorflow:Restoring parameters from /global/cfs/cdirs/desi/users/jqzou/dla_finder/prediction/model/train_lowsnr/train_lowsnr/current_99999.ckpt
INFO:tensorflow:Restoring parameters from /global/cfs/cdirs/desi/users/jqzou/dla_finder/prediction/model/train_midsnr/train_midsnr/current_99999.ckpt
2024-01-18 17:12:19.987599: I tensorflow/compiler/jit/xla_gpu_device.cc:99] Not creating XLA devices, tf_xla_enable_xla_devices not set
 58%|██████████████████████████████████████████████████████████████████████▎                                                   | 512/888 [00:57<02:00,  3.11it/s]INFO:tensorflow:Restoring parameters from /global/cfs/cdirs/desi/users/jqzou/dla_finder/prediction/model/train_lowsnr/train_lowsnr/current_99999.ckpt
2024-01-18 17:12:20.229093: I tensorflow/compiler/jit/xla_gpu_device.cc:99] Not creating XLA devices, tf_xla_enable_xla_devices not set
INFO:tensorflow:Restoring parameters from /global/cfs/cdirs/desi/users/jqzou/dla_finder/prediction/model/train_lowsnr/train_lowsnr/current_99999.ckpt
2024-01-18 17:12:20.517029: I tensorflow/compiler/jit/xla_gpu_device.cc:99] Not creating XLA devices, tf_xla_enable_xla_devices not set
2024-01-18 17:12:20.533486: I tensorflow/compiler/jit/xla_gpu_device.cc:99] Not creating XLA devices, tf_xla_enable_xla_devices not set
INFO:tensorflow:Restoring parameters from /global/cfs/cdirs/desi/users/jqzou/dla_finder/prediction/model/train_midsnr/train_midsnr/current_99999.ckpt
INFO:tensorflow:Restoring parameters from /global/cfs/cdirs/desi/users/jqzou/dla_finder/prediction/model/train_lowsnr/train_lowsnr/current_99999.ckpt
2024-01-18 17:12:20.613870: I tensorflow/compiler/jit/xla_gpu_device.cc:99] Not creating XLA devices, tf_xla_enable_xla_devices not set
2024-01-18 17:12:20.672551: I tensorflow/compiler/jit/xla_gpu_device.cc:99] Not creating XLA devices, tf_xla_enable_xla_devices not set
INFO:tensorflow:Restoring parameters from /global/cfs/cdirs/desi/users/jqzou/dla_finder/prediction/model/train_lowsnr/train_lowsnr/current_99999.ckpt
 59%|███████████████████████████████████████████████████████████████████████▍                                                  | 520/888 [00:57<01:32,  3.97it/s]INFO:tensorflow:Restoring parameters from /global/cfs/cdirs/desi/users/jqzou/dla_finder/prediction/model/train_lowsnr/train_lowsnr/current_99999.ckpt
 59%|████████████████████████████████████████████████████████████████████████▌                                                 | 528/888 [00:58<01:05,  5.47it/s]2024-01-18 17:12:21.326826: I tensorflow/compiler/jit/xla_gpu_device.cc:99] Not creating XLA devices, tf_xla_enable_xla_devices not set
2024-01-18 17:12:21.413142: I tensorflow/compiler/jit/xla_gpu_device.cc:99] Not creating XLA devices, tf_xla_enable_xla_devices not set
INFO:tensorflow:Restoring parameters from /global/cfs/cdirs/desi/users/jqzou/dla_finder/prediction/model/train_lowsnr/train_lowsnr/current_99999.ckpt
INFO:tensorflow:Restoring parameters from /global/cfs/cdirs/desi/users/jqzou/dla_finder/prediction/model/train_lowsnr/train_lowsnr/current_99999.ckpt
 60%|█████████████████████████████████████████████████████████████████████████▋                                                | 536/888 [00:59<00:58,  6.01it/s]2024-01-18 17:12:21.920332: I tensorflow/compiler/jit/xla_gpu_device.cc:99] Not creating XLA devices, tf_xla_enable_xla_devices not set
2024-01-18 17:12:21.925128: I tensorflow/compiler/jit/xla_gpu_device.cc:99] Not creating XLA devices, tf_xla_enable_xla_devices not set
INFO:tensorflow:Restoring parameters from /global/cfs/cdirs/desi/users/jqzou/dla_finder/prediction/model/train_midsnr/train_midsnr/current_99999.ckpt
INFO:tensorflow:Restoring parameters from /global/cfs/cdirs/desi/users/jqzou/dla_finder/prediction/model/train_lowsnr/train_lowsnr/current_99999.ckpt
2024-01-18 17:12:21.996160: I tensorflow/compiler/jit/xla_gpu_device.cc:99] Not creating XLA devices, tf_xla_enable_xla_devices not set
2024-01-18 17:12:22.013231: I tensorflow/compiler/jit/xla_gpu_device.cc:99] Not creating XLA devices, tf_xla_enable_xla_devices not set
2024-01-18 17:12:22.034148: I tensorflow/compiler/jit/xla_gpu_device.cc:99] Not creating XLA devices, tf_xla_enable_xla_devices not set
INFO:tensorflow:Restoring parameters from /global/cfs/cdirs/desi/users/jqzou/dla_finder/prediction/model/train_lowsnr/train_lowsnr/current_99999.ckpt
INFO:tensorflow:Restoring parameters from /global/cfs/cdirs/desi/users/jqzou/dla_finder/prediction/model/train_lowsnr/train_lowsnr/current_99999.ckpt
INFO:tensorflow:Restoring parameters from /global/cfs/cdirs/desi/users/jqzou/dla_finder/prediction/model/train_midsnr/train_midsnr/current_99999.ckpt
2024-01-18 17:12:22.122227: I tensorflow/compiler/jit/xla_gpu_device.cc:99] Not creating XLA devices, tf_xla_enable_xla_devices not set
2024-01-18 17:12:22.187727: I tensorflow/compiler/jit/xla_gpu_device.cc:99] Not creating XLA devices, tf_xla_enable_xla_devices not set
INFO:tensorflow:Restoring parameters from /global/cfs/cdirs/desi/users/jqzou/dla_finder/prediction/model/train_lowsnr/train_lowsnr/current_99999.ckpt
INFO:tensorflow:Restoring parameters from /global/cfs/cdirs/desi/users/jqzou/dla_finder/prediction/model/train_lowsnr/train_lowsnr/current_99999.ckpt
2024-01-18 17:12:22.378242: I tensorflow/compiler/jit/xla_gpu_device.cc:99] Not creating XLA devices, tf_xla_enable_xla_devices not set
2024-01-18 17:12:22.393368: I tensorflow/compiler/jit/xla_gpu_device.cc:99] Not creating XLA devices, tf_xla_enable_xla_devices not set
2024-01-18 17:12:22.480667: I tensorflow/compiler/jit/xla_gpu_device.cc:99] Not creating XLA devices, tf_xla_enable_xla_devices not set
INFO:tensorflow:Restoring parameters from /global/cfs/cdirs/desi/users/jqzou/dla_finder/prediction/model/train_midsnr/train_midsnr/current_99999.ckpt
INFO:tensorflow:Restoring parameters from /global/cfs/cdirs/desi/users/jqzou/dla_finder/prediction/model/train_lowsnr/train_lowsnr/current_99999.ckpt
2024-01-18 17:12:22.547055: I tensorflow/compiler/jit/xla_gpu_device.cc:99] Not creating XLA devices, tf_xla_enable_xla_devices not set
INFO:tensorflow:Restoring parameters from /global/cfs/cdirs/desi/users/jqzou/dla_finder/prediction/model/train_lowsnr/train_lowsnr/current_99999.ckpt
INFO:tensorflow:Restoring parameters from /global/cfs/cdirs/desi/users/jqzou/dla_finder/prediction/model/train_lowsnr/train_lowsnr/current_99999.ckpt
2024-01-18 17:12:22.744661: I tensorflow/compiler/jit/xla_gpu_device.cc:99] Not creating XLA devices, tf_xla_enable_xla_devices not set
INFO:tensorflow:Restoring parameters from /global/cfs/cdirs/desi/users/jqzou/dla_finder/prediction/model/train_lowsnr/train_lowsnr/current_99999.ckpt
2024-01-18 17:12:22.816945: I tensorflow/compiler/jit/xla_gpu_device.cc:99] Not creating XLA devices, tf_xla_enable_xla_devices not set
INFO:tensorflow:Restoring parameters from /global/cfs/cdirs/desi/users/jqzou/dla_finder/prediction/model/train_midsnr/train_midsnr/current_99999.ckpt
 61%|██████████████████████████████████████████████████████████████████████████▋                                               | 544/888 [01:00<00:53,  6.42it/s]2024-01-18 17:12:22.977990: I tensorflow/compiler/jit/xla_gpu_device.cc:99] Not creating XLA devices, tf_xla_enable_xla_devices not set
INFO:tensorflow:Restoring parameters from /global/cfs/cdirs/desi/users/jqzou/dla_finder/prediction/model/train_lowsnr/train_lowsnr/current_99999.ckpt
2024-01-18 17:12:23.119776: I tensorflow/compiler/jit/xla_gpu_device.cc:99] Not creating XLA devices, tf_xla_enable_xla_devices not set
2024-01-18 17:12:23.122923: I tensorflow/compiler/jit/xla_gpu_device.cc:99] Not creating XLA devices, tf_xla_enable_xla_devices not set
INFO:tensorflow:Restoring parameters from /global/cfs/cdirs/desi/users/jqzou/dla_finder/prediction/model/train_lowsnr/train_lowsnr/current_99999.ckpt
INFO:tensorflow:Restoring parameters from /global/cfs/cdirs/desi/users/jqzou/dla_finder/prediction/model/train_lowsnr/train_lowsnr/current_99999.ckpt
2024-01-18 17:12:23.303636: I tensorflow/compiler/jit/xla_gpu_device.cc:99] Not creating XLA devices, tf_xla_enable_xla_devices not set
 62%|███████████████████████████████████████████████████████████████████████████▊                                              | 552/888 [01:00<00:43,  7.70it/s]2024-01-18 17:12:23.490692: I tensorflow/compiler/jit/xla_gpu_device.cc:99] Not creating XLA devices, tf_xla_enable_xla_devices not set
INFO:tensorflow:Restoring parameters from /global/cfs/cdirs/desi/users/jqzou/dla_finder/prediction/model/train_lowsnr/train_lowsnr/current_99999.ckpt
INFO:tensorflow:Restoring parameters from /global/cfs/cdirs/desi/users/jqzou/dla_finder/prediction/model/train_lowsnr/train_lowsnr/current_99999.ckpt
2024-01-18 17:12:23.784820: I tensorflow/compiler/jit/xla_gpu_device.cc:99] Not creating XLA devices, tf_xla_enable_xla_devices not set
INFO:tensorflow:Restoring parameters from /global/cfs/cdirs/desi/users/jqzou/dla_finder/prediction/model/train_lowsnr/train_lowsnr/current_99999.ckpt
 63%|████████████████████████████████████████████████████████████████████████████▉                                             | 560/888 [01:01<00:36,  9.00it/s] 65%|███████████████████████████████████████████████████████████████████████████████▏                                          | 576/888 [01:01<00:20, 15.25it/s]2024-01-18 17:12:24.299391: I tensorflow/compiler/jit/xla_gpu_device.cc:99] Not creating XLA devices, tf_xla_enable_xla_devices not set
2024-01-18 17:12:24.312488: I tensorflow/compiler/jit/xla_gpu_device.cc:99] Not creating XLA devices, tf_xla_enable_xla_devices not set
2024-01-18 17:12:24.343603: I tensorflow/compiler/jit/xla_gpu_device.cc:99] Not creating XLA devices, tf_xla_enable_xla_devices not set
INFO:tensorflow:Restoring parameters from /global/cfs/cdirs/desi/users/jqzou/dla_finder/prediction/model/train_lowsnr/train_lowsnr/current_99999.ckpt
INFO:tensorflow:Restoring parameters from /global/cfs/cdirs/desi/users/jqzou/dla_finder/prediction/model/train_lowsnr/train_lowsnr/current_99999.ckpt
 66%|████████████████████████████████████████████████████████████████████████████████▏                                         | 584/888 [01:01<00:16, 18.29it/s]2024-01-18 17:12:24.406982: I tensorflow/compiler/jit/xla_gpu_device.cc:99] Not creating XLA devices, tf_xla_enable_xla_devices not set
INFO:tensorflow:Restoring parameters from /global/cfs/cdirs/desi/users/jqzou/dla_finder/prediction/model/train_lowsnr/train_lowsnr/current_99999.ckpt
INFO:tensorflow:Restoring parameters from /global/cfs/cdirs/desi/users/jqzou/dla_finder/prediction/model/train_lowsnr/train_lowsnr/current_99999.ckpt
2024-01-18 17:12:24.598460: I tensorflow/compiler/jit/xla_gpu_device.cc:99] Not creating XLA devices, tf_xla_enable_xla_devices not set
2024-01-18 17:12:24.677524: I tensorflow/compiler/jit/xla_gpu_device.cc:99] Not creating XLA devices, tf_xla_enable_xla_devices not set
INFO:tensorflow:Restoring parameters from /global/cfs/cdirs/desi/users/jqzou/dla_finder/prediction/model/train_lowsnr/train_lowsnr/current_99999.ckpt
2024-01-18 17:12:24.719746: I tensorflow/compiler/jit/xla_gpu_device.cc:99] Not creating XLA devices, tf_xla_enable_xla_devices not set
2024-01-18 17:12:24.726661: I tensorflow/compiler/jit/xla_gpu_device.cc:99] Not creating XLA devices, tf_xla_enable_xla_devices not set
2024-01-18 17:12:24.765920: I tensorflow/compiler/jit/xla_gpu_device.cc:99] Not creating XLA devices, tf_xla_enable_xla_devices not set
INFO:tensorflow:Restoring parameters from /global/cfs/cdirs/desi/users/jqzou/dla_finder/prediction/model/train_midsnr/train_midsnr/current_99999.ckpt
INFO:tensorflow:Restoring parameters from /global/cfs/cdirs/desi/users/jqzou/dla_finder/prediction/model/train_midsnr/train_midsnr/current_99999.ckpt
INFO:tensorflow:Restoring parameters from /global/cfs/cdirs/desi/users/jqzou/dla_finder/prediction/model/train_midsnr/train_midsnr/current_99999.ckpt
INFO:tensorflow:Restoring parameters from /global/cfs/cdirs/desi/users/jqzou/dla_finder/prediction/model/train_lowsnr/train_lowsnr/current_99999.ckpt
2024-01-18 17:12:25.214893: I tensorflow/compiler/jit/xla_gpu_device.cc:99] Not creating XLA devices, tf_xla_enable_xla_devices not set
2024-01-18 17:12:25.295789: I tensorflow/compiler/jit/xla_gpu_device.cc:99] Not creating XLA devices, tf_xla_enable_xla_devices not set
INFO:tensorflow:Restoring parameters from /global/cfs/cdirs/desi/users/jqzou/dla_finder/prediction/model/train_midsnr/train_midsnr/current_99999.ckpt
INFO:tensorflow:Restoring parameters from /global/cfs/cdirs/desi/users/jqzou/dla_finder/prediction/model/train_lowsnr/train_lowsnr/current_99999.ckpt
 67%|█████████████████████████████████████████████████████████████████████████████████▎                                        | 592/888 [01:02<00:22, 12.96it/s]2024-01-18 17:12:25.718001: I tensorflow/compiler/jit/xla_gpu_device.cc:99] Not creating XLA devices, tf_xla_enable_xla_devices not set
INFO:tensorflow:Restoring parameters from /global/cfs/cdirs/desi/users/jqzou/dla_finder/prediction/model/train_midsnr/train_midsnr/current_99999.ckpt
2024-01-18 17:12:25.855726: I tensorflow/compiler/jit/xla_gpu_device.cc:99] Not creating XLA devices, tf_xla_enable_xla_devices not set
2024-01-18 17:12:25.870023: I tensorflow/compiler/jit/xla_gpu_device.cc:99] Not creating XLA devices, tf_xla_enable_xla_devices not set
2024-01-18 17:12:25.874482: I tensorflow/compiler/jit/xla_gpu_device.cc:99] Not creating XLA devices, tf_xla_enable_xla_devices not set
2024-01-18 17:12:25.910266: I tensorflow/compiler/jit/xla_gpu_device.cc:99] Not creating XLA devices, tf_xla_enable_xla_devices not set
INFO:tensorflow:Restoring parameters from /global/cfs/cdirs/desi/users/jqzou/dla_finder/prediction/model/train_lowsnr/train_lowsnr/current_99999.ckpt
INFO:tensorflow:Restoring parameters from /global/cfs/cdirs/desi/users/jqzou/dla_finder/prediction/model/train_midsnr/train_midsnr/current_99999.ckpt
INFO:tensorflow:Restoring parameters from /global/cfs/cdirs/desi/users/jqzou/dla_finder/prediction/model/train_midsnr/train_midsnr/current_99999.ckpt
 68%|██████████████████████████████████████████████████████████████████████████████████▍                                       | 600/888 [01:03<00:20, 13.99it/s]INFO:tensorflow:Restoring parameters from /global/cfs/cdirs/desi/users/jqzou/dla_finder/prediction/model/train_lowsnr/train_lowsnr/current_99999.ckpt
2024-01-18 17:12:26.080668: I tensorflow/compiler/jit/xla_gpu_device.cc:99] Not creating XLA devices, tf_xla_enable_xla_devices not set
 68%|███████████████████████████████████████████████████████████████████████████████████▌                                      | 608/888 [01:03<00:15, 17.98it/s]2024-01-18 17:12:26.094499: I tensorflow/compiler/jit/xla_gpu_device.cc:99] Not creating XLA devices, tf_xla_enable_xla_devices not set
2024-01-18 17:12:26.112997: I tensorflow/compiler/jit/xla_gpu_device.cc:99] Not creating XLA devices, tf_xla_enable_xla_devices not set
INFO:tensorflow:Restoring parameters from /global/cfs/cdirs/desi/users/jqzou/dla_finder/prediction/model/train_midsnr/train_midsnr/current_99999.ckpt
INFO:tensorflow:Restoring parameters from /global/cfs/cdirs/desi/users/jqzou/dla_finder/prediction/model/train_midsnr/train_midsnr/current_99999.ckpt
INFO:tensorflow:Restoring parameters from /global/cfs/cdirs/desi/users/jqzou/dla_finder/prediction/model/train_lowsnr/train_lowsnr/current_99999.ckpt
2024-01-18 17:12:26.352597: I tensorflow/compiler/jit/xla_gpu_device.cc:99] Not creating XLA devices, tf_xla_enable_xla_devices not set
INFO:tensorflow:Restoring parameters from /global/cfs/cdirs/desi/users/jqzou/dla_finder/prediction/model/train_lowsnr/train_lowsnr/current_99999.ckpt
2024-01-18 17:12:26.486027: I tensorflow/compiler/jit/xla_gpu_device.cc:99] Not creating XLA devices, tf_xla_enable_xla_devices not set
INFO:tensorflow:Restoring parameters from /global/cfs/cdirs/desi/users/jqzou/dla_finder/prediction/model/train_midsnr/train_midsnr/current_99999.ckpt
 69%|████████████████████████████████████████████████████████████████████████████████████▋                                     | 616/888 [01:03<00:15, 17.66it/s]2024-01-18 17:12:26.714295: I tensorflow/compiler/jit/xla_gpu_device.cc:99] Not creating XLA devices, tf_xla_enable_xla_devices not set
INFO:tensorflow:Restoring parameters from /global/cfs/cdirs/desi/users/jqzou/dla_finder/prediction/model/train_lowsnr/train_lowsnr/current_99999.ckpt
 70%|█████████████████████████████████████████████████████████████████████████████████████▋                                    | 624/888 [01:04<00:14, 17.90it/s] 71%|██████████████████████████████████████████████████████████████████████████████████████▊                                   | 632/888 [01:04<00:11, 21.36it/s] 73%|█████████████████████████████████████████████████████████████████████████████████████████                                 | 648/888 [01:04<00:06, 34.63it/s] 75%|███████████████████████████████████████████████████████████████████████████████████████████▏                              | 664/888 [01:04<00:04, 49.15it/s]2024-01-18 17:12:27.699600: I tensorflow/compiler/jit/xla_gpu_device.cc:99] Not creating XLA devices, tf_xla_enable_xla_devices not set
INFO:tensorflow:Restoring parameters from /global/cfs/cdirs/desi/users/jqzou/dla_finder/prediction/model/train_lowsnr/train_lowsnr/current_99999.ckpt
2024-01-18 17:12:27.885976: I tensorflow/compiler/jit/xla_gpu_device.cc:99] Not creating XLA devices, tf_xla_enable_xla_devices not set
2024-01-18 17:12:27.904281: I tensorflow/compiler/jit/xla_gpu_device.cc:99] Not creating XLA devices, tf_xla_enable_xla_devices not set
INFO:tensorflow:Restoring parameters from /global/cfs/cdirs/desi/users/jqzou/dla_finder/prediction/model/train_lowsnr/train_lowsnr/current_99999.ckpt
INFO:tensorflow:Restoring parameters from /global/cfs/cdirs/desi/users/jqzou/dla_finder/prediction/model/train_midsnr/train_midsnr/current_99999.ckpt
2024-01-18 17:12:27.989120: I tensorflow/compiler/jit/xla_gpu_device.cc:99] Not creating XLA devices, tf_xla_enable_xla_devices not set
INFO:tensorflow:Restoring parameters from /global/cfs/cdirs/desi/users/jqzou/dla_finder/prediction/model/train_lowsnr/train_lowsnr/current_99999.ckpt
2024-01-18 17:12:28.170993: I tensorflow/compiler/jit/xla_gpu_device.cc:99] Not creating XLA devices, tf_xla_enable_xla_devices not set
2024-01-18 17:12:28.319904: I tensorflow/compiler/jit/xla_gpu_device.cc:99] Not creating XLA devices, tf_xla_enable_xla_devices not set
INFO:tensorflow:Restoring parameters from /global/cfs/cdirs/desi/users/jqzou/dla_finder/prediction/model/train_midsnr/train_midsnr/current_99999.ckpt
INFO:tensorflow:Restoring parameters from /global/cfs/cdirs/desi/users/jqzou/dla_finder/prediction/model/train_lowsnr/train_lowsnr/current_99999.ckpt
2024-01-18 17:12:28.390362: I tensorflow/compiler/jit/xla_gpu_device.cc:99] Not creating XLA devices, tf_xla_enable_xla_devices not set
INFO:tensorflow:Restoring parameters from /global/cfs/cdirs/desi/users/jqzou/dla_finder/prediction/model/train_lowsnr/train_lowsnr/current_99999.ckpt
2024-01-18 17:12:28.502649: I tensorflow/compiler/jit/xla_gpu_device.cc:99] Not creating XLA devices, tf_xla_enable_xla_devices not set
2024-01-18 17:12:28.517734: I tensorflow/compiler/jit/xla_gpu_device.cc:99] Not creating XLA devices, tf_xla_enable_xla_devices not set
INFO:tensorflow:Restoring parameters from /global/cfs/cdirs/desi/users/jqzou/dla_finder/prediction/model/train_lowsnr/train_lowsnr/current_99999.ckpt
INFO:tensorflow:Restoring parameters from /global/cfs/cdirs/desi/users/jqzou/dla_finder/prediction/model/train_lowsnr/train_lowsnr/current_99999.ckpt
2024-01-18 17:12:28.623716: I tensorflow/compiler/jit/xla_gpu_device.cc:99] Not creating XLA devices, tf_xla_enable_xla_devices not set
INFO:tensorflow:Restoring parameters from /global/cfs/cdirs/desi/users/jqzou/dla_finder/prediction/model/train_lowsnr/train_lowsnr/current_99999.ckpt
2024-01-18 17:12:28.793316: I tensorflow/compiler/jit/xla_gpu_device.cc:99] Not creating XLA devices, tf_xla_enable_xla_devices not set
2024-01-18 17:12:28.830362: I tensorflow/compiler/jit/xla_gpu_device.cc:99] Not creating XLA devices, tf_xla_enable_xla_devices not set
2024-01-18 17:12:28.856708: I tensorflow/compiler/jit/xla_gpu_device.cc:99] Not creating XLA devices, tf_xla_enable_xla_devices not set
INFO:tensorflow:Restoring parameters from /global/cfs/cdirs/desi/users/jqzou/dla_finder/prediction/model/train_lowsnr/train_lowsnr/current_99999.ckpt
INFO:tensorflow:Restoring parameters from /global/cfs/cdirs/desi/users/jqzou/dla_finder/prediction/model/train_lowsnr/train_lowsnr/current_99999.ckpt
2024-01-18 17:12:28.975786: I tensorflow/compiler/jit/xla_gpu_device.cc:99] Not creating XLA devices, tf_xla_enable_xla_devices not set
2024-01-18 17:12:29.003401: I tensorflow/compiler/jit/xla_gpu_device.cc:99] Not creating XLA devices, tf_xla_enable_xla_devices not set
INFO:tensorflow:Restoring parameters from /global/cfs/cdirs/desi/users/jqzou/dla_finder/prediction/model/train_lowsnr/train_lowsnr/current_99999.ckpt
INFO:tensorflow:Restoring parameters from /global/cfs/cdirs/desi/users/jqzou/dla_finder/prediction/model/train_midsnr/train_midsnr/current_99999.ckpt
INFO:tensorflow:Restoring parameters from /global/cfs/cdirs/desi/users/jqzou/dla_finder/prediction/model/train_lowsnr/train_lowsnr/current_99999.ckpt
2024-01-18 17:12:29.248143: I tensorflow/compiler/jit/xla_gpu_device.cc:99] Not creating XLA devices, tf_xla_enable_xla_devices not set
INFO:tensorflow:Restoring parameters from /global/cfs/cdirs/desi/users/jqzou/dla_finder/prediction/model/train_lowsnr/train_lowsnr/current_99999.ckpt
2024-01-18 17:12:29.352666: I tensorflow/compiler/jit/xla_gpu_device.cc:99] Not creating XLA devices, tf_xla_enable_xla_devices not set
2024-01-18 17:12:29.364104: I tensorflow/compiler/jit/xla_gpu_device.cc:99] Not creating XLA devices, tf_xla_enable_xla_devices not set
 77%|█████████████████████████████████████████████████████████████████████████████████████████████▍                            | 680/888 [01:06<00:11, 17.64it/s]INFO:tensorflow:Restoring parameters from /global/cfs/cdirs/desi/users/jqzou/dla_finder/prediction/model/train_lowsnr/train_lowsnr/current_99999.ckpt
INFO:tensorflow:Restoring parameters from /global/cfs/cdirs/desi/users/jqzou/dla_finder/prediction/model/train_lowsnr/train_lowsnr/current_99999.ckpt
2024-01-18 17:12:29.593309: I tensorflow/compiler/jit/xla_gpu_device.cc:99] Not creating XLA devices, tf_xla_enable_xla_devices not set
2024-01-18 17:12:29.883425: I tensorflow/compiler/jit/xla_gpu_device.cc:99] Not creating XLA devices, tf_xla_enable_xla_devices not set
2024-01-18 17:12:29.963356: I tensorflow/compiler/jit/xla_gpu_device.cc:99] Not creating XLA devices, tf_xla_enable_xla_devices not set
2024-01-18 17:12:29.965693: I tensorflow/compiler/jit/xla_gpu_device.cc:99] Not creating XLA devices, tf_xla_enable_xla_devices not set
INFO:tensorflow:Restoring parameters from /global/cfs/cdirs/desi/users/jqzou/dla_finder/prediction/model/train_lowsnr/train_lowsnr/current_99999.ckpt
INFO:tensorflow:Restoring parameters from /global/cfs/cdirs/desi/users/jqzou/dla_finder/prediction/model/train_lowsnr/train_lowsnr/current_99999.ckpt
INFO:tensorflow:Restoring parameters from /global/cfs/cdirs/desi/users/jqzou/dla_finder/prediction/model/train_lowsnr/train_lowsnr/current_99999.ckpt
INFO:tensorflow:Restoring parameters from /global/cfs/cdirs/desi/users/jqzou/dla_finder/prediction/model/train_lowsnr/train_lowsnr/current_99999.ckpt
2024-01-18 17:12:30.305152: I tensorflow/compiler/jit/xla_gpu_device.cc:99] Not creating XLA devices, tf_xla_enable_xla_devices not set
INFO:tensorflow:Restoring parameters from /global/cfs/cdirs/desi/users/jqzou/dla_finder/prediction/model/train_lowsnr/train_lowsnr/current_99999.ckpt
2024-01-18 17:12:30.469164: I tensorflow/compiler/jit/xla_gpu_device.cc:99] Not creating XLA devices, tf_xla_enable_xla_devices not set
INFO:tensorflow:Restoring parameters from /global/cfs/cdirs/desi/users/jqzou/dla_finder/prediction/model/train_midsnr/train_midsnr/current_99999.ckpt
2024-01-18 17:12:30.679154: I tensorflow/compiler/jit/xla_gpu_device.cc:99] Not creating XLA devices, tf_xla_enable_xla_devices not set
INFO:tensorflow:Restoring parameters from /global/cfs/cdirs/desi/users/jqzou/dla_finder/prediction/model/train_lowsnr/train_lowsnr/current_99999.ckpt
2024-01-18 17:12:30.933854: I tensorflow/compiler/jit/xla_gpu_device.cc:99] Not creating XLA devices, tf_xla_enable_xla_devices not set
INFO:tensorflow:Restoring parameters from /global/cfs/cdirs/desi/users/jqzou/dla_finder/prediction/model/train_lowsnr/train_lowsnr/current_99999.ckpt
2024-01-18 17:12:31.043434: I tensorflow/compiler/jit/xla_gpu_device.cc:99] Not creating XLA devices, tf_xla_enable_xla_devices not set
2024-01-18 17:12:31.046929: I tensorflow/compiler/jit/xla_gpu_device.cc:99] Not creating XLA devices, tf_xla_enable_xla_devices not set
INFO:tensorflow:Restoring parameters from /global/cfs/cdirs/desi/users/jqzou/dla_finder/prediction/model/train_lowsnr/train_lowsnr/current_99999.ckpt
INFO:tensorflow:Restoring parameters from /global/cfs/cdirs/desi/users/jqzou/dla_finder/prediction/model/train_lowsnr/train_lowsnr/current_99999.ckpt
2024-01-18 17:12:31.207578: I tensorflow/compiler/jit/xla_gpu_device.cc:99] Not creating XLA devices, tf_xla_enable_xla_devices not set
2024-01-18 17:12:31.218606: I tensorflow/compiler/jit/xla_gpu_device.cc:99] Not creating XLA devices, tf_xla_enable_xla_devices not set
2024-01-18 17:12:31.230678: I tensorflow/compiler/jit/xla_gpu_device.cc:99] Not creating XLA devices, tf_xla_enable_xla_devices not set
INFO:tensorflow:Restoring parameters from /global/cfs/cdirs/desi/users/jqzou/dla_finder/prediction/model/train_lowsnr/train_lowsnr/current_99999.ckpt
INFO:tensorflow:Restoring parameters from /global/cfs/cdirs/desi/users/jqzou/dla_finder/prediction/model/train_lowsnr/train_lowsnr/current_99999.ckpt
INFO:tensorflow:Restoring parameters from /global/cfs/cdirs/desi/users/jqzou/dla_finder/prediction/model/train_lowsnr/train_lowsnr/current_99999.ckpt
2024-01-18 17:12:31.421595: I tensorflow/compiler/jit/xla_gpu_device.cc:99] Not creating XLA devices, tf_xla_enable_xla_devices not set
INFO:tensorflow:Restoring parameters from /global/cfs/cdirs/desi/users/jqzou/dla_finder/prediction/model/train_lowsnr/train_lowsnr/current_99999.ckpt
2024-01-18 17:12:31.687048: I tensorflow/compiler/jit/xla_gpu_device.cc:99] Not creating XLA devices, tf_xla_enable_xla_devices not set
INFO:tensorflow:Restoring parameters from /global/cfs/cdirs/desi/users/jqzou/dla_finder/prediction/model/train_lowsnr/train_lowsnr/current_99999.ckpt
2024-01-18 17:12:32.101135: I tensorflow/compiler/jit/xla_gpu_device.cc:99] Not creating XLA devices, tf_xla_enable_xla_devices not set
2024-01-18 17:12:32.239637: I tensorflow/compiler/jit/xla_gpu_device.cc:99] Not creating XLA devices, tf_xla_enable_xla_devices not set
INFO:tensorflow:Restoring parameters from /global/cfs/cdirs/desi/users/jqzou/dla_finder/prediction/model/train_lowsnr/train_lowsnr/current_99999.ckpt
INFO:tensorflow:Restoring parameters from /global/cfs/cdirs/desi/users/jqzou/dla_finder/prediction/model/train_midsnr/train_midsnr/current_99999.ckpt
2024-01-18 17:12:32.342886: I tensorflow/compiler/jit/xla_gpu_device.cc:99] Not creating XLA devices, tf_xla_enable_xla_devices not set
INFO:tensorflow:Restoring parameters from /global/cfs/cdirs/desi/users/jqzou/dla_finder/prediction/model/train_lowsnr/train_lowsnr/current_99999.ckpt
2024-01-18 17:12:32.451151: I tensorflow/compiler/jit/xla_gpu_device.cc:99] Not creating XLA devices, tf_xla_enable_xla_devices not set
2024-01-18 17:12:32.523647: I tensorflow/compiler/jit/xla_gpu_device.cc:99] Not creating XLA devices, tf_xla_enable_xla_devices not set
INFO:tensorflow:Restoring parameters from /global/cfs/cdirs/desi/users/jqzou/dla_finder/prediction/model/train_midsnr/train_midsnr/current_99999.ckpt
 77%|██████████████████████████████████████████████████████████████████████████████████████████████▌                           | 688/888 [01:09<00:26,  7.66it/s]INFO:tensorflow:Restoring parameters from /global/cfs/cdirs/desi/users/jqzou/dla_finder/prediction/model/train_midsnr/train_midsnr/current_99999.ckpt
2024-01-18 17:12:32.807304: I tensorflow/compiler/jit/xla_gpu_device.cc:99] Not creating XLA devices, tf_xla_enable_xla_devices not set
2024-01-18 17:12:32.862952: I tensorflow/compiler/jit/xla_gpu_device.cc:99] Not creating XLA devices, tf_xla_enable_xla_devices not set
INFO:tensorflow:Restoring parameters from /global/cfs/cdirs/desi/users/jqzou/dla_finder/prediction/model/train_midsnr/train_midsnr/current_99999.ckpt
INFO:tensorflow:Restoring parameters from /global/cfs/cdirs/desi/users/jqzou/dla_finder/prediction/model/train_lowsnr/train_lowsnr/current_99999.ckpt
2024-01-18 17:12:33.073000: I tensorflow/compiler/jit/xla_gpu_device.cc:99] Not creating XLA devices, tf_xla_enable_xla_devices not set
2024-01-18 17:12:33.082939: I tensorflow/compiler/jit/xla_gpu_device.cc:99] Not creating XLA devices, tf_xla_enable_xla_devices not set
INFO:tensorflow:Restoring parameters from /global/cfs/cdirs/desi/users/jqzou/dla_finder/prediction/model/train_lowsnr/train_lowsnr/current_99999.ckpt
INFO:tensorflow:Restoring parameters from /global/cfs/cdirs/desi/users/jqzou/dla_finder/prediction/model/train_lowsnr/train_lowsnr/current_99999.ckpt
2024-01-18 17:12:33.427067: I tensorflow/compiler/jit/xla_gpu_device.cc:99] Not creating XLA devices, tf_xla_enable_xla_devices not set
2024-01-18 17:12:33.442391: I tensorflow/compiler/jit/xla_gpu_device.cc:99] Not creating XLA devices, tf_xla_enable_xla_devices not set
2024-01-18 17:12:33.448480: I tensorflow/compiler/jit/xla_gpu_device.cc:99] Not creating XLA devices, tf_xla_enable_xla_devices not set
2024-01-18 17:12:33.485343: I tensorflow/compiler/jit/xla_gpu_device.cc:99] Not creating XLA devices, tf_xla_enable_xla_devices not set
INFO:tensorflow:Restoring parameters from /global/cfs/cdirs/desi/users/jqzou/dla_finder/prediction/model/train_lowsnr/train_lowsnr/current_99999.ckpt
INFO:tensorflow:Restoring parameters from /global/cfs/cdirs/desi/users/jqzou/dla_finder/prediction/model/train_lowsnr/train_lowsnr/current_99999.ckpt
INFO:tensorflow:Restoring parameters from /global/cfs/cdirs/desi/users/jqzou/dla_finder/prediction/model/train_lowsnr/train_lowsnr/current_99999.ckpt
INFO:tensorflow:Restoring parameters from /global/cfs/cdirs/desi/users/jqzou/dla_finder/prediction/model/train_lowsnr/train_lowsnr/current_99999.ckpt
2024-01-18 17:12:33.561485: I tensorflow/compiler/jit/xla_gpu_device.cc:99] Not creating XLA devices, tf_xla_enable_xla_devices not set
2024-01-18 17:12:33.564533: I tensorflow/compiler/jit/xla_gpu_device.cc:99] Not creating XLA devices, tf_xla_enable_xla_devices not set
INFO:tensorflow:Restoring parameters from /global/cfs/cdirs/desi/users/jqzou/dla_finder/prediction/model/train_lowsnr/train_lowsnr/current_99999.ckpt
INFO:tensorflow:Restoring parameters from /global/cfs/cdirs/desi/users/jqzou/dla_finder/prediction/model/train_midsnr/train_midsnr/current_99999.ckpt
 78%|███████████████████████████████████████████████████████████████████████████████████████████████▌                          | 696/888 [01:11<00:26,  7.32it/s]2024-01-18 17:12:34.105583: I tensorflow/compiler/jit/xla_gpu_device.cc:99] Not creating XLA devices, tf_xla_enable_xla_devices not set
2024-01-18 17:12:34.163033: I tensorflow/compiler/jit/xla_gpu_device.cc:99] Not creating XLA devices, tf_xla_enable_xla_devices not set
INFO:tensorflow:Restoring parameters from /global/cfs/cdirs/desi/users/jqzou/dla_finder/prediction/model/train_lowsnr/train_lowsnr/current_99999.ckpt
INFO:tensorflow:Restoring parameters from /global/cfs/cdirs/desi/users/jqzou/dla_finder/prediction/model/train_lowsnr/train_lowsnr/current_99999.ckpt
2024-01-18 17:12:34.605880: I tensorflow/compiler/jit/xla_gpu_device.cc:99] Not creating XLA devices, tf_xla_enable_xla_devices not set
2024-01-18 17:12:34.680036: I tensorflow/compiler/jit/xla_gpu_device.cc:99] Not creating XLA devices, tf_xla_enable_xla_devices not set
INFO:tensorflow:Restoring parameters from /global/cfs/cdirs/desi/users/jqzou/dla_finder/prediction/model/train_lowsnr/train_lowsnr/current_99999.ckpt
INFO:tensorflow:Restoring parameters from /global/cfs/cdirs/desi/users/jqzou/dla_finder/prediction/model/train_midsnr/train_midsnr/current_99999.ckpt
2024-01-18 17:12:34.811490: I tensorflow/compiler/jit/xla_gpu_device.cc:99] Not creating XLA devices, tf_xla_enable_xla_devices not set
 80%|█████████████████████████████████████████████████████████████████████████████████████████████████▊                        | 712/888 [01:12<00:18,  9.58it/s]INFO:tensorflow:Restoring parameters from /global/cfs/cdirs/desi/users/jqzou/dla_finder/prediction/model/train_midsnr/train_midsnr/current_99999.ckpt
2024-01-18 17:12:35.134514: I tensorflow/compiler/jit/xla_gpu_device.cc:99] Not creating XLA devices, tf_xla_enable_xla_devices not set
2024-01-18 17:12:35.157741: I tensorflow/compiler/jit/xla_gpu_device.cc:99] Not creating XLA devices, tf_xla_enable_xla_devices not set
2024-01-18 17:12:35.176793: I tensorflow/compiler/jit/xla_gpu_device.cc:99] Not creating XLA devices, tf_xla_enable_xla_devices not set
2024-01-18 17:12:35.194962: I tensorflow/compiler/jit/xla_gpu_device.cc:99] Not creating XLA devices, tf_xla_enable_xla_devices not set
INFO:tensorflow:Restoring parameters from /global/cfs/cdirs/desi/users/jqzou/dla_finder/prediction/model/train_midsnr/train_midsnr/current_99999.ckpt
INFO:tensorflow:Restoring parameters from /global/cfs/cdirs/desi/users/jqzou/dla_finder/prediction/model/train_lowsnr/train_lowsnr/current_99999.ckpt
INFO:tensorflow:Restoring parameters from /global/cfs/cdirs/desi/users/jqzou/dla_finder/prediction/model/train_midsnr/train_midsnr/current_99999.ckpt
INFO:tensorflow:Restoring parameters from /global/cfs/cdirs/desi/users/jqzou/dla_finder/prediction/model/train_lowsnr/train_lowsnr/current_99999.ckpt
2024-01-18 17:12:35.579444: I tensorflow/compiler/jit/xla_gpu_device.cc:99] Not creating XLA devices, tf_xla_enable_xla_devices not set
2024-01-18 17:12:35.606874: I tensorflow/compiler/jit/xla_gpu_device.cc:99] Not creating XLA devices, tf_xla_enable_xla_devices not set
INFO:tensorflow:Restoring parameters from /global/cfs/cdirs/desi/users/jqzou/dla_finder/prediction/model/train_lowsnr/train_lowsnr/current_99999.ckpt
INFO:tensorflow:Restoring parameters from /global/cfs/cdirs/desi/users/jqzou/dla_finder/prediction/model/train_midsnr/train_midsnr/current_99999.ckpt
2024-01-18 17:12:35.687716: I tensorflow/compiler/jit/xla_gpu_device.cc:99] Not creating XLA devices, tf_xla_enable_xla_devices not set
2024-01-18 17:12:35.743208: I tensorflow/compiler/jit/xla_gpu_device.cc:99] Not creating XLA devices, tf_xla_enable_xla_devices not set
2024-01-18 17:12:35.757839: I tensorflow/compiler/jit/xla_gpu_device.cc:99] Not creating XLA devices, tf_xla_enable_xla_devices not set
INFO:tensorflow:Restoring parameters from /global/cfs/cdirs/desi/users/jqzou/dla_finder/prediction/model/train_lowsnr/train_lowsnr/current_99999.ckpt
INFO:tensorflow:Restoring parameters from /global/cfs/cdirs/desi/users/jqzou/dla_finder/prediction/model/train_lowsnr/train_lowsnr/current_99999.ckpt
INFO:tensorflow:Restoring parameters from /global/cfs/cdirs/desi/users/jqzou/dla_finder/prediction/model/train_lowsnr/train_lowsnr/current_99999.ckpt
2024-01-18 17:12:35.876405: I tensorflow/compiler/jit/xla_gpu_device.cc:99] Not creating XLA devices, tf_xla_enable_xla_devices not set
2024-01-18 17:12:35.884184: I tensorflow/compiler/jit/xla_gpu_device.cc:99] Not creating XLA devices, tf_xla_enable_xla_devices not set
2024-01-18 17:12:35.897193: I tensorflow/compiler/jit/xla_gpu_device.cc:99] Not creating XLA devices, tf_xla_enable_xla_devices not set
2024-01-18 17:12:35.919094: I tensorflow/compiler/jit/xla_gpu_device.cc:99] Not creating XLA devices, tf_xla_enable_xla_devices not set
INFO:tensorflow:Restoring parameters from /global/cfs/cdirs/desi/users/jqzou/dla_finder/prediction/model/train_lowsnr/train_lowsnr/current_99999.ckpt
INFO:tensorflow:Restoring parameters from /global/cfs/cdirs/desi/users/jqzou/dla_finder/prediction/model/train_lowsnr/train_lowsnr/current_99999.ckpt
INFO:tensorflow:Restoring parameters from /global/cfs/cdirs/desi/users/jqzou/dla_finder/prediction/model/train_midsnr/train_midsnr/current_99999.ckpt
2024-01-18 17:12:35.970409: I tensorflow/compiler/jit/xla_gpu_device.cc:99] Not creating XLA devices, tf_xla_enable_xla_devices not set
INFO:tensorflow:Restoring parameters from /global/cfs/cdirs/desi/users/jqzou/dla_finder/prediction/model/train_lowsnr/train_lowsnr/current_99999.ckpt
INFO:tensorflow:Restoring parameters from /global/cfs/cdirs/desi/users/jqzou/dla_finder/prediction/model/train_midsnr/train_midsnr/current_99999.ckpt
2024-01-18 17:12:36.309950: I tensorflow/compiler/jit/xla_gpu_device.cc:99] Not creating XLA devices, tf_xla_enable_xla_devices not set
INFO:tensorflow:Restoring parameters from /global/cfs/cdirs/desi/users/jqzou/dla_finder/prediction/model/train_midsnr/train_midsnr/current_99999.ckpt
2024-01-18 17:12:36.538266: I tensorflow/compiler/jit/xla_gpu_device.cc:99] Not creating XLA devices, tf_xla_enable_xla_devices not set
2024-01-18 17:12:36.600799: I tensorflow/compiler/jit/xla_gpu_device.cc:99] Not creating XLA devices, tf_xla_enable_xla_devices not set
INFO:tensorflow:Restoring parameters from /global/cfs/cdirs/desi/users/jqzou/dla_finder/prediction/model/train_lowsnr/train_lowsnr/current_99999.ckpt
INFO:tensorflow:Restoring parameters from /global/cfs/cdirs/desi/users/jqzou/dla_finder/prediction/model/train_lowsnr/train_lowsnr/current_99999.ckpt
2024-01-18 17:12:36.852899: I tensorflow/compiler/jit/xla_gpu_device.cc:99] Not creating XLA devices, tf_xla_enable_xla_devices not set
INFO:tensorflow:Restoring parameters from /global/cfs/cdirs/desi/users/jqzou/dla_finder/prediction/model/train_lowsnr/train_lowsnr/current_99999.ckpt
 81%|██████████████████████████████████████████████████████████████████████████████████████████████████▉                       | 720/888 [01:14<00:23,  7.15it/s]2024-01-18 17:12:36.986520: I tensorflow/compiler/jit/xla_gpu_device.cc:99] Not creating XLA devices, tf_xla_enable_xla_devices not set
INFO:tensorflow:Restoring parameters from /global/cfs/cdirs/desi/users/jqzou/dla_finder/prediction/model/train_lowsnr/train_lowsnr/current_99999.ckpt
2024-01-18 17:12:37.095853: I tensorflow/compiler/jit/xla_gpu_device.cc:99] Not creating XLA devices, tf_xla_enable_xla_devices not set
INFO:tensorflow:Restoring parameters from /global/cfs/cdirs/desi/users/jqzou/dla_finder/prediction/model/train_lowsnr/train_lowsnr/current_99999.ckpt
2024-01-18 17:12:37.382635: I tensorflow/compiler/jit/xla_gpu_device.cc:99] Not creating XLA devices, tf_xla_enable_xla_devices not set
2024-01-18 17:12:37.416885: I tensorflow/compiler/jit/xla_gpu_device.cc:99] Not creating XLA devices, tf_xla_enable_xla_devices not set
2024-01-18 17:12:37.437036: I tensorflow/compiler/jit/xla_gpu_device.cc:99] Not creating XLA devices, tf_xla_enable_xla_devices not set
INFO:tensorflow:Restoring parameters from /global/cfs/cdirs/desi/users/jqzou/dla_finder/prediction/model/train_lowsnr/train_lowsnr/current_99999.ckpt
2024-01-18 17:12:37.480350: I tensorflow/compiler/jit/xla_gpu_device.cc:99] Not creating XLA devices, tf_xla_enable_xla_devices not set
INFO:tensorflow:Restoring parameters from /global/cfs/cdirs/desi/users/jqzou/dla_finder/prediction/model/train_midsnr/train_midsnr/current_99999.ckpt
INFO:tensorflow:Restoring parameters from /global/cfs/cdirs/desi/users/jqzou/dla_finder/prediction/model/train_lowsnr/train_lowsnr/current_99999.ckpt
INFO:tensorflow:Restoring parameters from /global/cfs/cdirs/desi/users/jqzou/dla_finder/prediction/model/train_lowsnr/train_lowsnr/current_99999.ckpt
2024-01-18 17:12:37.773601: I tensorflow/compiler/jit/xla_gpu_device.cc:99] Not creating XLA devices, tf_xla_enable_xla_devices not set
INFO:tensorflow:Restoring parameters from /global/cfs/cdirs/desi/users/jqzou/dla_finder/prediction/model/train_lowsnr/train_lowsnr/current_99999.ckpt
2024-01-18 17:12:37.912167: I tensorflow/compiler/jit/xla_gpu_device.cc:99] Not creating XLA devices, tf_xla_enable_xla_devices not set
2024-01-18 17:12:37.969062: I tensorflow/compiler/jit/xla_gpu_device.cc:99] Not creating XLA devices, tf_xla_enable_xla_devices not set
INFO:tensorflow:Restoring parameters from /global/cfs/cdirs/desi/users/jqzou/dla_finder/prediction/model/train_lowsnr/train_lowsnr/current_99999.ckpt
INFO:tensorflow:Restoring parameters from /global/cfs/cdirs/desi/users/jqzou/dla_finder/prediction/model/train_midsnr/train_midsnr/current_99999.ckpt
2024-01-18 17:12:38.504857: I tensorflow/compiler/jit/xla_gpu_device.cc:99] Not creating XLA devices, tf_xla_enable_xla_devices not set
INFO:tensorflow:Restoring parameters from /global/cfs/cdirs/desi/users/jqzou/dla_finder/prediction/model/train_midsnr/train_midsnr/current_99999.ckpt
2024-01-18 17:12:38.604440: I tensorflow/compiler/jit/xla_gpu_device.cc:99] Not creating XLA devices, tf_xla_enable_xla_devices not set
INFO:tensorflow:Restoring parameters from /global/cfs/cdirs/desi/users/jqzou/dla_finder/prediction/model/train_lowsnr/train_lowsnr/current_99999.ckpt
2024-01-18 17:12:38.739680: I tensorflow/compiler/jit/xla_gpu_device.cc:99] Not creating XLA devices, tf_xla_enable_xla_devices not set
2024-01-18 17:12:38.759015: I tensorflow/compiler/jit/xla_gpu_device.cc:99] Not creating XLA devices, tf_xla_enable_xla_devices not set
2024-01-18 17:12:38.780615: I tensorflow/compiler/jit/xla_gpu_device.cc:99] Not creating XLA devices, tf_xla_enable_xla_devices not set
INFO:tensorflow:Restoring parameters from /global/cfs/cdirs/desi/users/jqzou/dla_finder/prediction/model/train_lowsnr/train_lowsnr/current_99999.ckpt
INFO:tensorflow:Restoring parameters from /global/cfs/cdirs/desi/users/jqzou/dla_finder/prediction/model/train_lowsnr/train_lowsnr/current_99999.ckpt
INFO:tensorflow:Restoring parameters from /global/cfs/cdirs/desi/users/jqzou/dla_finder/prediction/model/train_lowsnr/train_lowsnr/current_99999.ckpt
2024-01-18 17:12:39.171584: I tensorflow/compiler/jit/xla_gpu_device.cc:99] Not creating XLA devices, tf_xla_enable_xla_devices not set
INFO:tensorflow:Restoring parameters from /global/cfs/cdirs/desi/users/jqzou/dla_finder/prediction/model/train_lowsnr/train_lowsnr/current_99999.ckpt
2024-01-18 17:12:39.429518: I tensorflow/compiler/jit/xla_gpu_device.cc:99] Not creating XLA devices, tf_xla_enable_xla_devices not set
INFO:tensorflow:Restoring parameters from /global/cfs/cdirs/desi/users/jqzou/dla_finder/prediction/model/train_lowsnr/train_lowsnr/current_99999.ckpt
2024-01-18 17:12:39.546813: I tensorflow/compiler/jit/xla_gpu_device.cc:99] Not creating XLA devices, tf_xla_enable_xla_devices not set
2024-01-18 17:12:39.556249: I tensorflow/compiler/jit/xla_gpu_device.cc:99] Not creating XLA devices, tf_xla_enable_xla_devices not set
2024-01-18 17:12:39.591615: I tensorflow/compiler/jit/xla_gpu_device.cc:99] Not creating XLA devices, tf_xla_enable_xla_devices not set
INFO:tensorflow:Restoring parameters from /global/cfs/cdirs/desi/users/jqzou/dla_finder/prediction/model/train_lowsnr/train_lowsnr/current_99999.ckpt
INFO:tensorflow:Restoring parameters from /global/cfs/cdirs/desi/users/jqzou/dla_finder/prediction/model/train_midsnr/train_midsnr/current_99999.ckpt
INFO:tensorflow:Restoring parameters from /global/cfs/cdirs/desi/users/jqzou/dla_finder/prediction/model/train_lowsnr/train_lowsnr/current_99999.ckpt
2024-01-18 17:12:39.851461: I tensorflow/compiler/jit/xla_gpu_device.cc:99] Not creating XLA devices, tf_xla_enable_xla_devices not set
2024-01-18 17:12:39.859230: I tensorflow/compiler/jit/xla_gpu_device.cc:99] Not creating XLA devices, tf_xla_enable_xla_devices not set
INFO:tensorflow:Restoring parameters from /global/cfs/cdirs/desi/users/jqzou/dla_finder/prediction/model/train_lowsnr/train_lowsnr/current_99999.ckpt
INFO:tensorflow:Restoring parameters from /global/cfs/cdirs/desi/users/jqzou/dla_finder/prediction/model/train_lowsnr/train_lowsnr/current_99999.ckpt
2024-01-18 17:12:39.946475: I tensorflow/compiler/jit/xla_gpu_device.cc:99] Not creating XLA devices, tf_xla_enable_xla_devices not set
INFO:tensorflow:Restoring parameters from /global/cfs/cdirs/desi/users/jqzou/dla_finder/prediction/model/train_lowsnr/train_lowsnr/current_99999.ckpt
2024-01-18 17:12:40.053231: I tensorflow/compiler/jit/xla_gpu_device.cc:99] Not creating XLA devices, tf_xla_enable_xla_devices not set
INFO:tensorflow:Restoring parameters from /global/cfs/cdirs/desi/users/jqzou/dla_finder/prediction/model/train_lowsnr/train_lowsnr/current_99999.ckpt
2024-01-18 17:12:40.336813: I tensorflow/compiler/jit/xla_gpu_device.cc:99] Not creating XLA devices, tf_xla_enable_xla_devices not set
2024-01-18 17:12:40.377506: I tensorflow/compiler/jit/xla_gpu_device.cc:99] Not creating XLA devices, tf_xla_enable_xla_devices not set
INFO:tensorflow:Restoring parameters from /global/cfs/cdirs/desi/users/jqzou/dla_finder/prediction/model/train_lowsnr/train_lowsnr/current_99999.ckpt
INFO:tensorflow:Restoring parameters from /global/cfs/cdirs/desi/users/jqzou/dla_finder/prediction/model/train_lowsnr/train_lowsnr/current_99999.ckpt
2024-01-18 17:12:40.532619: I tensorflow/compiler/jit/xla_gpu_device.cc:99] Not creating XLA devices, tf_xla_enable_xla_devices not set
2024-01-18 17:12:40.552174: I tensorflow/compiler/jit/xla_gpu_device.cc:99] Not creating XLA devices, tf_xla_enable_xla_devices not set
INFO:tensorflow:Restoring parameters from /global/cfs/cdirs/desi/users/jqzou/dla_finder/prediction/model/train_midsnr/train_midsnr/current_99999.ckpt
2024-01-18 17:12:40.601852: I tensorflow/compiler/jit/xla_gpu_device.cc:99] Not creating XLA devices, tf_xla_enable_xla_devices not set
INFO:tensorflow:Restoring parameters from /global/cfs/cdirs/desi/users/jqzou/dla_finder/prediction/model/train_lowsnr/train_lowsnr/current_99999.ckpt
INFO:tensorflow:Restoring parameters from /global/cfs/cdirs/desi/users/jqzou/dla_finder/prediction/model/train_lowsnr/train_lowsnr/current_99999.ckpt
2024-01-18 17:12:40.722171: I tensorflow/compiler/jit/xla_gpu_device.cc:99] Not creating XLA devices, tf_xla_enable_xla_devices not set
2024-01-18 17:12:40.763156: I tensorflow/compiler/jit/xla_gpu_device.cc:99] Not creating XLA devices, tf_xla_enable_xla_devices not set
INFO:tensorflow:Restoring parameters from /global/cfs/cdirs/desi/users/jqzou/dla_finder/prediction/model/train_lowsnr/train_lowsnr/current_99999.ckpt
INFO:tensorflow:Restoring parameters from /global/cfs/cdirs/desi/users/jqzou/dla_finder/prediction/model/train_midsnr/train_midsnr/current_99999.ckpt
2024-01-18 17:12:40.935429: I tensorflow/compiler/jit/xla_gpu_device.cc:99] Not creating XLA devices, tf_xla_enable_xla_devices not set
INFO:tensorflow:Restoring parameters from /global/cfs/cdirs/desi/users/jqzou/dla_finder/prediction/model/train_lowsnr/train_lowsnr/current_99999.ckpt
2024-01-18 17:12:41.132446: I tensorflow/compiler/jit/xla_gpu_device.cc:99] Not creating XLA devices, tf_xla_enable_xla_devices not set
INFO:tensorflow:Restoring parameters from /global/cfs/cdirs/desi/users/jqzou/dla_finder/prediction/model/train_lowsnr/train_lowsnr/current_99999.ckpt
2024-01-18 17:12:41.337658: I tensorflow/compiler/jit/xla_gpu_device.cc:99] Not creating XLA devices, tf_xla_enable_xla_devices not set
INFO:tensorflow:Restoring parameters from /global/cfs/cdirs/desi/users/jqzou/dla_finder/prediction/model/train_lowsnr/train_lowsnr/current_99999.ckpt
2024-01-18 17:12:41.440548: I tensorflow/compiler/jit/xla_gpu_device.cc:99] Not creating XLA devices, tf_xla_enable_xla_devices not set
2024-01-18 17:12:41.466906: I tensorflow/compiler/jit/xla_gpu_device.cc:99] Not creating XLA devices, tf_xla_enable_xla_devices not set
INFO:tensorflow:Restoring parameters from /global/cfs/cdirs/desi/users/jqzou/dla_finder/prediction/model/train_lowsnr/train_lowsnr/current_99999.ckpt
INFO:tensorflow:Restoring parameters from /global/cfs/cdirs/desi/users/jqzou/dla_finder/prediction/model/train_lowsnr/train_lowsnr/current_99999.ckpt
2024-01-18 17:12:41.944389: I tensorflow/compiler/jit/xla_gpu_device.cc:99] Not creating XLA devices, tf_xla_enable_xla_devices not set
INFO:tensorflow:Restoring parameters from /global/cfs/cdirs/desi/users/jqzou/dla_finder/prediction/model/train_lowsnr/train_lowsnr/current_99999.ckpt
2024-01-18 17:12:42.076470: I tensorflow/compiler/jit/xla_gpu_device.cc:99] Not creating XLA devices, tf_xla_enable_xla_devices not set
2024-01-18 17:12:42.080860: I tensorflow/compiler/jit/xla_gpu_device.cc:99] Not creating XLA devices, tf_xla_enable_xla_devices not set
INFO:tensorflow:Restoring parameters from /global/cfs/cdirs/desi/users/jqzou/dla_finder/prediction/model/train_midsnr/train_midsnr/current_99999.ckpt
INFO:tensorflow:Restoring parameters from /global/cfs/cdirs/desi/users/jqzou/dla_finder/prediction/model/train_lowsnr/train_lowsnr/current_99999.ckpt
2024-01-18 17:12:42.338089: I tensorflow/compiler/jit/xla_gpu_device.cc:99] Not creating XLA devices, tf_xla_enable_xla_devices not set
2024-01-18 17:12:42.382723: I tensorflow/compiler/jit/xla_gpu_device.cc:99] Not creating XLA devices, tf_xla_enable_xla_devices not set
INFO:tensorflow:Restoring parameters from /global/cfs/cdirs/desi/users/jqzou/dla_finder/prediction/model/train_lowsnr/train_lowsnr/current_99999.ckpt
INFO:tensorflow:Restoring parameters from /global/cfs/cdirs/desi/users/jqzou/dla_finder/prediction/model/train_lowsnr/train_lowsnr/current_99999.ckpt
2024-01-18 17:12:42.578219: I tensorflow/compiler/jit/xla_gpu_device.cc:99] Not creating XLA devices, tf_xla_enable_xla_devices not set
2024-01-18 17:12:42.621404: I tensorflow/compiler/jit/xla_gpu_device.cc:99] Not creating XLA devices, tf_xla_enable_xla_devices not set
INFO:tensorflow:Restoring parameters from /global/cfs/cdirs/desi/users/jqzou/dla_finder/prediction/model/train_lowsnr/train_lowsnr/current_99999.ckpt
INFO:tensorflow:Restoring parameters from /global/cfs/cdirs/desi/users/jqzou/dla_finder/prediction/model/train_lowsnr/train_lowsnr/current_99999.ckpt
2024-01-18 17:12:42.942768: I tensorflow/compiler/jit/xla_gpu_device.cc:99] Not creating XLA devices, tf_xla_enable_xla_devices not set
2024-01-18 17:12:42.978461: I tensorflow/compiler/jit/xla_gpu_device.cc:99] Not creating XLA devices, tf_xla_enable_xla_devices not set
INFO:tensorflow:Restoring parameters from /global/cfs/cdirs/desi/users/jqzou/dla_finder/prediction/model/train_lowsnr/train_lowsnr/current_99999.ckpt
INFO:tensorflow:Restoring parameters from /global/cfs/cdirs/desi/users/jqzou/dla_finder/prediction/model/train_midsnr/train_midsnr/current_99999.ckpt
2024-01-18 17:12:43.221675: I tensorflow/compiler/jit/xla_gpu_device.cc:99] Not creating XLA devices, tf_xla_enable_xla_devices not set
INFO:tensorflow:Restoring parameters from /global/cfs/cdirs/desi/users/jqzou/dla_finder/prediction/model/train_lowsnr/train_lowsnr/current_99999.ckpt
2024-01-18 17:12:43.364430: I tensorflow/compiler/jit/xla_gpu_device.cc:99] Not creating XLA devices, tf_xla_enable_xla_devices not set
INFO:tensorflow:Restoring parameters from /global/cfs/cdirs/desi/users/jqzou/dla_finder/prediction/model/train_lowsnr/train_lowsnr/current_99999.ckpt
2024-01-18 17:12:43.695802: I tensorflow/compiler/jit/xla_gpu_device.cc:99] Not creating XLA devices, tf_xla_enable_xla_devices not set
INFO:tensorflow:Restoring parameters from /global/cfs/cdirs/desi/users/jqzou/dla_finder/prediction/model/train_lowsnr/train_lowsnr/current_99999.ckpt
2024-01-18 17:12:43.823317: I tensorflow/compiler/jit/xla_gpu_device.cc:99] Not creating XLA devices, tf_xla_enable_xla_devices not set
INFO:tensorflow:Restoring parameters from /global/cfs/cdirs/desi/users/jqzou/dla_finder/prediction/model/train_lowsnr/train_lowsnr/current_99999.ckpt
2024-01-18 17:12:43.951350: I tensorflow/compiler/jit/xla_gpu_device.cc:99] Not creating XLA devices, tf_xla_enable_xla_devices not set
INFO:tensorflow:Restoring parameters from /global/cfs/cdirs/desi/users/jqzou/dla_finder/prediction/model/train_lowsnr/train_lowsnr/current_99999.ckpt
2024-01-18 17:12:44.173065: I tensorflow/compiler/jit/xla_gpu_device.cc:99] Not creating XLA devices, tf_xla_enable_xla_devices not set
INFO:tensorflow:Restoring parameters from /global/cfs/cdirs/desi/users/jqzou/dla_finder/prediction/model/train_lowsnr/train_lowsnr/current_99999.ckpt
2024-01-18 17:12:44.318526: I tensorflow/compiler/jit/xla_gpu_device.cc:99] Not creating XLA devices, tf_xla_enable_xla_devices not set
2024-01-18 17:12:44.416388: I tensorflow/compiler/jit/xla_gpu_device.cc:99] Not creating XLA devices, tf_xla_enable_xla_devices not set
INFO:tensorflow:Restoring parameters from /global/cfs/cdirs/desi/users/jqzou/dla_finder/prediction/model/train_lowsnr/train_lowsnr/current_99999.ckpt
2024-01-18 17:12:44.484786: I tensorflow/compiler/jit/xla_gpu_device.cc:99] Not creating XLA devices, tf_xla_enable_xla_devices not set
INFO:tensorflow:Restoring parameters from /global/cfs/cdirs/desi/users/jqzou/dla_finder/prediction/model/train_lowsnr/train_lowsnr/current_99999.ckpt
INFO:tensorflow:Restoring parameters from /global/cfs/cdirs/desi/users/jqzou/dla_finder/prediction/model/train_lowsnr/train_lowsnr/current_99999.ckpt
2024-01-18 17:12:45.040361: I tensorflow/compiler/jit/xla_gpu_device.cc:99] Not creating XLA devices, tf_xla_enable_xla_devices not set
INFO:tensorflow:Restoring parameters from /global/cfs/cdirs/desi/users/jqzou/dla_finder/prediction/model/train_midsnr/train_midsnr/current_99999.ckpt
2024-01-18 17:12:45.124641: I tensorflow/compiler/jit/xla_gpu_device.cc:99] Not creating XLA devices, tf_xla_enable_xla_devices not set
2024-01-18 17:12:45.129239: I tensorflow/compiler/jit/xla_gpu_device.cc:99] Not creating XLA devices, tf_xla_enable_xla_devices not set
2024-01-18 17:12:45.163061: I tensorflow/compiler/jit/xla_gpu_device.cc:99] Not creating XLA devices, tf_xla_enable_xla_devices not set
INFO:tensorflow:Restoring parameters from /global/cfs/cdirs/desi/users/jqzou/dla_finder/prediction/model/train_lowsnr/train_lowsnr/current_99999.ckpt
INFO:tensorflow:Restoring parameters from /global/cfs/cdirs/desi/users/jqzou/dla_finder/prediction/model/train_lowsnr/train_lowsnr/current_99999.ckpt
INFO:tensorflow:Restoring parameters from /global/cfs/cdirs/desi/users/jqzou/dla_finder/prediction/model/train_lowsnr/train_lowsnr/current_99999.ckpt
2024-01-18 17:12:45.356777: I tensorflow/compiler/jit/xla_gpu_device.cc:99] Not creating XLA devices, tf_xla_enable_xla_devices not set
2024-01-18 17:12:45.368377: I tensorflow/compiler/jit/xla_gpu_device.cc:99] Not creating XLA devices, tf_xla_enable_xla_devices not set
2024-01-18 17:12:45.369744: I tensorflow/compiler/jit/xla_gpu_device.cc:99] Not creating XLA devices, tf_xla_enable_xla_devices not set
2024-01-18 17:12:45.406957: I tensorflow/compiler/jit/xla_gpu_device.cc:99] Not creating XLA devices, tf_xla_enable_xla_devices not set
INFO:tensorflow:Restoring parameters from /global/cfs/cdirs/desi/users/jqzou/dla_finder/prediction/model/train_lowsnr/train_lowsnr/current_99999.ckpt
INFO:tensorflow:Restoring parameters from /global/cfs/cdirs/desi/users/jqzou/dla_finder/prediction/model/train_lowsnr/train_lowsnr/current_99999.ckpt
INFO:tensorflow:Restoring parameters from /global/cfs/cdirs/desi/users/jqzou/dla_finder/prediction/model/train_midsnr/train_midsnr/current_99999.ckpt
2024-01-18 17:12:45.489888: I tensorflow/compiler/jit/xla_gpu_device.cc:99] Not creating XLA devices, tf_xla_enable_xla_devices not set
INFO:tensorflow:Restoring parameters from /global/cfs/cdirs/desi/users/jqzou/dla_finder/prediction/model/train_lowsnr/train_lowsnr/current_99999.ckpt
2024-01-18 17:12:45.514038: I tensorflow/compiler/jit/xla_gpu_device.cc:99] Not creating XLA devices, tf_xla_enable_xla_devices not set
2024-01-18 17:12:45.538765: I tensorflow/compiler/jit/xla_gpu_device.cc:99] Not creating XLA devices, tf_xla_enable_xla_devices not set
2024-01-18 17:12:45.548332: I tensorflow/compiler/jit/xla_gpu_device.cc:99] Not creating XLA devices, tf_xla_enable_xla_devices not set
INFO:tensorflow:Restoring parameters from /global/cfs/cdirs/desi/users/jqzou/dla_finder/prediction/model/train_lowsnr/train_lowsnr/current_99999.ckpt
INFO:tensorflow:Restoring parameters from /global/cfs/cdirs/desi/users/jqzou/dla_finder/prediction/model/train_lowsnr/train_lowsnr/current_99999.ckpt
2024-01-18 17:12:45.585522: I tensorflow/compiler/jit/xla_gpu_device.cc:99] Not creating XLA devices, tf_xla_enable_xla_devices not set
INFO:tensorflow:Restoring parameters from /global/cfs/cdirs/desi/users/jqzou/dla_finder/prediction/model/train_lowsnr/train_lowsnr/current_99999.ckpt
INFO:tensorflow:Restoring parameters from /global/cfs/cdirs/desi/users/jqzou/dla_finder/prediction/model/train_lowsnr/train_lowsnr/current_99999.ckpt
INFO:tensorflow:Restoring parameters from /global/cfs/cdirs/desi/users/jqzou/dla_finder/prediction/model/train_lowsnr/train_lowsnr/current_99999.ckpt
2024-01-18 17:12:45.708143: I tensorflow/compiler/jit/xla_gpu_device.cc:99] Not creating XLA devices, tf_xla_enable_xla_devices not set
INFO:tensorflow:Restoring parameters from /global/cfs/cdirs/desi/users/jqzou/dla_finder/prediction/model/train_midsnr/train_midsnr/current_99999.ckpt
2024-01-18 17:12:45.816539: I tensorflow/compiler/jit/xla_gpu_device.cc:99] Not creating XLA devices, tf_xla_enable_xla_devices not set
2024-01-18 17:12:45.844247: I tensorflow/compiler/jit/xla_gpu_device.cc:99] Not creating XLA devices, tf_xla_enable_xla_devices not set
2024-01-18 17:12:45.888610: I tensorflow/compiler/jit/xla_gpu_device.cc:99] Not creating XLA devices, tf_xla_enable_xla_devices not set
INFO:tensorflow:Restoring parameters from /global/cfs/cdirs/desi/users/jqzou/dla_finder/prediction/model/train_lowsnr/train_lowsnr/current_99999.ckpt
INFO:tensorflow:Restoring parameters from /global/cfs/cdirs/desi/users/jqzou/dla_finder/prediction/model/train_lowsnr/train_lowsnr/current_99999.ckpt
INFO:tensorflow:Restoring parameters from /global/cfs/cdirs/desi/users/jqzou/dla_finder/prediction/model/train_midsnr/train_midsnr/current_99999.ckpt
2024-01-18 17:12:46.015393: I tensorflow/compiler/jit/xla_gpu_device.cc:99] Not creating XLA devices, tf_xla_enable_xla_devices not set
INFO:tensorflow:Restoring parameters from /global/cfs/cdirs/desi/users/jqzou/dla_finder/prediction/model/train_lowsnr/train_lowsnr/current_99999.ckpt
2024-01-18 17:12:46.269102: I tensorflow/compiler/jit/xla_gpu_device.cc:99] Not creating XLA devices, tf_xla_enable_xla_devices not set
2024-01-18 17:12:46.290872: I tensorflow/compiler/jit/xla_gpu_device.cc:99] Not creating XLA devices, tf_xla_enable_xla_devices not set
INFO:tensorflow:Restoring parameters from /global/cfs/cdirs/desi/users/jqzou/dla_finder/prediction/model/train_lowsnr/train_lowsnr/current_99999.ckpt
INFO:tensorflow:Restoring parameters from /global/cfs/cdirs/desi/users/jqzou/dla_finder/prediction/model/train_lowsnr/train_lowsnr/current_99999.ckpt
2024-01-18 17:12:46.542091: I tensorflow/compiler/jit/xla_gpu_device.cc:99] Not creating XLA devices, tf_xla_enable_xla_devices not set
2024-01-18 17:12:46.599506: I tensorflow/compiler/jit/xla_gpu_device.cc:99] Not creating XLA devices, tf_xla_enable_xla_devices not set
INFO:tensorflow:Restoring parameters from /global/cfs/cdirs/desi/users/jqzou/dla_finder/prediction/model/train_lowsnr/train_lowsnr/current_99999.ckpt
INFO:tensorflow:Restoring parameters from /global/cfs/cdirs/desi/users/jqzou/dla_finder/prediction/model/train_lowsnr/train_lowsnr/current_99999.ckpt
2024-01-18 17:12:46.811709: I tensorflow/compiler/jit/xla_gpu_device.cc:99] Not creating XLA devices, tf_xla_enable_xla_devices not set
INFO:tensorflow:Restoring parameters from /global/cfs/cdirs/desi/users/jqzou/dla_finder/prediction/model/train_lowsnr/train_lowsnr/current_99999.ckpt
2024-01-18 17:12:47.325977: I tensorflow/compiler/jit/xla_gpu_device.cc:99] Not creating XLA devices, tf_xla_enable_xla_devices not set
INFO:tensorflow:Restoring parameters from /global/cfs/cdirs/desi/users/jqzou/dla_finder/prediction/model/train_lowsnr/train_lowsnr/current_99999.ckpt
2024-01-18 17:12:47.554947: I tensorflow/compiler/jit/xla_gpu_device.cc:99] Not creating XLA devices, tf_xla_enable_xla_devices not set
2024-01-18 17:12:47.614969: I tensorflow/compiler/jit/xla_gpu_device.cc:99] Not creating XLA devices, tf_xla_enable_xla_devices not set
INFO:tensorflow:Restoring parameters from /global/cfs/cdirs/desi/users/jqzou/dla_finder/prediction/model/train_lowsnr/train_lowsnr/current_99999.ckpt
2024-01-18 17:12:47.678193: I tensorflow/compiler/jit/xla_gpu_device.cc:99] Not creating XLA devices, tf_xla_enable_xla_devices not set
INFO:tensorflow:Restoring parameters from /global/cfs/cdirs/desi/users/jqzou/dla_finder/prediction/model/train_lowsnr/train_lowsnr/current_99999.ckpt
INFO:tensorflow:Restoring parameters from /global/cfs/cdirs/desi/users/jqzou/dla_finder/prediction/model/train_lowsnr/train_lowsnr/current_99999.ckpt
2024-01-18 17:12:48.189876: I tensorflow/compiler/jit/xla_gpu_device.cc:99] Not creating XLA devices, tf_xla_enable_xla_devices not set
2024-01-18 17:12:48.227110: I tensorflow/compiler/jit/xla_gpu_device.cc:99] Not creating XLA devices, tf_xla_enable_xla_devices not set
2024-01-18 17:12:48.241907: I tensorflow/compiler/jit/xla_gpu_device.cc:99] Not creating XLA devices, tf_xla_enable_xla_devices not set
INFO:tensorflow:Restoring parameters from /global/cfs/cdirs/desi/users/jqzou/dla_finder/prediction/model/train_lowsnr/train_lowsnr/current_99999.ckpt
INFO:tensorflow:Restoring parameters from /global/cfs/cdirs/desi/users/jqzou/dla_finder/prediction/model/train_midsnr/train_midsnr/current_99999.ckpt
INFO:tensorflow:Restoring parameters from /global/cfs/cdirs/desi/users/jqzou/dla_finder/prediction/model/train_midsnr/train_midsnr/current_99999.ckpt
2024-01-18 17:12:48.371769: I tensorflow/compiler/jit/xla_gpu_device.cc:99] Not creating XLA devices, tf_xla_enable_xla_devices not set
2024-01-18 17:12:48.371859: I tensorflow/compiler/jit/xla_gpu_device.cc:99] Not creating XLA devices, tf_xla_enable_xla_devices not set
2024-01-18 17:12:48.458943: I tensorflow/compiler/jit/xla_gpu_device.cc:99] Not creating XLA devices, tf_xla_enable_xla_devices not set
INFO:tensorflow:Restoring parameters from /global/cfs/cdirs/desi/users/jqzou/dla_finder/prediction/model/train_lowsnr/train_lowsnr/current_99999.ckpt
INFO:tensorflow:Restoring parameters from /global/cfs/cdirs/desi/users/jqzou/dla_finder/prediction/model/train_lowsnr/train_lowsnr/current_99999.ckpt
INFO:tensorflow:Restoring parameters from /global/cfs/cdirs/desi/users/jqzou/dla_finder/prediction/model/train_midsnr/train_midsnr/current_99999.ckpt
2024-01-18 17:12:48.682752: I tensorflow/compiler/jit/xla_gpu_device.cc:99] Not creating XLA devices, tf_xla_enable_xla_devices not set
2024-01-18 17:12:48.716535: I tensorflow/compiler/jit/xla_gpu_device.cc:99] Not creating XLA devices, tf_xla_enable_xla_devices not set
2024-01-18 17:12:48.734375: I tensorflow/compiler/jit/xla_gpu_device.cc:99] Not creating XLA devices, tf_xla_enable_xla_devices not set
INFO:tensorflow:Restoring parameters from /global/cfs/cdirs/desi/users/jqzou/dla_finder/prediction/model/train_midsnr/train_midsnr/current_99999.ckpt
INFO:tensorflow:Restoring parameters from /global/cfs/cdirs/desi/users/jqzou/dla_finder/prediction/model/train_midsnr/train_midsnr/current_99999.ckpt
2024-01-18 17:12:48.792791: I tensorflow/compiler/jit/xla_gpu_device.cc:99] Not creating XLA devices, tf_xla_enable_xla_devices not set
INFO:tensorflow:Restoring parameters from /global/cfs/cdirs/desi/users/jqzou/dla_finder/prediction/model/train_lowsnr/train_lowsnr/current_99999.ckpt
INFO:tensorflow:Restoring parameters from /global/cfs/cdirs/desi/users/jqzou/dla_finder/prediction/model/train_midsnr/train_midsnr/current_99999.ckpt
2024-01-18 17:12:48.880051: I tensorflow/compiler/jit/xla_gpu_device.cc:99] Not creating XLA devices, tf_xla_enable_xla_devices not set
2024-01-18 17:12:48.937236: I tensorflow/compiler/jit/xla_gpu_device.cc:99] Not creating XLA devices, tf_xla_enable_xla_devices not set
INFO:tensorflow:Restoring parameters from /global/cfs/cdirs/desi/users/jqzou/dla_finder/prediction/model/train_midsnr/train_midsnr/current_99999.ckpt
INFO:tensorflow:Restoring parameters from /global/cfs/cdirs/desi/users/jqzou/dla_finder/prediction/model/train_lowsnr/train_lowsnr/current_99999.ckpt
 82%|████████████████████████████████████████████████████████████████████████████████████████████████████                      | 728/888 [01:26<01:17,  2.07it/s]2024-01-18 17:12:49.665063: I tensorflow/compiler/jit/xla_gpu_device.cc:99] Not creating XLA devices, tf_xla_enable_xla_devices not set
INFO:tensorflow:Restoring parameters from /global/cfs/cdirs/desi/users/jqzou/dla_finder/prediction/model/train_lowsnr/train_lowsnr/current_99999.ckpt
2024-01-18 17:12:49.768002: I tensorflow/compiler/jit/xla_gpu_device.cc:99] Not creating XLA devices, tf_xla_enable_xla_devices not set
INFO:tensorflow:Restoring parameters from /global/cfs/cdirs/desi/users/jqzou/dla_finder/prediction/model/train_lowsnr/train_lowsnr/current_99999.ckpt
2024-01-18 17:12:50.162249: I tensorflow/compiler/jit/xla_gpu_device.cc:99] Not creating XLA devices, tf_xla_enable_xla_devices not set
2024-01-18 17:12:50.195258: I tensorflow/compiler/jit/xla_gpu_device.cc:99] Not creating XLA devices, tf_xla_enable_xla_devices not set
2024-01-18 17:12:50.204110: I tensorflow/compiler/jit/xla_gpu_device.cc:99] Not creating XLA devices, tf_xla_enable_xla_devices not set
INFO:tensorflow:Restoring parameters from /global/cfs/cdirs/desi/users/jqzou/dla_finder/prediction/model/train_lowsnr/train_lowsnr/current_99999.ckpt
INFO:tensorflow:Restoring parameters from /global/cfs/cdirs/desi/users/jqzou/dla_finder/prediction/model/train_midsnr/train_midsnr/current_99999.ckpt
2024-01-18 17:12:50.256108: I tensorflow/compiler/jit/xla_gpu_device.cc:99] Not creating XLA devices, tf_xla_enable_xla_devices not set
INFO:tensorflow:Restoring parameters from /global/cfs/cdirs/desi/users/jqzou/dla_finder/prediction/model/train_lowsnr/train_lowsnr/current_99999.ckpt
INFO:tensorflow:Restoring parameters from /global/cfs/cdirs/desi/users/jqzou/dla_finder/prediction/model/train_lowsnr/train_lowsnr/current_99999.ckpt
2024-01-18 17:12:50.398944: I tensorflow/compiler/jit/xla_gpu_device.cc:99] Not creating XLA devices, tf_xla_enable_xla_devices not set
2024-01-18 17:12:50.449861: I tensorflow/compiler/jit/xla_gpu_device.cc:99] Not creating XLA devices, tf_xla_enable_xla_devices not set
INFO:tensorflow:Restoring parameters from /global/cfs/cdirs/desi/users/jqzou/dla_finder/prediction/model/train_midsnr/train_midsnr/current_99999.ckpt
INFO:tensorflow:Restoring parameters from /global/cfs/cdirs/desi/users/jqzou/dla_finder/prediction/model/train_lowsnr/train_lowsnr/current_99999.ckpt
2024-01-18 17:12:50.632002: I tensorflow/compiler/jit/xla_gpu_device.cc:99] Not creating XLA devices, tf_xla_enable_xla_devices not set
2024-01-18 17:12:50.638521: I tensorflow/compiler/jit/xla_gpu_device.cc:99] Not creating XLA devices, tf_xla_enable_xla_devices not set
INFO:tensorflow:Restoring parameters from /global/cfs/cdirs/desi/users/jqzou/dla_finder/prediction/model/train_lowsnr/train_lowsnr/current_99999.ckpt
INFO:tensorflow:Restoring parameters from /global/cfs/cdirs/desi/users/jqzou/dla_finder/prediction/model/train_midsnr/train_midsnr/current_99999.ckpt
2024-01-18 17:12:50.971564: I tensorflow/compiler/jit/xla_gpu_device.cc:99] Not creating XLA devices, tf_xla_enable_xla_devices not set
2024-01-18 17:12:51.034297: I tensorflow/compiler/jit/xla_gpu_device.cc:99] Not creating XLA devices, tf_xla_enable_xla_devices not set
INFO:tensorflow:Restoring parameters from /global/cfs/cdirs/desi/users/jqzou/dla_finder/prediction/model/train_midsnr/train_midsnr/current_99999.ckpt
2024-01-18 17:12:51.059709: I tensorflow/compiler/jit/xla_gpu_device.cc:99] Not creating XLA devices, tf_xla_enable_xla_devices not set
INFO:tensorflow:Restoring parameters from /global/cfs/cdirs/desi/users/jqzou/dla_finder/prediction/model/train_midsnr/train_midsnr/current_99999.ckpt
INFO:tensorflow:Restoring parameters from /global/cfs/cdirs/desi/users/jqzou/dla_finder/prediction/model/train_lowsnr/train_lowsnr/current_99999.ckpt
2024-01-18 17:12:51.130632: I tensorflow/compiler/jit/xla_gpu_device.cc:99] Not creating XLA devices, tf_xla_enable_xla_devices not set
INFO:tensorflow:Restoring parameters from /global/cfs/cdirs/desi/users/jqzou/dla_finder/prediction/model/train_midsnr/train_midsnr/current_99999.ckpt
 84%|██████████████████████████████████████████████████████████████████████████████████████████████████████▏                   | 744/888 [01:28<00:47,  3.01it/s]2024-01-18 17:12:51.428862: I tensorflow/compiler/jit/xla_gpu_device.cc:99] Not creating XLA devices, tf_xla_enable_xla_devices not set
2024-01-18 17:12:51.487182: I tensorflow/compiler/jit/xla_gpu_device.cc:99] Not creating XLA devices, tf_xla_enable_xla_devices not set
INFO:tensorflow:Restoring parameters from /global/cfs/cdirs/desi/users/jqzou/dla_finder/prediction/model/train_lowsnr/train_lowsnr/current_99999.ckpt
INFO:tensorflow:Restoring parameters from /global/cfs/cdirs/desi/users/jqzou/dla_finder/prediction/model/train_lowsnr/train_lowsnr/current_99999.ckpt
2024-01-18 17:12:51.638746: I tensorflow/compiler/jit/xla_gpu_device.cc:99] Not creating XLA devices, tf_xla_enable_xla_devices not set
2024-01-18 17:12:51.684004: I tensorflow/compiler/jit/xla_gpu_device.cc:99] Not creating XLA devices, tf_xla_enable_xla_devices not set
INFO:tensorflow:Restoring parameters from /global/cfs/cdirs/desi/users/jqzou/dla_finder/prediction/model/train_lowsnr/train_lowsnr/current_99999.ckpt
 85%|███████████████████████████████████████████████████████████████████████████████████████████████████████▎                  | 752/888 [01:28<00:36,  3.74it/s]INFO:tensorflow:Restoring parameters from /global/cfs/cdirs/desi/users/jqzou/dla_finder/prediction/model/train_lowsnr/train_lowsnr/current_99999.ckpt
2024-01-18 17:12:51.884379: I tensorflow/compiler/jit/xla_gpu_device.cc:99] Not creating XLA devices, tf_xla_enable_xla_devices not set
2024-01-18 17:12:51.917036: I tensorflow/compiler/jit/xla_gpu_device.cc:99] Not creating XLA devices, tf_xla_enable_xla_devices not set
 86%|████████████████████████████████████████████████████████████████████████████████████████████████████████▍                 | 760/888 [01:29<00:26,  4.79it/s]INFO:tensorflow:Restoring parameters from /global/cfs/cdirs/desi/users/jqzou/dla_finder/prediction/model/train_lowsnr/train_lowsnr/current_99999.ckpt
INFO:tensorflow:Restoring parameters from /global/cfs/cdirs/desi/users/jqzou/dla_finder/prediction/model/train_lowsnr/train_lowsnr/current_99999.ckpt
2024-01-18 17:12:52.009824: I tensorflow/compiler/jit/xla_gpu_device.cc:99] Not creating XLA devices, tf_xla_enable_xla_devices not set
INFO:tensorflow:Restoring parameters from /global/cfs/cdirs/desi/users/jqzou/dla_finder/prediction/model/train_lowsnr/train_lowsnr/current_99999.ckpt
2024-01-18 17:12:52.086655: I tensorflow/compiler/jit/xla_gpu_device.cc:99] Not creating XLA devices, tf_xla_enable_xla_devices not set
INFO:tensorflow:Restoring parameters from /global/cfs/cdirs/desi/users/jqzou/dla_finder/prediction/model/train_midsnr/train_midsnr/current_99999.ckpt
2024-01-18 17:12:52.283945: I tensorflow/compiler/jit/xla_gpu_device.cc:99] Not creating XLA devices, tf_xla_enable_xla_devices not set
2024-01-18 17:12:52.290596: I tensorflow/compiler/jit/xla_gpu_device.cc:99] Not creating XLA devices, tf_xla_enable_xla_devices not set
INFO:tensorflow:Restoring parameters from /global/cfs/cdirs/desi/users/jqzou/dla_finder/prediction/model/train_lowsnr/train_lowsnr/current_99999.ckpt
2024-01-18 17:12:52.404213: I tensorflow/compiler/jit/xla_gpu_device.cc:99] Not creating XLA devices, tf_xla_enable_xla_devices not set
INFO:tensorflow:Restoring parameters from /global/cfs/cdirs/desi/users/jqzou/dla_finder/prediction/model/train_lowsnr/train_lowsnr/current_99999.ckpt
INFO:tensorflow:Restoring parameters from /global/cfs/cdirs/desi/users/jqzou/dla_finder/prediction/model/train_lowsnr/train_lowsnr/current_99999.ckpt
2024-01-18 17:12:52.541517: I tensorflow/compiler/jit/xla_gpu_device.cc:99] Not creating XLA devices, tf_xla_enable_xla_devices not set
2024-01-18 17:12:52.550247: I tensorflow/compiler/jit/xla_gpu_device.cc:99] Not creating XLA devices, tf_xla_enable_xla_devices not set
INFO:tensorflow:Restoring parameters from /global/cfs/cdirs/desi/users/jqzou/dla_finder/prediction/model/train_lowsnr/train_lowsnr/current_99999.ckpt
2024-01-18 17:12:52.610157: I tensorflow/compiler/jit/xla_gpu_device.cc:99] Not creating XLA devices, tf_xla_enable_xla_devices not set
INFO:tensorflow:Restoring parameters from /global/cfs/cdirs/desi/users/jqzou/dla_finder/prediction/model/train_midsnr/train_midsnr/current_99999.ckpt
INFO:tensorflow:Restoring parameters from /global/cfs/cdirs/desi/users/jqzou/dla_finder/prediction/model/train_lowsnr/train_lowsnr/current_99999.ckpt
2024-01-18 17:12:52.865580: I tensorflow/compiler/jit/xla_gpu_device.cc:99] Not creating XLA devices, tf_xla_enable_xla_devices not set
2024-01-18 17:12:52.889526: I tensorflow/compiler/jit/xla_gpu_device.cc:99] Not creating XLA devices, tf_xla_enable_xla_devices not set
2024-01-18 17:12:52.929839: I tensorflow/compiler/jit/xla_gpu_device.cc:99] Not creating XLA devices, tf_xla_enable_xla_devices not set
INFO:tensorflow:Restoring parameters from /global/cfs/cdirs/desi/users/jqzou/dla_finder/prediction/model/train_lowsnr/train_lowsnr/current_99999.ckpt
INFO:tensorflow:Restoring parameters from /global/cfs/cdirs/desi/users/jqzou/dla_finder/prediction/model/train_lowsnr/train_lowsnr/current_99999.ckpt
2024-01-18 17:12:52.983558: I tensorflow/compiler/jit/xla_gpu_device.cc:99] Not creating XLA devices, tf_xla_enable_xla_devices not set
INFO:tensorflow:Restoring parameters from /global/cfs/cdirs/desi/users/jqzou/dla_finder/prediction/model/train_midsnr/train_midsnr/current_99999.ckpt
INFO:tensorflow:Restoring parameters from /global/cfs/cdirs/desi/users/jqzou/dla_finder/prediction/model/train_lowsnr/train_lowsnr/current_99999.ckpt
2024-01-18 17:12:53.262237: I tensorflow/compiler/jit/xla_gpu_device.cc:99] Not creating XLA devices, tf_xla_enable_xla_devices not set
INFO:tensorflow:Restoring parameters from /global/cfs/cdirs/desi/users/jqzou/dla_finder/prediction/model/train_lowsnr/train_lowsnr/current_99999.ckpt
 86%|█████████████████████████████████████████████████████████████████████████████████████████████████████████▌                | 768/888 [01:30<00:24,  4.90it/s]2024-01-18 17:12:53.475070: I tensorflow/compiler/jit/xla_gpu_device.cc:99] Not creating XLA devices, tf_xla_enable_xla_devices not set
2024-01-18 17:12:53.495705: I tensorflow/compiler/jit/xla_gpu_device.cc:99] Not creating XLA devices, tf_xla_enable_xla_devices not set
INFO:tensorflow:Restoring parameters from /global/cfs/cdirs/desi/users/jqzou/dla_finder/prediction/model/train_lowsnr/train_lowsnr/current_99999.ckpt
INFO:tensorflow:Restoring parameters from /global/cfs/cdirs/desi/users/jqzou/dla_finder/prediction/model/train_midsnr/train_midsnr/current_99999.ckpt
 88%|███████████████████████████████████████████████████████████████████████████████████████████████████████████▋              | 784/888 [01:30<00:12,  8.21it/s]2024-01-18 17:12:53.778481: I tensorflow/compiler/jit/xla_gpu_device.cc:99] Not creating XLA devices, tf_xla_enable_xla_devices not set
INFO:tensorflow:Restoring parameters from /global/cfs/cdirs/desi/users/jqzou/dla_finder/prediction/model/train_midsnr/train_midsnr/current_99999.ckpt
2024-01-18 17:12:54.112491: I tensorflow/compiler/jit/xla_gpu_device.cc:99] Not creating XLA devices, tf_xla_enable_xla_devices not set
2024-01-18 17:12:54.174652: I tensorflow/compiler/jit/xla_gpu_device.cc:99] Not creating XLA devices, tf_xla_enable_xla_devices not set
2024-01-18 17:12:54.179730: I tensorflow/compiler/jit/xla_gpu_device.cc:99] Not creating XLA devices, tf_xla_enable_xla_devices not set
INFO:tensorflow:Restoring parameters from /global/cfs/cdirs/desi/users/jqzou/dla_finder/prediction/model/train_lowsnr/train_lowsnr/current_99999.ckpt
INFO:tensorflow:Restoring parameters from /global/cfs/cdirs/desi/users/jqzou/dla_finder/prediction/model/train_lowsnr/train_lowsnr/current_99999.ckpt
INFO:tensorflow:Restoring parameters from /global/cfs/cdirs/desi/users/jqzou/dla_finder/prediction/model/train_lowsnr/train_lowsnr/current_99999.ckpt
2024-01-18 17:12:54.331914: I tensorflow/compiler/jit/xla_gpu_device.cc:99] Not creating XLA devices, tf_xla_enable_xla_devices not set
2024-01-18 17:12:54.380527: I tensorflow/compiler/jit/xla_gpu_device.cc:99] Not creating XLA devices, tf_xla_enable_xla_devices not set
INFO:tensorflow:Restoring parameters from /global/cfs/cdirs/desi/users/jqzou/dla_finder/prediction/model/train_lowsnr/train_lowsnr/current_99999.ckpt
INFO:tensorflow:Restoring parameters from /global/cfs/cdirs/desi/users/jqzou/dla_finder/prediction/model/train_midsnr/train_midsnr/current_99999.ckpt
 89%|████████████████████████████████████████████████████████████████████████████████████████████████████████████▊             | 792/888 [01:31<00:11,  8.25it/s]2024-01-18 17:12:54.687618: I tensorflow/compiler/jit/xla_gpu_device.cc:99] Not creating XLA devices, tf_xla_enable_xla_devices not set
 90%|█████████████████████████████████████████████████████████████████████████████████████████████████████████████▉            | 800/888 [01:31<00:08, 10.51it/s]INFO:tensorflow:Restoring parameters from /global/cfs/cdirs/desi/users/jqzou/dla_finder/prediction/model/train_lowsnr/train_lowsnr/current_99999.ckpt
2024-01-18 17:12:54.888248: I tensorflow/compiler/jit/xla_gpu_device.cc:99] Not creating XLA devices, tf_xla_enable_xla_devices not set
INFO:tensorflow:Restoring parameters from /global/cfs/cdirs/desi/users/jqzou/dla_finder/prediction/model/train_midsnr/train_midsnr/current_99999.ckpt
2024-01-18 17:12:55.023651: I tensorflow/compiler/jit/xla_gpu_device.cc:99] Not creating XLA devices, tf_xla_enable_xla_devices not set
2024-01-18 17:12:55.030152: I tensorflow/compiler/jit/xla_gpu_device.cc:99] Not creating XLA devices, tf_xla_enable_xla_devices not set
2024-01-18 17:12:55.093304: I tensorflow/compiler/jit/xla_gpu_device.cc:99] Not creating XLA devices, tf_xla_enable_xla_devices not set
INFO:tensorflow:Restoring parameters from /global/cfs/cdirs/desi/users/jqzou/dla_finder/prediction/model/train_midsnr/train_midsnr/current_99999.ckpt
INFO:tensorflow:Restoring parameters from /global/cfs/cdirs/desi/users/jqzou/dla_finder/prediction/model/train_midsnr/train_midsnr/current_99999.ckpt
2024-01-18 17:12:55.169658: I tensorflow/compiler/jit/xla_gpu_device.cc:99] Not creating XLA devices, tf_xla_enable_xla_devices not set
INFO:tensorflow:Restoring parameters from /global/cfs/cdirs/desi/users/jqzou/dla_finder/prediction/model/train_midsnr/train_midsnr/current_99999.ckpt
INFO:tensorflow:Restoring parameters from /global/cfs/cdirs/desi/users/jqzou/dla_finder/prediction/model/train_midsnr/train_midsnr/current_99999.ckpt
 91%|███████████████████████████████████████████████████████████████████████████████████████████████████████████████           | 808/888 [01:32<00:07, 10.76it/s]2024-01-18 17:12:55.665868: I tensorflow/compiler/jit/xla_gpu_device.cc:99] Not creating XLA devices, tf_xla_enable_xla_devices not set
2024-01-18 17:12:55.698852: I tensorflow/compiler/jit/xla_gpu_device.cc:99] Not creating XLA devices, tf_xla_enable_xla_devices not set
INFO:tensorflow:Restoring parameters from /global/cfs/cdirs/desi/users/jqzou/dla_finder/prediction/model/train_lowsnr/train_lowsnr/current_99999.ckpt
INFO:tensorflow:Restoring parameters from /global/cfs/cdirs/desi/users/jqzou/dla_finder/prediction/model/train_midsnr/train_midsnr/current_99999.ckpt
 92%|████████████████████████████████████████████████████████████████████████████████████████████████████████████████          | 816/888 [01:32<00:05, 12.42it/s]2024-01-18 17:12:55.827594: I tensorflow/compiler/jit/xla_gpu_device.cc:99] Not creating XLA devices, tf_xla_enable_xla_devices not set
2024-01-18 17:12:55.832307: I tensorflow/compiler/jit/xla_gpu_device.cc:99] Not creating XLA devices, tf_xla_enable_xla_devices not set
INFO:tensorflow:Restoring parameters from /global/cfs/cdirs/desi/users/jqzou/dla_finder/prediction/model/train_lowsnr/train_lowsnr/current_99999.ckpt
INFO:tensorflow:Restoring parameters from /global/cfs/cdirs/desi/users/jqzou/dla_finder/prediction/model/train_midsnr/train_midsnr/current_99999.ckpt
2024-01-18 17:12:56.356820: I tensorflow/compiler/jit/xla_gpu_device.cc:99] Not creating XLA devices, tf_xla_enable_xla_devices not set
 93%|█████████████████████████████████████████████████████████████████████████████████████████████████████████████████▏        | 824/888 [01:33<00:05, 12.53it/s]2024-01-18 17:12:56.428831: I tensorflow/compiler/jit/xla_gpu_device.cc:99] Not creating XLA devices, tf_xla_enable_xla_devices not set
INFO:tensorflow:Restoring parameters from /global/cfs/cdirs/desi/users/jqzou/dla_finder/prediction/model/train_lowsnr/train_lowsnr/current_99999.ckpt
2024-01-18 17:12:56.449964: I tensorflow/compiler/jit/xla_gpu_device.cc:99] Not creating XLA devices, tf_xla_enable_xla_devices not set
INFO:tensorflow:Restoring parameters from /global/cfs/cdirs/desi/users/jqzou/dla_finder/prediction/model/train_midsnr/train_midsnr/current_99999.ckpt
INFO:tensorflow:Restoring parameters from /global/cfs/cdirs/desi/users/jqzou/dla_finder/prediction/model/train_lowsnr/train_lowsnr/current_99999.ckpt
2024-01-18 17:12:56.536224: I tensorflow/compiler/jit/xla_gpu_device.cc:99] Not creating XLA devices, tf_xla_enable_xla_devices not set
INFO:tensorflow:Restoring parameters from /global/cfs/cdirs/desi/users/jqzou/dla_finder/prediction/model/train_midsnr/train_midsnr/current_99999.ckpt
2024-01-18 17:12:56.624147: I tensorflow/compiler/jit/xla_gpu_device.cc:99] Not creating XLA devices, tf_xla_enable_xla_devices not set
INFO:tensorflow:Restoring parameters from /global/cfs/cdirs/desi/users/jqzou/dla_finder/prediction/model/train_lowsnr/train_lowsnr/current_99999.ckpt
2024-01-18 17:12:56.742536: I tensorflow/compiler/jit/xla_gpu_device.cc:99] Not creating XLA devices, tf_xla_enable_xla_devices not set
INFO:tensorflow:Restoring parameters from /global/cfs/cdirs/desi/users/jqzou/dla_finder/prediction/model/train_midsnr/train_midsnr/current_99999.ckpt
2024-01-18 17:12:56.924733: I tensorflow/compiler/jit/xla_gpu_device.cc:99] Not creating XLA devices, tf_xla_enable_xla_devices not set
INFO:tensorflow:Restoring parameters from /global/cfs/cdirs/desi/users/jqzou/dla_finder/prediction/model/train_midsnr/train_midsnr/current_99999.ckpt
2024-01-18 17:12:57.021292: I tensorflow/compiler/jit/xla_gpu_device.cc:99] Not creating XLA devices, tf_xla_enable_xla_devices not set
2024-01-18 17:12:57.078885: I tensorflow/compiler/jit/xla_gpu_device.cc:99] Not creating XLA devices, tf_xla_enable_xla_devices not set
INFO:tensorflow:Restoring parameters from /global/cfs/cdirs/desi/users/jqzou/dla_finder/prediction/model/train_lowsnr/train_lowsnr/current_99999.ckpt
2024-01-18 17:12:57.102229: I tensorflow/compiler/jit/xla_gpu_device.cc:99] Not creating XLA devices, tf_xla_enable_xla_devices not set
2024-01-18 17:12:57.149718: I tensorflow/compiler/jit/xla_gpu_device.cc:99] Not creating XLA devices, tf_xla_enable_xla_devices not set
INFO:tensorflow:Restoring parameters from /global/cfs/cdirs/desi/users/jqzou/dla_finder/prediction/model/train_lowsnr/train_lowsnr/current_99999.ckpt
INFO:tensorflow:Restoring parameters from /global/cfs/cdirs/desi/users/jqzou/dla_finder/prediction/model/train_midsnr/train_midsnr/current_99999.ckpt
INFO:tensorflow:Restoring parameters from /global/cfs/cdirs/desi/users/jqzou/dla_finder/prediction/model/train_lowsnr/train_lowsnr/current_99999.ckpt
2024-01-18 17:12:57.292615: I tensorflow/compiler/jit/xla_gpu_device.cc:99] Not creating XLA devices, tf_xla_enable_xla_devices not set
INFO:tensorflow:Restoring parameters from /global/cfs/cdirs/desi/users/jqzou/dla_finder/prediction/model/train_lowsnr/train_lowsnr/current_99999.ckpt
2024-01-18 17:12:57.419297: I tensorflow/compiler/jit/xla_gpu_device.cc:99] Not creating XLA devices, tf_xla_enable_xla_devices not set
 94%|██████████████████████████████████████████████████████████████████████████████████████████████████████████████████▎       | 832/888 [01:34<00:05, 10.62it/s]2024-01-18 17:12:57.498288: I tensorflow/compiler/jit/xla_gpu_device.cc:99] Not creating XLA devices, tf_xla_enable_xla_devices not set
2024-01-18 17:12:57.513082: I tensorflow/compiler/jit/xla_gpu_device.cc:99] Not creating XLA devices, tf_xla_enable_xla_devices not set
INFO:tensorflow:Restoring parameters from /global/cfs/cdirs/desi/users/jqzou/dla_finder/prediction/model/train_lowsnr/train_lowsnr/current_99999.ckpt
INFO:tensorflow:Restoring parameters from /global/cfs/cdirs/desi/users/jqzou/dla_finder/prediction/model/train_lowsnr/train_lowsnr/current_99999.ckpt
2024-01-18 17:12:57.636090: I tensorflow/compiler/jit/xla_gpu_device.cc:99] Not creating XLA devices, tf_xla_enable_xla_devices not set
INFO:tensorflow:Restoring parameters from /global/cfs/cdirs/desi/users/jqzou/dla_finder/prediction/model/train_lowsnr/train_lowsnr/current_99999.ckpt
INFO:tensorflow:Restoring parameters from /global/cfs/cdirs/desi/users/jqzou/dla_finder/prediction/model/train_lowsnr/train_lowsnr/current_99999.ckpt
 95%|███████████████████████████████████████████████████████████████████████████████████████████████████████████████████▍      | 840/888 [01:35<00:03, 12.28it/s]2024-01-18 17:12:58.426573: I tensorflow/compiler/jit/xla_gpu_device.cc:99] Not creating XLA devices, tf_xla_enable_xla_devices not set
2024-01-18 17:12:58.437693: I tensorflow/compiler/jit/xla_gpu_device.cc:99] Not creating XLA devices, tf_xla_enable_xla_devices not set
INFO:tensorflow:Restoring parameters from /global/cfs/cdirs/desi/users/jqzou/dla_finder/prediction/model/train_lowsnr/train_lowsnr/current_99999.ckpt
INFO:tensorflow:Restoring parameters from /global/cfs/cdirs/desi/users/jqzou/dla_finder/prediction/model/train_lowsnr/train_lowsnr/current_99999.ckpt
2024-01-18 17:12:58.594797: I tensorflow/compiler/jit/xla_gpu_device.cc:99] Not creating XLA devices, tf_xla_enable_xla_devices not set
INFO:tensorflow:Restoring parameters from /global/cfs/cdirs/desi/users/jqzou/dla_finder/prediction/model/train_lowsnr/train_lowsnr/current_99999.ckpt
2024-01-18 17:12:58.653955: I tensorflow/compiler/jit/xla_gpu_device.cc:99] Not creating XLA devices, tf_xla_enable_xla_devices not set
2024-01-18 17:12:58.692816: I tensorflow/compiler/jit/xla_gpu_device.cc:99] Not creating XLA devices, tf_xla_enable_xla_devices not set
INFO:tensorflow:Restoring parameters from /global/cfs/cdirs/desi/users/jqzou/dla_finder/prediction/model/train_lowsnr/train_lowsnr/current_99999.ckpt
INFO:tensorflow:Restoring parameters from /global/cfs/cdirs/desi/users/jqzou/dla_finder/prediction/model/train_lowsnr/train_lowsnr/current_99999.ckpt
2024-01-18 17:12:58.788185: I tensorflow/compiler/jit/xla_gpu_device.cc:99] Not creating XLA devices, tf_xla_enable_xla_devices not set
INFO:tensorflow:Restoring parameters from /global/cfs/cdirs/desi/users/jqzou/dla_finder/prediction/model/train_lowsnr/train_lowsnr/current_99999.ckpt
2024-01-18 17:12:59.298371: I tensorflow/compiler/jit/xla_gpu_device.cc:99] Not creating XLA devices, tf_xla_enable_xla_devices not set
2024-01-18 17:12:59.338427: I tensorflow/compiler/jit/xla_gpu_device.cc:99] Not creating XLA devices, tf_xla_enable_xla_devices not set
INFO:tensorflow:Restoring parameters from /global/cfs/cdirs/desi/users/jqzou/dla_finder/prediction/model/train_lowsnr/train_lowsnr/current_99999.ckpt
INFO:tensorflow:Restoring parameters from /global/cfs/cdirs/desi/users/jqzou/dla_finder/prediction/model/train_lowsnr/train_lowsnr/current_99999.ckpt
 95%|████████████████████████████████████████████████████████████████████████████████████████████████████████████████████▌     | 848/888 [01:36<00:04,  8.52it/s]2024-01-18 17:12:59.490615: I tensorflow/compiler/jit/xla_gpu_device.cc:99] Not creating XLA devices, tf_xla_enable_xla_devices not set
2024-01-18 17:12:59.557543: I tensorflow/compiler/jit/xla_gpu_device.cc:99] Not creating XLA devices, tf_xla_enable_xla_devices not set
INFO:tensorflow:Restoring parameters from /global/cfs/cdirs/desi/users/jqzou/dla_finder/prediction/model/train_lowsnr/train_lowsnr/current_99999.ckpt
2024-01-18 17:12:59.564576: I tensorflow/compiler/jit/xla_gpu_device.cc:99] Not creating XLA devices, tf_xla_enable_xla_devices not set
INFO:tensorflow:Restoring parameters from /global/cfs/cdirs/desi/users/jqzou/dla_finder/prediction/model/train_midsnr/train_midsnr/current_99999.ckpt
INFO:tensorflow:Restoring parameters from /global/cfs/cdirs/desi/users/jqzou/dla_finder/prediction/model/train_lowsnr/train_lowsnr/current_99999.ckpt
2024-01-18 17:12:59.666889: I tensorflow/compiler/jit/xla_gpu_device.cc:99] Not creating XLA devices, tf_xla_enable_xla_devices not set
2024-01-18 17:12:59.678917: I tensorflow/compiler/jit/xla_gpu_device.cc:99] Not creating XLA devices, tf_xla_enable_xla_devices not set
INFO:tensorflow:Restoring parameters from /global/cfs/cdirs/desi/users/jqzou/dla_finder/prediction/model/train_lowsnr/train_lowsnr/current_99999.ckpt
INFO:tensorflow:Restoring parameters from /global/cfs/cdirs/desi/users/jqzou/dla_finder/prediction/model/train_lowsnr/train_lowsnr/current_99999.ckpt
2024-01-18 17:13:00.087337: I tensorflow/compiler/jit/xla_gpu_device.cc:99] Not creating XLA devices, tf_xla_enable_xla_devices not set
2024-01-18 17:13:00.160343: I tensorflow/compiler/jit/xla_gpu_device.cc:99] Not creating XLA devices, tf_xla_enable_xla_devices not set
INFO:tensorflow:Restoring parameters from /global/cfs/cdirs/desi/users/jqzou/dla_finder/prediction/model/train_lowsnr/train_lowsnr/current_99999.ckpt
INFO:tensorflow:Restoring parameters from /global/cfs/cdirs/desi/users/jqzou/dla_finder/prediction/model/train_midsnr/train_midsnr/current_99999.ckpt
2024-01-18 17:13:00.301578: I tensorflow/compiler/jit/xla_gpu_device.cc:99] Not creating XLA devices, tf_xla_enable_xla_devices not set
2024-01-18 17:13:00.361969: I tensorflow/compiler/jit/xla_gpu_device.cc:99] Not creating XLA devices, tf_xla_enable_xla_devices not set
INFO:tensorflow:Restoring parameters from /global/cfs/cdirs/desi/users/jqzou/dla_finder/prediction/model/train_lowsnr/train_lowsnr/current_99999.ckpt
2024-01-18 17:13:00.377253: I tensorflow/compiler/jit/xla_gpu_device.cc:99] Not creating XLA devices, tf_xla_enable_xla_devices not set
2024-01-18 17:13:00.424815: I tensorflow/compiler/jit/xla_gpu_device.cc:99] Not creating XLA devices, tf_xla_enable_xla_devices not set
INFO:tensorflow:Restoring parameters from /global/cfs/cdirs/desi/users/jqzou/dla_finder/prediction/model/train_midsnr/train_midsnr/current_99999.ckpt
2024-01-18 17:13:00.467250: I tensorflow/compiler/jit/xla_gpu_device.cc:99] Not creating XLA devices, tf_xla_enable_xla_devices not set
INFO:tensorflow:Restoring parameters from /global/cfs/cdirs/desi/users/jqzou/dla_finder/prediction/model/train_lowsnr/train_lowsnr/current_99999.ckpt
2024-01-18 17:13:00.496325: I tensorflow/compiler/jit/xla_gpu_device.cc:99] Not creating XLA devices, tf_xla_enable_xla_devices not set
INFO:tensorflow:Restoring parameters from /global/cfs/cdirs/desi/users/jqzou/dla_finder/prediction/model/train_lowsnr/train_lowsnr/current_99999.ckpt
INFO:tensorflow:Restoring parameters from /global/cfs/cdirs/desi/users/jqzou/dla_finder/prediction/model/train_lowsnr/train_lowsnr/current_99999.ckpt
INFO:tensorflow:Restoring parameters from /global/cfs/cdirs/desi/users/jqzou/dla_finder/prediction/model/train_lowsnr/train_lowsnr/current_99999.ckpt
2024-01-18 17:13:00.612985: I tensorflow/compiler/jit/xla_gpu_device.cc:99] Not creating XLA devices, tf_xla_enable_xla_devices not set
INFO:tensorflow:Restoring parameters from /global/cfs/cdirs/desi/users/jqzou/dla_finder/prediction/model/train_midsnr/train_midsnr/current_99999.ckpt
2024-01-18 17:13:00.710509: I tensorflow/compiler/jit/xla_gpu_device.cc:99] Not creating XLA devices, tf_xla_enable_xla_devices not set
2024-01-18 17:13:00.722981: I tensorflow/compiler/jit/xla_gpu_device.cc:99] Not creating XLA devices, tf_xla_enable_xla_devices not set
INFO:tensorflow:Restoring parameters from /global/cfs/cdirs/desi/users/jqzou/dla_finder/prediction/model/train_lowsnr/train_lowsnr/current_99999.ckpt
2024-01-18 17:13:00.800273: I tensorflow/compiler/jit/xla_gpu_device.cc:99] Not creating XLA devices, tf_xla_enable_xla_devices not set
INFO:tensorflow:Restoring parameters from /global/cfs/cdirs/desi/users/jqzou/dla_finder/prediction/model/train_midsnr/train_midsnr/current_99999.ckpt
INFO:tensorflow:Restoring parameters from /global/cfs/cdirs/desi/users/jqzou/dla_finder/prediction/model/train_lowsnr/train_lowsnr/current_99999.ckpt
 96%|█████████████████████████████████████████████████████████████████████████████████████████████████████████████████████▌    | 856/888 [01:38<00:04,  7.16it/s]2024-01-18 17:13:01.179182: I tensorflow/compiler/jit/xla_gpu_device.cc:99] Not creating XLA devices, tf_xla_enable_xla_devices not set
 97%|██████████████████████████████████████████████████████████████████████████████████████████████████████████████████████▋   | 864/888 [01:38<00:02,  9.50it/s]INFO:tensorflow:Restoring parameters from /global/cfs/cdirs/desi/users/jqzou/dla_finder/prediction/model/train_lowsnr/train_lowsnr/current_99999.ckpt
2024-01-18 17:13:01.533545: I tensorflow/compiler/jit/xla_gpu_device.cc:99] Not creating XLA devices, tf_xla_enable_xla_devices not set
 98%|███████████████████████████████████████████████████████████████████████████████████████████████████████████████████████▊  | 872/888 [01:38<00:01, 11.32it/s]2024-01-18 17:13:01.715455: I tensorflow/compiler/jit/xla_gpu_device.cc:99] Not creating XLA devices, tf_xla_enable_xla_devices not set
INFO:tensorflow:Restoring parameters from /global/cfs/cdirs/desi/users/jqzou/dla_finder/prediction/model/train_lowsnr/train_lowsnr/current_99999.ckpt
INFO:tensorflow:Restoring parameters from /global/cfs/cdirs/desi/users/jqzou/dla_finder/prediction/model/train_lowsnr/train_lowsnr/current_99999.ckpt
2024-01-18 17:13:01.799058: I tensorflow/compiler/jit/xla_gpu_device.cc:99] Not creating XLA devices, tf_xla_enable_xla_devices not set
2024-01-18 17:13:01.848605: I tensorflow/compiler/jit/xla_gpu_device.cc:99] Not creating XLA devices, tf_xla_enable_xla_devices not set
INFO:tensorflow:Restoring parameters from /global/cfs/cdirs/desi/users/jqzou/dla_finder/prediction/model/train_lowsnr/train_lowsnr/current_99999.ckpt
INFO:tensorflow:Restoring parameters from /global/cfs/cdirs/desi/users/jqzou/dla_finder/prediction/model/train_lowsnr/train_lowsnr/current_99999.ckpt
 99%|████████████████████████████████████████████████████████████████████████████████████████████████████████████████████████▉ | 880/888 [01:39<00:00, 13.47it/s]100%|██████████████████████████████████████████████████████████████████████████████████████████████████████████████████████████| 888/888 [01:39<00:00,  8.96it/s]2024-01-18 17:13:02.259054: I tensorflow/compiler/jit/xla_gpu_device.cc:99] Not creating XLA devices, tf_xla_enable_xla_devices not set
INFO:tensorflow:Restoring parameters from /global/cfs/cdirs/desi/users/jqzou/dla_finder/prediction/model/train_midsnr/train_midsnr/current_99999.ckpt
2024-01-18 17:13:02.575793: I tensorflow/compiler/jit/xla_gpu_device.cc:99] Not creating XLA devices, tf_xla_enable_xla_devices not set
INFO:tensorflow:Restoring parameters from /global/cfs/cdirs/desi/users/jqzou/dla_finder/prediction/model/train_midsnr/train_midsnr/current_99999.ckpt
2024-01-18 17:13:02.745916: I tensorflow/compiler/jit/xla_gpu_device.cc:99] Not creating XLA devices, tf_xla_enable_xla_devices not set
2024-01-18 17:13:02.790317: I tensorflow/compiler/jit/xla_gpu_device.cc:99] Not creating XLA devices, tf_xla_enable_xla_devices not set
INFO:tensorflow:Restoring parameters from /global/cfs/cdirs/desi/users/jqzou/dla_finder/prediction/model/train_midsnr/train_midsnr/current_99999.ckpt
INFO:tensorflow:Restoring parameters from /global/cfs/cdirs/desi/users/jqzou/dla_finder/prediction/model/train_lowsnr/train_lowsnr/current_99999.ckpt
2024-01-18 17:13:03.263116: I tensorflow/compiler/jit/xla_gpu_device.cc:99] Not creating XLA devices, tf_xla_enable_xla_devices not set
2024-01-18 17:13:03.263242: I tensorflow/compiler/jit/xla_gpu_device.cc:99] Not creating XLA devices, tf_xla_enable_xla_devices not set
INFO:tensorflow:Restoring parameters from /global/cfs/cdirs/desi/users/jqzou/dla_finder/prediction/model/train_lowsnr/train_lowsnr/current_99999.ckpt
INFO:tensorflow:Restoring parameters from /global/cfs/cdirs/desi/users/jqzou/dla_finder/prediction/model/train_lowsnr/train_lowsnr/current_99999.ckpt
2024-01-18 17:13:03.321353: I tensorflow/compiler/jit/xla_gpu_device.cc:99] Not creating XLA devices, tf_xla_enable_xla_devices not set
2024-01-18 17:13:03.360668: I tensorflow/compiler/jit/xla_gpu_device.cc:99] Not creating XLA devices, tf_xla_enable_xla_devices not set
INFO:tensorflow:Restoring parameters from /global/cfs/cdirs/desi/users/jqzou/dla_finder/prediction/model/train_midsnr/train_midsnr/current_99999.ckpt
2024-01-18 17:13:03.387119: I tensorflow/compiler/jit/xla_gpu_device.cc:99] Not creating XLA devices, tf_xla_enable_xla_devices not set
INFO:tensorflow:Restoring parameters from /global/cfs/cdirs/desi/users/jqzou/dla_finder/prediction/model/train_midsnr/train_midsnr/current_99999.ckpt
INFO:tensorflow:Restoring parameters from /global/cfs/cdirs/desi/users/jqzou/dla_finder/prediction/model/train_lowsnr/train_lowsnr/current_99999.ckpt
2024-01-18 17:13:03.585125: I tensorflow/compiler/jit/xla_gpu_device.cc:99] Not creating XLA devices, tf_xla_enable_xla_devices not set
INFO:tensorflow:Restoring parameters from /global/cfs/cdirs/desi/users/jqzou/dla_finder/prediction/model/train_lowsnr/train_lowsnr/current_99999.ckpt
2024-01-18 17:13:03.720695: I tensorflow/compiler/jit/xla_gpu_device.cc:99] Not creating XLA devices, tf_xla_enable_xla_devices not set
2024-01-18 17:13:03.886238: I tensorflow/compiler/jit/xla_gpu_device.cc:99] Not creating XLA devices, tf_xla_enable_xla_devices not set
INFO:tensorflow:Restoring parameters from /global/cfs/cdirs/desi/users/jqzou/dla_finder/prediction/model/train_lowsnr/train_lowsnr/current_99999.ckpt
INFO:tensorflow:Restoring parameters from /global/cfs/cdirs/desi/users/jqzou/dla_finder/prediction/model/train_lowsnr/train_lowsnr/current_99999.ckpt
2024-01-18 17:13:04.057356: I tensorflow/compiler/jit/xla_gpu_device.cc:99] Not creating XLA devices, tf_xla_enable_xla_devices not set
INFO:tensorflow:Restoring parameters from /global/cfs/cdirs/desi/users/jqzou/dla_finder/prediction/model/train_lowsnr/train_lowsnr/current_99999.ckpt
2024-01-18 17:13:04.288233: I tensorflow/compiler/jit/xla_gpu_device.cc:99] Not creating XLA devices, tf_xla_enable_xla_devices not set
INFO:tensorflow:Restoring parameters from /global/cfs/cdirs/desi/users/jqzou/dla_finder/prediction/model/train_lowsnr/train_lowsnr/current_99999.ckpt
2024-01-18 17:13:04.477773: I tensorflow/compiler/jit/xla_gpu_device.cc:99] Not creating XLA devices, tf_xla_enable_xla_devices not set
INFO:tensorflow:Restoring parameters from /global/cfs/cdirs/desi/users/jqzou/dla_finder/prediction/model/train_lowsnr/train_lowsnr/current_99999.ckpt
2024-01-18 17:13:04.660463: I tensorflow/compiler/jit/xla_gpu_device.cc:99] Not creating XLA devices, tf_xla_enable_xla_devices not set
2024-01-18 17:13:04.665583: I tensorflow/compiler/jit/xla_gpu_device.cc:99] Not creating XLA devices, tf_xla_enable_xla_devices not set
2024-01-18 17:13:04.698168: I tensorflow/compiler/jit/xla_gpu_device.cc:99] Not creating XLA devices, tf_xla_enable_xla_devices not set
INFO:tensorflow:Restoring parameters from /global/cfs/cdirs/desi/users/jqzou/dla_finder/prediction/model/train_lowsnr/train_lowsnr/current_99999.ckpt
INFO:tensorflow:Restoring parameters from /global/cfs/cdirs/desi/users/jqzou/dla_finder/prediction/model/train_lowsnr/train_lowsnr/current_99999.ckpt
2024-01-18 17:13:04.760256: I tensorflow/compiler/jit/xla_gpu_device.cc:99] Not creating XLA devices, tf_xla_enable_xla_devices not set
INFO:tensorflow:Restoring parameters from /global/cfs/cdirs/desi/users/jqzou/dla_finder/prediction/model/train_lowsnr/train_lowsnr/current_99999.ckpt
INFO:tensorflow:Restoring parameters from /global/cfs/cdirs/desi/users/jqzou/dla_finder/prediction/model/train_lowsnr/train_lowsnr/current_99999.ckpt
2024-01-18 17:13:04.863833: I tensorflow/compiler/jit/xla_gpu_device.cc:99] Not creating XLA devices, tf_xla_enable_xla_devices not set
INFO:tensorflow:Restoring parameters from /global/cfs/cdirs/desi/users/jqzou/dla_finder/prediction/model/train_lowsnr/train_lowsnr/current_99999.ckpt
2024-01-18 17:13:04.970921: I tensorflow/compiler/jit/xla_gpu_device.cc:99] Not creating XLA devices, tf_xla_enable_xla_devices not set
2024-01-18 17:13:04.976783: I tensorflow/compiler/jit/xla_gpu_device.cc:99] Not creating XLA devices, tf_xla_enable_xla_devices not set
2024-01-18 17:13:04.993123: I tensorflow/compiler/jit/xla_gpu_device.cc:99] Not creating XLA devices, tf_xla_enable_xla_devices not set
2024-01-18 17:13:05.031445: I tensorflow/compiler/jit/xla_gpu_device.cc:99] Not creating XLA devices, tf_xla_enable_xla_devices not set
INFO:tensorflow:Restoring parameters from /global/cfs/cdirs/desi/users/jqzou/dla_finder/prediction/model/train_lowsnr/train_lowsnr/current_99999.ckpt
2024-01-18 17:13:05.055426: I tensorflow/compiler/jit/xla_gpu_device.cc:99] Not creating XLA devices, tf_xla_enable_xla_devices not set
INFO:tensorflow:Restoring parameters from /global/cfs/cdirs/desi/users/jqzou/dla_finder/prediction/model/train_midsnr/train_midsnr/current_99999.ckpt
INFO:tensorflow:Restoring parameters from /global/cfs/cdirs/desi/users/jqzou/dla_finder/prediction/model/train_lowsnr/train_lowsnr/current_99999.ckpt
INFO:tensorflow:Restoring parameters from /global/cfs/cdirs/desi/users/jqzou/dla_finder/prediction/model/train_lowsnr/train_lowsnr/current_99999.ckpt
INFO:tensorflow:Restoring parameters from /global/cfs/cdirs/desi/users/jqzou/dla_finder/prediction/model/train_lowsnr/train_lowsnr/current_99999.ckpt
2024-01-18 17:13:05.203419: I tensorflow/compiler/jit/xla_gpu_device.cc:99] Not creating XLA devices, tf_xla_enable_xla_devices not set
INFO:tensorflow:Restoring parameters from /global/cfs/cdirs/desi/users/jqzou/dla_finder/prediction/model/train_lowsnr/train_lowsnr/current_99999.ckpt
2024-01-18 17:13:05.328918: I tensorflow/compiler/jit/xla_gpu_device.cc:99] Not creating XLA devices, tf_xla_enable_xla_devices not set
INFO:tensorflow:Restoring parameters from /global/cfs/cdirs/desi/users/jqzou/dla_finder/prediction/model/train_lowsnr/train_lowsnr/current_99999.ckpt
2024-01-18 17:13:05.489947: I tensorflow/compiler/jit/xla_gpu_device.cc:99] Not creating XLA devices, tf_xla_enable_xla_devices not set
2024-01-18 17:13:05.492343: I tensorflow/compiler/jit/xla_gpu_device.cc:99] Not creating XLA devices, tf_xla_enable_xla_devices not set
INFO:tensorflow:Restoring parameters from /global/cfs/cdirs/desi/users/jqzou/dla_finder/prediction/model/train_lowsnr/train_lowsnr/current_99999.ckpt
INFO:tensorflow:Restoring parameters from /global/cfs/cdirs/desi/users/jqzou/dla_finder/prediction/model/train_midsnr/train_midsnr/current_99999.ckpt
2024-01-18 17:13:05.582973: I tensorflow/compiler/jit/xla_gpu_device.cc:99] Not creating XLA devices, tf_xla_enable_xla_devices not set
INFO:tensorflow:Restoring parameters from /global/cfs/cdirs/desi/users/jqzou/dla_finder/prediction/model/train_midsnr/train_midsnr/current_99999.ckpt
2024-01-18 17:13:05.784327: I tensorflow/compiler/jit/xla_gpu_device.cc:99] Not creating XLA devices, tf_xla_enable_xla_devices not set
INFO:tensorflow:Restoring parameters from /global/cfs/cdirs/desi/users/jqzou/dla_finder/prediction/model/train_lowsnr/train_lowsnr/current_99999.ckpt
2024-01-18 17:13:05.861840: I tensorflow/compiler/jit/xla_gpu_device.cc:99] Not creating XLA devices, tf_xla_enable_xla_devices not set
INFO:tensorflow:Restoring parameters from /global/cfs/cdirs/desi/users/jqzou/dla_finder/prediction/model/train_lowsnr/train_lowsnr/current_99999.ckpt
2024-01-18 17:13:06.084908: I tensorflow/compiler/jit/xla_gpu_device.cc:99] Not creating XLA devices, tf_xla_enable_xla_devices not set
INFO:tensorflow:Restoring parameters from /global/cfs/cdirs/desi/users/jqzou/dla_finder/prediction/model/train_lowsnr/train_lowsnr/current_99999.ckpt
2024-01-18 17:13:06.420971: I tensorflow/compiler/jit/xla_gpu_device.cc:99] Not creating XLA devices, tf_xla_enable_xla_devices not set
INFO:tensorflow:Restoring parameters from /global/cfs/cdirs/desi/users/jqzou/dla_finder/prediction/model/train_lowsnr/train_lowsnr/current_99999.ckpt
2024-01-18 17:13:06.908438: I tensorflow/compiler/jit/xla_gpu_device.cc:99] Not creating XLA devices, tf_xla_enable_xla_devices not set
INFO:tensorflow:Restoring parameters from /global/cfs/cdirs/desi/users/jqzou/dla_finder/prediction/model/train_lowsnr/train_lowsnr/current_99999.ckpt
2024-01-18 17:13:07.043647: I tensorflow/compiler/jit/xla_gpu_device.cc:99] Not creating XLA devices, tf_xla_enable_xla_devices not set
2024-01-18 17:13:07.100383: I tensorflow/compiler/jit/xla_gpu_device.cc:99] Not creating XLA devices, tf_xla_enable_xla_devices not set
INFO:tensorflow:Restoring parameters from /global/cfs/cdirs/desi/users/jqzou/dla_finder/prediction/model/train_lowsnr/train_lowsnr/current_99999.ckpt
2024-01-18 17:13:07.121062: I tensorflow/compiler/jit/xla_gpu_device.cc:99] Not creating XLA devices, tf_xla_enable_xla_devices not set
INFO:tensorflow:Restoring parameters from /global/cfs/cdirs/desi/users/jqzou/dla_finder/prediction/model/train_midsnr/train_midsnr/current_99999.ckpt
INFO:tensorflow:Restoring parameters from /global/cfs/cdirs/desi/users/jqzou/dla_finder/prediction/model/train_lowsnr/train_lowsnr/current_99999.ckpt
2024-01-18 17:13:07.482236: I tensorflow/compiler/jit/xla_gpu_device.cc:99] Not creating XLA devices, tf_xla_enable_xla_devices not set
INFO:tensorflow:Restoring parameters from /global/cfs/cdirs/desi/users/jqzou/dla_finder/prediction/model/train_midsnr/train_midsnr/current_99999.ckpt
2024-01-18 17:13:07.601592: I tensorflow/compiler/jit/xla_gpu_device.cc:99] Not creating XLA devices, tf_xla_enable_xla_devices not set
INFO:tensorflow:Restoring parameters from /global/cfs/cdirs/desi/users/jqzou/dla_finder/prediction/model/train_midsnr/train_midsnr/current_99999.ckpt
2024-01-18 17:13:07.950136: I tensorflow/compiler/jit/xla_gpu_device.cc:99] Not creating XLA devices, tf_xla_enable_xla_devices not set
INFO:tensorflow:Restoring parameters from /global/cfs/cdirs/desi/users/jqzou/dla_finder/prediction/model/train_midsnr/train_midsnr/current_99999.ckpt
2024-01-18 17:13:08.255730: I tensorflow/compiler/jit/xla_gpu_device.cc:99] Not creating XLA devices, tf_xla_enable_xla_devices not set
2024-01-18 17:13:08.288162: I tensorflow/compiler/jit/xla_gpu_device.cc:99] Not creating XLA devices, tf_xla_enable_xla_devices not set
2024-01-18 17:13:08.294599: I tensorflow/compiler/jit/xla_gpu_device.cc:99] Not creating XLA devices, tf_xla_enable_xla_devices not set
INFO:tensorflow:Restoring parameters from /global/cfs/cdirs/desi/users/jqzou/dla_finder/prediction/model/train_midsnr/train_midsnr/current_99999.ckpt
2024-01-18 17:13:08.322034: I tensorflow/compiler/jit/xla_gpu_device.cc:99] Not creating XLA devices, tf_xla_enable_xla_devices not set
INFO:tensorflow:Restoring parameters from /global/cfs/cdirs/desi/users/jqzou/dla_finder/prediction/model/train_lowsnr/train_lowsnr/current_99999.ckpt
2024-01-18 17:13:08.333553: I tensorflow/compiler/jit/xla_gpu_device.cc:99] Not creating XLA devices, tf_xla_enable_xla_devices not set
INFO:tensorflow:Restoring parameters from /global/cfs/cdirs/desi/users/jqzou/dla_finder/prediction/model/train_lowsnr/train_lowsnr/current_99999.ckpt
INFO:tensorflow:Restoring parameters from /global/cfs/cdirs/desi/users/jqzou/dla_finder/prediction/model/train_midsnr/train_midsnr/current_99999.ckpt
INFO:tensorflow:Restoring parameters from /global/cfs/cdirs/desi/users/jqzou/dla_finder/prediction/model/train_midsnr/train_midsnr/current_99999.ckpt
2024-01-18 17:13:08.516692: I tensorflow/compiler/jit/xla_gpu_device.cc:99] Not creating XLA devices, tf_xla_enable_xla_devices not set
2024-01-18 17:13:08.519719: I tensorflow/compiler/jit/xla_gpu_device.cc:99] Not creating XLA devices, tf_xla_enable_xla_devices not set
INFO:tensorflow:Restoring parameters from /global/cfs/cdirs/desi/users/jqzou/dla_finder/prediction/model/train_lowsnr/train_lowsnr/current_99999.ckpt
INFO:tensorflow:Restoring parameters from /global/cfs/cdirs/desi/users/jqzou/dla_finder/prediction/model/train_lowsnr/train_lowsnr/current_99999.ckpt
2024-01-18 17:13:08.683132: I tensorflow/compiler/jit/xla_gpu_device.cc:99] Not creating XLA devices, tf_xla_enable_xla_devices not set
INFO:tensorflow:Restoring parameters from /global/cfs/cdirs/desi/users/jqzou/dla_finder/prediction/model/train_midsnr/train_midsnr/current_99999.ckpt
2024-01-18 17:13:08.758715: I tensorflow/compiler/jit/xla_gpu_device.cc:99] Not creating XLA devices, tf_xla_enable_xla_devices not set
INFO:tensorflow:Restoring parameters from /global/cfs/cdirs/desi/users/jqzou/dla_finder/prediction/model/train_lowsnr/train_lowsnr/current_99999.ckpt
2024-01-18 17:13:08.946287: I tensorflow/compiler/jit/xla_gpu_device.cc:99] Not creating XLA devices, tf_xla_enable_xla_devices not set
INFO:tensorflow:Restoring parameters from /global/cfs/cdirs/desi/users/jqzou/dla_finder/prediction/model/train_lowsnr/train_lowsnr/current_99999.ckpt
2024-01-18 17:13:09.238074: I tensorflow/compiler/jit/xla_gpu_device.cc:99] Not creating XLA devices, tf_xla_enable_xla_devices not set
2024-01-18 17:13:09.288041: I tensorflow/compiler/jit/xla_gpu_device.cc:99] Not creating XLA devices, tf_xla_enable_xla_devices not set
INFO:tensorflow:Restoring parameters from /global/cfs/cdirs/desi/users/jqzou/dla_finder/prediction/model/train_lowsnr/train_lowsnr/current_99999.ckpt
2024-01-18 17:13:09.362480: I tensorflow/compiler/jit/xla_gpu_device.cc:99] Not creating XLA devices, tf_xla_enable_xla_devices not set
INFO:tensorflow:Restoring parameters from /global/cfs/cdirs/desi/users/jqzou/dla_finder/prediction/model/train_lowsnr/train_lowsnr/current_99999.ckpt
INFO:tensorflow:Restoring parameters from /global/cfs/cdirs/desi/users/jqzou/dla_finder/prediction/model/train_lowsnr/train_lowsnr/current_99999.ckpt
2024-01-18 17:13:09.451794: I tensorflow/compiler/jit/xla_gpu_device.cc:99] Not creating XLA devices, tf_xla_enable_xla_devices not set
2024-01-18 17:13:09.495688: I tensorflow/compiler/jit/xla_gpu_device.cc:99] Not creating XLA devices, tf_xla_enable_xla_devices not set
2024-01-18 17:13:09.526793: I tensorflow/compiler/jit/xla_gpu_device.cc:99] Not creating XLA devices, tf_xla_enable_xla_devices not set
INFO:tensorflow:Restoring parameters from /global/cfs/cdirs/desi/users/jqzou/dla_finder/prediction/model/train_lowsnr/train_lowsnr/current_99999.ckpt
INFO:tensorflow:Restoring parameters from /global/cfs/cdirs/desi/users/jqzou/dla_finder/prediction/model/train_lowsnr/train_lowsnr/current_99999.ckpt
INFO:tensorflow:Restoring parameters from /global/cfs/cdirs/desi/users/jqzou/dla_finder/prediction/model/train_lowsnr/train_lowsnr/current_99999.ckpt
2024-01-18 17:13:09.667643: I tensorflow/compiler/jit/xla_gpu_device.cc:99] Not creating XLA devices, tf_xla_enable_xla_devices not set
2024-01-18 17:13:09.700291: I tensorflow/compiler/jit/xla_gpu_device.cc:99] Not creating XLA devices, tf_xla_enable_xla_devices not set
INFO:tensorflow:Restoring parameters from /global/cfs/cdirs/desi/users/jqzou/dla_finder/prediction/model/train_lowsnr/train_lowsnr/current_99999.ckpt
INFO:tensorflow:Restoring parameters from /global/cfs/cdirs/desi/users/jqzou/dla_finder/prediction/model/train_lowsnr/train_lowsnr/current_99999.ckpt
2024-01-18 17:13:10.041700: I tensorflow/compiler/jit/xla_gpu_device.cc:99] Not creating XLA devices, tf_xla_enable_xla_devices not set
INFO:tensorflow:Restoring parameters from /global/cfs/cdirs/desi/users/jqzou/dla_finder/prediction/model/train_lowsnr/train_lowsnr/current_99999.ckpt
2024-01-18 17:13:10.285461: I tensorflow/compiler/jit/xla_gpu_device.cc:99] Not creating XLA devices, tf_xla_enable_xla_devices not set
2024-01-18 17:13:10.297250: I tensorflow/compiler/jit/xla_gpu_device.cc:99] Not creating XLA devices, tf_xla_enable_xla_devices not set
INFO:tensorflow:Restoring parameters from /global/cfs/cdirs/desi/users/jqzou/dla_finder/prediction/model/train_lowsnr/train_lowsnr/current_99999.ckpt
2024-01-18 17:13:10.368109: I tensorflow/compiler/jit/xla_gpu_device.cc:99] Not creating XLA devices, tf_xla_enable_xla_devices not set
2024-01-18 17:13:10.370809: I tensorflow/compiler/jit/xla_gpu_device.cc:99] Not creating XLA devices, tf_xla_enable_xla_devices not set
INFO:tensorflow:Restoring parameters from /global/cfs/cdirs/desi/users/jqzou/dla_finder/prediction/model/train_midsnr/train_midsnr/current_99999.ckpt
INFO:tensorflow:Restoring parameters from /global/cfs/cdirs/desi/users/jqzou/dla_finder/prediction/model/train_lowsnr/train_lowsnr/current_99999.ckpt
INFO:tensorflow:Restoring parameters from /global/cfs/cdirs/desi/users/jqzou/dla_finder/prediction/model/train_midsnr/train_midsnr/current_99999.ckpt
2024-01-18 17:13:10.567598: I tensorflow/compiler/jit/xla_gpu_device.cc:99] Not creating XLA devices, tf_xla_enable_xla_devices not set
INFO:tensorflow:Restoring parameters from /global/cfs/cdirs/desi/users/jqzou/dla_finder/prediction/model/train_midsnr/train_midsnr/current_99999.ckpt
2024-01-18 17:13:10.626778: I tensorflow/compiler/jit/xla_gpu_device.cc:99] Not creating XLA devices, tf_xla_enable_xla_devices not set
INFO:tensorflow:Restoring parameters from /global/cfs/cdirs/desi/users/jqzou/dla_finder/prediction/model/train_midsnr/train_midsnr/current_99999.ckpt
2024-01-18 17:13:11.404138: I tensorflow/compiler/jit/xla_gpu_device.cc:99] Not creating XLA devices, tf_xla_enable_xla_devices not set
INFO:tensorflow:Restoring parameters from /global/cfs/cdirs/desi/users/jqzou/dla_finder/prediction/model/train_midsnr/train_midsnr/current_99999.ckpt
2024-01-18 17:13:11.632328: I tensorflow/compiler/jit/xla_gpu_device.cc:99] Not creating XLA devices, tf_xla_enable_xla_devices not set
INFO:tensorflow:Restoring parameters from /global/cfs/cdirs/desi/users/jqzou/dla_finder/prediction/model/train_lowsnr/train_lowsnr/current_99999.ckpt
2024-01-18 17:13:11.825066: I tensorflow/compiler/jit/xla_gpu_device.cc:99] Not creating XLA devices, tf_xla_enable_xla_devices not set
2024-01-18 17:13:11.876786: I tensorflow/compiler/jit/xla_gpu_device.cc:99] Not creating XLA devices, tf_xla_enable_xla_devices not set
INFO:tensorflow:Restoring parameters from /global/cfs/cdirs/desi/users/jqzou/dla_finder/prediction/model/train_lowsnr/train_lowsnr/current_99999.ckpt
2024-01-18 17:13:11.937166: I tensorflow/compiler/jit/xla_gpu_device.cc:99] Not creating XLA devices, tf_xla_enable_xla_devices not set
INFO:tensorflow:Restoring parameters from /global/cfs/cdirs/desi/users/jqzou/dla_finder/prediction/model/train_midsnr/train_midsnr/current_99999.ckpt
2024-01-18 17:13:11.968997: I tensorflow/compiler/jit/xla_gpu_device.cc:99] Not creating XLA devices, tf_xla_enable_xla_devices not set
INFO:tensorflow:Restoring parameters from /global/cfs/cdirs/desi/users/jqzou/dla_finder/prediction/model/train_lowsnr/train_lowsnr/current_99999.ckpt
INFO:tensorflow:Restoring parameters from /global/cfs/cdirs/desi/users/jqzou/dla_finder/prediction/model/train_midsnr/train_midsnr/current_99999.ckpt
2024-01-18 17:13:12.187546: I tensorflow/compiler/jit/xla_gpu_device.cc:99] Not creating XLA devices, tf_xla_enable_xla_devices not set
INFO:tensorflow:Restoring parameters from /global/cfs/cdirs/desi/users/jqzou/dla_finder/prediction/model/train_midsnr/train_midsnr/current_99999.ckpt
2024-01-18 17:13:12.556407: I tensorflow/compiler/jit/xla_gpu_device.cc:99] Not creating XLA devices, tf_xla_enable_xla_devices not set
2024-01-18 17:13:12.590138: I tensorflow/compiler/jit/xla_gpu_device.cc:99] Not creating XLA devices, tf_xla_enable_xla_devices not set
INFO:tensorflow:Restoring parameters from /global/cfs/cdirs/desi/users/jqzou/dla_finder/prediction/model/train_lowsnr/train_lowsnr/current_99999.ckpt
INFO:tensorflow:Restoring parameters from /global/cfs/cdirs/desi/users/jqzou/dla_finder/prediction/model/train_lowsnr/train_lowsnr/current_99999.ckpt
2024-01-18 17:13:12.830361: I tensorflow/compiler/jit/xla_gpu_device.cc:99] Not creating XLA devices, tf_xla_enable_xla_devices not set
2024-01-18 17:13:12.882215: I tensorflow/compiler/jit/xla_gpu_device.cc:99] Not creating XLA devices, tf_xla_enable_xla_devices not set
2024-01-18 17:13:12.888590: I tensorflow/compiler/jit/xla_gpu_device.cc:99] Not creating XLA devices, tf_xla_enable_xla_devices not set
2024-01-18 17:13:12.892334: I tensorflow/compiler/jit/xla_gpu_device.cc:99] Not creating XLA devices, tf_xla_enable_xla_devices not set
INFO:tensorflow:Restoring parameters from /global/cfs/cdirs/desi/users/jqzou/dla_finder/prediction/model/train_lowsnr/train_lowsnr/current_99999.ckpt
2024-01-18 17:13:12.915302: I tensorflow/compiler/jit/xla_gpu_device.cc:99] Not creating XLA devices, tf_xla_enable_xla_devices not set
2024-01-18 17:13:12.934360: I tensorflow/compiler/jit/xla_gpu_device.cc:99] Not creating XLA devices, tf_xla_enable_xla_devices not set
INFO:tensorflow:Restoring parameters from /global/cfs/cdirs/desi/users/jqzou/dla_finder/prediction/model/train_midsnr/train_midsnr/current_99999.ckpt
INFO:tensorflow:Restoring parameters from /global/cfs/cdirs/desi/users/jqzou/dla_finder/prediction/model/train_lowsnr/train_lowsnr/current_99999.ckpt
INFO:tensorflow:Restoring parameters from /global/cfs/cdirs/desi/users/jqzou/dla_finder/prediction/model/train_lowsnr/train_lowsnr/current_99999.ckpt
INFO:tensorflow:Restoring parameters from /global/cfs/cdirs/desi/users/jqzou/dla_finder/prediction/model/train_lowsnr/train_lowsnr/current_99999.ckpt
INFO:tensorflow:Restoring parameters from /global/cfs/cdirs/desi/users/jqzou/dla_finder/prediction/model/train_lowsnr/train_lowsnr/current_99999.ckpt
2024-01-18 17:13:13.335783: I tensorflow/compiler/jit/xla_gpu_device.cc:99] Not creating XLA devices, tf_xla_enable_xla_devices not set
INFO:tensorflow:Restoring parameters from /global/cfs/cdirs/desi/users/jqzou/dla_finder/prediction/model/train_midsnr/train_midsnr/current_99999.ckpt
2024-01-18 17:13:13.416280: I tensorflow/compiler/jit/xla_gpu_device.cc:99] Not creating XLA devices, tf_xla_enable_xla_devices not set
INFO:tensorflow:Restoring parameters from /global/cfs/cdirs/desi/users/jqzou/dla_finder/prediction/model/train_lowsnr/train_lowsnr/current_99999.ckpt
2024-01-18 17:13:13.855776: I tensorflow/compiler/jit/xla_gpu_device.cc:99] Not creating XLA devices, tf_xla_enable_xla_devices not set
2024-01-18 17:13:13.903175: I tensorflow/compiler/jit/xla_gpu_device.cc:99] Not creating XLA devices, tf_xla_enable_xla_devices not set
2024-01-18 17:13:13.922735: I tensorflow/compiler/jit/xla_gpu_device.cc:99] Not creating XLA devices, tf_xla_enable_xla_devices not set
INFO:tensorflow:Restoring parameters from /global/cfs/cdirs/desi/users/jqzou/dla_finder/prediction/model/train_lowsnr/train_lowsnr/current_99999.ckpt
INFO:tensorflow:Restoring parameters from /global/cfs/cdirs/desi/users/jqzou/dla_finder/prediction/model/train_lowsnr/train_lowsnr/current_99999.ckpt
INFO:tensorflow:Restoring parameters from /global/cfs/cdirs/desi/users/jqzou/dla_finder/prediction/model/train_lowsnr/train_lowsnr/current_99999.ckpt
2024-01-18 17:13:14.059650: I tensorflow/compiler/jit/xla_gpu_device.cc:99] Not creating XLA devices, tf_xla_enable_xla_devices not set
2024-01-18 17:13:14.126211: I tensorflow/compiler/jit/xla_gpu_device.cc:99] Not creating XLA devices, tf_xla_enable_xla_devices not set
INFO:tensorflow:Restoring parameters from /global/cfs/cdirs/desi/users/jqzou/dla_finder/prediction/model/train_lowsnr/train_lowsnr/current_99999.ckpt
INFO:tensorflow:Restoring parameters from /global/cfs/cdirs/desi/users/jqzou/dla_finder/prediction/model/train_lowsnr/train_lowsnr/current_99999.ckpt
2024-01-18 17:13:14.474584: I tensorflow/compiler/jit/xla_gpu_device.cc:99] Not creating XLA devices, tf_xla_enable_xla_devices not set
INFO:tensorflow:Restoring parameters from /global/cfs/cdirs/desi/users/jqzou/dla_finder/prediction/model/train_lowsnr/train_lowsnr/current_99999.ckpt
2024-01-18 17:13:14.650647: I tensorflow/compiler/jit/xla_gpu_device.cc:99] Not creating XLA devices, tf_xla_enable_xla_devices not set
INFO:tensorflow:Restoring parameters from /global/cfs/cdirs/desi/users/jqzou/dla_finder/prediction/model/train_lowsnr/train_lowsnr/current_99999.ckpt
2024-01-18 17:13:14.773255: I tensorflow/compiler/jit/xla_gpu_device.cc:99] Not creating XLA devices, tf_xla_enable_xla_devices not set
INFO:tensorflow:Restoring parameters from /global/cfs/cdirs/desi/users/jqzou/dla_finder/prediction/model/train_lowsnr/train_lowsnr/current_99999.ckpt
2024-01-18 17:13:15.080758: I tensorflow/compiler/jit/xla_gpu_device.cc:99] Not creating XLA devices, tf_xla_enable_xla_devices not set
INFO:tensorflow:Restoring parameters from /global/cfs/cdirs/desi/users/jqzou/dla_finder/prediction/model/train_midsnr/train_midsnr/current_99999.ckpt
2024-01-18 17:13:15.285295: I tensorflow/compiler/jit/xla_gpu_device.cc:99] Not creating XLA devices, tf_xla_enable_xla_devices not set
2024-01-18 17:13:15.290176: I tensorflow/compiler/jit/xla_gpu_device.cc:99] Not creating XLA devices, tf_xla_enable_xla_devices not set
INFO:tensorflow:Restoring parameters from /global/cfs/cdirs/desi/users/jqzou/dla_finder/prediction/model/train_lowsnr/train_lowsnr/current_99999.ckpt
INFO:tensorflow:Restoring parameters from /global/cfs/cdirs/desi/users/jqzou/dla_finder/prediction/model/train_midsnr/train_midsnr/current_99999.ckpt
2024-01-18 17:13:15.379944: I tensorflow/compiler/jit/xla_gpu_device.cc:99] Not creating XLA devices, tf_xla_enable_xla_devices not set
INFO:tensorflow:Restoring parameters from /global/cfs/cdirs/desi/users/jqzou/dla_finder/prediction/model/train_lowsnr/train_lowsnr/current_99999.ckpt
2024-01-18 17:13:15.440523: I tensorflow/compiler/jit/xla_gpu_device.cc:99] Not creating XLA devices, tf_xla_enable_xla_devices not set
2024-01-18 17:13:15.452609: I tensorflow/compiler/jit/xla_gpu_device.cc:99] Not creating XLA devices, tf_xla_enable_xla_devices not set
INFO:tensorflow:Restoring parameters from /global/cfs/cdirs/desi/users/jqzou/dla_finder/prediction/model/train_lowsnr/train_lowsnr/current_99999.ckpt
2024-01-18 17:13:15.522771: I tensorflow/compiler/jit/xla_gpu_device.cc:99] Not creating XLA devices, tf_xla_enable_xla_devices not set
INFO:tensorflow:Restoring parameters from /global/cfs/cdirs/desi/users/jqzou/dla_finder/prediction/model/train_midsnr/train_midsnr/current_99999.ckpt
INFO:tensorflow:Restoring parameters from /global/cfs/cdirs/desi/users/jqzou/dla_finder/prediction/model/train_midsnr/train_midsnr/current_99999.ckpt
2024-01-18 17:13:15.903402: I tensorflow/compiler/jit/xla_gpu_device.cc:99] Not creating XLA devices, tf_xla_enable_xla_devices not set
2024-01-18 17:13:15.938092: I tensorflow/compiler/jit/xla_gpu_device.cc:99] Not creating XLA devices, tf_xla_enable_xla_devices not set
INFO:tensorflow:Restoring parameters from /global/cfs/cdirs/desi/users/jqzou/dla_finder/prediction/model/train_lowsnr/train_lowsnr/current_99999.ckpt
INFO:tensorflow:Restoring parameters from /global/cfs/cdirs/desi/users/jqzou/dla_finder/prediction/model/train_midsnr/train_midsnr/current_99999.ckpt
2024-01-18 17:13:16.132204: I tensorflow/compiler/jit/xla_gpu_device.cc:99] Not creating XLA devices, tf_xla_enable_xla_devices not set
2024-01-18 17:13:16.182194: I tensorflow/compiler/jit/xla_gpu_device.cc:99] Not creating XLA devices, tf_xla_enable_xla_devices not set
INFO:tensorflow:Restoring parameters from /global/cfs/cdirs/desi/users/jqzou/dla_finder/prediction/model/train_midsnr/train_midsnr/current_99999.ckpt
INFO:tensorflow:Restoring parameters from /global/cfs/cdirs/desi/users/jqzou/dla_finder/prediction/model/train_midsnr/train_midsnr/current_99999.ckpt
2024-01-18 17:13:16.331191: I tensorflow/compiler/jit/xla_gpu_device.cc:99] Not creating XLA devices, tf_xla_enable_xla_devices not set
2024-01-18 17:13:16.331685: I tensorflow/compiler/jit/xla_gpu_device.cc:99] Not creating XLA devices, tf_xla_enable_xla_devices not set
INFO:tensorflow:Restoring parameters from /global/cfs/cdirs/desi/users/jqzou/dla_finder/prediction/model/train_lowsnr/train_lowsnr/current_99999.ckpt
INFO:tensorflow:Restoring parameters from /global/cfs/cdirs/desi/users/jqzou/dla_finder/prediction/model/train_lowsnr/train_lowsnr/current_99999.ckpt
2024-01-18 17:13:16.780042: I tensorflow/compiler/jit/xla_gpu_device.cc:99] Not creating XLA devices, tf_xla_enable_xla_devices not set
INFO:tensorflow:Restoring parameters from /global/cfs/cdirs/desi/users/jqzou/dla_finder/prediction/model/train_midsnr/train_midsnr/current_99999.ckpt
2024-01-18 17:13:17.070699: I tensorflow/compiler/jit/xla_gpu_device.cc:99] Not creating XLA devices, tf_xla_enable_xla_devices not set
INFO:tensorflow:Restoring parameters from /global/cfs/cdirs/desi/users/jqzou/dla_finder/prediction/model/train_lowsnr/train_lowsnr/current_99999.ckpt
2024-01-18 17:13:17.229908: I tensorflow/compiler/jit/xla_gpu_device.cc:99] Not creating XLA devices, tf_xla_enable_xla_devices not set
INFO:tensorflow:Restoring parameters from /global/cfs/cdirs/desi/users/jqzou/dla_finder/prediction/model/train_lowsnr/train_lowsnr/current_99999.ckpt
2024-01-18 17:13:17.286512: I tensorflow/compiler/jit/xla_gpu_device.cc:99] Not creating XLA devices, tf_xla_enable_xla_devices not set
INFO:tensorflow:Restoring parameters from /global/cfs/cdirs/desi/users/jqzou/dla_finder/prediction/model/train_midsnr/train_midsnr/current_99999.ckpt
2024-01-18 17:13:17.598223: I tensorflow/compiler/jit/xla_gpu_device.cc:99] Not creating XLA devices, tf_xla_enable_xla_devices not set
INFO:tensorflow:Restoring parameters from /global/cfs/cdirs/desi/users/jqzou/dla_finder/prediction/model/train_lowsnr/train_lowsnr/current_99999.ckpt
2024-01-18 17:13:17.771738: I tensorflow/compiler/jit/xla_gpu_device.cc:99] Not creating XLA devices, tf_xla_enable_xla_devices not set
INFO:tensorflow:Restoring parameters from /global/cfs/cdirs/desi/users/jqzou/dla_finder/prediction/model/train_lowsnr/train_lowsnr/current_99999.ckpt
2024-01-18 17:13:18.287145: I tensorflow/compiler/jit/xla_gpu_device.cc:99] Not creating XLA devices, tf_xla_enable_xla_devices not set
INFO:tensorflow:Restoring parameters from /global/cfs/cdirs/desi/users/jqzou/dla_finder/prediction/model/train_lowsnr/train_lowsnr/current_99999.ckpt
2024-01-18 17:13:18.444803: I tensorflow/compiler/jit/xla_gpu_device.cc:99] Not creating XLA devices, tf_xla_enable_xla_devices not set
INFO:tensorflow:Restoring parameters from /global/cfs/cdirs/desi/users/jqzou/dla_finder/prediction/model/train_lowsnr/train_lowsnr/current_99999.ckpt
2024-01-18 17:13:18.530992: I tensorflow/compiler/jit/xla_gpu_device.cc:99] Not creating XLA devices, tf_xla_enable_xla_devices not set
INFO:tensorflow:Restoring parameters from /global/cfs/cdirs/desi/users/jqzou/dla_finder/prediction/model/train_lowsnr/train_lowsnr/current_99999.ckpt
2024-01-18 17:13:18.704180: I tensorflow/compiler/jit/xla_gpu_device.cc:99] Not creating XLA devices, tf_xla_enable_xla_devices not set
INFO:tensorflow:Restoring parameters from /global/cfs/cdirs/desi/users/jqzou/dla_finder/prediction/model/train_lowsnr/train_lowsnr/current_99999.ckpt
2024-01-18 17:13:18.804133: I tensorflow/compiler/jit/xla_gpu_device.cc:99] Not creating XLA devices, tf_xla_enable_xla_devices not set
2024-01-18 17:13:18.857130: I tensorflow/compiler/jit/xla_gpu_device.cc:99] Not creating XLA devices, tf_xla_enable_xla_devices not set
INFO:tensorflow:Restoring parameters from /global/cfs/cdirs/desi/users/jqzou/dla_finder/prediction/model/train_lowsnr/train_lowsnr/current_99999.ckpt
2024-01-18 17:13:18.906119: I tensorflow/compiler/jit/xla_gpu_device.cc:99] Not creating XLA devices, tf_xla_enable_xla_devices not set
INFO:tensorflow:Restoring parameters from /global/cfs/cdirs/desi/users/jqzou/dla_finder/prediction/model/train_lowsnr/train_lowsnr/current_99999.ckpt
2024-01-18 17:13:18.948871: I tensorflow/compiler/jit/xla_gpu_device.cc:99] Not creating XLA devices, tf_xla_enable_xla_devices not set
2024-01-18 17:13:18.955367: I tensorflow/compiler/jit/xla_gpu_device.cc:99] Not creating XLA devices, tf_xla_enable_xla_devices not set
INFO:tensorflow:Restoring parameters from /global/cfs/cdirs/desi/users/jqzou/dla_finder/prediction/model/train_lowsnr/train_lowsnr/current_99999.ckpt
INFO:tensorflow:Restoring parameters from /global/cfs/cdirs/desi/users/jqzou/dla_finder/prediction/model/train_midsnr/train_midsnr/current_99999.ckpt
INFO:tensorflow:Restoring parameters from /global/cfs/cdirs/desi/users/jqzou/dla_finder/prediction/model/train_midsnr/train_midsnr/current_99999.ckpt
2024-01-18 17:13:19.097902: I tensorflow/compiler/jit/xla_gpu_device.cc:99] Not creating XLA devices, tf_xla_enable_xla_devices not set
INFO:tensorflow:Restoring parameters from /global/cfs/cdirs/desi/users/jqzou/dla_finder/prediction/model/train_lowsnr/train_lowsnr/current_99999.ckpt
2024-01-18 17:13:19.255713: I tensorflow/compiler/jit/xla_gpu_device.cc:99] Not creating XLA devices, tf_xla_enable_xla_devices not set
INFO:tensorflow:Restoring parameters from /global/cfs/cdirs/desi/users/jqzou/dla_finder/prediction/model/train_lowsnr/train_lowsnr/current_99999.ckpt
2024-01-18 17:13:19.401513: I tensorflow/compiler/jit/xla_gpu_device.cc:99] Not creating XLA devices, tf_xla_enable_xla_devices not set
2024-01-18 17:13:19.454401: I tensorflow/compiler/jit/xla_gpu_device.cc:99] Not creating XLA devices, tf_xla_enable_xla_devices not set
INFO:tensorflow:Restoring parameters from /global/cfs/cdirs/desi/users/jqzou/dla_finder/prediction/model/train_lowsnr/train_lowsnr/current_99999.ckpt
INFO:tensorflow:Restoring parameters from /global/cfs/cdirs/desi/users/jqzou/dla_finder/prediction/model/train_lowsnr/train_lowsnr/current_99999.ckpt
2024-01-18 17:13:20.101594: I tensorflow/compiler/jit/xla_gpu_device.cc:99] Not creating XLA devices, tf_xla_enable_xla_devices not set
INFO:tensorflow:Restoring parameters from /global/cfs/cdirs/desi/users/jqzou/dla_finder/prediction/model/train_midsnr/train_midsnr/current_99999.ckpt
2024-01-18 17:13:20.198456: I tensorflow/compiler/jit/xla_gpu_device.cc:99] Not creating XLA devices, tf_xla_enable_xla_devices not set
INFO:tensorflow:Restoring parameters from /global/cfs/cdirs/desi/users/jqzou/dla_finder/prediction/model/train_lowsnr/train_lowsnr/current_99999.ckpt
2024-01-18 17:13:20.400598: I tensorflow/compiler/jit/xla_gpu_device.cc:99] Not creating XLA devices, tf_xla_enable_xla_devices not set
2024-01-18 17:13:20.445263: I tensorflow/compiler/jit/xla_gpu_device.cc:99] Not creating XLA devices, tf_xla_enable_xla_devices not set
INFO:tensorflow:Restoring parameters from /global/cfs/cdirs/desi/users/jqzou/dla_finder/prediction/model/train_lowsnr/train_lowsnr/current_99999.ckpt
2024-01-18 17:13:20.505855: I tensorflow/compiler/jit/xla_gpu_device.cc:99] Not creating XLA devices, tf_xla_enable_xla_devices not set
INFO:tensorflow:Restoring parameters from /global/cfs/cdirs/desi/users/jqzou/dla_finder/prediction/model/train_midsnr/train_midsnr/current_99999.ckpt
INFO:tensorflow:Restoring parameters from /global/cfs/cdirs/desi/users/jqzou/dla_finder/prediction/model/train_midsnr/train_midsnr/current_99999.ckpt
2024-01-18 17:13:21.156632: I tensorflow/compiler/jit/xla_gpu_device.cc:99] Not creating XLA devices, tf_xla_enable_xla_devices not set
INFO:tensorflow:Restoring parameters from /global/cfs/cdirs/desi/users/jqzou/dla_finder/prediction/model/train_lowsnr/train_lowsnr/current_99999.ckpt
2024-01-18 17:13:21.608333: I tensorflow/compiler/jit/xla_gpu_device.cc:99] Not creating XLA devices, tf_xla_enable_xla_devices not set
INFO:tensorflow:Restoring parameters from /global/cfs/cdirs/desi/users/jqzou/dla_finder/prediction/model/train_lowsnr/train_lowsnr/current_99999.ckpt
2024-01-18 17:13:21.878005: I tensorflow/compiler/jit/xla_gpu_device.cc:99] Not creating XLA devices, tf_xla_enable_xla_devices not set
INFO:tensorflow:Restoring parameters from /global/cfs/cdirs/desi/users/jqzou/dla_finder/prediction/model/train_lowsnr/train_lowsnr/current_99999.ckpt
2024-01-18 17:13:21.984573: I tensorflow/compiler/jit/xla_gpu_device.cc:99] Not creating XLA devices, tf_xla_enable_xla_devices not set
INFO:tensorflow:Restoring parameters from /global/cfs/cdirs/desi/users/jqzou/dla_finder/prediction/model/train_lowsnr/train_lowsnr/current_99999.ckpt
2024-01-18 17:13:22.438762: I tensorflow/compiler/jit/xla_gpu_device.cc:99] Not creating XLA devices, tf_xla_enable_xla_devices not set
INFO:tensorflow:Restoring parameters from /global/cfs/cdirs/desi/users/jqzou/dla_finder/prediction/model/train_lowsnr/train_lowsnr/current_99999.ckpt
2024-01-18 17:13:22.819087: I tensorflow/compiler/jit/xla_gpu_device.cc:99] Not creating XLA devices, tf_xla_enable_xla_devices not set
INFO:tensorflow:Restoring parameters from /global/cfs/cdirs/desi/users/jqzou/dla_finder/prediction/model/train_lowsnr/train_lowsnr/current_99999.ckpt
2024-01-18 17:13:23.181689: I tensorflow/compiler/jit/xla_gpu_device.cc:99] Not creating XLA devices, tf_xla_enable_xla_devices not set
INFO:tensorflow:Restoring parameters from /global/cfs/cdirs/desi/users/jqzou/dla_finder/prediction/model/train_lowsnr/train_lowsnr/current_99999.ckpt
2024-01-18 17:13:23.734349: I tensorflow/compiler/jit/xla_gpu_device.cc:99] Not creating XLA devices, tf_xla_enable_xla_devices not set
INFO:tensorflow:Restoring parameters from /global/cfs/cdirs/desi/users/jqzou/dla_finder/prediction/model/train_lowsnr/train_lowsnr/current_99999.ckpt
2024-01-18 17:13:23.851068: I tensorflow/compiler/jit/xla_gpu_device.cc:99] Not creating XLA devices, tf_xla_enable_xla_devices not set
INFO:tensorflow:Restoring parameters from /global/cfs/cdirs/desi/users/jqzou/dla_finder/prediction/model/train_lowsnr/train_lowsnr/current_99999.ckpt
2024-01-18 17:13:24.396440: I tensorflow/compiler/jit/xla_gpu_device.cc:99] Not creating XLA devices, tf_xla_enable_xla_devices not set
INFO:tensorflow:Restoring parameters from /global/cfs/cdirs/desi/users/jqzou/dla_finder/prediction/model/train_lowsnr/train_lowsnr/current_99999.ckpt
2024-01-18 17:13:24.732672: I tensorflow/compiler/jit/xla_gpu_device.cc:99] Not creating XLA devices, tf_xla_enable_xla_devices not set
2024-01-18 17:13:24.740338: I tensorflow/compiler/jit/xla_gpu_device.cc:99] Not creating XLA devices, tf_xla_enable_xla_devices not set
INFO:tensorflow:Restoring parameters from /global/cfs/cdirs/desi/users/jqzou/dla_finder/prediction/model/train_lowsnr/train_lowsnr/current_99999.ckpt
INFO:tensorflow:Restoring parameters from /global/cfs/cdirs/desi/users/jqzou/dla_finder/prediction/model/train_midsnr/train_midsnr/current_99999.ckpt
2024-01-18 17:13:24.946354: I tensorflow/compiler/jit/xla_gpu_device.cc:99] Not creating XLA devices, tf_xla_enable_xla_devices not set
INFO:tensorflow:Restoring parameters from /global/cfs/cdirs/desi/users/jqzou/dla_finder/prediction/model/train_lowsnr/train_lowsnr/current_99999.ckpt
2024-01-18 17:13:25.143555: I tensorflow/compiler/jit/xla_gpu_device.cc:99] Not creating XLA devices, tf_xla_enable_xla_devices not set
INFO:tensorflow:Restoring parameters from /global/cfs/cdirs/desi/users/jqzou/dla_finder/prediction/model/train_lowsnr/train_lowsnr/current_99999.ckpt
2024-01-18 17:13:25.937270: I tensorflow/compiler/jit/xla_gpu_device.cc:99] Not creating XLA devices, tf_xla_enable_xla_devices not set
INFO:tensorflow:Restoring parameters from /global/cfs/cdirs/desi/users/jqzou/dla_finder/prediction/model/train_midsnr/train_midsnr/current_99999.ckpt
2024-01-18 17:13:26.385995: I tensorflow/compiler/jit/xla_gpu_device.cc:99] Not creating XLA devices, tf_xla_enable_xla_devices not set
INFO:tensorflow:Restoring parameters from /global/cfs/cdirs/desi/users/jqzou/dla_finder/prediction/model/train_lowsnr/train_lowsnr/current_99999.ckpt
2024-01-18 17:13:27.061754: I tensorflow/compiler/jit/xla_gpu_device.cc:99] Not creating XLA devices, tf_xla_enable_xla_devices not set
INFO:tensorflow:Restoring parameters from /global/cfs/cdirs/desi/users/jqzou/dla_finder/prediction/model/train_lowsnr/train_lowsnr/current_99999.ckpt

  0%|                                                                                                                                    | 0/888 [00:00<?, ?it/s]/global/u1/t/tanting/DESI_analysis/desi-dlas/desidlas/datasets/datasetting.py:85: FutureWarning: arrays to stack must be passed as a "sequence" type such as list or tuple. Support for non-sequence iterables such as generators is deprecated as of NumPy 1.16 and will raise an error in the future.
  fluxes_matrix = np.vstack(map(lambda x:x[0][x[1]-kernelrangepx:x[1]+kernelrangepx],zip(itertools.repeat(flux_padded), np.nonzero(ix_dla_range)[0]+pixel_num_left)))
/global/u1/t/tanting/DESI_analysis/desi-dlas/desidlas/datasets/datasetting.py:86: FutureWarning: arrays to stack must be passed as a "sequence" type such as list or tuple. Support for non-sequence iterables such as generators is deprecated as of NumPy 1.16 and will raise an error in the future.
  lam_matrix = np.vstack(map(lambda x:x[0][x[1]-kernelrangepx:x[1]+kernelrangepx],zip(itertools.repeat(lam_padded), np.nonzero(ix_dla_range)[0]+pixel_num_left)))
  1%|▋                                                                                                                           | 5/888 [00:00<00:19, 44.74it/s]  1%|█▊                                                                                                                         | 13/888 [00:00<00:14, 60.11it/s]  2%|██▉                                                                                                                        | 21/888 [00:00<00:13, 64.50it/s]  3%|███▉                                                                                                                       | 28/888 [00:00<00:15, 54.55it/s]  4%|████▋                                                                                                                      | 34/888 [00:00<00:17, 49.07it/s]  5%|█████▌                                                                                                                     | 40/888 [00:00<00:17, 47.29it/s]  5%|██████▏                                                                                                                    | 45/888 [00:00<00:17, 47.59it/s]  6%|███████                                                                                                                    | 51/888 [00:00<00:16, 50.55it/s]  6%|███████▉                                                                                                                   | 57/888 [00:01<00:16, 51.43it/s]  7%|█████████                                                                                                                  | 65/888 [00:01<00:14, 58.62it/s]  8%|█████████▊                                                                                                                 | 71/888 [00:01<00:14, 55.99it/s]  9%|██████████▋                                                                                                                | 77/888 [00:01<00:15, 53.78it/s]  9%|███████████▍                                                                                                               | 83/888 [00:01<00:15, 52.91it/s] 10%|████████████▎                                                                                                              | 89/888 [00:01<00:14, 54.43it/s] 11%|█████████████▏                                                                                                             | 95/888 [00:01<00:14, 53.00it/s] 11%|█████████████▉                                                                                                            | 101/888 [00:01<00:14, 53.37it/s] 12%|██████████████▊                                                                                                           | 108/888 [00:02<00:14, 53.63it/s] 13%|███████████████▋                                                                                                          | 114/888 [00:02<00:14, 55.13it/s] 14%|████████████████▍                                                                                                         | 120/888 [00:02<00:17, 45.10it/s] 14%|█████████████████▏                                                                                                        | 125/888 [00:02<00:18, 42.12it/s] 15%|█████████████████▊                                                                                                        | 130/888 [00:02<00:18, 40.03it/s] 16%|██████████████████▉                                                                                                       | 138/888 [00:02<00:15, 48.09it/s] 17%|████████████████████▏                                                                                                     | 147/888 [00:02<00:13, 56.78it/s] 17%|█████████████████████                                                                                                     | 153/888 [00:02<00:12, 56.58it/s] 18%|█████████████████████▊                                                                                                    | 159/888 [00:03<00:13, 53.53it/s] 19%|██████████████████████▋                                                                                                   | 165/888 [00:03<00:13, 53.40it/s] 19%|███████████████████████▋                                                                                                  | 172/888 [00:03<00:12, 56.78it/s] 20%|████████████████████████▌                                                                                                 | 179/888 [00:03<00:11, 59.46it/s] 21%|█████████████████████████▌                                                                                                | 186/888 [00:03<00:12, 57.11it/s] 22%|██████████████████████████▌                                                                                               | 193/888 [00:03<00:11, 59.28it/s] 23%|███████████████████████████▍                                                                                              | 200/888 [00:03<00:12, 56.98it/s] 23%|████████████████████████████▎                                                                                             | 206/888 [00:03<00:12, 56.80it/s] 24%|█████████████████████████████▏                                                                                            | 212/888 [00:04<00:14, 45.78it/s] 24%|█████████████████████████████▊                                                                                            | 217/888 [00:04<00:15, 44.49it/s] 25%|██████████████████████████████▌                                                                                           | 222/888 [00:04<00:15, 42.63it/s] 26%|███████████████████████████████▏                                                                                          | 227/888 [00:04<00:15, 43.39it/s] 26%|████████████████████████████████▏                                                                                         | 234/888 [00:04<00:13, 47.84it/s] 27%|████████████████████████████████▊                                                                                         | 239/888 [00:04<00:13, 46.71it/s] 28%|█████████████████████████████████▋                                                                                        | 245/888 [00:04<00:12, 49.55it/s] 28%|██████████████████████████████████▊                                                                                       | 253/888 [00:04<00:11, 56.97it/s] 29%|███████████████████████████████████▊                                                                                      | 261/888 [00:05<00:10, 57.49it/s] 30%|████████████████████████████████████▋                                                                                     | 267/888 [00:05<00:11, 53.40it/s] 31%|█████████████████████████████████████▌                                                                                    | 273/888 [00:05<00:12, 51.20it/s] 31%|██████████████████████████████████████▎                                                                                   | 279/888 [00:05<00:11, 51.60it/s] 32%|███████████████████████████████████████▏                                                                                  | 285/888 [00:05<00:12, 48.91it/s] 33%|███████████████████████████████████████▊                                                                                  | 290/888 [00:05<00:12, 48.78it/s] 33%|████████████████████████████████████████▋                                                                                 | 296/888 [00:05<00:11, 51.36it/s] 34%|█████████████████████████████████████████▍                                                                                | 302/888 [00:05<00:14, 41.49it/s] 35%|██████████████████████████████████████████▎                                                                               | 308/888 [00:06<00:13, 43.90it/s] 35%|███████████████████████████████████████████                                                                               | 313/888 [00:06<00:12, 44.31it/s] 36%|███████████████████████████████████████████▉                                                                              | 320/888 [00:06<00:11, 50.30it/s] 37%|████████████████████████████████████████████▊                                                                             | 326/888 [00:06<00:13, 41.97it/s] 38%|█████████████████████████████████████████████▊                                                                            | 333/888 [00:06<00:11, 47.56it/s] 38%|██████████████████████████████████████████████▌                                                                           | 339/888 [00:06<00:11, 48.21it/s] 39%|███████████████████████████████████████████████▍                                                                          | 345/888 [00:06<00:10, 50.82it/s] 40%|████████████████████████████████████████████████▏                                                                         | 351/888 [00:06<00:10, 49.85it/s] 40%|█████████████████████████████████████████████████                                                                         | 357/888 [00:07<00:10, 49.39it/s] 41%|█████████████████████████████████████████████████▊                                                                        | 363/888 [00:07<00:11, 44.77it/s] 42%|██████████████████████████████████████████████████▋                                                                       | 369/888 [00:07<00:11, 44.88it/s] 42%|███████████████████████████████████████████████████▋                                                                      | 376/888 [00:07<00:10, 50.45it/s] 43%|████████████████████████████████████████████████████▌                                                                     | 383/888 [00:07<00:09, 53.01it/s] 44%|█████████████████████████████████████████████████████▍                                                                    | 389/888 [00:07<00:09, 53.68it/s] 45%|██████████████████████████████████████████████████████▌                                                                   | 397/888 [00:07<00:08, 56.52it/s] 45%|███████████████████████████████████████████████████████▎                                                                  | 403/888 [00:07<00:08, 54.01it/s] 46%|████████████████████████████████████████████████████████▏                                                                 | 409/888 [00:08<00:09, 51.39it/s] 47%|█████████████████████████████████████████████████████████                                                                 | 415/888 [00:08<00:10, 46.82it/s] 47%|█████████████████████████████████████████████████████████▊                                                                | 421/888 [00:08<00:09, 49.98it/s] 48%|██████████████████████████████████████████████████████████▋                                                               | 427/888 [00:08<00:09, 48.77it/s] 49%|███████████████████████████████████████████████████████████▎                                                              | 432/888 [00:08<00:09, 48.07it/s] 49%|████████████████████████████████████████████████████████████▎                                                             | 439/888 [00:08<00:08, 52.85it/s] 50%|█████████████████████████████████████████████████████████████▏                                                            | 445/888 [00:08<00:09, 47.00it/s] 51%|██████████████████████████████████████████████████████████████▏                                                           | 453/888 [00:08<00:07, 54.84it/s] 52%|███████████████████████████████████████████████████████████████                                                           | 459/888 [00:09<00:07, 55.46it/s] 52%|███████████████████████████████████████████████████████████████▉                                                          | 465/888 [00:09<00:08, 52.84it/s] 53%|████████████████████████████████████████████████████████████████▋                                                         | 471/888 [00:09<00:09, 43.76it/s] 54%|█████████████████████████████████████████████████████████████████▋                                                        | 478/888 [00:09<00:08, 48.65it/s] 55%|██████████████████████████████████████████████████████████████████▍                                                       | 484/888 [00:09<00:09, 44.56it/s] 55%|███████████████████████████████████████████████████████████████████▎                                                      | 490/888 [00:09<00:08, 44.79it/s] 56%|████████████████████████████████████████████████████████████████████                                                      | 495/888 [00:09<00:09, 43.03it/s] 56%|████████████████████████████████████████████████████████████████████▊                                                     | 501/888 [00:09<00:08, 46.76it/s] 57%|█████████████████████████████████████████████████████████████████████▋                                                    | 507/888 [00:10<00:07, 49.90it/s] 58%|██████████████████████████████████████████████████████████████████████▍                                                   | 513/888 [00:10<00:07, 51.31it/s] 58%|███████████████████████████████████████████████████████████████████████▎                                                  | 519/888 [00:10<00:07, 49.99it/s] 59%|████████████████████████████████████████████████████████████████████████▏                                                 | 525/888 [00:10<00:07, 50.34it/s] 60%|████████████████████████████████████████████████████████████████████████▉                                                 | 531/888 [00:10<00:07, 45.84it/s] 60%|█████████████████████████████████████████████████████████████████████████▋                                                | 536/888 [00:10<00:07, 44.53it/s] 61%|██████████████████████████████████████████████████████████████████████████▎                                               | 541/888 [00:10<00:08, 42.50it/s] 61%|███████████████████████████████████████████████████████████████████████████                                               | 546/888 [00:10<00:07, 42.81it/s] 62%|███████████████████████████████████████████████████████████████████████████▊                                              | 552/888 [00:11<00:07, 43.09it/s] 63%|████████████████████████████████████████████████████████████████████████████▌                                             | 557/888 [00:11<00:07, 43.05it/s] 63%|█████████████████████████████████████████████████████████████████████████████▎                                            | 563/888 [00:11<00:07, 45.88it/s] 64%|██████████████████████████████████████████████████████████████████████████████                                            | 568/888 [00:11<00:06, 46.80it/s] 65%|██████████████████████████████████████████████████████████████████████████████▉                                           | 575/888 [00:11<00:05, 52.97it/s] 65%|███████████████████████████████████████████████████████████████████████████████▊                                          | 581/888 [00:11<00:06, 44.79it/s] 66%|████████████████████████████████████████████████████████████████████████████████▌                                         | 586/888 [00:11<00:06, 43.73it/s] 67%|█████████████████████████████████████████████████████████████████████████████████▏                                        | 591/888 [00:11<00:07, 41.21it/s] 67%|██████████████████████████████████████████████████████████████████████████████████                                        | 597/888 [00:12<00:06, 42.74it/s] 68%|███████████████████████████████████████████████████████████████████████████████████                                       | 605/888 [00:12<00:05, 51.27it/s] 69%|███████████████████████████████████████████████████████████████████████████████████▉                                      | 611/888 [00:12<00:05, 49.83it/s] 69%|████████████████████████████████████████████████████████████████████████████████████▊                                     | 617/888 [00:12<00:06, 39.95it/s] 70%|█████████████████████████████████████████████████████████████████████████████████████▍                                    | 622/888 [00:12<00:07, 36.83it/s] 71%|██████████████████████████████████████████████████████████████████████████████████████▎                                   | 628/888 [00:12<00:06, 39.44it/s] 71%|███████████████████████████████████████████████████████████████████████████████████████                                   | 634/888 [00:12<00:05, 43.52it/s] 72%|███████████████████████████████████████████████████████████████████████████████████████▊                                  | 639/888 [00:13<00:05, 43.77it/s] 73%|████████████████████████████████████████████████████████████████████████████████████████▍                                 | 644/888 [00:13<00:05, 41.70it/s] 73%|█████████████████████████████████████████████████████████████████████████████████████████▏                                | 649/888 [00:13<00:06, 39.21it/s] 74%|██████████████████████████████████████████████████████████████████████████████████████████▏                               | 656/888 [00:13<00:05, 45.67it/s] 74%|██████████████████████████████████████████████████████████████████████████████████████████▊                               | 661/888 [00:13<00:05, 45.04it/s] 75%|███████████████████████████████████████████████████████████████████████████████████████████▌                              | 666/888 [00:13<00:05, 42.69it/s] 76%|████████████████████████████████████████████████████████████████████████████████████████████▏                             | 671/888 [00:13<00:04, 44.12it/s] 76%|████████████████████████████████████████████████████████████████████████████████████████████▊                             | 676/888 [00:13<00:05, 41.76it/s] 77%|█████████████████████████████████████████████████████████████████████████████████████████████▉                            | 684/888 [00:14<00:04, 50.29it/s] 78%|██████████████████████████████████████████████████████████████████████████████████████████████▊                           | 690/888 [00:14<00:03, 49.51it/s] 78%|███████████████████████████████████████████████████████████████████████████████████████████████▌                          | 696/888 [00:14<00:04, 45.15it/s] 79%|████████████████████████████████████████████████████████████████████████████████████████████████▍                         | 702/888 [00:14<00:03, 47.53it/s] 80%|█████████████████████████████████████████████████████████████████████████████████████████████████▍                        | 709/888 [00:14<00:03, 50.85it/s] 81%|██████████████████████████████████████████████████████████████████████████████████████████████████▏                       | 715/888 [00:14<00:03, 48.04it/s] 81%|███████████████████████████████████████████████████████████████████████████████████████████████████▏                      | 722/888 [00:14<00:03, 48.97it/s] 82%|████████████████████████████████████████████████████████████████████████████████████████████████████                      | 728/888 [00:14<00:03, 51.34it/s] 83%|████████████████████████████████████████████████████████████████████████████████████████████████████▉                     | 735/888 [00:15<00:02, 54.60it/s] 84%|██████████████████████████████████████████████████████████████████████████████████████████████████████                    | 743/888 [00:15<00:02, 60.10it/s] 84%|███████████████████████████████████████████████████████████████████████████████████████████████████████                   | 750/888 [00:15<00:02, 62.66it/s] 85%|████████████████████████████████████████████████████████████████████████████████████████████████████████                  | 757/888 [00:15<00:02, 59.05it/s] 86%|████████████████████████████████████████████████████████████████████████████████████████████████████████▉                 | 764/888 [00:15<00:02, 59.59it/s] 87%|█████████████████████████████████████████████████████████████████████████████████████████████████████████▉                | 771/888 [00:15<00:02, 56.76it/s] 88%|███████████████████████████████████████████████████████████████████████████████████████████████████████████               | 779/888 [00:15<00:01, 61.57it/s] 89%|███████████████████████████████████████████████████████████████████████████████████████████████████████████▉              | 786/888 [00:15<00:01, 58.98it/s] 89%|█████████████████████████████████████████████████████████████████████████████████████████████████████████████             | 794/888 [00:16<00:01, 62.24it/s] 90%|██████████████████████████████████████████████████████████████████████████████████████████████████████████████            | 801/888 [00:16<00:01, 52.90it/s] 91%|██████████████████████████████████████████████████████████████████████████████████████████████████████████████▊           | 807/888 [00:16<00:01, 50.64it/s] 92%|███████████████████████████████████████████████████████████████████████████████████████████████████████████████▋          | 813/888 [00:16<00:01, 50.54it/s] 92%|████████████████████████████████████████████████████████████████████████████████████████████████████████████████▌         | 819/888 [00:16<00:01, 50.81it/s] 93%|█████████████████████████████████████████████████████████████████████████████████████████████████████████████████▌        | 827/888 [00:16<00:01, 58.10it/s] 94%|██████████████████████████████████████████████████████████████████████████████████████████████████████████████████▌       | 834/888 [00:16<00:00, 59.28it/s] 95%|███████████████████████████████████████████████████████████████████████████████████████████████████████████████████▌      | 841/888 [00:16<00:00, 56.21it/s] 95%|████████████████████████████████████████████████████████████████████████████████████████████████████████████████████▎     | 847/888 [00:17<00:00, 56.65it/s] 96%|█████████████████████████████████████████████████████████████████████████████████████████████████████████████████████▏    | 853/888 [00:17<00:00, 53.58it/s] 97%|██████████████████████████████████████████████████████████████████████████████████████████████████████████████████████    | 859/888 [00:17<00:00, 53.39it/s] 98%|██████████████████████████████████████████████████████████████████████████████████████████████████████████████████████▉   | 866/888 [00:17<00:00, 57.41it/s] 98%|███████████████████████████████████████████████████████████████████████████████████████████████████████████████████████▉  | 873/888 [00:17<00:00, 59.55it/s] 99%|████████████████████████████████████████████████████████████████████████████████████████████████████████████████████████▉ | 880/888 [00:17<00:00, 59.30it/s]100%|█████████████████████████████████████████████████████████████████████████████████████████████████████████████████████████▋| 886/888 [00:17<00:00, 53.75it/s]100%|██████████████████████████████████████████████████████████████████████████████████████████████████████████████████████████| 888/888 [00:17<00:00, 49.88it/s]
  0%|                                                                                                                                    | 0/755 [00:00<?, ?it/s] 20%|████████████████████████▍                                                                                               | 154/755 [00:00<00:00, 1519.30it/s]/global/cfs/cdirs/desi/users/jqzou/dla_finder/datasets/input_set.py:102: FutureWarning: arrays to stack must be passed as a "sequence" type such as list or tuple. Support for non-sequence iterables such as generators is deprecated as of NumPy 1.16 and will raise an error in the future.
  fluxes_matrix = np.vstack(map(lambda x:x[0][x[1]-kernelrangepx:x[1]+kernelrangepx],zip(itertools.repeat(flux_padded), np.nonzero(ix_dla_range)[0]+pixel_num_left)))
/global/cfs/cdirs/desi/users/jqzou/dla_finder/datasets/input_set.py:103: FutureWarning: arrays to stack must be passed as a "sequence" type such as list or tuple. Support for non-sequence iterables such as generators is deprecated as of NumPy 1.16 and will raise an error in the future.
  lam_matrix = np.vstack(map(lambda x:x[0][x[1]-kernelrangepx:x[1]+kernelrangepx],zip(itertools.repeat(lam_padded), np.nonzero(ix_dla_range)[0]+pixel_num_left)))
WARNING:tensorflow:From /global/cfs/cdirs/desi/users/jqzou/dla_finder/training/model.py:291: div (from tensorflow.python.ops.math_ops) is deprecated and will be removed in a future version.
Instructions for updating:
Deprecated in favor of operator or tf.math.divide.
/global/cfs/cdirs/desi/users/jqzou/dla_finder/datasets/input_set.py:102: FutureWarning: arrays to stack must be passed as a "sequence" type such as list or tuple. Support for non-sequence iterables such as generators is deprecated as of NumPy 1.16 and will raise an error in the future.
  fluxes_matrix = np.vstack(map(lambda x:x[0][x[1]-kernelrangepx:x[1]+kernelrangepx],zip(itertools.repeat(flux_padded), np.nonzero(ix_dla_range)[0]+pixel_num_left)))
/global/cfs/cdirs/desi/users/jqzou/dla_finder/datasets/input_set.py:103: FutureWarning: arrays to stack must be passed as a "sequence" type such as list or tuple. Support for non-sequence iterables such as generators is deprecated as of NumPy 1.16 and will raise an error in the future.
  lam_matrix = np.vstack(map(lambda x:x[0][x[1]-kernelrangepx:x[1]+kernelrangepx],zip(itertools.repeat(lam_padded), np.nonzero(ix_dla_range)[0]+pixel_num_left)))
WARNING:tensorflow:From /global/cfs/cdirs/desi/users/jqzou/dla_finder/training/model.py:291: div (from tensorflow.python.ops.math_ops) is deprecated and will be removed in a future version.
Instructions for updating:
Deprecated in favor of operator or tf.math.divide.
/global/cfs/cdirs/desi/users/jqzou/dla_finder/datasets/input_set.py:102: FutureWarning: arrays to stack must be passed as a "sequence" type such as list or tuple. Support for non-sequence iterables such as generators is deprecated as of NumPy 1.16 and will raise an error in the future.
  fluxes_matrix = np.vstack(map(lambda x:x[0][x[1]-kernelrangepx:x[1]+kernelrangepx],zip(itertools.repeat(flux_padded), np.nonzero(ix_dla_range)[0]+pixel_num_left)))
/global/cfs/cdirs/desi/users/jqzou/dla_finder/datasets/input_set.py:103: FutureWarning: arrays to stack must be passed as a "sequence" type such as list or tuple. Support for non-sequence iterables such as generators is deprecated as of NumPy 1.16 and will raise an error in the future.
  lam_matrix = np.vstack(map(lambda x:x[0][x[1]-kernelrangepx:x[1]+kernelrangepx],zip(itertools.repeat(lam_padded), np.nonzero(ix_dla_range)[0]+pixel_num_left)))
WARNING:tensorflow:From /global/cfs/cdirs/desi/users/jqzou/dla_finder/training/model.py:291: div (from tensorflow.python.ops.math_ops) is deprecated and will be removed in a future version.
Instructions for updating:
Deprecated in favor of operator or tf.math.divide.
/global/cfs/cdirs/desi/users/jqzou/dla_finder/datasets/input_set.py:102: FutureWarning: arrays to stack must be passed as a "sequence" type such as list or tuple. Support for non-sequence iterables such as generators is deprecated as of NumPy 1.16 and will raise an error in the future.
  fluxes_matrix = np.vstack(map(lambda x:x[0][x[1]-kernelrangepx:x[1]+kernelrangepx],zip(itertools.repeat(flux_padded), np.nonzero(ix_dla_range)[0]+pixel_num_left)))
/global/cfs/cdirs/desi/users/jqzou/dla_finder/datasets/input_set.py:103: FutureWarning: arrays to stack must be passed as a "sequence" type such as list or tuple. Support for non-sequence iterables such as generators is deprecated as of NumPy 1.16 and will raise an error in the future.
  lam_matrix = np.vstack(map(lambda x:x[0][x[1]-kernelrangepx:x[1]+kernelrangepx],zip(itertools.repeat(lam_padded), np.nonzero(ix_dla_range)[0]+pixel_num_left)))
WARNING:tensorflow:From /global/cfs/cdirs/desi/users/jqzou/dla_finder/training/model.py:291: div (from tensorflow.python.ops.math_ops) is deprecated and will be removed in a future version.
Instructions for updating:
Deprecated in favor of operator or tf.math.divide.
/global/cfs/cdirs/desi/users/jqzou/dla_finder/datasets/input_set.py:102: FutureWarning: arrays to stack must be passed as a "sequence" type such as list or tuple. Support for non-sequence iterables such as generators is deprecated as of NumPy 1.16 and will raise an error in the future.
  fluxes_matrix = np.vstack(map(lambda x:x[0][x[1]-kernelrangepx:x[1]+kernelrangepx],zip(itertools.repeat(flux_padded), np.nonzero(ix_dla_range)[0]+pixel_num_left)))
/global/cfs/cdirs/desi/users/jqzou/dla_finder/datasets/input_set.py:103: FutureWarning: arrays to stack must be passed as a "sequence" type such as list or tuple. Support for non-sequence iterables such as generators is deprecated as of NumPy 1.16 and will raise an error in the future.
  lam_matrix = np.vstack(map(lambda x:x[0][x[1]-kernelrangepx:x[1]+kernelrangepx],zip(itertools.repeat(lam_padded), np.nonzero(ix_dla_range)[0]+pixel_num_left)))
WARNING:tensorflow:From /global/cfs/cdirs/desi/users/jqzou/dla_finder/training/model.py:291: div (from tensorflow.python.ops.math_ops) is deprecated and will be removed in a future version.
Instructions for updating:
Deprecated in favor of operator or tf.math.divide.
/global/cfs/cdirs/desi/users/jqzou/dla_finder/datasets/input_set.py:102: FutureWarning: arrays to stack must be passed as a "sequence" type such as list or tuple. Support for non-sequence iterables such as generators is deprecated as of NumPy 1.16 and will raise an error in the future.
  fluxes_matrix = np.vstack(map(lambda x:x[0][x[1]-kernelrangepx:x[1]+kernelrangepx],zip(itertools.repeat(flux_padded), np.nonzero(ix_dla_range)[0]+pixel_num_left)))
/global/cfs/cdirs/desi/users/jqzou/dla_finder/datasets/input_set.py:103: FutureWarning: arrays to stack must be passed as a "sequence" type such as list or tuple. Support for non-sequence iterables such as generators is deprecated as of NumPy 1.16 and will raise an error in the future.
  lam_matrix = np.vstack(map(lambda x:x[0][x[1]-kernelrangepx:x[1]+kernelrangepx],zip(itertools.repeat(lam_padded), np.nonzero(ix_dla_range)[0]+pixel_num_left)))
WARNING:tensorflow:From /global/cfs/cdirs/desi/users/jqzou/dla_finder/training/model.py:291: div (from tensorflow.python.ops.math_ops) is deprecated and will be removed in a future version.
Instructions for updating:
Deprecated in favor of operator or tf.math.divide.
/global/cfs/cdirs/desi/users/jqzou/dla_finder/datasets/input_set.py:102: FutureWarning: arrays to stack must be passed as a "sequence" type such as list or tuple. Support for non-sequence iterables such as generators is deprecated as of NumPy 1.16 and will raise an error in the future.
  fluxes_matrix = np.vstack(map(lambda x:x[0][x[1]-kernelrangepx:x[1]+kernelrangepx],zip(itertools.repeat(flux_padded), np.nonzero(ix_dla_range)[0]+pixel_num_left)))
/global/cfs/cdirs/desi/users/jqzou/dla_finder/datasets/input_set.py:103: FutureWarning: arrays to stack must be passed as a "sequence" type such as list or tuple. Support for non-sequence iterables such as generators is deprecated as of NumPy 1.16 and will raise an error in the future.
  lam_matrix = np.vstack(map(lambda x:x[0][x[1]-kernelrangepx:x[1]+kernelrangepx],zip(itertools.repeat(lam_padded), np.nonzero(ix_dla_range)[0]+pixel_num_left)))
WARNING:tensorflow:From /global/cfs/cdirs/desi/users/jqzou/dla_finder/training/model.py:291: div (from tensorflow.python.ops.math_ops) is deprecated and will be removed in a future version.
Instructions for updating:
Deprecated in favor of operator or tf.math.divide.
/global/cfs/cdirs/desi/users/jqzou/dla_finder/datasets/input_set.py:102: FutureWarning: arrays to stack must be passed as a "sequence" type such as list or tuple. Support for non-sequence iterables such as generators is deprecated as of NumPy 1.16 and will raise an error in the future.
  fluxes_matrix = np.vstack(map(lambda x:x[0][x[1]-kernelrangepx:x[1]+kernelrangepx],zip(itertools.repeat(flux_padded), np.nonzero(ix_dla_range)[0]+pixel_num_left)))
/global/cfs/cdirs/desi/users/jqzou/dla_finder/datasets/input_set.py:103: FutureWarning: arrays to stack must be passed as a "sequence" type such as list or tuple. Support for non-sequence iterables such as generators is deprecated as of NumPy 1.16 and will raise an error in the future.
  lam_matrix = np.vstack(map(lambda x:x[0][x[1]-kernelrangepx:x[1]+kernelrangepx],zip(itertools.repeat(lam_padded), np.nonzero(ix_dla_range)[0]+pixel_num_left)))
WARNING:tensorflow:From /global/cfs/cdirs/desi/users/jqzou/dla_finder/training/model.py:291: div (from tensorflow.python.ops.math_ops) is deprecated and will be removed in a future version.
Instructions for updating:
Deprecated in favor of operator or tf.math.divide.
/global/cfs/cdirs/desi/users/jqzou/dla_finder/datasets/input_set.py:102: FutureWarning: arrays to stack must be passed as a "sequence" type such as list or tuple. Support for non-sequence iterables such as generators is deprecated as of NumPy 1.16 and will raise an error in the future.
  fluxes_matrix = np.vstack(map(lambda x:x[0][x[1]-kernelrangepx:x[1]+kernelrangepx],zip(itertools.repeat(flux_padded), np.nonzero(ix_dla_range)[0]+pixel_num_left)))
/global/cfs/cdirs/desi/users/jqzou/dla_finder/datasets/input_set.py:103: FutureWarning: arrays to stack must be passed as a "sequence" type such as list or tuple. Support for non-sequence iterables such as generators is deprecated as of NumPy 1.16 and will raise an error in the future.
  lam_matrix = np.vstack(map(lambda x:x[0][x[1]-kernelrangepx:x[1]+kernelrangepx],zip(itertools.repeat(lam_padded), np.nonzero(ix_dla_range)[0]+pixel_num_left)))
WARNING:tensorflow:From /global/cfs/cdirs/desi/users/jqzou/dla_finder/training/model.py:291: div (from tensorflow.python.ops.math_ops) is deprecated and will be removed in a future version.
Instructions for updating:
Deprecated in favor of operator or tf.math.divide.
/global/cfs/cdirs/desi/users/jqzou/dla_finder/datasets/input_set.py:102: FutureWarning: arrays to stack must be passed as a "sequence" type such as list or tuple. Support for non-sequence iterables such as generators is deprecated as of NumPy 1.16 and will raise an error in the future.
  fluxes_matrix = np.vstack(map(lambda x:x[0][x[1]-kernelrangepx:x[1]+kernelrangepx],zip(itertools.repeat(flux_padded), np.nonzero(ix_dla_range)[0]+pixel_num_left)))
/global/cfs/cdirs/desi/users/jqzou/dla_finder/datasets/input_set.py:103: FutureWarning: arrays to stack must be passed as a "sequence" type such as list or tuple. Support for non-sequence iterables such as generators is deprecated as of NumPy 1.16 and will raise an error in the future.
  lam_matrix = np.vstack(map(lambda x:x[0][x[1]-kernelrangepx:x[1]+kernelrangepx],zip(itertools.repeat(lam_padded), np.nonzero(ix_dla_range)[0]+pixel_num_left)))
WARNING:tensorflow:From /global/cfs/cdirs/desi/users/jqzou/dla_finder/training/model.py:291: div (from tensorflow.python.ops.math_ops) is deprecated and will be removed in a future version.
Instructions for updating:
Deprecated in favor of operator or tf.math.divide.
/global/cfs/cdirs/desi/users/jqzou/dla_finder/datasets/input_set.py:102: FutureWarning: arrays to stack must be passed as a "sequence" type such as list or tuple. Support for non-sequence iterables such as generators is deprecated as of NumPy 1.16 and will raise an error in the future.
  fluxes_matrix = np.vstack(map(lambda x:x[0][x[1]-kernelrangepx:x[1]+kernelrangepx],zip(itertools.repeat(flux_padded), np.nonzero(ix_dla_range)[0]+pixel_num_left)))
/global/cfs/cdirs/desi/users/jqzou/dla_finder/datasets/input_set.py:103: FutureWarning: arrays to stack must be passed as a "sequence" type such as list or tuple. Support for non-sequence iterables such as generators is deprecated as of NumPy 1.16 and will raise an error in the future.
  lam_matrix = np.vstack(map(lambda x:x[0][x[1]-kernelrangepx:x[1]+kernelrangepx],zip(itertools.repeat(lam_padded), np.nonzero(ix_dla_range)[0]+pixel_num_left)))
WARNING:tensorflow:From /global/cfs/cdirs/desi/users/jqzou/dla_finder/training/model.py:291: div (from tensorflow.python.ops.math_ops) is deprecated and will be removed in a future version.
Instructions for updating:
Deprecated in favor of operator or tf.math.divide.
2024-01-18 17:13:46.861009: I tensorflow/compiler/jit/xla_cpu_device.cc:41] Not creating XLA devices, tf_xla_enable_xla_devices not set
2024-01-18 17:13:46.876530: I tensorflow/compiler/jit/xla_cpu_device.cc:41] Not creating XLA devices, tf_xla_enable_xla_devices not set
2024-01-18 17:13:46.930788: I tensorflow/compiler/jit/xla_cpu_device.cc:41] Not creating XLA devices, tf_xla_enable_xla_devices not set
2024-01-18 17:13:46.933117: I tensorflow/stream_executor/platform/default/dso_loader.cc:49] Successfully opened dynamic library libcuda.so.1
2024-01-18 17:13:46.937202: I tensorflow/stream_executor/platform/default/dso_loader.cc:49] Successfully opened dynamic library libcuda.so.1
2024-01-18 17:13:46.941266: I tensorflow/stream_executor/platform/default/dso_loader.cc:49] Successfully opened dynamic library libcuda.so.1
2024-01-18 17:13:46.959517: I tensorflow/compiler/jit/xla_cpu_device.cc:41] Not creating XLA devices, tf_xla_enable_xla_devices not set
2024-01-18 17:13:46.962025: I tensorflow/stream_executor/platform/default/dso_loader.cc:49] Successfully opened dynamic library libcuda.so.1
2024-01-18 17:13:46.996681: I tensorflow/compiler/jit/xla_cpu_device.cc:41] Not creating XLA devices, tf_xla_enable_xla_devices not set
2024-01-18 17:13:46.999348: I tensorflow/compiler/jit/xla_cpu_device.cc:41] Not creating XLA devices, tf_xla_enable_xla_devices not set
2024-01-18 17:13:47.000366: I tensorflow/stream_executor/platform/default/dso_loader.cc:49] Successfully opened dynamic library libcuda.so.1
2024-01-18 17:13:47.001114: I tensorflow/stream_executor/platform/default/dso_loader.cc:49] Successfully opened dynamic library libcuda.so.1
2024-01-18 17:13:47.036736: I tensorflow/compiler/jit/xla_cpu_device.cc:41] Not creating XLA devices, tf_xla_enable_xla_devices not set
2024-01-18 17:13:47.040080: I tensorflow/stream_executor/platform/default/dso_loader.cc:49] Successfully opened dynamic library libcuda.so.1
/global/cfs/cdirs/desi/users/jqzou/dla_finder/datasets/input_set.py:102: FutureWarning: arrays to stack must be passed as a "sequence" type such as list or tuple. Support for non-sequence iterables such as generators is deprecated as of NumPy 1.16 and will raise an error in the future.
  fluxes_matrix = np.vstack(map(lambda x:x[0][x[1]-kernelrangepx:x[1]+kernelrangepx],zip(itertools.repeat(flux_padded), np.nonzero(ix_dla_range)[0]+pixel_num_left)))
/global/cfs/cdirs/desi/users/jqzou/dla_finder/datasets/input_set.py:103: FutureWarning: arrays to stack must be passed as a "sequence" type such as list or tuple. Support for non-sequence iterables such as generators is deprecated as of NumPy 1.16 and will raise an error in the future.
  lam_matrix = np.vstack(map(lambda x:x[0][x[1]-kernelrangepx:x[1]+kernelrangepx],zip(itertools.repeat(lam_padded), np.nonzero(ix_dla_range)[0]+pixel_num_left)))
WARNING:tensorflow:From /global/cfs/cdirs/desi/users/jqzou/dla_finder/training/model.py:291: div (from tensorflow.python.ops.math_ops) is deprecated and will be removed in a future version.
Instructions for updating:
Deprecated in favor of operator or tf.math.divide.
2024-01-18 17:13:47.082523: I tensorflow/compiler/jit/xla_cpu_device.cc:41] Not creating XLA devices, tf_xla_enable_xla_devices not set
2024-01-18 17:13:47.084760: I tensorflow/stream_executor/platform/default/dso_loader.cc:49] Successfully opened dynamic library libcuda.so.1
2024-01-18 17:13:47.100243: I tensorflow/compiler/jit/xla_cpu_device.cc:41] Not creating XLA devices, tf_xla_enable_xla_devices not set
2024-01-18 17:13:47.102847: I tensorflow/stream_executor/platform/default/dso_loader.cc:49] Successfully opened dynamic library libcuda.so.1
2024-01-18 17:13:47.128666: I tensorflow/compiler/jit/xla_cpu_device.cc:41] Not creating XLA devices, tf_xla_enable_xla_devices not set
2024-01-18 17:13:47.132041: I tensorflow/stream_executor/platform/default/dso_loader.cc:49] Successfully opened dynamic library libcuda.so.1
2024-01-18 17:13:47.171017: I tensorflow/compiler/jit/xla_cpu_device.cc:41] Not creating XLA devices, tf_xla_enable_xla_devices not set
2024-01-18 17:13:47.173255: I tensorflow/stream_executor/platform/default/dso_loader.cc:49] Successfully opened dynamic library libcuda.so.1
2024-01-18 17:13:47.301061: E tensorflow/stream_executor/cuda/cuda_driver.cc:328] failed call to cuInit: CUDA_ERROR_NO_DEVICE: no CUDA-capable device is detected
2024-01-18 17:13:47.301118: I tensorflow/stream_executor/cuda/cuda_diagnostics.cc:156] kernel driver does not appear to be running on this host (nid006255): /proc/driver/nvidia/version does not exist
2024-01-18 17:13:47.302703: I tensorflow/core/platform/cpu_feature_guard.cc:142] This TensorFlow binary is optimized with oneAPI Deep Neural Network Library (oneDNN) to use the following CPU instructions in performance-critical operations:  AVX2 FMA
To enable them in other operations, rebuild TensorFlow with the appropriate compiler flags.
2024-01-18 17:13:47.307632: I tensorflow/compiler/jit/xla_gpu_device.cc:99] Not creating XLA devices, tf_xla_enable_xla_devices not set
2024-01-18 17:13:47.367693: E tensorflow/stream_executor/cuda/cuda_driver.cc:328] failed call to cuInit: CUDA_ERROR_NO_DEVICE: no CUDA-capable device is detected
2024-01-18 17:13:47.367751: I tensorflow/stream_executor/cuda/cuda_diagnostics.cc:156] kernel driver does not appear to be running on this host (nid006255): /proc/driver/nvidia/version does not exist
2024-01-18 17:13:47.369293: I tensorflow/core/platform/cpu_feature_guard.cc:142] This TensorFlow binary is optimized with oneAPI Deep Neural Network Library (oneDNN) to use the following CPU instructions in performance-critical operations:  AVX2 FMA
To enable them in other operations, rebuild TensorFlow with the appropriate compiler flags.
INFO:tensorflow:Restoring parameters from /global/cfs/cdirs/desi/users/jqzou/dla_finder/prediction/model/train_midsnr/train_midsnr/current_99999.ckpt
2024-01-18 17:13:47.373015: E tensorflow/stream_executor/cuda/cuda_driver.cc:328] failed call to cuInit: CUDA_ERROR_NO_DEVICE: no CUDA-capable device is detected
2024-01-18 17:13:47.373065: I tensorflow/stream_executor/cuda/cuda_diagnostics.cc:156] kernel driver does not appear to be running on this host (nid006255): /proc/driver/nvidia/version does not exist
2024-01-18 17:13:47.374571: I tensorflow/core/platform/cpu_feature_guard.cc:142] This TensorFlow binary is optimized with oneAPI Deep Neural Network Library (oneDNN) to use the following CPU instructions in performance-critical operations:  AVX2 FMA
To enable them in other operations, rebuild TensorFlow with the appropriate compiler flags.
2024-01-18 17:13:47.375051: I tensorflow/compiler/jit/xla_gpu_device.cc:99] Not creating XLA devices, tf_xla_enable_xla_devices not set
2024-01-18 17:13:47.379892: I tensorflow/compiler/jit/xla_gpu_device.cc:99] Not creating XLA devices, tf_xla_enable_xla_devices not set
2024-01-18 17:13:47.383831: I tensorflow/compiler/mlir/mlir_graph_optimization_pass.cc:196] None of the MLIR optimization passes are enabled (registered 0 passes)
2024-01-18 17:13:47.413534: I tensorflow/core/platform/profile_utils/cpu_utils.cc:112] CPU Frequency: 2445420000 Hz
2024-01-18 17:13:47.417182: E tensorflow/stream_executor/cuda/cuda_driver.cc:328] failed call to cuInit: CUDA_ERROR_NO_DEVICE: no CUDA-capable device is detected
2024-01-18 17:13:47.417240: I tensorflow/stream_executor/cuda/cuda_diagnostics.cc:156] kernel driver does not appear to be running on this host (nid006255): /proc/driver/nvidia/version does not exist
2024-01-18 17:13:47.418864: I tensorflow/core/platform/cpu_feature_guard.cc:142] This TensorFlow binary is optimized with oneAPI Deep Neural Network Library (oneDNN) to use the following CPU instructions in performance-critical operations:  AVX2 FMA
To enable them in other operations, rebuild TensorFlow with the appropriate compiler flags.
2024-01-18 17:13:47.424931: I tensorflow/compiler/jit/xla_gpu_device.cc:99] Not creating XLA devices, tf_xla_enable_xla_devices not set
2024-01-18 17:13:47.434447: E tensorflow/stream_executor/cuda/cuda_driver.cc:328] failed call to cuInit: CUDA_ERROR_NO_DEVICE: no CUDA-capable device is detected
2024-01-18 17:13:47.434509: I tensorflow/stream_executor/cuda/cuda_diagnostics.cc:156] kernel driver does not appear to be running on this host (nid006255): /proc/driver/nvidia/version does not exist
2024-01-18 17:13:47.436123: I tensorflow/core/platform/cpu_feature_guard.cc:142] This TensorFlow binary is optimized with oneAPI Deep Neural Network Library (oneDNN) to use the following CPU instructions in performance-critical operations:  AVX2 FMA
To enable them in other operations, rebuild TensorFlow with the appropriate compiler flags.
INFO:tensorflow:Restoring parameters from /global/cfs/cdirs/desi/users/jqzou/dla_finder/prediction/model/train_midsnr/train_midsnr/current_99999.ckpt
2024-01-18 17:13:47.442240: I tensorflow/compiler/jit/xla_gpu_device.cc:99] Not creating XLA devices, tf_xla_enable_xla_devices not set
2024-01-18 17:13:47.446060: I tensorflow/compiler/mlir/mlir_graph_optimization_pass.cc:196] None of the MLIR optimization passes are enabled (registered 0 passes)
2024-01-18 17:13:47.452661: E tensorflow/stream_executor/cuda/cuda_driver.cc:328] failed call to cuInit: CUDA_ERROR_NO_DEVICE: no CUDA-capable device is detected
2024-01-18 17:13:47.452715: I tensorflow/stream_executor/cuda/cuda_diagnostics.cc:156] kernel driver does not appear to be running on this host (nid006255): /proc/driver/nvidia/version does not exist
INFO:tensorflow:Restoring parameters from /global/cfs/cdirs/desi/users/jqzou/dla_finder/prediction/model/train_midsnr/train_midsnr/current_99999.ckpt
2024-01-18 17:13:47.454375: I tensorflow/core/platform/cpu_feature_guard.cc:142] This TensorFlow binary is optimized with oneAPI Deep Neural Network Library (oneDNN) to use the following CPU instructions in performance-critical operations:  AVX2 FMA
To enable them in other operations, rebuild TensorFlow with the appropriate compiler flags.
2024-01-18 17:13:47.460567: I tensorflow/compiler/jit/xla_gpu_device.cc:99] Not creating XLA devices, tf_xla_enable_xla_devices not set
/global/cfs/cdirs/desi/users/jqzou/dla_finder/datasets/input_set.py:102: FutureWarning: arrays to stack must be passed as a "sequence" type such as list or tuple. Support for non-sequence iterables such as generators is deprecated as of NumPy 1.16 and will raise an error in the future.
  fluxes_matrix = np.vstack(map(lambda x:x[0][x[1]-kernelrangepx:x[1]+kernelrangepx],zip(itertools.repeat(flux_padded), np.nonzero(ix_dla_range)[0]+pixel_num_left)))
/global/cfs/cdirs/desi/users/jqzou/dla_finder/datasets/input_set.py:103: FutureWarning: arrays to stack must be passed as a "sequence" type such as list or tuple. Support for non-sequence iterables such as generators is deprecated as of NumPy 1.16 and will raise an error in the future.
  lam_matrix = np.vstack(map(lambda x:x[0][x[1]-kernelrangepx:x[1]+kernelrangepx],zip(itertools.repeat(lam_padded), np.nonzero(ix_dla_range)[0]+pixel_num_left)))
WARNING:tensorflow:From /global/cfs/cdirs/desi/users/jqzou/dla_finder/training/model.py:291: div (from tensorflow.python.ops.math_ops) is deprecated and will be removed in a future version.
Instructions for updating:
Deprecated in favor of operator or tf.math.divide.
2024-01-18 17:13:47.470200: I tensorflow/compiler/mlir/mlir_graph_optimization_pass.cc:196] None of the MLIR optimization passes are enabled (registered 0 passes)
2024-01-18 17:13:47.477288: E tensorflow/stream_executor/cuda/cuda_driver.cc:328] failed call to cuInit: CUDA_ERROR_NO_DEVICE: no CUDA-capable device is detected
2024-01-18 17:13:47.477335: I tensorflow/stream_executor/cuda/cuda_diagnostics.cc:156] kernel driver does not appear to be running on this host (nid006255): /proc/driver/nvidia/version does not exist
2024-01-18 17:13:47.477510: I tensorflow/core/platform/profile_utils/cpu_utils.cc:112] CPU Frequency: 2445420000 Hz
2024-01-18 17:13:47.478573: I tensorflow/core/platform/cpu_feature_guard.cc:142] This TensorFlow binary is optimized with oneAPI Deep Neural Network Library (oneDNN) to use the following CPU instructions in performance-critical operations:  AVX2 FMA
To enable them in other operations, rebuild TensorFlow with the appropriate compiler flags.
2024-01-18 17:13:47.480020: E tensorflow/stream_executor/cuda/cuda_driver.cc:328] failed call to cuInit: CUDA_ERROR_NO_DEVICE: no CUDA-capable device is detected
2024-01-18 17:13:47.480072: I tensorflow/stream_executor/cuda/cuda_diagnostics.cc:156] kernel driver does not appear to be running on this host (nid006255): /proc/driver/nvidia/version does not exist
2024-01-18 17:13:47.481428: I tensorflow/core/platform/cpu_feature_guard.cc:142] This TensorFlow binary is optimized with oneAPI Deep Neural Network Library (oneDNN) to use the following CPU instructions in performance-critical operations:  AVX2 FMA
To enable them in other operations, rebuild TensorFlow with the appropriate compiler flags.
2024-01-18 17:13:47.482761: I tensorflow/compiler/jit/xla_gpu_device.cc:99] Not creating XLA devices, tf_xla_enable_xla_devices not set
2024-01-18 17:13:47.485958: I tensorflow/compiler/jit/xla_gpu_device.cc:99] Not creating XLA devices, tf_xla_enable_xla_devices not set
2024-01-18 17:13:47.499450: E tensorflow/stream_executor/cuda/cuda_driver.cc:328] failed call to cuInit: CUDA_ERROR_NO_DEVICE: no CUDA-capable device is detected
2024-01-18 17:13:47.499449: E tensorflow/stream_executor/cuda/cuda_driver.cc:328] failed call to cuInit: CUDA_ERROR_NO_DEVICE: no CUDA-capable device is detected
2024-01-18 17:13:47.499509: I tensorflow/stream_executor/cuda/cuda_diagnostics.cc:156] kernel driver does not appear to be running on this host (nid006255): /proc/driver/nvidia/version does not exist
2024-01-18 17:13:47.499514: I tensorflow/stream_executor/cuda/cuda_diagnostics.cc:156] kernel driver does not appear to be running on this host (nid006255): /proc/driver/nvidia/version does not exist
/global/cfs/cdirs/desi/users/jqzou/dla_finder/datasets/input_set.py:102: FutureWarning: arrays to stack must be passed as a "sequence" type such as list or tuple. Support for non-sequence iterables such as generators is deprecated as of NumPy 1.16 and will raise an error in the future.
  fluxes_matrix = np.vstack(map(lambda x:x[0][x[1]-kernelrangepx:x[1]+kernelrangepx],zip(itertools.repeat(flux_padded), np.nonzero(ix_dla_range)[0]+pixel_num_left)))
/global/cfs/cdirs/desi/users/jqzou/dla_finder/datasets/input_set.py:103: FutureWarning: arrays to stack must be passed as a "sequence" type such as list or tuple. Support for non-sequence iterables such as generators is deprecated as of NumPy 1.16 and will raise an error in the future.
  lam_matrix = np.vstack(map(lambda x:x[0][x[1]-kernelrangepx:x[1]+kernelrangepx],zip(itertools.repeat(lam_padded), np.nonzero(ix_dla_range)[0]+pixel_num_left)))
WARNING:tensorflow:From /global/cfs/cdirs/desi/users/jqzou/dla_finder/training/model.py:291: div (from tensorflow.python.ops.math_ops) is deprecated and will be removed in a future version.
Instructions for updating:
Deprecated in favor of operator or tf.math.divide.
2024-01-18 17:13:47.500973: I tensorflow/core/platform/cpu_feature_guard.cc:142] This TensorFlow binary is optimized with oneAPI Deep Neural Network Library (oneDNN) to use the following CPU instructions in performance-critical operations:  AVX2 FMA
To enable them in other operations, rebuild TensorFlow with the appropriate compiler flags.
2024-01-18 17:13:47.501046: I tensorflow/core/platform/cpu_feature_guard.cc:142] This TensorFlow binary is optimized with oneAPI Deep Neural Network Library (oneDNN) to use the following CPU instructions in performance-critical operations:  AVX2 FMA
To enable them in other operations, rebuild TensorFlow with the appropriate compiler flags.
/global/cfs/cdirs/desi/users/jqzou/dla_finder/datasets/input_set.py:102: FutureWarning: arrays to stack must be passed as a "sequence" type such as list or tuple. Support for non-sequence iterables such as generators is deprecated as of NumPy 1.16 and will raise an error in the future.
  fluxes_matrix = np.vstack(map(lambda x:x[0][x[1]-kernelrangepx:x[1]+kernelrangepx],zip(itertools.repeat(flux_padded), np.nonzero(ix_dla_range)[0]+pixel_num_left)))
/global/cfs/cdirs/desi/users/jqzou/dla_finder/datasets/input_set.py:103: FutureWarning: arrays to stack must be passed as a "sequence" type such as list or tuple. Support for non-sequence iterables such as generators is deprecated as of NumPy 1.16 and will raise an error in the future.
  lam_matrix = np.vstack(map(lambda x:x[0][x[1]-kernelrangepx:x[1]+kernelrangepx],zip(itertools.repeat(lam_padded), np.nonzero(ix_dla_range)[0]+pixel_num_left)))
WARNING:tensorflow:From /global/cfs/cdirs/desi/users/jqzou/dla_finder/training/model.py:291: div (from tensorflow.python.ops.math_ops) is deprecated and will be removed in a future version.
Instructions for updating:
Deprecated in favor of operator or tf.math.divide.
2024-01-18 17:13:47.505557: I tensorflow/core/platform/profile_utils/cpu_utils.cc:112] CPU Frequency: 2445420000 Hz
2024-01-18 17:13:47.507514: I tensorflow/compiler/jit/xla_gpu_device.cc:99] Not creating XLA devices, tf_xla_enable_xla_devices not set
2024-01-18 17:13:47.507778: I tensorflow/compiler/jit/xla_gpu_device.cc:99] Not creating XLA devices, tf_xla_enable_xla_devices not set
INFO:tensorflow:Restoring parameters from /global/cfs/cdirs/desi/users/jqzou/dla_finder/prediction/model/train_midsnr/train_midsnr/current_99999.ckpt
2024-01-18 17:13:47.525176: I tensorflow/compiler/mlir/mlir_graph_optimization_pass.cc:196] None of the MLIR optimization passes are enabled (registered 0 passes)
INFO:tensorflow:Restoring parameters from /global/cfs/cdirs/desi/users/jqzou/dla_finder/prediction/model/train_midsnr/train_midsnr/current_99999.ckpt
INFO:tensorflow:Restoring parameters from /global/cfs/cdirs/desi/users/jqzou/dla_finder/prediction/model/train_midsnr/train_midsnr/current_99999.ckpt
INFO:tensorflow:Restoring parameters from /global/cfs/cdirs/desi/users/jqzou/dla_finder/prediction/model/train_midsnr/train_midsnr/current_99999.ckpt
INFO:tensorflow:Restoring parameters from /global/cfs/cdirs/desi/users/jqzou/dla_finder/prediction/model/train_midsnr/train_midsnr/current_99999.ckpt
2024-01-18 17:13:47.563359: I tensorflow/compiler/mlir/mlir_graph_optimization_pass.cc:196] None of the MLIR optimization passes are enabled (registered 0 passes)
2024-01-18 17:13:47.565987: I tensorflow/compiler/mlir/mlir_graph_optimization_pass.cc:196] None of the MLIR optimization passes are enabled (registered 0 passes)
2024-01-18 17:13:47.570072: I tensorflow/core/platform/profile_utils/cpu_utils.cc:112] CPU Frequency: 2445420000 Hz
2024-01-18 17:13:47.580325: I tensorflow/compiler/mlir/mlir_graph_optimization_pass.cc:196] None of the MLIR optimization passes are enabled (registered 0 passes)
2024-01-18 17:13:47.581353: I tensorflow/compiler/mlir/mlir_graph_optimization_pass.cc:196] None of the MLIR optimization passes are enabled (registered 0 passes)
2024-01-18 17:13:47.591634: E tensorflow/stream_executor/cuda/cuda_driver.cc:328] failed call to cuInit: CUDA_ERROR_NO_DEVICE: no CUDA-capable device is detected
2024-01-18 17:13:47.591833: I tensorflow/stream_executor/cuda/cuda_diagnostics.cc:156] kernel driver does not appear to be running on this host (nid006255): /proc/driver/nvidia/version does not exist
INFO:tensorflow:Restoring parameters from /global/cfs/cdirs/desi/users/jqzou/dla_finder/prediction/model/train_midsnr/train_midsnr/current_99999.ckpt
2024-01-18 17:13:47.593740: I tensorflow/core/platform/cpu_feature_guard.cc:142] This TensorFlow binary is optimized with oneAPI Deep Neural Network Library (oneDNN) to use the following CPU instructions in performance-critical operations:  AVX2 FMA
To enable them in other operations, rebuild TensorFlow with the appropriate compiler flags.
INFO:tensorflow:Restoring parameters from /global/cfs/cdirs/desi/users/jqzou/dla_finder/prediction/model/train_midsnr/train_midsnr/current_99999.ckpt
2024-01-18 17:13:47.597554: I tensorflow/core/platform/profile_utils/cpu_utils.cc:112] CPU Frequency: 2445420000 Hz
2024-01-18 17:13:47.597585: I tensorflow/core/platform/profile_utils/cpu_utils.cc:112] CPU Frequency: 2445420000 Hz
2024-01-18 17:13:47.605587: I tensorflow/core/platform/profile_utils/cpu_utils.cc:112] CPU Frequency: 2445420000 Hz
2024-01-18 17:13:47.611295: I tensorflow/compiler/mlir/mlir_graph_optimization_pass.cc:196] None of the MLIR optimization passes are enabled (registered 0 passes)
2024-01-18 17:13:47.611629: I tensorflow/compiler/mlir/mlir_graph_optimization_pass.cc:196] None of the MLIR optimization passes are enabled (registered 0 passes)
2024-01-18 17:13:47.615703: I tensorflow/compiler/jit/xla_gpu_device.cc:99] Not creating XLA devices, tf_xla_enable_xla_devices not set
2024-01-18 17:13:47.617599: I tensorflow/core/platform/profile_utils/cpu_utils.cc:112] CPU Frequency: 2445420000 Hz
2024-01-18 17:13:47.626446: I tensorflow/core/platform/profile_utils/cpu_utils.cc:112] CPU Frequency: 2445420000 Hz
2024-01-18 17:13:47.626447: I tensorflow/core/platform/profile_utils/cpu_utils.cc:112] CPU Frequency: 2445420000 Hz
2024-01-18 17:13:47.700915: I tensorflow/compiler/jit/xla_cpu_device.cc:41] Not creating XLA devices, tf_xla_enable_xla_devices not set
2024-01-18 17:13:47.730932: I tensorflow/stream_executor/platform/default/dso_loader.cc:49] Successfully opened dynamic library libcuda.so.1
INFO:tensorflow:Restoring parameters from /global/cfs/cdirs/desi/users/jqzou/dla_finder/prediction/model/train_midsnr/train_midsnr/current_99999.ckpt
2024-01-18 17:13:47.753113: I tensorflow/compiler/mlir/mlir_graph_optimization_pass.cc:196] None of the MLIR optimization passes are enabled (registered 0 passes)
2024-01-18 17:13:47.770656: I tensorflow/core/platform/profile_utils/cpu_utils.cc:112] CPU Frequency: 2445420000 Hz
/global/cfs/cdirs/desi/users/jqzou/dla_finder/datasets/input_set.py:102: FutureWarning: arrays to stack must be passed as a "sequence" type such as list or tuple. Support for non-sequence iterables such as generators is deprecated as of NumPy 1.16 and will raise an error in the future.
  fluxes_matrix = np.vstack(map(lambda x:x[0][x[1]-kernelrangepx:x[1]+kernelrangepx],zip(itertools.repeat(flux_padded), np.nonzero(ix_dla_range)[0]+pixel_num_left)))
/global/cfs/cdirs/desi/users/jqzou/dla_finder/datasets/input_set.py:103: FutureWarning: arrays to stack must be passed as a "sequence" type such as list or tuple. Support for non-sequence iterables such as generators is deprecated as of NumPy 1.16 and will raise an error in the future.
  lam_matrix = np.vstack(map(lambda x:x[0][x[1]-kernelrangepx:x[1]+kernelrangepx],zip(itertools.repeat(lam_padded), np.nonzero(ix_dla_range)[0]+pixel_num_left)))
WARNING:tensorflow:From /global/cfs/cdirs/desi/users/jqzou/dla_finder/training/model.py:291: div (from tensorflow.python.ops.math_ops) is deprecated and will be removed in a future version.
Instructions for updating:
Deprecated in favor of operator or tf.math.divide.
/global/cfs/cdirs/desi/users/jqzou/dla_finder/datasets/input_set.py:102: FutureWarning: arrays to stack must be passed as a "sequence" type such as list or tuple. Support for non-sequence iterables such as generators is deprecated as of NumPy 1.16 and will raise an error in the future.
  fluxes_matrix = np.vstack(map(lambda x:x[0][x[1]-kernelrangepx:x[1]+kernelrangepx],zip(itertools.repeat(flux_padded), np.nonzero(ix_dla_range)[0]+pixel_num_left)))
/global/cfs/cdirs/desi/users/jqzou/dla_finder/datasets/input_set.py:103: FutureWarning: arrays to stack must be passed as a "sequence" type such as list or tuple. Support for non-sequence iterables such as generators is deprecated as of NumPy 1.16 and will raise an error in the future.
  lam_matrix = np.vstack(map(lambda x:x[0][x[1]-kernelrangepx:x[1]+kernelrangepx],zip(itertools.repeat(lam_padded), np.nonzero(ix_dla_range)[0]+pixel_num_left)))
WARNING:tensorflow:From /global/cfs/cdirs/desi/users/jqzou/dla_finder/training/model.py:291: div (from tensorflow.python.ops.math_ops) is deprecated and will be removed in a future version.
Instructions for updating:
Deprecated in favor of operator or tf.math.divide.
/global/cfs/cdirs/desi/users/jqzou/dla_finder/datasets/input_set.py:102: FutureWarning: arrays to stack must be passed as a "sequence" type such as list or tuple. Support for non-sequence iterables such as generators is deprecated as of NumPy 1.16 and will raise an error in the future.
  fluxes_matrix = np.vstack(map(lambda x:x[0][x[1]-kernelrangepx:x[1]+kernelrangepx],zip(itertools.repeat(flux_padded), np.nonzero(ix_dla_range)[0]+pixel_num_left)))
/global/cfs/cdirs/desi/users/jqzou/dla_finder/datasets/input_set.py:103: FutureWarning: arrays to stack must be passed as a "sequence" type such as list or tuple. Support for non-sequence iterables such as generators is deprecated as of NumPy 1.16 and will raise an error in the future.
  lam_matrix = np.vstack(map(lambda x:x[0][x[1]-kernelrangepx:x[1]+kernelrangepx],zip(itertools.repeat(lam_padded), np.nonzero(ix_dla_range)[0]+pixel_num_left)))
WARNING:tensorflow:From /global/cfs/cdirs/desi/users/jqzou/dla_finder/training/model.py:291: div (from tensorflow.python.ops.math_ops) is deprecated and will be removed in a future version.
Instructions for updating:
Deprecated in favor of operator or tf.math.divide.
/global/cfs/cdirs/desi/users/jqzou/dla_finder/datasets/input_set.py:102: FutureWarning: arrays to stack must be passed as a "sequence" type such as list or tuple. Support for non-sequence iterables such as generators is deprecated as of NumPy 1.16 and will raise an error in the future.
  fluxes_matrix = np.vstack(map(lambda x:x[0][x[1]-kernelrangepx:x[1]+kernelrangepx],zip(itertools.repeat(flux_padded), np.nonzero(ix_dla_range)[0]+pixel_num_left)))
/global/cfs/cdirs/desi/users/jqzou/dla_finder/datasets/input_set.py:103: FutureWarning: arrays to stack must be passed as a "sequence" type such as list or tuple. Support for non-sequence iterables such as generators is deprecated as of NumPy 1.16 and will raise an error in the future.
  lam_matrix = np.vstack(map(lambda x:x[0][x[1]-kernelrangepx:x[1]+kernelrangepx],zip(itertools.repeat(lam_padded), np.nonzero(ix_dla_range)[0]+pixel_num_left)))
WARNING:tensorflow:From /global/cfs/cdirs/desi/users/jqzou/dla_finder/training/model.py:291: div (from tensorflow.python.ops.math_ops) is deprecated and will be removed in a future version.
Instructions for updating:
Deprecated in favor of operator or tf.math.divide.
/global/cfs/cdirs/desi/users/jqzou/dla_finder/datasets/input_set.py:102: FutureWarning: arrays to stack must be passed as a "sequence" type such as list or tuple. Support for non-sequence iterables such as generators is deprecated as of NumPy 1.16 and will raise an error in the future.
  fluxes_matrix = np.vstack(map(lambda x:x[0][x[1]-kernelrangepx:x[1]+kernelrangepx],zip(itertools.repeat(flux_padded), np.nonzero(ix_dla_range)[0]+pixel_num_left)))
/global/cfs/cdirs/desi/users/jqzou/dla_finder/datasets/input_set.py:103: FutureWarning: arrays to stack must be passed as a "sequence" type such as list or tuple. Support for non-sequence iterables such as generators is deprecated as of NumPy 1.16 and will raise an error in the future.
  lam_matrix = np.vstack(map(lambda x:x[0][x[1]-kernelrangepx:x[1]+kernelrangepx],zip(itertools.repeat(lam_padded), np.nonzero(ix_dla_range)[0]+pixel_num_left)))
WARNING:tensorflow:From /global/cfs/cdirs/desi/users/jqzou/dla_finder/training/model.py:291: div (from tensorflow.python.ops.math_ops) is deprecated and will be removed in a future version.
Instructions for updating:
Deprecated in favor of operator or tf.math.divide.
2024-01-18 17:13:48.333612: I tensorflow/compiler/jit/xla_cpu_device.cc:41] Not creating XLA devices, tf_xla_enable_xla_devices not set
2024-01-18 17:13:48.334415: I tensorflow/compiler/jit/xla_cpu_device.cc:41] Not creating XLA devices, tf_xla_enable_xla_devices not set
2024-01-18 17:13:48.360294: I tensorflow/compiler/jit/xla_cpu_device.cc:41] Not creating XLA devices, tf_xla_enable_xla_devices not set
2024-01-18 17:13:48.375202: I tensorflow/stream_executor/platform/default/dso_loader.cc:49] Successfully opened dynamic library libcuda.so.1
2024-01-18 17:13:48.443459: I tensorflow/stream_executor/platform/default/dso_loader.cc:49] Successfully opened dynamic library libcuda.so.1
2024-01-18 17:13:48.471914: I tensorflow/stream_executor/platform/default/dso_loader.cc:49] Successfully opened dynamic library libcuda.so.1
/global/cfs/cdirs/desi/users/jqzou/dla_finder/datasets/input_set.py:102: FutureWarning: arrays to stack must be passed as a "sequence" type such as list or tuple. Support for non-sequence iterables such as generators is deprecated as of NumPy 1.16 and will raise an error in the future.
  fluxes_matrix = np.vstack(map(lambda x:x[0][x[1]-kernelrangepx:x[1]+kernelrangepx],zip(itertools.repeat(flux_padded), np.nonzero(ix_dla_range)[0]+pixel_num_left)))
/global/cfs/cdirs/desi/users/jqzou/dla_finder/datasets/input_set.py:103: FutureWarning: arrays to stack must be passed as a "sequence" type such as list or tuple. Support for non-sequence iterables such as generators is deprecated as of NumPy 1.16 and will raise an error in the future.
  lam_matrix = np.vstack(map(lambda x:x[0][x[1]-kernelrangepx:x[1]+kernelrangepx],zip(itertools.repeat(lam_padded), np.nonzero(ix_dla_range)[0]+pixel_num_left)))
WARNING:tensorflow:From /global/cfs/cdirs/desi/users/jqzou/dla_finder/training/model.py:291: div (from tensorflow.python.ops.math_ops) is deprecated and will be removed in a future version.
Instructions for updating:
Deprecated in favor of operator or tf.math.divide.
2024-01-18 17:13:48.601267: E tensorflow/stream_executor/cuda/cuda_driver.cc:328] failed call to cuInit: CUDA_ERROR_NO_DEVICE: no CUDA-capable device is detected
2024-01-18 17:13:48.601504: I tensorflow/stream_executor/cuda/cuda_diagnostics.cc:156] kernel driver does not appear to be running on this host (nid006255): /proc/driver/nvidia/version does not exist
2024-01-18 17:13:48.603239: I tensorflow/core/platform/cpu_feature_guard.cc:142] This TensorFlow binary is optimized with oneAPI Deep Neural Network Library (oneDNN) to use the following CPU instructions in performance-critical operations:  AVX2 FMA
To enable them in other operations, rebuild TensorFlow with the appropriate compiler flags.
2024-01-18 17:13:48.624752: I tensorflow/compiler/jit/xla_gpu_device.cc:99] Not creating XLA devices, tf_xla_enable_xla_devices not set
2024-01-18 17:13:48.681205: I tensorflow/compiler/jit/xla_cpu_device.cc:41] Not creating XLA devices, tf_xla_enable_xla_devices not set
2024-01-18 17:13:48.683250: I tensorflow/stream_executor/platform/default/dso_loader.cc:49] Successfully opened dynamic library libcuda.so.1
INFO:tensorflow:Restoring parameters from /global/cfs/cdirs/desi/users/jqzou/dla_finder/prediction/model/train_lowsnr/train_lowsnr/current_99999.ckpt
2024-01-18 17:13:48.714866: I tensorflow/compiler/mlir/mlir_graph_optimization_pass.cc:196] None of the MLIR optimization passes are enabled (registered 0 passes)
2024-01-18 17:13:48.722916: I tensorflow/core/platform/profile_utils/cpu_utils.cc:112] CPU Frequency: 2445420000 Hz
/global/cfs/cdirs/desi/users/jqzou/dla_finder/datasets/input_set.py:102: FutureWarning: arrays to stack must be passed as a "sequence" type such as list or tuple. Support for non-sequence iterables such as generators is deprecated as of NumPy 1.16 and will raise an error in the future.
  fluxes_matrix = np.vstack(map(lambda x:x[0][x[1]-kernelrangepx:x[1]+kernelrangepx],zip(itertools.repeat(flux_padded), np.nonzero(ix_dla_range)[0]+pixel_num_left)))
/global/cfs/cdirs/desi/users/jqzou/dla_finder/datasets/input_set.py:103: FutureWarning: arrays to stack must be passed as a "sequence" type such as list or tuple. Support for non-sequence iterables such as generators is deprecated as of NumPy 1.16 and will raise an error in the future.
  lam_matrix = np.vstack(map(lambda x:x[0][x[1]-kernelrangepx:x[1]+kernelrangepx],zip(itertools.repeat(lam_padded), np.nonzero(ix_dla_range)[0]+pixel_num_left)))
WARNING:tensorflow:From /global/cfs/cdirs/desi/users/jqzou/dla_finder/training/model.py:291: div (from tensorflow.python.ops.math_ops) is deprecated and will be removed in a future version.
Instructions for updating:
Deprecated in favor of operator or tf.math.divide.
2024-01-18 17:13:48.830145: I tensorflow/compiler/jit/xla_cpu_device.cc:41] Not creating XLA devices, tf_xla_enable_xla_devices not set
2024-01-18 17:13:48.832065: I tensorflow/stream_executor/platform/default/dso_loader.cc:49] Successfully opened dynamic library libcuda.so.1
2024-01-18 17:13:48.850300: I tensorflow/compiler/jit/xla_cpu_device.cc:41] Not creating XLA devices, tf_xla_enable_xla_devices not set
2024-01-18 17:13:48.855878: I tensorflow/stream_executor/platform/default/dso_loader.cc:49] Successfully opened dynamic library libcuda.so.1
2024-01-18 17:13:48.867540: I tensorflow/compiler/jit/xla_cpu_device.cc:41] Not creating XLA devices, tf_xla_enable_xla_devices not set
2024-01-18 17:13:48.872232: E tensorflow/stream_executor/cuda/cuda_driver.cc:328] failed call to cuInit: CUDA_ERROR_NO_DEVICE: no CUDA-capable device is detected
2024-01-18 17:13:48.872435: I tensorflow/stream_executor/cuda/cuda_diagnostics.cc:156] kernel driver does not appear to be running on this host (nid006255): /proc/driver/nvidia/version does not exist
2024-01-18 17:13:48.874250: I tensorflow/core/platform/cpu_feature_guard.cc:142] This TensorFlow binary is optimized with oneAPI Deep Neural Network Library (oneDNN) to use the following CPU instructions in performance-critical operations:  AVX2 FMA
To enable them in other operations, rebuild TensorFlow with the appropriate compiler flags.
2024-01-18 17:13:48.874533: E tensorflow/stream_executor/cuda/cuda_driver.cc:328] failed call to cuInit: CUDA_ERROR_NO_DEVICE: no CUDA-capable device is detected
2024-01-18 17:13:48.874669: I tensorflow/stream_executor/cuda/cuda_diagnostics.cc:156] kernel driver does not appear to be running on this host (nid006255): /proc/driver/nvidia/version does not exist
2024-01-18 17:13:48.876537: I tensorflow/core/platform/cpu_feature_guard.cc:142] This TensorFlow binary is optimized with oneAPI Deep Neural Network Library (oneDNN) to use the following CPU instructions in performance-critical operations:  AVX2 FMA
To enable them in other operations, rebuild TensorFlow with the appropriate compiler flags.
2024-01-18 17:13:48.878450: I tensorflow/compiler/jit/xla_gpu_device.cc:99] Not creating XLA devices, tf_xla_enable_xla_devices not set
2024-01-18 17:13:48.880612: I tensorflow/compiler/jit/xla_gpu_device.cc:99] Not creating XLA devices, tf_xla_enable_xla_devices not set
/global/cfs/cdirs/desi/users/jqzou/dla_finder/datasets/input_set.py:102: FutureWarning: arrays to stack must be passed as a "sequence" type such as list or tuple. Support for non-sequence iterables such as generators is deprecated as of NumPy 1.16 and will raise an error in the future.
  fluxes_matrix = np.vstack(map(lambda x:x[0][x[1]-kernelrangepx:x[1]+kernelrangepx],zip(itertools.repeat(flux_padded), np.nonzero(ix_dla_range)[0]+pixel_num_left)))
/global/cfs/cdirs/desi/users/jqzou/dla_finder/datasets/input_set.py:103: FutureWarning: arrays to stack must be passed as a "sequence" type such as list or tuple. Support for non-sequence iterables such as generators is deprecated as of NumPy 1.16 and will raise an error in the future.
  lam_matrix = np.vstack(map(lambda x:x[0][x[1]-kernelrangepx:x[1]+kernelrangepx],zip(itertools.repeat(lam_padded), np.nonzero(ix_dla_range)[0]+pixel_num_left)))
WARNING:tensorflow:From /global/cfs/cdirs/desi/users/jqzou/dla_finder/training/model.py:291: div (from tensorflow.python.ops.math_ops) is deprecated and will be removed in a future version.
Instructions for updating:
Deprecated in favor of operator or tf.math.divide.
/global/cfs/cdirs/desi/users/jqzou/dla_finder/datasets/input_set.py:102: FutureWarning: arrays to stack must be passed as a "sequence" type such as list or tuple. Support for non-sequence iterables such as generators is deprecated as of NumPy 1.16 and will raise an error in the future.
  fluxes_matrix = np.vstack(map(lambda x:x[0][x[1]-kernelrangepx:x[1]+kernelrangepx],zip(itertools.repeat(flux_padded), np.nonzero(ix_dla_range)[0]+pixel_num_left)))
/global/cfs/cdirs/desi/users/jqzou/dla_finder/datasets/input_set.py:103: FutureWarning: arrays to stack must be passed as a "sequence" type such as list or tuple. Support for non-sequence iterables such as generators is deprecated as of NumPy 1.16 and will raise an error in the future.
  lam_matrix = np.vstack(map(lambda x:x[0][x[1]-kernelrangepx:x[1]+kernelrangepx],zip(itertools.repeat(lam_padded), np.nonzero(ix_dla_range)[0]+pixel_num_left)))
WARNING:tensorflow:From /global/cfs/cdirs/desi/users/jqzou/dla_finder/training/model.py:291: div (from tensorflow.python.ops.math_ops) is deprecated and will be removed in a future version.
Instructions for updating:
Deprecated in favor of operator or tf.math.divide.
2024-01-18 17:13:48.897715: E tensorflow/stream_executor/cuda/cuda_driver.cc:328] failed call to cuInit: CUDA_ERROR_NO_DEVICE: no CUDA-capable device is detected
2024-01-18 17:13:48.897926: I tensorflow/stream_executor/cuda/cuda_diagnostics.cc:156] kernel driver does not appear to be running on this host (nid006255): /proc/driver/nvidia/version does not exist
2024-01-18 17:13:48.899776: I tensorflow/core/platform/cpu_feature_guard.cc:142] This TensorFlow binary is optimized with oneAPI Deep Neural Network Library (oneDNN) to use the following CPU instructions in performance-critical operations:  AVX2 FMA
To enable them in other operations, rebuild TensorFlow with the appropriate compiler flags.
2024-01-18 17:13:48.915353: I tensorflow/compiler/jit/xla_gpu_device.cc:99] Not creating XLA devices, tf_xla_enable_xla_devices not set
2024-01-18 17:13:48.929055: I tensorflow/stream_executor/platform/default/dso_loader.cc:49] Successfully opened dynamic library libcuda.so.1
2024-01-18 17:13:48.962823: I tensorflow/compiler/jit/xla_cpu_device.cc:41] Not creating XLA devices, tf_xla_enable_xla_devices not set
INFO:tensorflow:Restoring parameters from /global/cfs/cdirs/desi/users/jqzou/dla_finder/prediction/model/train_lowsnr/train_lowsnr/current_99999.ckpt
INFO:tensorflow:Restoring parameters from /global/cfs/cdirs/desi/users/jqzou/dla_finder/prediction/model/train_lowsnr/train_lowsnr/current_99999.ckpt
INFO:tensorflow:Restoring parameters from /global/cfs/cdirs/desi/users/jqzou/dla_finder/prediction/model/train_lowsnr/train_lowsnr/current_99999.ckpt
2024-01-18 17:13:48.991499: I tensorflow/compiler/mlir/mlir_graph_optimization_pass.cc:196] None of the MLIR optimization passes are enabled (registered 0 passes)
2024-01-18 17:13:48.994624: I tensorflow/compiler/mlir/mlir_graph_optimization_pass.cc:196] None of the MLIR optimization passes are enabled (registered 0 passes)
2024-01-18 17:13:48.994635: I tensorflow/compiler/mlir/mlir_graph_optimization_pass.cc:196] None of the MLIR optimization passes are enabled (registered 0 passes)
2024-01-18 17:13:48.999639: I tensorflow/core/platform/profile_utils/cpu_utils.cc:112] CPU Frequency: 2445420000 Hz
2024-01-18 17:13:49.002489: I tensorflow/core/platform/profile_utils/cpu_utils.cc:112] CPU Frequency: 2445420000 Hz
2024-01-18 17:13:49.025537: I tensorflow/core/platform/profile_utils/cpu_utils.cc:112] CPU Frequency: 2445420000 Hz
2024-01-18 17:13:49.027293: E tensorflow/stream_executor/cuda/cuda_driver.cc:328] failed call to cuInit: CUDA_ERROR_NO_DEVICE: no CUDA-capable device is detected
2024-01-18 17:13:49.027336: I tensorflow/stream_executor/cuda/cuda_diagnostics.cc:156] kernel driver does not appear to be running on this host (nid006255): /proc/driver/nvidia/version does not exist
2024-01-18 17:13:49.028734: I tensorflow/core/platform/cpu_feature_guard.cc:142] This TensorFlow binary is optimized with oneAPI Deep Neural Network Library (oneDNN) to use the following CPU instructions in performance-critical operations:  AVX2 FMA
To enable them in other operations, rebuild TensorFlow with the appropriate compiler flags.
2024-01-18 17:13:49.033806: I tensorflow/compiler/jit/xla_gpu_device.cc:99] Not creating XLA devices, tf_xla_enable_xla_devices not set
2024-01-18 17:13:49.035765: I tensorflow/stream_executor/platform/default/dso_loader.cc:49] Successfully opened dynamic library libcuda.so.1
/global/cfs/cdirs/desi/users/jqzou/dla_finder/datasets/input_set.py:102: FutureWarning: arrays to stack must be passed as a "sequence" type such as list or tuple. Support for non-sequence iterables such as generators is deprecated as of NumPy 1.16 and will raise an error in the future.
  fluxes_matrix = np.vstack(map(lambda x:x[0][x[1]-kernelrangepx:x[1]+kernelrangepx],zip(itertools.repeat(flux_padded), np.nonzero(ix_dla_range)[0]+pixel_num_left)))
/global/cfs/cdirs/desi/users/jqzou/dla_finder/datasets/input_set.py:103: FutureWarning: arrays to stack must be passed as a "sequence" type such as list or tuple. Support for non-sequence iterables such as generators is deprecated as of NumPy 1.16 and will raise an error in the future.
  lam_matrix = np.vstack(map(lambda x:x[0][x[1]-kernelrangepx:x[1]+kernelrangepx],zip(itertools.repeat(lam_padded), np.nonzero(ix_dla_range)[0]+pixel_num_left)))
WARNING:tensorflow:From /global/cfs/cdirs/desi/users/jqzou/dla_finder/training/model.py:291: div (from tensorflow.python.ops.math_ops) is deprecated and will be removed in a future version.
Instructions for updating:
Deprecated in favor of operator or tf.math.divide.
INFO:tensorflow:Restoring parameters from /global/cfs/cdirs/desi/users/jqzou/dla_finder/prediction/model/train_lowsnr/train_lowsnr/current_99999.ckpt
2024-01-18 17:13:49.101945: I tensorflow/compiler/mlir/mlir_graph_optimization_pass.cc:196] None of the MLIR optimization passes are enabled (registered 0 passes)
2024-01-18 17:13:49.111488: I tensorflow/core/platform/profile_utils/cpu_utils.cc:112] CPU Frequency: 2445420000 Hz
/global/cfs/cdirs/desi/users/jqzou/dla_finder/datasets/input_set.py:102: FutureWarning: arrays to stack must be passed as a "sequence" type such as list or tuple. Support for non-sequence iterables such as generators is deprecated as of NumPy 1.16 and will raise an error in the future.
  fluxes_matrix = np.vstack(map(lambda x:x[0][x[1]-kernelrangepx:x[1]+kernelrangepx],zip(itertools.repeat(flux_padded), np.nonzero(ix_dla_range)[0]+pixel_num_left)))
/global/cfs/cdirs/desi/users/jqzou/dla_finder/datasets/input_set.py:103: FutureWarning: arrays to stack must be passed as a "sequence" type such as list or tuple. Support for non-sequence iterables such as generators is deprecated as of NumPy 1.16 and will raise an error in the future.
  lam_matrix = np.vstack(map(lambda x:x[0][x[1]-kernelrangepx:x[1]+kernelrangepx],zip(itertools.repeat(lam_padded), np.nonzero(ix_dla_range)[0]+pixel_num_left)))
WARNING:tensorflow:From /global/cfs/cdirs/desi/users/jqzou/dla_finder/training/model.py:291: div (from tensorflow.python.ops.math_ops) is deprecated and will be removed in a future version.
Instructions for updating:
Deprecated in favor of operator or tf.math.divide.
/global/cfs/cdirs/desi/users/jqzou/dla_finder/datasets/input_set.py:102: FutureWarning: arrays to stack must be passed as a "sequence" type such as list or tuple. Support for non-sequence iterables such as generators is deprecated as of NumPy 1.16 and will raise an error in the future.
  fluxes_matrix = np.vstack(map(lambda x:x[0][x[1]-kernelrangepx:x[1]+kernelrangepx],zip(itertools.repeat(flux_padded), np.nonzero(ix_dla_range)[0]+pixel_num_left)))
/global/cfs/cdirs/desi/users/jqzou/dla_finder/datasets/input_set.py:103: FutureWarning: arrays to stack must be passed as a "sequence" type such as list or tuple. Support for non-sequence iterables such as generators is deprecated as of NumPy 1.16 and will raise an error in the future.
  lam_matrix = np.vstack(map(lambda x:x[0][x[1]-kernelrangepx:x[1]+kernelrangepx],zip(itertools.repeat(lam_padded), np.nonzero(ix_dla_range)[0]+pixel_num_left)))
WARNING:tensorflow:From /global/cfs/cdirs/desi/users/jqzou/dla_finder/training/model.py:291: div (from tensorflow.python.ops.math_ops) is deprecated and will be removed in a future version.
Instructions for updating:
Deprecated in favor of operator or tf.math.divide.
2024-01-18 17:13:49.242310: I tensorflow/compiler/jit/xla_cpu_device.cc:41] Not creating XLA devices, tf_xla_enable_xla_devices not set
2024-01-18 17:13:49.246830: I tensorflow/stream_executor/platform/default/dso_loader.cc:49] Successfully opened dynamic library libcuda.so.1
2024-01-18 17:13:49.253554: E tensorflow/stream_executor/cuda/cuda_driver.cc:328] failed call to cuInit: CUDA_ERROR_NO_DEVICE: no CUDA-capable device is detected
2024-01-18 17:13:49.253625: I tensorflow/stream_executor/cuda/cuda_diagnostics.cc:156] kernel driver does not appear to be running on this host (nid006255): /proc/driver/nvidia/version does not exist
2024-01-18 17:13:49.255573: I tensorflow/core/platform/cpu_feature_guard.cc:142] This TensorFlow binary is optimized with oneAPI Deep Neural Network Library (oneDNN) to use the following CPU instructions in performance-critical operations:  AVX2 FMA
To enable them in other operations, rebuild TensorFlow with the appropriate compiler flags.
2024-01-18 17:13:49.259525: I tensorflow/compiler/jit/xla_gpu_device.cc:99] Not creating XLA devices, tf_xla_enable_xla_devices not set
/global/cfs/cdirs/desi/users/jqzou/dla_finder/datasets/input_set.py:102: FutureWarning: arrays to stack must be passed as a "sequence" type such as list or tuple. Support for non-sequence iterables such as generators is deprecated as of NumPy 1.16 and will raise an error in the future.
  fluxes_matrix = np.vstack(map(lambda x:x[0][x[1]-kernelrangepx:x[1]+kernelrangepx],zip(itertools.repeat(flux_padded), np.nonzero(ix_dla_range)[0]+pixel_num_left)))
/global/cfs/cdirs/desi/users/jqzou/dla_finder/datasets/input_set.py:103: FutureWarning: arrays to stack must be passed as a "sequence" type such as list or tuple. Support for non-sequence iterables such as generators is deprecated as of NumPy 1.16 and will raise an error in the future.
  lam_matrix = np.vstack(map(lambda x:x[0][x[1]-kernelrangepx:x[1]+kernelrangepx],zip(itertools.repeat(lam_padded), np.nonzero(ix_dla_range)[0]+pixel_num_left)))
WARNING:tensorflow:From /global/cfs/cdirs/desi/users/jqzou/dla_finder/training/model.py:291: div (from tensorflow.python.ops.math_ops) is deprecated and will be removed in a future version.
Instructions for updating:
Deprecated in favor of operator or tf.math.divide.
2024-01-18 17:13:49.311014: E tensorflow/stream_executor/cuda/cuda_driver.cc:328] failed call to cuInit: CUDA_ERROR_NO_DEVICE: no CUDA-capable device is detected
2024-01-18 17:13:49.311225: I tensorflow/stream_executor/cuda/cuda_diagnostics.cc:156] kernel driver does not appear to be running on this host (nid006255): /proc/driver/nvidia/version does not exist
2024-01-18 17:13:49.313226: I tensorflow/core/platform/cpu_feature_guard.cc:142] This TensorFlow binary is optimized with oneAPI Deep Neural Network Library (oneDNN) to use the following CPU instructions in performance-critical operations:  AVX2 FMA
To enable them in other operations, rebuild TensorFlow with the appropriate compiler flags.
2024-01-18 17:13:49.316966: I tensorflow/compiler/jit/xla_gpu_device.cc:99] Not creating XLA devices, tf_xla_enable_xla_devices not set
/global/cfs/cdirs/desi/users/jqzou/dla_finder/datasets/input_set.py:102: FutureWarning: arrays to stack must be passed as a "sequence" type such as list or tuple. Support for non-sequence iterables such as generators is deprecated as of NumPy 1.16 and will raise an error in the future.
  fluxes_matrix = np.vstack(map(lambda x:x[0][x[1]-kernelrangepx:x[1]+kernelrangepx],zip(itertools.repeat(flux_padded), np.nonzero(ix_dla_range)[0]+pixel_num_left)))
/global/cfs/cdirs/desi/users/jqzou/dla_finder/datasets/input_set.py:103: FutureWarning: arrays to stack must be passed as a "sequence" type such as list or tuple. Support for non-sequence iterables such as generators is deprecated as of NumPy 1.16 and will raise an error in the future.
  lam_matrix = np.vstack(map(lambda x:x[0][x[1]-kernelrangepx:x[1]+kernelrangepx],zip(itertools.repeat(lam_padded), np.nonzero(ix_dla_range)[0]+pixel_num_left)))
WARNING:tensorflow:From /global/cfs/cdirs/desi/users/jqzou/dla_finder/training/model.py:291: div (from tensorflow.python.ops.math_ops) is deprecated and will be removed in a future version.
Instructions for updating:
Deprecated in favor of operator or tf.math.divide.
2024-01-18 17:13:49.334185: E tensorflow/stream_executor/cuda/cuda_driver.cc:328] failed call to cuInit: CUDA_ERROR_NO_DEVICE: no CUDA-capable device is detected
2024-01-18 17:13:49.334393: I tensorflow/stream_executor/cuda/cuda_diagnostics.cc:156] kernel driver does not appear to be running on this host (nid006255): /proc/driver/nvidia/version does not exist
2024-01-18 17:13:49.336279: I tensorflow/core/platform/cpu_feature_guard.cc:142] This TensorFlow binary is optimized with oneAPI Deep Neural Network Library (oneDNN) to use the following CPU instructions in performance-critical operations:  AVX2 FMA
To enable them in other operations, rebuild TensorFlow with the appropriate compiler flags.
2024-01-18 17:13:49.374360: I tensorflow/compiler/jit/xla_gpu_device.cc:99] Not creating XLA devices, tf_xla_enable_xla_devices not set
INFO:tensorflow:Restoring parameters from /global/cfs/cdirs/desi/users/jqzou/dla_finder/prediction/model/train_lowsnr/train_lowsnr/current_99999.ckpt
2024-01-18 17:13:49.400970: I tensorflow/compiler/jit/xla_cpu_device.cc:41] Not creating XLA devices, tf_xla_enable_xla_devices not set
/global/cfs/cdirs/desi/users/jqzou/dla_finder/datasets/input_set.py:102: FutureWarning: arrays to stack must be passed as a "sequence" type such as list or tuple. Support for non-sequence iterables such as generators is deprecated as of NumPy 1.16 and will raise an error in the future.
  fluxes_matrix = np.vstack(map(lambda x:x[0][x[1]-kernelrangepx:x[1]+kernelrangepx],zip(itertools.repeat(flux_padded), np.nonzero(ix_dla_range)[0]+pixel_num_left)))
/global/cfs/cdirs/desi/users/jqzou/dla_finder/datasets/input_set.py:103: FutureWarning: arrays to stack must be passed as a "sequence" type such as list or tuple. Support for non-sequence iterables such as generators is deprecated as of NumPy 1.16 and will raise an error in the future.
  lam_matrix = np.vstack(map(lambda x:x[0][x[1]-kernelrangepx:x[1]+kernelrangepx],zip(itertools.repeat(lam_padded), np.nonzero(ix_dla_range)[0]+pixel_num_left)))
WARNING:tensorflow:From /global/cfs/cdirs/desi/users/jqzou/dla_finder/training/model.py:291: div (from tensorflow.python.ops.math_ops) is deprecated and will be removed in a future version.
Instructions for updating:
Deprecated in favor of operator or tf.math.divide.
2024-01-18 17:13:49.408711: I tensorflow/stream_executor/platform/default/dso_loader.cc:49] Successfully opened dynamic library libcuda.so.1
2024-01-18 17:13:49.412348: I tensorflow/compiler/mlir/mlir_graph_optimization_pass.cc:196] None of the MLIR optimization passes are enabled (registered 0 passes)
2024-01-18 17:13:49.428498: I tensorflow/core/platform/profile_utils/cpu_utils.cc:112] CPU Frequency: 2445420000 Hz
INFO:tensorflow:Restoring parameters from /global/cfs/cdirs/desi/users/jqzou/dla_finder/prediction/model/train_lowsnr/train_lowsnr/current_99999.ckpt
2024-01-18 17:13:49.455227: I tensorflow/compiler/mlir/mlir_graph_optimization_pass.cc:196] None of the MLIR optimization passes are enabled (registered 0 passes)
INFO:tensorflow:Restoring parameters from /global/cfs/cdirs/desi/users/jqzou/dla_finder/prediction/model/train_lowsnr/train_lowsnr/current_99999.ckpt
2024-01-18 17:13:49.471241: I tensorflow/core/platform/profile_utils/cpu_utils.cc:112] CPU Frequency: 2445420000 Hz
2024-01-18 17:13:49.484040: I tensorflow/compiler/mlir/mlir_graph_optimization_pass.cc:196] None of the MLIR optimization passes are enabled (registered 0 passes)
2024-01-18 17:13:49.500804: I tensorflow/core/platform/profile_utils/cpu_utils.cc:112] CPU Frequency: 2445420000 Hz
2024-01-18 17:13:49.604009: I tensorflow/compiler/jit/xla_cpu_device.cc:41] Not creating XLA devices, tf_xla_enable_xla_devices not set
2024-01-18 17:13:49.626375: I tensorflow/stream_executor/platform/default/dso_loader.cc:49] Successfully opened dynamic library libcuda.so.1
2024-01-18 17:13:49.630429: I tensorflow/compiler/jit/xla_cpu_device.cc:41] Not creating XLA devices, tf_xla_enable_xla_devices not set
2024-01-18 17:13:49.650774: I tensorflow/stream_executor/platform/default/dso_loader.cc:49] Successfully opened dynamic library libcuda.so.1
2024-01-18 17:13:49.729182: E tensorflow/stream_executor/cuda/cuda_driver.cc:328] failed call to cuInit: CUDA_ERROR_NO_DEVICE: no CUDA-capable device is detected
2024-01-18 17:13:49.729618: I tensorflow/stream_executor/cuda/cuda_diagnostics.cc:156] kernel driver does not appear to be running on this host (nid006255): /proc/driver/nvidia/version does not exist
2024-01-18 17:13:49.731760: I tensorflow/core/platform/cpu_feature_guard.cc:142] This TensorFlow binary is optimized with oneAPI Deep Neural Network Library (oneDNN) to use the following CPU instructions in performance-critical operations:  AVX2 FMA
To enable them in other operations, rebuild TensorFlow with the appropriate compiler flags.
2024-01-18 17:13:49.736014: I tensorflow/compiler/jit/xla_gpu_device.cc:99] Not creating XLA devices, tf_xla_enable_xla_devices not set
2024-01-18 17:13:49.777241: I tensorflow/compiler/jit/xla_cpu_device.cc:41] Not creating XLA devices, tf_xla_enable_xla_devices not set
2024-01-18 17:13:49.798820: I tensorflow/stream_executor/platform/default/dso_loader.cc:49] Successfully opened dynamic library libcuda.so.1
INFO:tensorflow:Restoring parameters from /global/cfs/cdirs/desi/users/jqzou/dla_finder/prediction/model/train_lowsnr/train_lowsnr/current_99999.ckpt
2024-01-18 17:13:49.883091: E tensorflow/stream_executor/cuda/cuda_driver.cc:328] failed call to cuInit: CUDA_ERROR_NO_DEVICE: no CUDA-capable device is detected
2024-01-18 17:13:49.883281: I tensorflow/stream_executor/cuda/cuda_diagnostics.cc:156] kernel driver does not appear to be running on this host (nid006255): /proc/driver/nvidia/version does not exist
2024-01-18 17:13:49.885011: I tensorflow/core/platform/cpu_feature_guard.cc:142] This TensorFlow binary is optimized with oneAPI Deep Neural Network Library (oneDNN) to use the following CPU instructions in performance-critical operations:  AVX2 FMA
To enable them in other operations, rebuild TensorFlow with the appropriate compiler flags.
2024-01-18 17:13:49.888553: I tensorflow/compiler/jit/xla_gpu_device.cc:99] Not creating XLA devices, tf_xla_enable_xla_devices not set
2024-01-18 17:13:49.889624: I tensorflow/compiler/mlir/mlir_graph_optimization_pass.cc:196] None of the MLIR optimization passes are enabled (registered 0 passes)
2024-01-18 17:13:49.910722: I tensorflow/core/platform/profile_utils/cpu_utils.cc:112] CPU Frequency: 2445420000 Hz
INFO:tensorflow:Restoring parameters from /global/cfs/cdirs/desi/users/jqzou/dla_finder/prediction/model/train_lowsnr/train_lowsnr/current_99999.ckpt
2024-01-18 17:13:49.996662: I tensorflow/compiler/mlir/mlir_graph_optimization_pass.cc:196] None of the MLIR optimization passes are enabled (registered 0 passes)
2024-01-18 17:13:50.005279: I tensorflow/core/platform/profile_utils/cpu_utils.cc:112] CPU Frequency: 2445420000 Hz
2024-01-18 17:13:50.016595: I tensorflow/compiler/jit/xla_cpu_device.cc:41] Not creating XLA devices, tf_xla_enable_xla_devices not set
2024-01-18 17:13:50.016706: I tensorflow/compiler/jit/xla_cpu_device.cc:41] Not creating XLA devices, tf_xla_enable_xla_devices not set
2024-01-18 17:13:50.019679: I tensorflow/stream_executor/platform/default/dso_loader.cc:49] Successfully opened dynamic library libcuda.so.1
2024-01-18 17:13:50.019900: I tensorflow/stream_executor/platform/default/dso_loader.cc:49] Successfully opened dynamic library libcuda.so.1
2024-01-18 17:13:50.025319: I tensorflow/compiler/jit/xla_cpu_device.cc:41] Not creating XLA devices, tf_xla_enable_xla_devices not set
2024-01-18 17:13:50.027120: I tensorflow/stream_executor/platform/default/dso_loader.cc:49] Successfully opened dynamic library libcuda.so.1
2024-01-18 17:13:50.040732: E tensorflow/stream_executor/cuda/cuda_driver.cc:328] failed call to cuInit: CUDA_ERROR_NO_DEVICE: no CUDA-capable device is detected
2024-01-18 17:13:50.040780: I tensorflow/stream_executor/cuda/cuda_diagnostics.cc:156] kernel driver does not appear to be running on this host (nid006255): /proc/driver/nvidia/version does not exist
2024-01-18 17:13:50.042194: I tensorflow/core/platform/cpu_feature_guard.cc:142] This TensorFlow binary is optimized with oneAPI Deep Neural Network Library (oneDNN) to use the following CPU instructions in performance-critical operations:  AVX2 FMA
To enable them in other operations, rebuild TensorFlow with the appropriate compiler flags.
2024-01-18 17:13:50.046616: I tensorflow/compiler/jit/xla_gpu_device.cc:99] Not creating XLA devices, tf_xla_enable_xla_devices not set
2024-01-18 17:13:50.116481: I tensorflow/compiler/jit/xla_cpu_device.cc:41] Not creating XLA devices, tf_xla_enable_xla_devices not set
INFO:tensorflow:Restoring parameters from /global/cfs/cdirs/desi/users/jqzou/dla_finder/prediction/model/train_lowsnr/train_lowsnr/current_99999.ckpt
2024-01-18 17:13:50.147878: I tensorflow/compiler/mlir/mlir_graph_optimization_pass.cc:196] None of the MLIR optimization passes are enabled (registered 0 passes)
2024-01-18 17:13:50.164316: I tensorflow/core/platform/profile_utils/cpu_utils.cc:112] CPU Frequency: 2445420000 Hz
2024-01-18 17:13:50.168568: I tensorflow/stream_executor/platform/default/dso_loader.cc:49] Successfully opened dynamic library libcuda.so.1
2024-01-18 17:13:50.209492: I tensorflow/compiler/jit/xla_cpu_device.cc:41] Not creating XLA devices, tf_xla_enable_xla_devices not set
2024-01-18 17:13:50.212125: I tensorflow/stream_executor/platform/default/dso_loader.cc:49] Successfully opened dynamic library libcuda.so.1
2024-01-18 17:13:50.216505: E tensorflow/stream_executor/cuda/cuda_driver.cc:328] failed call to cuInit: CUDA_ERROR_NO_DEVICE: no CUDA-capable device is detected
2024-01-18 17:13:50.216703: I tensorflow/stream_executor/cuda/cuda_diagnostics.cc:156] kernel driver does not appear to be running on this host (nid006255): /proc/driver/nvidia/version does not exist
2024-01-18 17:13:50.218445: I tensorflow/core/platform/cpu_feature_guard.cc:142] This TensorFlow binary is optimized with oneAPI Deep Neural Network Library (oneDNN) to use the following CPU instructions in performance-critical operations:  AVX2 FMA
To enable them in other operations, rebuild TensorFlow with the appropriate compiler flags.
2024-01-18 17:13:50.222086: I tensorflow/compiler/jit/xla_gpu_device.cc:99] Not creating XLA devices, tf_xla_enable_xla_devices not set
2024-01-18 17:13:50.276223: E tensorflow/stream_executor/cuda/cuda_driver.cc:328] failed call to cuInit: CUDA_ERROR_NO_DEVICE: no CUDA-capable device is detected
2024-01-18 17:13:50.276293: I tensorflow/stream_executor/cuda/cuda_diagnostics.cc:156] kernel driver does not appear to be running on this host (nid006255): /proc/driver/nvidia/version does not exist
2024-01-18 17:13:50.278205: I tensorflow/core/platform/cpu_feature_guard.cc:142] This TensorFlow binary is optimized with oneAPI Deep Neural Network Library (oneDNN) to use the following CPU instructions in performance-critical operations:  AVX2 FMA
To enable them in other operations, rebuild TensorFlow with the appropriate compiler flags.
2024-01-18 17:13:50.284460: I tensorflow/compiler/jit/xla_gpu_device.cc:99] Not creating XLA devices, tf_xla_enable_xla_devices not set
INFO:tensorflow:Restoring parameters from /global/cfs/cdirs/desi/users/jqzou/dla_finder/prediction/model/train_lowsnr/train_lowsnr/current_99999.ckpt
2024-01-18 17:13:50.377002: I tensorflow/compiler/mlir/mlir_graph_optimization_pass.cc:196] None of the MLIR optimization passes are enabled (registered 0 passes)
2024-01-18 17:13:50.386083: E tensorflow/stream_executor/cuda/cuda_driver.cc:328] failed call to cuInit: CUDA_ERROR_NO_DEVICE: no CUDA-capable device is detected
2024-01-18 17:13:50.386345: I tensorflow/stream_executor/cuda/cuda_diagnostics.cc:156] kernel driver does not appear to be running on this host (nid006255): /proc/driver/nvidia/version does not exist
2024-01-18 17:13:50.388143: I tensorflow/core/platform/cpu_feature_guard.cc:142] This TensorFlow binary is optimized with oneAPI Deep Neural Network Library (oneDNN) to use the following CPU instructions in performance-critical operations:  AVX2 FMA
To enable them in other operations, rebuild TensorFlow with the appropriate compiler flags.
2024-01-18 17:13:50.391806: I tensorflow/compiler/jit/xla_gpu_device.cc:99] Not creating XLA devices, tf_xla_enable_xla_devices not set
2024-01-18 17:13:50.395632: I tensorflow/core/platform/profile_utils/cpu_utils.cc:112] CPU Frequency: 2445420000 Hz
INFO:tensorflow:Restoring parameters from /global/cfs/cdirs/desi/users/jqzou/dla_finder/prediction/model/train_lowsnr/train_lowsnr/current_99999.ckpt
2024-01-18 17:13:50.472184: I tensorflow/compiler/mlir/mlir_graph_optimization_pass.cc:196] None of the MLIR optimization passes are enabled (registered 0 passes)
2024-01-18 17:13:50.488159: I tensorflow/core/platform/profile_utils/cpu_utils.cc:112] CPU Frequency: 2445420000 Hz
INFO:tensorflow:Restoring parameters from /global/cfs/cdirs/desi/users/jqzou/dla_finder/prediction/model/train_lowsnr/train_lowsnr/current_99999.ckpt
2024-01-18 17:13:50.550153: I tensorflow/compiler/mlir/mlir_graph_optimization_pass.cc:196] None of the MLIR optimization passes are enabled (registered 0 passes)
2024-01-18 17:13:50.570188: I tensorflow/core/platform/profile_utils/cpu_utils.cc:112] CPU Frequency: 2445420000 Hz
2024-01-18 17:13:50.676892: E tensorflow/stream_executor/cuda/cuda_driver.cc:328] failed call to cuInit: CUDA_ERROR_NO_DEVICE: no CUDA-capable device is detected
2024-01-18 17:13:50.676952: I tensorflow/stream_executor/cuda/cuda_diagnostics.cc:156] kernel driver does not appear to be running on this host (nid006255): /proc/driver/nvidia/version does not exist
2024-01-18 17:13:50.678999: I tensorflow/core/platform/cpu_feature_guard.cc:142] This TensorFlow binary is optimized with oneAPI Deep Neural Network Library (oneDNN) to use the following CPU instructions in performance-critical operations:  AVX2 FMA
To enable them in other operations, rebuild TensorFlow with the appropriate compiler flags.
2024-01-18 17:13:50.702168: E tensorflow/stream_executor/cuda/cuda_driver.cc:328] failed call to cuInit: CUDA_ERROR_NO_DEVICE: no CUDA-capable device is detected
2024-01-18 17:13:50.702426: I tensorflow/stream_executor/cuda/cuda_diagnostics.cc:156] kernel driver does not appear to be running on this host (nid006255): /proc/driver/nvidia/version does not exist
2024-01-18 17:13:50.704562: I tensorflow/core/platform/cpu_feature_guard.cc:142] This TensorFlow binary is optimized with oneAPI Deep Neural Network Library (oneDNN) to use the following CPU instructions in performance-critical operations:  AVX2 FMA
To enable them in other operations, rebuild TensorFlow with the appropriate compiler flags.
2024-01-18 17:13:50.708520: I tensorflow/compiler/jit/xla_gpu_device.cc:99] Not creating XLA devices, tf_xla_enable_xla_devices not set
2024-01-18 17:13:50.732517: I tensorflow/compiler/jit/xla_gpu_device.cc:99] Not creating XLA devices, tf_xla_enable_xla_devices not set
2024-01-18 17:13:50.788563: E tensorflow/stream_executor/cuda/cuda_driver.cc:328] failed call to cuInit: CUDA_ERROR_NO_DEVICE: no CUDA-capable device is detected
2024-01-18 17:13:50.789115: I tensorflow/stream_executor/cuda/cuda_diagnostics.cc:156] kernel driver does not appear to be running on this host (nid006255): /proc/driver/nvidia/version does not exist
2024-01-18 17:13:50.798393: I tensorflow/compiler/jit/xla_gpu_device.cc:99] Not creating XLA devices, tf_xla_enable_xla_devices not set
2024-01-18 17:13:50.799518: I tensorflow/core/platform/cpu_feature_guard.cc:142] This TensorFlow binary is optimized with oneAPI Deep Neural Network Library (oneDNN) to use the following CPU instructions in performance-critical operations:  AVX2 FMA
To enable them in other operations, rebuild TensorFlow with the appropriate compiler flags.
INFO:tensorflow:Restoring parameters from /global/cfs/cdirs/desi/users/jqzou/dla_finder/prediction/model/train_lowsnr/train_lowsnr/current_99999.ckpt
2024-01-18 17:13:50.851517: I tensorflow/compiler/jit/xla_gpu_device.cc:99] Not creating XLA devices, tf_xla_enable_xla_devices not set
2024-01-18 17:13:50.852232: I tensorflow/compiler/mlir/mlir_graph_optimization_pass.cc:196] None of the MLIR optimization passes are enabled (registered 0 passes)
INFO:tensorflow:Restoring parameters from /global/cfs/cdirs/desi/users/jqzou/dla_finder/prediction/model/train_lowsnr/train_lowsnr/current_99999.ckpt
2024-01-18 17:13:50.876074: I tensorflow/compiler/mlir/mlir_graph_optimization_pass.cc:196] None of the MLIR optimization passes are enabled (registered 0 passes)
2024-01-18 17:13:50.879742: E tensorflow/stream_executor/cuda/cuda_driver.cc:328] failed call to cuInit: CUDA_ERROR_NO_DEVICE: no CUDA-capable device is detected
2024-01-18 17:13:50.879803: I tensorflow/stream_executor/cuda/cuda_diagnostics.cc:156] kernel driver does not appear to be running on this host (nid006255): /proc/driver/nvidia/version does not exist
2024-01-18 17:13:50.881489: I tensorflow/core/platform/cpu_feature_guard.cc:142] This TensorFlow binary is optimized with oneAPI Deep Neural Network Library (oneDNN) to use the following CPU instructions in performance-critical operations:  AVX2 FMA
To enable them in other operations, rebuild TensorFlow with the appropriate compiler flags.
2024-01-18 17:13:50.885136: I tensorflow/compiler/jit/xla_gpu_device.cc:99] Not creating XLA devices, tf_xla_enable_xla_devices not set
2024-01-18 17:13:50.889538: E tensorflow/stream_executor/cuda/cuda_driver.cc:328] failed call to cuInit: CUDA_ERROR_NO_DEVICE: no CUDA-capable device is detected
2024-01-18 17:13:50.889827: I tensorflow/stream_executor/cuda/cuda_diagnostics.cc:156] kernel driver does not appear to be running on this host (nid006255): /proc/driver/nvidia/version does not exist
2024-01-18 17:13:50.891938: I tensorflow/core/platform/cpu_feature_guard.cc:142] This TensorFlow binary is optimized with oneAPI Deep Neural Network Library (oneDNN) to use the following CPU instructions in performance-critical operations:  AVX2 FMA
To enable them in other operations, rebuild TensorFlow with the appropriate compiler flags.
INFO:tensorflow:Restoring parameters from /global/cfs/cdirs/desi/users/jqzou/dla_finder/prediction/model/train_lowsnr/train_lowsnr/current_99999.ckpt
2024-01-18 17:13:50.896459: I tensorflow/core/platform/profile_utils/cpu_utils.cc:112] CPU Frequency: 2445420000 Hz
2024-01-18 17:13:50.897496: I tensorflow/compiler/jit/xla_gpu_device.cc:99] Not creating XLA devices, tf_xla_enable_xla_devices not set
2024-01-18 17:13:50.901606: I tensorflow/core/platform/profile_utils/cpu_utils.cc:112] CPU Frequency: 2445420000 Hz
INFO:tensorflow:Restoring parameters from /global/cfs/cdirs/desi/users/jqzou/dla_finder/prediction/model/train_lowsnr/train_lowsnr/current_99999.ckpt
2024-01-18 17:13:51.000537: I tensorflow/compiler/mlir/mlir_graph_optimization_pass.cc:196] None of the MLIR optimization passes are enabled (registered 0 passes)
2024-01-18 17:13:51.029156: I tensorflow/compiler/jit/xla_gpu_device.cc:99] Not creating XLA devices, tf_xla_enable_xla_devices not set
2024-01-18 17:13:51.045591: I tensorflow/core/platform/profile_utils/cpu_utils.cc:112] CPU Frequency: 2445420000 Hz
2024-01-18 17:13:51.062820: I tensorflow/compiler/jit/xla_gpu_device.cc:99] Not creating XLA devices, tf_xla_enable_xla_devices not set
INFO:tensorflow:Restoring parameters from /global/cfs/cdirs/desi/users/jqzou/dla_finder/prediction/model/train_lowsnr/train_lowsnr/current_99999.ckpt
INFO:tensorflow:Restoring parameters from /global/cfs/cdirs/desi/users/jqzou/dla_finder/prediction/model/train_midsnr/train_midsnr/current_99999.ckpt
INFO:tensorflow:Restoring parameters from /global/cfs/cdirs/desi/users/jqzou/dla_finder/prediction/model/train_lowsnr/train_lowsnr/current_99999.ckpt
2024-01-18 17:13:51.130015: I tensorflow/compiler/mlir/mlir_graph_optimization_pass.cc:196] None of the MLIR optimization passes are enabled (registered 0 passes)
INFO:tensorflow:Restoring parameters from /global/cfs/cdirs/desi/users/jqzou/dla_finder/prediction/model/train_lowsnr/train_lowsnr/current_99999.ckpt
2024-01-18 17:13:51.144982: I tensorflow/compiler/mlir/mlir_graph_optimization_pass.cc:196] None of the MLIR optimization passes are enabled (registered 0 passes)
2024-01-18 17:13:51.163124: I tensorflow/core/platform/profile_utils/cpu_utils.cc:112] CPU Frequency: 2445420000 Hz
2024-01-18 17:13:51.184895: I tensorflow/core/platform/profile_utils/cpu_utils.cc:112] CPU Frequency: 2445420000 Hz
2024-01-18 17:13:51.252182: I tensorflow/compiler/jit/xla_gpu_device.cc:99] Not creating XLA devices, tf_xla_enable_xla_devices not set
2024-01-18 17:13:51.302305: I tensorflow/compiler/jit/xla_gpu_device.cc:99] Not creating XLA devices, tf_xla_enable_xla_devices not set
INFO:tensorflow:Restoring parameters from /global/cfs/cdirs/desi/users/jqzou/dla_finder/prediction/model/train_lowsnr/train_lowsnr/current_99999.ckpt
INFO:tensorflow:Restoring parameters from /global/cfs/cdirs/desi/users/jqzou/dla_finder/prediction/model/train_lowsnr/train_lowsnr/current_99999.ckpt
2024-01-18 17:13:51.563801: I tensorflow/compiler/jit/xla_gpu_device.cc:99] Not creating XLA devices, tf_xla_enable_xla_devices not set
2024-01-18 17:13:51.575977: I tensorflow/compiler/jit/xla_gpu_device.cc:99] Not creating XLA devices, tf_xla_enable_xla_devices not set
INFO:tensorflow:Restoring parameters from /global/cfs/cdirs/desi/users/jqzou/dla_finder/prediction/model/train_lowsnr/train_lowsnr/current_99999.ckpt
INFO:tensorflow:Restoring parameters from /global/cfs/cdirs/desi/users/jqzou/dla_finder/prediction/model/train_lowsnr/train_lowsnr/current_99999.ckpt
2024-01-18 17:13:51.770438: I tensorflow/compiler/jit/xla_gpu_device.cc:99] Not creating XLA devices, tf_xla_enable_xla_devices not set
2024-01-18 17:13:51.790139: I tensorflow/compiler/jit/xla_gpu_device.cc:99] Not creating XLA devices, tf_xla_enable_xla_devices not set
INFO:tensorflow:Restoring parameters from /global/cfs/cdirs/desi/users/jqzou/dla_finder/prediction/model/train_lowsnr/train_lowsnr/current_99999.ckpt
2024-01-18 17:13:52.144369: I tensorflow/compiler/jit/xla_gpu_device.cc:99] Not creating XLA devices, tf_xla_enable_xla_devices not set
2024-01-18 17:13:52.148056: I tensorflow/compiler/jit/xla_gpu_device.cc:99] Not creating XLA devices, tf_xla_enable_xla_devices not set
INFO:tensorflow:Restoring parameters from /global/cfs/cdirs/desi/users/jqzou/dla_finder/prediction/model/train_lowsnr/train_lowsnr/current_99999.ckpt
INFO:tensorflow:Restoring parameters from /global/cfs/cdirs/desi/users/jqzou/dla_finder/prediction/model/train_lowsnr/train_lowsnr/current_99999.ckpt
INFO:tensorflow:Restoring parameters from /global/cfs/cdirs/desi/users/jqzou/dla_finder/prediction/model/train_midsnr/train_midsnr/current_99999.ckpt
2024-01-18 17:13:52.492872: I tensorflow/compiler/jit/xla_gpu_device.cc:99] Not creating XLA devices, tf_xla_enable_xla_devices not set
2024-01-18 17:13:52.552195: I tensorflow/compiler/jit/xla_gpu_device.cc:99] Not creating XLA devices, tf_xla_enable_xla_devices not set
INFO:tensorflow:Restoring parameters from /global/cfs/cdirs/desi/users/jqzou/dla_finder/prediction/model/train_midsnr/train_midsnr/current_99999.ckpt
INFO:tensorflow:Restoring parameters from /global/cfs/cdirs/desi/users/jqzou/dla_finder/prediction/model/train_lowsnr/train_lowsnr/current_99999.ckpt
2024-01-18 17:13:52.904488: I tensorflow/compiler/jit/xla_gpu_device.cc:99] Not creating XLA devices, tf_xla_enable_xla_devices not set
INFO:tensorflow:Restoring parameters from /global/cfs/cdirs/desi/users/jqzou/dla_finder/prediction/model/train_lowsnr/train_lowsnr/current_99999.ckpt
2024-01-18 17:13:53.111679: I tensorflow/compiler/jit/xla_gpu_device.cc:99] Not creating XLA devices, tf_xla_enable_xla_devices not set
INFO:tensorflow:Restoring parameters from /global/cfs/cdirs/desi/users/jqzou/dla_finder/prediction/model/train_lowsnr/train_lowsnr/current_99999.ckpt
2024-01-18 17:13:53.256475: I tensorflow/compiler/jit/xla_gpu_device.cc:99] Not creating XLA devices, tf_xla_enable_xla_devices not set
INFO:tensorflow:Restoring parameters from /global/cfs/cdirs/desi/users/jqzou/dla_finder/prediction/model/train_lowsnr/train_lowsnr/current_99999.ckpt
2024-01-18 17:13:53.351914: I tensorflow/compiler/jit/xla_gpu_device.cc:99] Not creating XLA devices, tf_xla_enable_xla_devices not set
2024-01-18 17:13:53.357938: I tensorflow/compiler/jit/xla_gpu_device.cc:99] Not creating XLA devices, tf_xla_enable_xla_devices not set
INFO:tensorflow:Restoring parameters from /global/cfs/cdirs/desi/users/jqzou/dla_finder/prediction/model/train_lowsnr/train_lowsnr/current_99999.ckpt
INFO:tensorflow:Restoring parameters from /global/cfs/cdirs/desi/users/jqzou/dla_finder/prediction/model/train_midsnr/train_midsnr/current_99999.ckpt
2024-01-18 17:13:53.592241: I tensorflow/compiler/jit/xla_gpu_device.cc:99] Not creating XLA devices, tf_xla_enable_xla_devices not set
2024-01-18 17:13:53.649079: I tensorflow/compiler/jit/xla_gpu_device.cc:99] Not creating XLA devices, tf_xla_enable_xla_devices not set
INFO:tensorflow:Restoring parameters from /global/cfs/cdirs/desi/users/jqzou/dla_finder/prediction/model/train_lowsnr/train_lowsnr/current_99999.ckpt
2024-01-18 17:13:53.717856: I tensorflow/compiler/jit/xla_gpu_device.cc:99] Not creating XLA devices, tf_xla_enable_xla_devices not set
2024-01-18 17:13:53.720643: I tensorflow/compiler/jit/xla_gpu_device.cc:99] Not creating XLA devices, tf_xla_enable_xla_devices not set
INFO:tensorflow:Restoring parameters from /global/cfs/cdirs/desi/users/jqzou/dla_finder/prediction/model/train_lowsnr/train_lowsnr/current_99999.ckpt
2024-01-18 17:13:53.785723: I tensorflow/compiler/jit/xla_gpu_device.cc:99] Not creating XLA devices, tf_xla_enable_xla_devices not set
INFO:tensorflow:Restoring parameters from /global/cfs/cdirs/desi/users/jqzou/dla_finder/prediction/model/train_lowsnr/train_lowsnr/current_99999.ckpt
INFO:tensorflow:Restoring parameters from /global/cfs/cdirs/desi/users/jqzou/dla_finder/prediction/model/train_lowsnr/train_lowsnr/current_99999.ckpt
INFO:tensorflow:Restoring parameters from /global/cfs/cdirs/desi/users/jqzou/dla_finder/prediction/model/train_lowsnr/train_lowsnr/current_99999.ckpt
2024-01-18 17:13:53.916586: I tensorflow/compiler/jit/xla_gpu_device.cc:99] Not creating XLA devices, tf_xla_enable_xla_devices not set
INFO:tensorflow:Restoring parameters from /global/cfs/cdirs/desi/users/jqzou/dla_finder/prediction/model/train_lowsnr/train_lowsnr/current_99999.ckpt
2024-01-18 17:13:54.005626: I tensorflow/compiler/jit/xla_gpu_device.cc:99] Not creating XLA devices, tf_xla_enable_xla_devices not set
INFO:tensorflow:Restoring parameters from /global/cfs/cdirs/desi/users/jqzou/dla_finder/prediction/model/train_midsnr/train_midsnr/current_99999.ckpt
2024-01-18 17:13:54.306839: I tensorflow/compiler/jit/xla_gpu_device.cc:99] Not creating XLA devices, tf_xla_enable_xla_devices not set
INFO:tensorflow:Restoring parameters from /global/cfs/cdirs/desi/users/jqzou/dla_finder/prediction/model/train_midsnr/train_midsnr/current_99999.ckpt
2024-01-18 17:13:54.476706: I tensorflow/compiler/jit/xla_gpu_device.cc:99] Not creating XLA devices, tf_xla_enable_xla_devices not set
2024-01-18 17:13:54.496693: I tensorflow/compiler/jit/xla_gpu_device.cc:99] Not creating XLA devices, tf_xla_enable_xla_devices not set
INFO:tensorflow:Restoring parameters from /global/cfs/cdirs/desi/users/jqzou/dla_finder/prediction/model/train_midsnr/train_midsnr/current_99999.ckpt
INFO:tensorflow:Restoring parameters from /global/cfs/cdirs/desi/users/jqzou/dla_finder/prediction/model/train_lowsnr/train_lowsnr/current_99999.ckpt
2024-01-18 17:13:54.862283: I tensorflow/compiler/jit/xla_gpu_device.cc:99] Not creating XLA devices, tf_xla_enable_xla_devices not set
INFO:tensorflow:Restoring parameters from /global/cfs/cdirs/desi/users/jqzou/dla_finder/prediction/model/train_lowsnr/train_lowsnr/current_99999.ckpt
2024-01-18 17:13:54.987695: I tensorflow/compiler/jit/xla_gpu_device.cc:99] Not creating XLA devices, tf_xla_enable_xla_devices not set
INFO:tensorflow:Restoring parameters from /global/cfs/cdirs/desi/users/jqzou/dla_finder/prediction/model/train_lowsnr/train_lowsnr/current_99999.ckpt
2024-01-18 17:13:55.626544: I tensorflow/compiler/jit/xla_gpu_device.cc:99] Not creating XLA devices, tf_xla_enable_xla_devices not set
INFO:tensorflow:Restoring parameters from /global/cfs/cdirs/desi/users/jqzou/dla_finder/prediction/model/train_lowsnr/train_lowsnr/current_99999.ckpt
2024-01-18 17:13:55.864203: I tensorflow/compiler/jit/xla_gpu_device.cc:99] Not creating XLA devices, tf_xla_enable_xla_devices not set
INFO:tensorflow:Restoring parameters from /global/cfs/cdirs/desi/users/jqzou/dla_finder/prediction/model/train_lowsnr/train_lowsnr/current_99999.ckpt
2024-01-18 17:13:56.017931: I tensorflow/compiler/jit/xla_gpu_device.cc:99] Not creating XLA devices, tf_xla_enable_xla_devices not set
2024-01-18 17:13:56.050791: I tensorflow/compiler/jit/xla_gpu_device.cc:99] Not creating XLA devices, tf_xla_enable_xla_devices not set
2024-01-18 17:13:56.072848: I tensorflow/compiler/jit/xla_gpu_device.cc:99] Not creating XLA devices, tf_xla_enable_xla_devices not set
INFO:tensorflow:Restoring parameters from /global/cfs/cdirs/desi/users/jqzou/dla_finder/prediction/model/train_lowsnr/train_lowsnr/current_99999.ckpt
INFO:tensorflow:Restoring parameters from /global/cfs/cdirs/desi/users/jqzou/dla_finder/prediction/model/train_lowsnr/train_lowsnr/current_99999.ckpt
INFO:tensorflow:Restoring parameters from /global/cfs/cdirs/desi/users/jqzou/dla_finder/prediction/model/train_lowsnr/train_lowsnr/current_99999.ckpt
2024-01-18 17:13:56.184748: I tensorflow/compiler/jit/xla_gpu_device.cc:99] Not creating XLA devices, tf_xla_enable_xla_devices not set
2024-01-18 17:13:56.192121: I tensorflow/compiler/jit/xla_gpu_device.cc:99] Not creating XLA devices, tf_xla_enable_xla_devices not set
INFO:tensorflow:Restoring parameters from /global/cfs/cdirs/desi/users/jqzou/dla_finder/prediction/model/train_lowsnr/train_lowsnr/current_99999.ckpt
INFO:tensorflow:Restoring parameters from /global/cfs/cdirs/desi/users/jqzou/dla_finder/prediction/model/train_lowsnr/train_lowsnr/current_99999.ckpt
2024-01-18 17:13:56.294132: I tensorflow/compiler/jit/xla_gpu_device.cc:99] Not creating XLA devices, tf_xla_enable_xla_devices not set
INFO:tensorflow:Restoring parameters from /global/cfs/cdirs/desi/users/jqzou/dla_finder/prediction/model/train_midsnr/train_midsnr/current_99999.ckpt
2024-01-18 17:13:56.407662: I tensorflow/compiler/jit/xla_gpu_device.cc:99] Not creating XLA devices, tf_xla_enable_xla_devices not set
INFO:tensorflow:Restoring parameters from /global/cfs/cdirs/desi/users/jqzou/dla_finder/prediction/model/train_lowsnr/train_lowsnr/current_99999.ckpt
2024-01-18 17:13:56.910638: I tensorflow/compiler/jit/xla_gpu_device.cc:99] Not creating XLA devices, tf_xla_enable_xla_devices not set
INFO:tensorflow:Restoring parameters from /global/cfs/cdirs/desi/users/jqzou/dla_finder/prediction/model/train_lowsnr/train_lowsnr/current_99999.ckpt
2024-01-18 17:13:57.054999: I tensorflow/compiler/jit/xla_gpu_device.cc:99] Not creating XLA devices, tf_xla_enable_xla_devices not set
2024-01-18 17:13:57.119062: I tensorflow/compiler/jit/xla_gpu_device.cc:99] Not creating XLA devices, tf_xla_enable_xla_devices not set
INFO:tensorflow:Restoring parameters from /global/cfs/cdirs/desi/users/jqzou/dla_finder/prediction/model/train_lowsnr/train_lowsnr/current_99999.ckpt
2024-01-18 17:13:57.150250: I tensorflow/compiler/jit/xla_gpu_device.cc:99] Not creating XLA devices, tf_xla_enable_xla_devices not set
INFO:tensorflow:Restoring parameters from /global/cfs/cdirs/desi/users/jqzou/dla_finder/prediction/model/train_lowsnr/train_lowsnr/current_99999.ckpt
INFO:tensorflow:Restoring parameters from /global/cfs/cdirs/desi/users/jqzou/dla_finder/prediction/model/train_lowsnr/train_lowsnr/current_99999.ckpt
2024-01-18 17:13:57.365695: I tensorflow/compiler/jit/xla_gpu_device.cc:99] Not creating XLA devices, tf_xla_enable_xla_devices not set
INFO:tensorflow:Restoring parameters from /global/cfs/cdirs/desi/users/jqzou/dla_finder/prediction/model/train_lowsnr/train_lowsnr/current_99999.ckpt
2024-01-18 17:13:57.575989: I tensorflow/compiler/jit/xla_gpu_device.cc:99] Not creating XLA devices, tf_xla_enable_xla_devices not set
2024-01-18 17:13:57.591070: I tensorflow/compiler/jit/xla_gpu_device.cc:99] Not creating XLA devices, tf_xla_enable_xla_devices not set
2024-01-18 17:13:57.598947: I tensorflow/compiler/jit/xla_gpu_device.cc:99] Not creating XLA devices, tf_xla_enable_xla_devices not set
INFO:tensorflow:Restoring parameters from /global/cfs/cdirs/desi/users/jqzou/dla_finder/prediction/model/train_lowsnr/train_lowsnr/current_99999.ckpt
INFO:tensorflow:Restoring parameters from /global/cfs/cdirs/desi/users/jqzou/dla_finder/prediction/model/train_lowsnr/train_lowsnr/current_99999.ckpt
INFO:tensorflow:Restoring parameters from /global/cfs/cdirs/desi/users/jqzou/dla_finder/prediction/model/train_lowsnr/train_lowsnr/current_99999.ckpt
2024-01-18 17:13:57.916801: I tensorflow/compiler/jit/xla_gpu_device.cc:99] Not creating XLA devices, tf_xla_enable_xla_devices not set
2024-01-18 17:13:57.947275: I tensorflow/compiler/jit/xla_gpu_device.cc:99] Not creating XLA devices, tf_xla_enable_xla_devices not set
INFO:tensorflow:Restoring parameters from /global/cfs/cdirs/desi/users/jqzou/dla_finder/prediction/model/train_lowsnr/train_lowsnr/current_99999.ckpt
2024-01-18 17:13:58.004700: I tensorflow/compiler/jit/xla_gpu_device.cc:99] Not creating XLA devices, tf_xla_enable_xla_devices not set
2024-01-18 17:13:58.011403: I tensorflow/compiler/jit/xla_gpu_device.cc:99] Not creating XLA devices, tf_xla_enable_xla_devices not set
2024-01-18 17:13:58.064039: I tensorflow/compiler/jit/xla_gpu_device.cc:99] Not creating XLA devices, tf_xla_enable_xla_devices not set
INFO:tensorflow:Restoring parameters from /global/cfs/cdirs/desi/users/jqzou/dla_finder/prediction/model/train_lowsnr/train_lowsnr/current_99999.ckpt
INFO:tensorflow:Restoring parameters from /global/cfs/cdirs/desi/users/jqzou/dla_finder/prediction/model/train_lowsnr/train_lowsnr/current_99999.ckpt
INFO:tensorflow:Restoring parameters from /global/cfs/cdirs/desi/users/jqzou/dla_finder/prediction/model/train_lowsnr/train_lowsnr/current_99999.ckpt
INFO:tensorflow:Restoring parameters from /global/cfs/cdirs/desi/users/jqzou/dla_finder/prediction/model/train_lowsnr/train_lowsnr/current_99999.ckpt
2024-01-18 17:13:58.238324: I tensorflow/compiler/jit/xla_gpu_device.cc:99] Not creating XLA devices, tf_xla_enable_xla_devices not set
2024-01-18 17:13:58.251182: I tensorflow/compiler/jit/xla_gpu_device.cc:99] Not creating XLA devices, tf_xla_enable_xla_devices not set
2024-01-18 17:13:58.267686: I tensorflow/compiler/jit/xla_gpu_device.cc:99] Not creating XLA devices, tf_xla_enable_xla_devices not set
INFO:tensorflow:Restoring parameters from /global/cfs/cdirs/desi/users/jqzou/dla_finder/prediction/model/train_lowsnr/train_lowsnr/current_99999.ckpt
INFO:tensorflow:Restoring parameters from /global/cfs/cdirs/desi/users/jqzou/dla_finder/prediction/model/train_midsnr/train_midsnr/current_99999.ckpt
INFO:tensorflow:Restoring parameters from /global/cfs/cdirs/desi/users/jqzou/dla_finder/prediction/model/train_lowsnr/train_lowsnr/current_99999.ckpt
2024-01-18 17:13:58.442416: I tensorflow/compiler/jit/xla_gpu_device.cc:99] Not creating XLA devices, tf_xla_enable_xla_devices not set
INFO:tensorflow:Restoring parameters from /global/cfs/cdirs/desi/users/jqzou/dla_finder/prediction/model/train_lowsnr/train_lowsnr/current_99999.ckpt
2024-01-18 17:13:58.707929: I tensorflow/compiler/jit/xla_gpu_device.cc:99] Not creating XLA devices, tf_xla_enable_xla_devices not set
INFO:tensorflow:Restoring parameters from /global/cfs/cdirs/desi/users/jqzou/dla_finder/prediction/model/train_lowsnr/train_lowsnr/current_99999.ckpt
2024-01-18 17:13:58.998692: I tensorflow/compiler/jit/xla_gpu_device.cc:99] Not creating XLA devices, tf_xla_enable_xla_devices not set
2024-01-18 17:13:59.058358: I tensorflow/compiler/jit/xla_gpu_device.cc:99] Not creating XLA devices, tf_xla_enable_xla_devices not set
INFO:tensorflow:Restoring parameters from /global/cfs/cdirs/desi/users/jqzou/dla_finder/prediction/model/train_lowsnr/train_lowsnr/current_99999.ckpt
2024-01-18 17:13:59.185488: I tensorflow/compiler/jit/xla_gpu_device.cc:99] Not creating XLA devices, tf_xla_enable_xla_devices not set
2024-01-18 17:13:59.197096: I tensorflow/compiler/jit/xla_gpu_device.cc:99] Not creating XLA devices, tf_xla_enable_xla_devices not set
INFO:tensorflow:Restoring parameters from /global/cfs/cdirs/desi/users/jqzou/dla_finder/prediction/model/train_lowsnr/train_lowsnr/current_99999.ckpt
INFO:tensorflow:Restoring parameters from /global/cfs/cdirs/desi/users/jqzou/dla_finder/prediction/model/train_lowsnr/train_lowsnr/current_99999.ckpt
2024-01-18 17:13:59.304509: I tensorflow/compiler/jit/xla_gpu_device.cc:99] Not creating XLA devices, tf_xla_enable_xla_devices not set
2024-01-18 17:13:59.374481: I tensorflow/compiler/jit/xla_gpu_device.cc:99] Not creating XLA devices, tf_xla_enable_xla_devices not set
INFO:tensorflow:Restoring parameters from /global/cfs/cdirs/desi/users/jqzou/dla_finder/prediction/model/train_lowsnr/train_lowsnr/current_99999.ckpt
INFO:tensorflow:Restoring parameters from /global/cfs/cdirs/desi/users/jqzou/dla_finder/prediction/model/train_lowsnr/train_lowsnr/current_99999.ckpt
INFO:tensorflow:Restoring parameters from /global/cfs/cdirs/desi/users/jqzou/dla_finder/prediction/model/train_midsnr/train_midsnr/current_99999.ckpt
2024-01-18 17:13:59.533636: I tensorflow/compiler/jit/xla_gpu_device.cc:99] Not creating XLA devices, tf_xla_enable_xla_devices not set
2024-01-18 17:13:59.588603: I tensorflow/compiler/jit/xla_gpu_device.cc:99] Not creating XLA devices, tf_xla_enable_xla_devices not set
INFO:tensorflow:Restoring parameters from /global/cfs/cdirs/desi/users/jqzou/dla_finder/prediction/model/train_lowsnr/train_lowsnr/current_99999.ckpt
INFO:tensorflow:Restoring parameters from /global/cfs/cdirs/desi/users/jqzou/dla_finder/prediction/model/train_lowsnr/train_lowsnr/current_99999.ckpt
2024-01-18 17:13:59.986440: I tensorflow/compiler/jit/xla_gpu_device.cc:99] Not creating XLA devices, tf_xla_enable_xla_devices not set
INFO:tensorflow:Restoring parameters from /global/cfs/cdirs/desi/users/jqzou/dla_finder/prediction/model/train_midsnr/train_midsnr/current_99999.ckpt
2024-01-18 17:14:00.063272: I tensorflow/compiler/jit/xla_gpu_device.cc:99] Not creating XLA devices, tf_xla_enable_xla_devices not set
INFO:tensorflow:Restoring parameters from /global/cfs/cdirs/desi/users/jqzou/dla_finder/prediction/model/train_lowsnr/train_lowsnr/current_99999.ckpt
2024-01-18 17:14:00.440349: I tensorflow/compiler/jit/xla_gpu_device.cc:99] Not creating XLA devices, tf_xla_enable_xla_devices not set
INFO:tensorflow:Restoring parameters from /global/cfs/cdirs/desi/users/jqzou/dla_finder/prediction/model/train_lowsnr/train_lowsnr/current_99999.ckpt
2024-01-18 17:14:00.751583: I tensorflow/compiler/jit/xla_gpu_device.cc:99] Not creating XLA devices, tf_xla_enable_xla_devices not set
2024-01-18 17:14:00.768037: I tensorflow/compiler/jit/xla_gpu_device.cc:99] Not creating XLA devices, tf_xla_enable_xla_devices not set
INFO:tensorflow:Restoring parameters from /global/cfs/cdirs/desi/users/jqzou/dla_finder/prediction/model/train_lowsnr/train_lowsnr/current_99999.ckpt
INFO:tensorflow:Restoring parameters from /global/cfs/cdirs/desi/users/jqzou/dla_finder/prediction/model/train_midsnr/train_midsnr/current_99999.ckpt
2024-01-18 17:14:01.008852: I tensorflow/compiler/jit/xla_gpu_device.cc:99] Not creating XLA devices, tf_xla_enable_xla_devices not set
2024-01-18 17:14:01.046270: I tensorflow/compiler/jit/xla_gpu_device.cc:99] Not creating XLA devices, tf_xla_enable_xla_devices not set
INFO:tensorflow:Restoring parameters from /global/cfs/cdirs/desi/users/jqzou/dla_finder/prediction/model/train_lowsnr/train_lowsnr/current_99999.ckpt
INFO:tensorflow:Restoring parameters from /global/cfs/cdirs/desi/users/jqzou/dla_finder/prediction/model/train_lowsnr/train_lowsnr/current_99999.ckpt
2024-01-18 17:14:01.165980: I tensorflow/compiler/jit/xla_gpu_device.cc:99] Not creating XLA devices, tf_xla_enable_xla_devices not set
INFO:tensorflow:Restoring parameters from /global/cfs/cdirs/desi/users/jqzou/dla_finder/prediction/model/train_midsnr/train_midsnr/current_99999.ckpt
2024-01-18 17:14:01.252025: I tensorflow/compiler/jit/xla_gpu_device.cc:99] Not creating XLA devices, tf_xla_enable_xla_devices not set
INFO:tensorflow:Restoring parameters from /global/cfs/cdirs/desi/users/jqzou/dla_finder/prediction/model/train_lowsnr/train_lowsnr/current_99999.ckpt
2024-01-18 17:14:01.526400: I tensorflow/compiler/jit/xla_gpu_device.cc:99] Not creating XLA devices, tf_xla_enable_xla_devices not set
2024-01-18 17:14:01.593810: I tensorflow/compiler/jit/xla_gpu_device.cc:99] Not creating XLA devices, tf_xla_enable_xla_devices not set
INFO:tensorflow:Restoring parameters from /global/cfs/cdirs/desi/users/jqzou/dla_finder/prediction/model/train_lowsnr/train_lowsnr/current_99999.ckpt
INFO:tensorflow:Restoring parameters from /global/cfs/cdirs/desi/users/jqzou/dla_finder/prediction/model/train_midsnr/train_midsnr/current_99999.ckpt
2024-01-18 17:14:01.803334: I tensorflow/compiler/jit/xla_gpu_device.cc:99] Not creating XLA devices, tf_xla_enable_xla_devices not set
INFO:tensorflow:Restoring parameters from /global/cfs/cdirs/desi/users/jqzou/dla_finder/prediction/model/train_lowsnr/train_lowsnr/current_99999.ckpt
2024-01-18 17:14:02.011648: I tensorflow/compiler/jit/xla_gpu_device.cc:99] Not creating XLA devices, tf_xla_enable_xla_devices not set
2024-01-18 17:14:02.012955: I tensorflow/compiler/jit/xla_gpu_device.cc:99] Not creating XLA devices, tf_xla_enable_xla_devices not set
INFO:tensorflow:Restoring parameters from /global/cfs/cdirs/desi/users/jqzou/dla_finder/prediction/model/train_lowsnr/train_lowsnr/current_99999.ckpt
INFO:tensorflow:Restoring parameters from /global/cfs/cdirs/desi/users/jqzou/dla_finder/prediction/model/train_midsnr/train_midsnr/current_99999.ckpt
2024-01-18 17:14:02.305809: I tensorflow/compiler/jit/xla_gpu_device.cc:99] Not creating XLA devices, tf_xla_enable_xla_devices not set
2024-01-18 17:14:02.334065: I tensorflow/compiler/jit/xla_gpu_device.cc:99] Not creating XLA devices, tf_xla_enable_xla_devices not set
INFO:tensorflow:Restoring parameters from /global/cfs/cdirs/desi/users/jqzou/dla_finder/prediction/model/train_lowsnr/train_lowsnr/current_99999.ckpt
2024-01-18 17:14:02.392808: I tensorflow/compiler/jit/xla_gpu_device.cc:99] Not creating XLA devices, tf_xla_enable_xla_devices not set
INFO:tensorflow:Restoring parameters from /global/cfs/cdirs/desi/users/jqzou/dla_finder/prediction/model/train_lowsnr/train_lowsnr/current_99999.ckpt
INFO:tensorflow:Restoring parameters from /global/cfs/cdirs/desi/users/jqzou/dla_finder/prediction/model/train_lowsnr/train_lowsnr/current_99999.ckpt
2024-01-18 17:14:02.511496: I tensorflow/compiler/jit/xla_gpu_device.cc:99] Not creating XLA devices, tf_xla_enable_xla_devices not set
INFO:tensorflow:Restoring parameters from /global/cfs/cdirs/desi/users/jqzou/dla_finder/prediction/model/train_lowsnr/train_lowsnr/current_99999.ckpt
2024-01-18 17:14:02.627089: I tensorflow/compiler/jit/xla_gpu_device.cc:99] Not creating XLA devices, tf_xla_enable_xla_devices not set
INFO:tensorflow:Restoring parameters from /global/cfs/cdirs/desi/users/jqzou/dla_finder/prediction/model/train_lowsnr/train_lowsnr/current_99999.ckpt
2024-01-18 17:14:02.725739: I tensorflow/compiler/jit/xla_gpu_device.cc:99] Not creating XLA devices, tf_xla_enable_xla_devices not set
INFO:tensorflow:Restoring parameters from /global/cfs/cdirs/desi/users/jqzou/dla_finder/prediction/model/train_lowsnr/train_lowsnr/current_99999.ckpt
2024-01-18 17:14:02.832976: I tensorflow/compiler/jit/xla_gpu_device.cc:99] Not creating XLA devices, tf_xla_enable_xla_devices not set
 20%|████████████████████████▍                                                                                               | 154/755 [00:16<00:00, 1519.30it/s]INFO:tensorflow:Restoring parameters from /global/cfs/cdirs/desi/users/jqzou/dla_finder/prediction/model/train_lowsnr/train_lowsnr/current_99999.ckpt
2024-01-18 17:14:03.060075: I tensorflow/compiler/jit/xla_gpu_device.cc:99] Not creating XLA devices, tf_xla_enable_xla_devices not set
INFO:tensorflow:Restoring parameters from /global/cfs/cdirs/desi/users/jqzou/dla_finder/prediction/model/train_lowsnr/train_lowsnr/current_99999.ckpt
2024-01-18 17:14:03.208767: I tensorflow/compiler/jit/xla_gpu_device.cc:99] Not creating XLA devices, tf_xla_enable_xla_devices not set
INFO:tensorflow:Restoring parameters from /global/cfs/cdirs/desi/users/jqzou/dla_finder/prediction/model/train_midsnr/train_midsnr/current_99999.ckpt
2024-01-18 17:14:03.391003: I tensorflow/compiler/jit/xla_gpu_device.cc:99] Not creating XLA devices, tf_xla_enable_xla_devices not set
INFO:tensorflow:Restoring parameters from /global/cfs/cdirs/desi/users/jqzou/dla_finder/prediction/model/train_midsnr/train_midsnr/current_99999.ckpt
2024-01-18 17:14:03.716147: I tensorflow/compiler/jit/xla_gpu_device.cc:99] Not creating XLA devices, tf_xla_enable_xla_devices not set
INFO:tensorflow:Restoring parameters from /global/cfs/cdirs/desi/users/jqzou/dla_finder/prediction/model/train_lowsnr/train_lowsnr/current_99999.ckpt
2024-01-18 17:14:03.979152: I tensorflow/compiler/jit/xla_gpu_device.cc:99] Not creating XLA devices, tf_xla_enable_xla_devices not set
2024-01-18 17:14:03.980023: I tensorflow/compiler/jit/xla_gpu_device.cc:99] Not creating XLA devices, tf_xla_enable_xla_devices not set
INFO:tensorflow:Restoring parameters from /global/cfs/cdirs/desi/users/jqzou/dla_finder/prediction/model/train_lowsnr/train_lowsnr/current_99999.ckpt
INFO:tensorflow:Restoring parameters from /global/cfs/cdirs/desi/users/jqzou/dla_finder/prediction/model/train_midsnr/train_midsnr/current_99999.ckpt
2024-01-18 17:14:04.346280: I tensorflow/compiler/jit/xla_gpu_device.cc:99] Not creating XLA devices, tf_xla_enable_xla_devices not set
INFO:tensorflow:Restoring parameters from /global/cfs/cdirs/desi/users/jqzou/dla_finder/prediction/model/train_lowsnr/train_lowsnr/current_99999.ckpt
2024-01-18 17:14:04.441283: I tensorflow/compiler/jit/xla_gpu_device.cc:99] Not creating XLA devices, tf_xla_enable_xla_devices not set
INFO:tensorflow:Restoring parameters from /global/cfs/cdirs/desi/users/jqzou/dla_finder/prediction/model/train_midsnr/train_midsnr/current_99999.ckpt
2024-01-18 17:14:04.597354: I tensorflow/compiler/jit/xla_gpu_device.cc:99] Not creating XLA devices, tf_xla_enable_xla_devices not set
INFO:tensorflow:Restoring parameters from /global/cfs/cdirs/desi/users/jqzou/dla_finder/prediction/model/train_lowsnr/train_lowsnr/current_99999.ckpt
2024-01-18 17:14:04.794894: I tensorflow/compiler/jit/xla_gpu_device.cc:99] Not creating XLA devices, tf_xla_enable_xla_devices not set
INFO:tensorflow:Restoring parameters from /global/cfs/cdirs/desi/users/jqzou/dla_finder/prediction/model/train_lowsnr/train_lowsnr/current_99999.ckpt
2024-01-18 17:14:05.123167: I tensorflow/compiler/jit/xla_gpu_device.cc:99] Not creating XLA devices, tf_xla_enable_xla_devices not set
2024-01-18 17:14:05.145721: I tensorflow/compiler/jit/xla_gpu_device.cc:99] Not creating XLA devices, tf_xla_enable_xla_devices not set
INFO:tensorflow:Restoring parameters from /global/cfs/cdirs/desi/users/jqzou/dla_finder/prediction/model/train_lowsnr/train_lowsnr/current_99999.ckpt
INFO:tensorflow:Restoring parameters from /global/cfs/cdirs/desi/users/jqzou/dla_finder/prediction/model/train_lowsnr/train_lowsnr/current_99999.ckpt
2024-01-18 17:14:05.241516: I tensorflow/compiler/jit/xla_gpu_device.cc:99] Not creating XLA devices, tf_xla_enable_xla_devices not set
2024-01-18 17:14:05.261036: I tensorflow/compiler/jit/xla_gpu_device.cc:99] Not creating XLA devices, tf_xla_enable_xla_devices not set
2024-01-18 17:14:05.294662: I tensorflow/compiler/jit/xla_gpu_device.cc:99] Not creating XLA devices, tf_xla_enable_xla_devices not set
2024-01-18 17:14:05.299009: I tensorflow/compiler/jit/xla_gpu_device.cc:99] Not creating XLA devices, tf_xla_enable_xla_devices not set
INFO:tensorflow:Restoring parameters from /global/cfs/cdirs/desi/users/jqzou/dla_finder/prediction/model/train_midsnr/train_midsnr/current_99999.ckpt
INFO:tensorflow:Restoring parameters from /global/cfs/cdirs/desi/users/jqzou/dla_finder/prediction/model/train_lowsnr/train_lowsnr/current_99999.ckpt
INFO:tensorflow:Restoring parameters from /global/cfs/cdirs/desi/users/jqzou/dla_finder/prediction/model/train_midsnr/train_midsnr/current_99999.ckpt
INFO:tensorflow:Restoring parameters from /global/cfs/cdirs/desi/users/jqzou/dla_finder/prediction/model/train_lowsnr/train_lowsnr/current_99999.ckpt
2024-01-18 17:14:05.450878: I tensorflow/compiler/jit/xla_gpu_device.cc:99] Not creating XLA devices, tf_xla_enable_xla_devices not set
2024-01-18 17:14:05.503527: I tensorflow/compiler/jit/xla_gpu_device.cc:99] Not creating XLA devices, tf_xla_enable_xla_devices not set
INFO:tensorflow:Restoring parameters from /global/cfs/cdirs/desi/users/jqzou/dla_finder/prediction/model/train_lowsnr/train_lowsnr/current_99999.ckpt
2024-01-18 17:14:05.534257: I tensorflow/compiler/jit/xla_gpu_device.cc:99] Not creating XLA devices, tf_xla_enable_xla_devices not set
2024-01-18 17:14:05.559054: I tensorflow/compiler/jit/xla_gpu_device.cc:99] Not creating XLA devices, tf_xla_enable_xla_devices not set
INFO:tensorflow:Restoring parameters from /global/cfs/cdirs/desi/users/jqzou/dla_finder/prediction/model/train_lowsnr/train_lowsnr/current_99999.ckpt
INFO:tensorflow:Restoring parameters from /global/cfs/cdirs/desi/users/jqzou/dla_finder/prediction/model/train_lowsnr/train_lowsnr/current_99999.ckpt
2024-01-18 17:14:05.630485: I tensorflow/compiler/jit/xla_gpu_device.cc:99] Not creating XLA devices, tf_xla_enable_xla_devices not set
INFO:tensorflow:Restoring parameters from /global/cfs/cdirs/desi/users/jqzou/dla_finder/prediction/model/train_lowsnr/train_lowsnr/current_99999.ckpt
2024-01-18 17:14:05.665665: I tensorflow/compiler/jit/xla_gpu_device.cc:99] Not creating XLA devices, tf_xla_enable_xla_devices not set
INFO:tensorflow:Restoring parameters from /global/cfs/cdirs/desi/users/jqzou/dla_finder/prediction/model/train_lowsnr/train_lowsnr/current_99999.ckpt
INFO:tensorflow:Restoring parameters from /global/cfs/cdirs/desi/users/jqzou/dla_finder/prediction/model/train_lowsnr/train_lowsnr/current_99999.ckpt
2024-01-18 17:14:05.779144: I tensorflow/compiler/jit/xla_gpu_device.cc:99] Not creating XLA devices, tf_xla_enable_xla_devices not set
INFO:tensorflow:Restoring parameters from /global/cfs/cdirs/desi/users/jqzou/dla_finder/prediction/model/train_lowsnr/train_lowsnr/current_99999.ckpt
2024-01-18 17:14:05.995315: I tensorflow/compiler/jit/xla_gpu_device.cc:99] Not creating XLA devices, tf_xla_enable_xla_devices not set
2024-01-18 17:14:06.025914: I tensorflow/compiler/jit/xla_gpu_device.cc:99] Not creating XLA devices, tf_xla_enable_xla_devices not set
INFO:tensorflow:Restoring parameters from /global/cfs/cdirs/desi/users/jqzou/dla_finder/prediction/model/train_midsnr/train_midsnr/current_99999.ckpt
INFO:tensorflow:Restoring parameters from /global/cfs/cdirs/desi/users/jqzou/dla_finder/prediction/model/train_midsnr/train_midsnr/current_99999.ckpt
2024-01-18 17:14:06.138807: I tensorflow/compiler/jit/xla_gpu_device.cc:99] Not creating XLA devices, tf_xla_enable_xla_devices not set
2024-01-18 17:14:06.159376: I tensorflow/compiler/jit/xla_gpu_device.cc:99] Not creating XLA devices, tf_xla_enable_xla_devices not set
INFO:tensorflow:Restoring parameters from /global/cfs/cdirs/desi/users/jqzou/dla_finder/prediction/model/train_lowsnr/train_lowsnr/current_99999.ckpt
INFO:tensorflow:Restoring parameters from /global/cfs/cdirs/desi/users/jqzou/dla_finder/prediction/model/train_lowsnr/train_lowsnr/current_99999.ckpt
2024-01-18 17:14:06.444735: I tensorflow/compiler/jit/xla_gpu_device.cc:99] Not creating XLA devices, tf_xla_enable_xla_devices not set
INFO:tensorflow:Restoring parameters from /global/cfs/cdirs/desi/users/jqzou/dla_finder/prediction/model/train_lowsnr/train_lowsnr/current_99999.ckpt
2024-01-18 17:14:06.598518: I tensorflow/compiler/jit/xla_gpu_device.cc:99] Not creating XLA devices, tf_xla_enable_xla_devices not set
INFO:tensorflow:Restoring parameters from /global/cfs/cdirs/desi/users/jqzou/dla_finder/prediction/model/train_lowsnr/train_lowsnr/current_99999.ckpt
2024-01-18 17:14:06.929319: I tensorflow/compiler/jit/xla_gpu_device.cc:99] Not creating XLA devices, tf_xla_enable_xla_devices not set
INFO:tensorflow:Restoring parameters from /global/cfs/cdirs/desi/users/jqzou/dla_finder/prediction/model/train_lowsnr/train_lowsnr/current_99999.ckpt
2024-01-18 17:14:07.017416: I tensorflow/compiler/jit/xla_gpu_device.cc:99] Not creating XLA devices, tf_xla_enable_xla_devices not set
2024-01-18 17:14:07.051738: I tensorflow/compiler/jit/xla_gpu_device.cc:99] Not creating XLA devices, tf_xla_enable_xla_devices not set
INFO:tensorflow:Restoring parameters from /global/cfs/cdirs/desi/users/jqzou/dla_finder/prediction/model/train_lowsnr/train_lowsnr/current_99999.ckpt
INFO:tensorflow:Restoring parameters from /global/cfs/cdirs/desi/users/jqzou/dla_finder/prediction/model/train_midsnr/train_midsnr/current_99999.ckpt
2024-01-18 17:14:07.150736: I tensorflow/compiler/jit/xla_gpu_device.cc:99] Not creating XLA devices, tf_xla_enable_xla_devices not set
INFO:tensorflow:Restoring parameters from /global/cfs/cdirs/desi/users/jqzou/dla_finder/prediction/model/train_lowsnr/train_lowsnr/current_99999.ckpt
 29%|███████████████████████████████████                                                                                       | 217/755 [00:21<01:08,  7.90it/s]2024-01-18 17:14:07.722061: I tensorflow/compiler/jit/xla_gpu_device.cc:99] Not creating XLA devices, tf_xla_enable_xla_devices not set
INFO:tensorflow:Restoring parameters from /global/cfs/cdirs/desi/users/jqzou/dla_finder/prediction/model/train_lowsnr/train_lowsnr/current_99999.ckpt
2024-01-18 17:14:07.898838: I tensorflow/compiler/jit/xla_gpu_device.cc:99] Not creating XLA devices, tf_xla_enable_xla_devices not set
2024-01-18 17:14:07.940602: I tensorflow/compiler/jit/xla_gpu_device.cc:99] Not creating XLA devices, tf_xla_enable_xla_devices not set
INFO:tensorflow:Restoring parameters from /global/cfs/cdirs/desi/users/jqzou/dla_finder/prediction/model/train_lowsnr/train_lowsnr/current_99999.ckpt
INFO:tensorflow:Restoring parameters from /global/cfs/cdirs/desi/users/jqzou/dla_finder/prediction/model/train_lowsnr/train_lowsnr/current_99999.ckpt
2024-01-18 17:14:08.044067: I tensorflow/compiler/jit/xla_gpu_device.cc:99] Not creating XLA devices, tf_xla_enable_xla_devices not set
INFO:tensorflow:Restoring parameters from /global/cfs/cdirs/desi/users/jqzou/dla_finder/prediction/model/train_lowsnr/train_lowsnr/current_99999.ckpt
2024-01-18 17:14:08.178340: I tensorflow/compiler/jit/xla_gpu_device.cc:99] Not creating XLA devices, tf_xla_enable_xla_devices not set
2024-01-18 17:14:08.192463: I tensorflow/compiler/jit/xla_gpu_device.cc:99] Not creating XLA devices, tf_xla_enable_xla_devices not set
INFO:tensorflow:Restoring parameters from /global/cfs/cdirs/desi/users/jqzou/dla_finder/prediction/model/train_lowsnr/train_lowsnr/current_99999.ckpt
INFO:tensorflow:Restoring parameters from /global/cfs/cdirs/desi/users/jqzou/dla_finder/prediction/model/train_midsnr/train_midsnr/current_99999.ckpt
2024-01-18 17:14:08.487260: I tensorflow/compiler/jit/xla_gpu_device.cc:99] Not creating XLA devices, tf_xla_enable_xla_devices not set
INFO:tensorflow:Restoring parameters from /global/cfs/cdirs/desi/users/jqzou/dla_finder/prediction/model/train_lowsnr/train_lowsnr/current_99999.ckpt
2024-01-18 17:14:08.811535: I tensorflow/compiler/jit/xla_gpu_device.cc:99] Not creating XLA devices, tf_xla_enable_xla_devices not set
2024-01-18 17:14:08.826040: I tensorflow/compiler/jit/xla_gpu_device.cc:99] Not creating XLA devices, tf_xla_enable_xla_devices not set
2024-01-18 17:14:08.834266: I tensorflow/compiler/jit/xla_gpu_device.cc:99] Not creating XLA devices, tf_xla_enable_xla_devices not set
INFO:tensorflow:Restoring parameters from /global/cfs/cdirs/desi/users/jqzou/dla_finder/prediction/model/train_lowsnr/train_lowsnr/current_99999.ckpt
INFO:tensorflow:Restoring parameters from /global/cfs/cdirs/desi/users/jqzou/dla_finder/prediction/model/train_midsnr/train_midsnr/current_99999.ckpt
INFO:tensorflow:Restoring parameters from /global/cfs/cdirs/desi/users/jqzou/dla_finder/prediction/model/train_midsnr/train_midsnr/current_99999.ckpt
2024-01-18 17:14:08.945390: I tensorflow/compiler/jit/xla_gpu_device.cc:99] Not creating XLA devices, tf_xla_enable_xla_devices not set
2024-01-18 17:14:08.990091: I tensorflow/compiler/jit/xla_gpu_device.cc:99] Not creating XLA devices, tf_xla_enable_xla_devices not set
INFO:tensorflow:Restoring parameters from /global/cfs/cdirs/desi/users/jqzou/dla_finder/prediction/model/train_midsnr/train_midsnr/current_99999.ckpt
INFO:tensorflow:Restoring parameters from /global/cfs/cdirs/desi/users/jqzou/dla_finder/prediction/model/train_lowsnr/train_lowsnr/current_99999.ckpt
2024-01-18 17:14:09.089166: I tensorflow/compiler/jit/xla_gpu_device.cc:99] Not creating XLA devices, tf_xla_enable_xla_devices not set
INFO:tensorflow:Restoring parameters from /global/cfs/cdirs/desi/users/jqzou/dla_finder/prediction/model/train_lowsnr/train_lowsnr/current_99999.ckpt
2024-01-18 17:14:09.266306: I tensorflow/compiler/jit/xla_gpu_device.cc:99] Not creating XLA devices, tf_xla_enable_xla_devices not set
INFO:tensorflow:Restoring parameters from /global/cfs/cdirs/desi/users/jqzou/dla_finder/prediction/model/train_lowsnr/train_lowsnr/current_99999.ckpt
 30%|████████████████████████████████████▏                                                                                     | 224/755 [00:23<01:11,  7.45it/s]2024-01-18 17:14:09.804972: I tensorflow/compiler/jit/xla_gpu_device.cc:99] Not creating XLA devices, tf_xla_enable_xla_devices not set
2024-01-18 17:14:09.827531: I tensorflow/compiler/jit/xla_gpu_device.cc:99] Not creating XLA devices, tf_xla_enable_xla_devices not set
INFO:tensorflow:Restoring parameters from /global/cfs/cdirs/desi/users/jqzou/dla_finder/prediction/model/train_lowsnr/train_lowsnr/current_99999.ckpt
INFO:tensorflow:Restoring parameters from /global/cfs/cdirs/desi/users/jqzou/dla_finder/prediction/model/train_lowsnr/train_lowsnr/current_99999.ckpt
2024-01-18 17:14:09.916734: I tensorflow/compiler/jit/xla_gpu_device.cc:99] Not creating XLA devices, tf_xla_enable_xla_devices not set
INFO:tensorflow:Restoring parameters from /global/cfs/cdirs/desi/users/jqzou/dla_finder/prediction/model/train_lowsnr/train_lowsnr/current_99999.ckpt
2024-01-18 17:14:10.164178: I tensorflow/compiler/jit/xla_gpu_device.cc:99] Not creating XLA devices, tf_xla_enable_xla_devices not set
2024-01-18 17:14:10.207219: I tensorflow/compiler/jit/xla_gpu_device.cc:99] Not creating XLA devices, tf_xla_enable_xla_devices not set
INFO:tensorflow:Restoring parameters from /global/cfs/cdirs/desi/users/jqzou/dla_finder/prediction/model/train_lowsnr/train_lowsnr/current_99999.ckpt
INFO:tensorflow:Restoring parameters from /global/cfs/cdirs/desi/users/jqzou/dla_finder/prediction/model/train_lowsnr/train_lowsnr/current_99999.ckpt
2024-01-18 17:14:10.361171: I tensorflow/compiler/jit/xla_gpu_device.cc:99] Not creating XLA devices, tf_xla_enable_xla_devices not set
INFO:tensorflow:Restoring parameters from /global/cfs/cdirs/desi/users/jqzou/dla_finder/prediction/model/train_lowsnr/train_lowsnr/current_99999.ckpt
2024-01-18 17:14:10.466533: I tensorflow/compiler/jit/xla_gpu_device.cc:99] Not creating XLA devices, tf_xla_enable_xla_devices not set
2024-01-18 17:14:10.514121: I tensorflow/compiler/jit/xla_gpu_device.cc:99] Not creating XLA devices, tf_xla_enable_xla_devices not set
INFO:tensorflow:Restoring parameters from /global/cfs/cdirs/desi/users/jqzou/dla_finder/prediction/model/train_lowsnr/train_lowsnr/current_99999.ckpt
2024-01-18 17:14:10.573599: I tensorflow/compiler/jit/xla_gpu_device.cc:99] Not creating XLA devices, tf_xla_enable_xla_devices not set
INFO:tensorflow:Restoring parameters from /global/cfs/cdirs/desi/users/jqzou/dla_finder/prediction/model/train_lowsnr/train_lowsnr/current_99999.ckpt
INFO:tensorflow:Restoring parameters from /global/cfs/cdirs/desi/users/jqzou/dla_finder/prediction/model/train_lowsnr/train_lowsnr/current_99999.ckpt
2024-01-18 17:14:10.656264: I tensorflow/compiler/jit/xla_gpu_device.cc:99] Not creating XLA devices, tf_xla_enable_xla_devices not set
2024-01-18 17:14:10.710600: I tensorflow/compiler/jit/xla_gpu_device.cc:99] Not creating XLA devices, tf_xla_enable_xla_devices not set
INFO:tensorflow:Restoring parameters from /global/cfs/cdirs/desi/users/jqzou/dla_finder/prediction/model/train_lowsnr/train_lowsnr/current_99999.ckpt
INFO:tensorflow:Restoring parameters from /global/cfs/cdirs/desi/users/jqzou/dla_finder/prediction/model/train_midsnr/train_midsnr/current_99999.ckpt
2024-01-18 17:14:10.824746: I tensorflow/compiler/jit/xla_gpu_device.cc:99] Not creating XLA devices, tf_xla_enable_xla_devices not set
2024-01-18 17:14:10.869113: I tensorflow/compiler/jit/xla_gpu_device.cc:99] Not creating XLA devices, tf_xla_enable_xla_devices not set
INFO:tensorflow:Restoring parameters from /global/cfs/cdirs/desi/users/jqzou/dla_finder/prediction/model/train_lowsnr/train_lowsnr/current_99999.ckpt
2024-01-18 17:14:10.911371: I tensorflow/compiler/jit/xla_gpu_device.cc:99] Not creating XLA devices, tf_xla_enable_xla_devices not set
2024-01-18 17:14:10.926174: I tensorflow/compiler/jit/xla_gpu_device.cc:99] Not creating XLA devices, tf_xla_enable_xla_devices not set
INFO:tensorflow:Restoring parameters from /global/cfs/cdirs/desi/users/jqzou/dla_finder/prediction/model/train_midsnr/train_midsnr/current_99999.ckpt
INFO:tensorflow:Restoring parameters from /global/cfs/cdirs/desi/users/jqzou/dla_finder/prediction/model/train_lowsnr/train_lowsnr/current_99999.ckpt
INFO:tensorflow:Restoring parameters from /global/cfs/cdirs/desi/users/jqzou/dla_finder/prediction/model/train_lowsnr/train_lowsnr/current_99999.ckpt
2024-01-18 17:14:11.717056: I tensorflow/compiler/jit/xla_gpu_device.cc:99] Not creating XLA devices, tf_xla_enable_xla_devices not set
2024-01-18 17:14:11.726875: I tensorflow/compiler/jit/xla_gpu_device.cc:99] Not creating XLA devices, tf_xla_enable_xla_devices not set
2024-01-18 17:14:11.744304: I tensorflow/compiler/jit/xla_gpu_device.cc:99] Not creating XLA devices, tf_xla_enable_xla_devices not set
2024-01-18 17:14:11.773600: I tensorflow/compiler/jit/xla_gpu_device.cc:99] Not creating XLA devices, tf_xla_enable_xla_devices not set
INFO:tensorflow:Restoring parameters from /global/cfs/cdirs/desi/users/jqzou/dla_finder/prediction/model/train_lowsnr/train_lowsnr/current_99999.ckpt
INFO:tensorflow:Restoring parameters from /global/cfs/cdirs/desi/users/jqzou/dla_finder/prediction/model/train_lowsnr/train_lowsnr/current_99999.ckpt
INFO:tensorflow:Restoring parameters from /global/cfs/cdirs/desi/users/jqzou/dla_finder/prediction/model/train_lowsnr/train_lowsnr/current_99999.ckpt
2024-01-18 17:14:11.828294: I tensorflow/compiler/jit/xla_gpu_device.cc:99] Not creating XLA devices, tf_xla_enable_xla_devices not set
2024-01-18 17:14:11.834992: I tensorflow/compiler/jit/xla_gpu_device.cc:99] Not creating XLA devices, tf_xla_enable_xla_devices not set
INFO:tensorflow:Restoring parameters from /global/cfs/cdirs/desi/users/jqzou/dla_finder/prediction/model/train_midsnr/train_midsnr/current_99999.ckpt
2024-01-18 17:14:11.881878: I tensorflow/compiler/jit/xla_gpu_device.cc:99] Not creating XLA devices, tf_xla_enable_xla_devices not set
INFO:tensorflow:Restoring parameters from /global/cfs/cdirs/desi/users/jqzou/dla_finder/prediction/model/train_lowsnr/train_lowsnr/current_99999.ckpt
INFO:tensorflow:Restoring parameters from /global/cfs/cdirs/desi/users/jqzou/dla_finder/prediction/model/train_lowsnr/train_lowsnr/current_99999.ckpt
INFO:tensorflow:Restoring parameters from /global/cfs/cdirs/desi/users/jqzou/dla_finder/prediction/model/train_lowsnr/train_lowsnr/current_99999.ckpt
2024-01-18 17:14:12.174694: I tensorflow/compiler/jit/xla_gpu_device.cc:99] Not creating XLA devices, tf_xla_enable_xla_devices not set
2024-01-18 17:14:12.191918: I tensorflow/compiler/jit/xla_gpu_device.cc:99] Not creating XLA devices, tf_xla_enable_xla_devices not set
2024-01-18 17:14:12.232232: I tensorflow/compiler/jit/xla_gpu_device.cc:99] Not creating XLA devices, tf_xla_enable_xla_devices not set
INFO:tensorflow:Restoring parameters from /global/cfs/cdirs/desi/users/jqzou/dla_finder/prediction/model/train_lowsnr/train_lowsnr/current_99999.ckpt
INFO:tensorflow:Restoring parameters from /global/cfs/cdirs/desi/users/jqzou/dla_finder/prediction/model/train_lowsnr/train_lowsnr/current_99999.ckpt
2024-01-18 17:14:12.264864: I tensorflow/compiler/jit/xla_gpu_device.cc:99] Not creating XLA devices, tf_xla_enable_xla_devices not set
INFO:tensorflow:Restoring parameters from /global/cfs/cdirs/desi/users/jqzou/dla_finder/prediction/model/train_lowsnr/train_lowsnr/current_99999.ckpt
INFO:tensorflow:Restoring parameters from /global/cfs/cdirs/desi/users/jqzou/dla_finder/prediction/model/train_lowsnr/train_lowsnr/current_99999.ckpt
2024-01-18 17:14:12.445565: I tensorflow/compiler/jit/xla_gpu_device.cc:99] Not creating XLA devices, tf_xla_enable_xla_devices not set
INFO:tensorflow:Restoring parameters from /global/cfs/cdirs/desi/users/jqzou/dla_finder/prediction/model/train_midsnr/train_midsnr/current_99999.ckpt
2024-01-18 17:14:12.523253: I tensorflow/compiler/jit/xla_gpu_device.cc:99] Not creating XLA devices, tf_xla_enable_xla_devices not set
INFO:tensorflow:Restoring parameters from /global/cfs/cdirs/desi/users/jqzou/dla_finder/prediction/model/train_lowsnr/train_lowsnr/current_99999.ckpt
2024-01-18 17:14:12.860312: I tensorflow/compiler/jit/xla_gpu_device.cc:99] Not creating XLA devices, tf_xla_enable_xla_devices not set
2024-01-18 17:14:12.860804: I tensorflow/compiler/jit/xla_gpu_device.cc:99] Not creating XLA devices, tf_xla_enable_xla_devices not set
INFO:tensorflow:Restoring parameters from /global/cfs/cdirs/desi/users/jqzou/dla_finder/prediction/model/train_lowsnr/train_lowsnr/current_99999.ckpt
2024-01-18 17:14:12.954599: I tensorflow/compiler/jit/xla_gpu_device.cc:99] Not creating XLA devices, tf_xla_enable_xla_devices not set
INFO:tensorflow:Restoring parameters from /global/cfs/cdirs/desi/users/jqzou/dla_finder/prediction/model/train_lowsnr/train_lowsnr/current_99999.ckpt
INFO:tensorflow:Restoring parameters from /global/cfs/cdirs/desi/users/jqzou/dla_finder/prediction/model/train_midsnr/train_midsnr/current_99999.ckpt
2024-01-18 17:14:13.082900: I tensorflow/compiler/jit/xla_gpu_device.cc:99] Not creating XLA devices, tf_xla_enable_xla_devices not set
2024-01-18 17:14:13.132430: I tensorflow/compiler/jit/xla_gpu_device.cc:99] Not creating XLA devices, tf_xla_enable_xla_devices not set
2024-01-18 17:14:13.168466: I tensorflow/compiler/jit/xla_gpu_device.cc:99] Not creating XLA devices, tf_xla_enable_xla_devices not set
INFO:tensorflow:Restoring parameters from /global/cfs/cdirs/desi/users/jqzou/dla_finder/prediction/model/train_midsnr/train_midsnr/current_99999.ckpt
INFO:tensorflow:Restoring parameters from /global/cfs/cdirs/desi/users/jqzou/dla_finder/prediction/model/train_lowsnr/train_lowsnr/current_99999.ckpt
INFO:tensorflow:Restoring parameters from /global/cfs/cdirs/desi/users/jqzou/dla_finder/prediction/model/train_lowsnr/train_lowsnr/current_99999.ckpt
2024-01-18 17:14:13.543232: I tensorflow/compiler/jit/xla_gpu_device.cc:99] Not creating XLA devices, tf_xla_enable_xla_devices not set
INFO:tensorflow:Restoring parameters from /global/cfs/cdirs/desi/users/jqzou/dla_finder/prediction/model/train_midsnr/train_midsnr/current_99999.ckpt
2024-01-18 17:14:13.646365: I tensorflow/compiler/jit/xla_gpu_device.cc:99] Not creating XLA devices, tf_xla_enable_xla_devices not set
2024-01-18 17:14:13.668515: I tensorflow/compiler/jit/xla_gpu_device.cc:99] Not creating XLA devices, tf_xla_enable_xla_devices not set
INFO:tensorflow:Restoring parameters from /global/cfs/cdirs/desi/users/jqzou/dla_finder/prediction/model/train_lowsnr/train_lowsnr/current_99999.ckpt
INFO:tensorflow:Restoring parameters from /global/cfs/cdirs/desi/users/jqzou/dla_finder/prediction/model/train_lowsnr/train_lowsnr/current_99999.ckpt
2024-01-18 17:14:13.929670: I tensorflow/compiler/jit/xla_gpu_device.cc:99] Not creating XLA devices, tf_xla_enable_xla_devices not set
2024-01-18 17:14:13.939851: I tensorflow/compiler/jit/xla_gpu_device.cc:99] Not creating XLA devices, tf_xla_enable_xla_devices not set
2024-01-18 17:14:13.961162: I tensorflow/compiler/jit/xla_gpu_device.cc:99] Not creating XLA devices, tf_xla_enable_xla_devices not set
INFO:tensorflow:Restoring parameters from /global/cfs/cdirs/desi/users/jqzou/dla_finder/prediction/model/train_midsnr/train_midsnr/current_99999.ckpt
INFO:tensorflow:Restoring parameters from /global/cfs/cdirs/desi/users/jqzou/dla_finder/prediction/model/train_lowsnr/train_lowsnr/current_99999.ckpt
INFO:tensorflow:Restoring parameters from /global/cfs/cdirs/desi/users/jqzou/dla_finder/prediction/model/train_midsnr/train_midsnr/current_99999.ckpt
 38%|██████████████████████████████████████████████▍                                                                           | 287/755 [00:28<00:51,  9.09it/s]2024-01-18 17:14:14.368185: I tensorflow/compiler/jit/xla_gpu_device.cc:99] Not creating XLA devices, tf_xla_enable_xla_devices not set
2024-01-18 17:14:14.392483: I tensorflow/compiler/jit/xla_gpu_device.cc:99] Not creating XLA devices, tf_xla_enable_xla_devices not set
INFO:tensorflow:Restoring parameters from /global/cfs/cdirs/desi/users/jqzou/dla_finder/prediction/model/train_lowsnr/train_lowsnr/current_99999.ckpt
INFO:tensorflow:Restoring parameters from /global/cfs/cdirs/desi/users/jqzou/dla_finder/prediction/model/train_lowsnr/train_lowsnr/current_99999.ckpt
2024-01-18 17:14:14.499673: I tensorflow/compiler/jit/xla_gpu_device.cc:99] Not creating XLA devices, tf_xla_enable_xla_devices not set
INFO:tensorflow:Restoring parameters from /global/cfs/cdirs/desi/users/jqzou/dla_finder/prediction/model/train_lowsnr/train_lowsnr/current_99999.ckpt
2024-01-18 17:14:14.787535: I tensorflow/compiler/jit/xla_gpu_device.cc:99] Not creating XLA devices, tf_xla_enable_xla_devices not set
2024-01-18 17:14:14.844890: I tensorflow/compiler/jit/xla_gpu_device.cc:99] Not creating XLA devices, tf_xla_enable_xla_devices not set
INFO:tensorflow:Restoring parameters from /global/cfs/cdirs/desi/users/jqzou/dla_finder/prediction/model/train_midsnr/train_midsnr/current_99999.ckpt
 43%|████████████████████████████████████████████████████                                                                      | 322/755 [00:28<00:37, 11.54it/s]INFO:tensorflow:Restoring parameters from /global/cfs/cdirs/desi/users/jqzou/dla_finder/prediction/model/train_lowsnr/train_lowsnr/current_99999.ckpt
2024-01-18 17:14:15.221327: I tensorflow/compiler/jit/xla_gpu_device.cc:99] Not creating XLA devices, tf_xla_enable_xla_devices not set
INFO:tensorflow:Restoring parameters from /global/cfs/cdirs/desi/users/jqzou/dla_finder/prediction/model/train_midsnr/train_midsnr/current_99999.ckpt
2024-01-18 17:14:15.318727: I tensorflow/compiler/jit/xla_gpu_device.cc:99] Not creating XLA devices, tf_xla_enable_xla_devices not set
 46%|███████████████████████████████████████████████████████▉                                                                  | 346/755 [00:29<00:30, 13.60it/s]INFO:tensorflow:Restoring parameters from /global/cfs/cdirs/desi/users/jqzou/dla_finder/prediction/model/train_lowsnr/train_lowsnr/current_99999.ckpt
2024-01-18 17:14:15.795327: I tensorflow/compiler/jit/xla_gpu_device.cc:99] Not creating XLA devices, tf_xla_enable_xla_devices not set
 48%|██████████████████████████████████████████████████████████▋                                                               | 363/755 [00:29<00:25, 15.19it/s]INFO:tensorflow:Restoring parameters from /global/cfs/cdirs/desi/users/jqzou/dla_finder/prediction/model/train_lowsnr/train_lowsnr/current_99999.ckpt
2024-01-18 17:14:16.162102: I tensorflow/compiler/jit/xla_gpu_device.cc:99] Not creating XLA devices, tf_xla_enable_xla_devices not set
 50%|████████████████████████████████████████████████████████████▊                                                             | 376/755 [00:30<00:22, 16.66it/s]2024-01-18 17:14:16.206392: I tensorflow/compiler/jit/xla_gpu_device.cc:99] Not creating XLA devices, tf_xla_enable_xla_devices not set
INFO:tensorflow:Restoring parameters from /global/cfs/cdirs/desi/users/jqzou/dla_finder/prediction/model/train_lowsnr/train_lowsnr/current_99999.ckpt
INFO:tensorflow:Restoring parameters from /global/cfs/cdirs/desi/users/jqzou/dla_finder/prediction/model/train_midsnr/train_midsnr/current_99999.ckpt
2024-01-18 17:14:16.301393: I tensorflow/compiler/jit/xla_gpu_device.cc:99] Not creating XLA devices, tf_xla_enable_xla_devices not set
2024-01-18 17:14:16.332537: I tensorflow/compiler/jit/xla_gpu_device.cc:99] Not creating XLA devices, tf_xla_enable_xla_devices not set
INFO:tensorflow:Restoring parameters from /global/cfs/cdirs/desi/users/jqzou/dla_finder/prediction/model/train_lowsnr/train_lowsnr/current_99999.ckpt
INFO:tensorflow:Restoring parameters from /global/cfs/cdirs/desi/users/jqzou/dla_finder/prediction/model/train_lowsnr/train_lowsnr/current_99999.ckpt
2024-01-18 17:14:16.691205: I tensorflow/compiler/jit/xla_gpu_device.cc:99] Not creating XLA devices, tf_xla_enable_xla_devices not set
2024-01-18 17:14:16.741272: I tensorflow/compiler/jit/xla_gpu_device.cc:99] Not creating XLA devices, tf_xla_enable_xla_devices not set
INFO:tensorflow:Restoring parameters from /global/cfs/cdirs/desi/users/jqzou/dla_finder/prediction/model/train_lowsnr/train_lowsnr/current_99999.ckpt
2024-01-18 17:14:16.806378: I tensorflow/compiler/jit/xla_gpu_device.cc:99] Not creating XLA devices, tf_xla_enable_xla_devices not set
INFO:tensorflow:Restoring parameters from /global/cfs/cdirs/desi/users/jqzou/dla_finder/prediction/model/train_lowsnr/train_lowsnr/current_99999.ckpt
2024-01-18 17:14:16.833917: I tensorflow/compiler/jit/xla_gpu_device.cc:99] Not creating XLA devices, tf_xla_enable_xla_devices not set
2024-01-18 17:14:16.866928: I tensorflow/compiler/jit/xla_gpu_device.cc:99] Not creating XLA devices, tf_xla_enable_xla_devices not set
INFO:tensorflow:Restoring parameters from /global/cfs/cdirs/desi/users/jqzou/dla_finder/prediction/model/train_lowsnr/train_lowsnr/current_99999.ckpt
INFO:tensorflow:Restoring parameters from /global/cfs/cdirs/desi/users/jqzou/dla_finder/prediction/model/train_lowsnr/train_lowsnr/current_99999.ckpt
INFO:tensorflow:Restoring parameters from /global/cfs/cdirs/desi/users/jqzou/dla_finder/prediction/model/train_lowsnr/train_lowsnr/current_99999.ckpt
2024-01-18 17:14:16.975066: I tensorflow/compiler/jit/xla_gpu_device.cc:99] Not creating XLA devices, tf_xla_enable_xla_devices not set
INFO:tensorflow:Restoring parameters from /global/cfs/cdirs/desi/users/jqzou/dla_finder/prediction/model/train_lowsnr/train_lowsnr/current_99999.ckpt
2024-01-18 17:14:17.236183: I tensorflow/compiler/jit/xla_gpu_device.cc:99] Not creating XLA devices, tf_xla_enable_xla_devices not set
INFO:tensorflow:Restoring parameters from /global/cfs/cdirs/desi/users/jqzou/dla_finder/prediction/model/train_lowsnr/train_lowsnr/current_99999.ckpt
2024-01-18 17:14:17.347601: I tensorflow/compiler/jit/xla_gpu_device.cc:99] Not creating XLA devices, tf_xla_enable_xla_devices not set
INFO:tensorflow:Restoring parameters from /global/cfs/cdirs/desi/users/jqzou/dla_finder/prediction/model/train_lowsnr/train_lowsnr/current_99999.ckpt
2024-01-18 17:14:17.550101: I tensorflow/compiler/jit/xla_gpu_device.cc:99] Not creating XLA devices, tf_xla_enable_xla_devices not set
2024-01-18 17:14:17.581081: I tensorflow/compiler/jit/xla_gpu_device.cc:99] Not creating XLA devices, tf_xla_enable_xla_devices not set
2024-01-18 17:14:17.630071: I tensorflow/compiler/jit/xla_gpu_device.cc:99] Not creating XLA devices, tf_xla_enable_xla_devices not set
INFO:tensorflow:Restoring parameters from /global/cfs/cdirs/desi/users/jqzou/dla_finder/prediction/model/train_lowsnr/train_lowsnr/current_99999.ckpt
INFO:tensorflow:Restoring parameters from /global/cfs/cdirs/desi/users/jqzou/dla_finder/prediction/model/train_lowsnr/train_lowsnr/current_99999.ckpt
INFO:tensorflow:Restoring parameters from /global/cfs/cdirs/desi/users/jqzou/dla_finder/prediction/model/train_lowsnr/train_lowsnr/current_99999.ckpt
2024-01-18 17:14:17.887375: I tensorflow/compiler/jit/xla_gpu_device.cc:99] Not creating XLA devices, tf_xla_enable_xla_devices not set
2024-01-18 17:14:17.902169: I tensorflow/compiler/jit/xla_gpu_device.cc:99] Not creating XLA devices, tf_xla_enable_xla_devices not set
2024-01-18 17:14:17.980716: I tensorflow/compiler/jit/xla_gpu_device.cc:99] Not creating XLA devices, tf_xla_enable_xla_devices not set
INFO:tensorflow:Restoring parameters from /global/cfs/cdirs/desi/users/jqzou/dla_finder/prediction/model/train_midsnr/train_midsnr/current_99999.ckpt
INFO:tensorflow:Restoring parameters from /global/cfs/cdirs/desi/users/jqzou/dla_finder/prediction/model/train_lowsnr/train_lowsnr/current_99999.ckpt
INFO:tensorflow:Restoring parameters from /global/cfs/cdirs/desi/users/jqzou/dla_finder/prediction/model/train_lowsnr/train_lowsnr/current_99999.ckpt
2024-01-18 17:14:18.156974: I tensorflow/compiler/jit/xla_gpu_device.cc:99] Not creating XLA devices, tf_xla_enable_xla_devices not set
2024-01-18 17:14:18.174535: I tensorflow/compiler/jit/xla_gpu_device.cc:99] Not creating XLA devices, tf_xla_enable_xla_devices not set
 51%|██████████████████████████████████████████████████████████████▎                                                           | 386/755 [00:32<00:29, 12.38it/s]INFO:tensorflow:Restoring parameters from /global/cfs/cdirs/desi/users/jqzou/dla_finder/prediction/model/train_lowsnr/train_lowsnr/current_99999.ckpt
INFO:tensorflow:Restoring parameters from /global/cfs/cdirs/desi/users/jqzou/dla_finder/prediction/model/train_lowsnr/train_lowsnr/current_99999.ckpt
2024-01-18 17:14:18.314669: I tensorflow/compiler/jit/xla_gpu_device.cc:99] Not creating XLA devices, tf_xla_enable_xla_devices not set
INFO:tensorflow:Restoring parameters from /global/cfs/cdirs/desi/users/jqzou/dla_finder/prediction/model/train_lowsnr/train_lowsnr/current_99999.ckpt
2024-01-18 17:14:18.518212: I tensorflow/compiler/jit/xla_gpu_device.cc:99] Not creating XLA devices, tf_xla_enable_xla_devices not set
INFO:tensorflow:Restoring parameters from /global/cfs/cdirs/desi/users/jqzou/dla_finder/prediction/model/train_lowsnr/train_lowsnr/current_99999.ckpt
2024-01-18 17:14:18.680190: I tensorflow/compiler/jit/xla_gpu_device.cc:99] Not creating XLA devices, tf_xla_enable_xla_devices not set
 52%|███████████████████████████████████████████████████████████████▌                                                          | 393/755 [00:32<00:28, 12.56it/s]INFO:tensorflow:Restoring parameters from /global/cfs/cdirs/desi/users/jqzou/dla_finder/prediction/model/train_lowsnr/train_lowsnr/current_99999.ckpt
2024-01-18 17:14:18.820730: I tensorflow/compiler/jit/xla_gpu_device.cc:99] Not creating XLA devices, tf_xla_enable_xla_devices not set
INFO:tensorflow:Restoring parameters from /global/cfs/cdirs/desi/users/jqzou/dla_finder/prediction/model/train_lowsnr/train_lowsnr/current_99999.ckpt
2024-01-18 17:14:18.938316: I tensorflow/compiler/jit/xla_gpu_device.cc:99] Not creating XLA devices, tf_xla_enable_xla_devices not set
2024-01-18 17:14:18.945928: I tensorflow/compiler/jit/xla_gpu_device.cc:99] Not creating XLA devices, tf_xla_enable_xla_devices not set
2024-01-18 17:14:18.987033: I tensorflow/compiler/jit/xla_gpu_device.cc:99] Not creating XLA devices, tf_xla_enable_xla_devices not set
INFO:tensorflow:Restoring parameters from /global/cfs/cdirs/desi/users/jqzou/dla_finder/prediction/model/train_lowsnr/train_lowsnr/current_99999.ckpt
2024-01-18 17:14:19.011831: I tensorflow/compiler/jit/xla_gpu_device.cc:99] Not creating XLA devices, tf_xla_enable_xla_devices not set
INFO:tensorflow:Restoring parameters from /global/cfs/cdirs/desi/users/jqzou/dla_finder/prediction/model/train_lowsnr/train_lowsnr/current_99999.ckpt
INFO:tensorflow:Restoring parameters from /global/cfs/cdirs/desi/users/jqzou/dla_finder/prediction/model/train_lowsnr/train_lowsnr/current_99999.ckpt
INFO:tensorflow:Restoring parameters from /global/cfs/cdirs/desi/users/jqzou/dla_finder/prediction/model/train_lowsnr/train_lowsnr/current_99999.ckpt
2024-01-18 17:14:19.089589: I tensorflow/compiler/jit/xla_gpu_device.cc:99] Not creating XLA devices, tf_xla_enable_xla_devices not set
INFO:tensorflow:Restoring parameters from /global/cfs/cdirs/desi/users/jqzou/dla_finder/prediction/model/train_lowsnr/train_lowsnr/current_99999.ckpt
2024-01-18 17:14:19.190639: I tensorflow/compiler/jit/xla_gpu_device.cc:99] Not creating XLA devices, tf_xla_enable_xla_devices not set
2024-01-18 17:14:19.233759: I tensorflow/compiler/jit/xla_gpu_device.cc:99] Not creating XLA devices, tf_xla_enable_xla_devices not set
2024-01-18 17:14:19.252782: I tensorflow/compiler/jit/xla_gpu_device.cc:99] Not creating XLA devices, tf_xla_enable_xla_devices not set
INFO:tensorflow:Restoring parameters from /global/cfs/cdirs/desi/users/jqzou/dla_finder/prediction/model/train_lowsnr/train_lowsnr/current_99999.ckpt
INFO:tensorflow:Restoring parameters from /global/cfs/cdirs/desi/users/jqzou/dla_finder/prediction/model/train_lowsnr/train_lowsnr/current_99999.ckpt
INFO:tensorflow:Restoring parameters from /global/cfs/cdirs/desi/users/jqzou/dla_finder/prediction/model/train_lowsnr/train_lowsnr/current_99999.ckpt
2024-01-18 17:14:19.341413: I tensorflow/compiler/jit/xla_gpu_device.cc:99] Not creating XLA devices, tf_xla_enable_xla_devices not set
INFO:tensorflow:Restoring parameters from /global/cfs/cdirs/desi/users/jqzou/dla_finder/prediction/model/train_midsnr/train_midsnr/current_99999.ckpt
2024-01-18 17:14:19.819178: I tensorflow/compiler/jit/xla_gpu_device.cc:99] Not creating XLA devices, tf_xla_enable_xla_devices not set
INFO:tensorflow:Restoring parameters from /global/cfs/cdirs/desi/users/jqzou/dla_finder/prediction/model/train_lowsnr/train_lowsnr/current_99999.ckpt
2024-01-18 17:14:20.379183: I tensorflow/compiler/jit/xla_gpu_device.cc:99] Not creating XLA devices, tf_xla_enable_xla_devices not set
INFO:tensorflow:Restoring parameters from /global/cfs/cdirs/desi/users/jqzou/dla_finder/prediction/model/train_lowsnr/train_lowsnr/current_99999.ckpt
 54%|█████████████████████████████████████████████████████████████████▌                                                        | 406/755 [00:34<00:33, 10.52it/s] 56%|███████████████████████████████████████████████████████████████████▊                                                      | 420/755 [00:34<00:23, 14.13it/s]2024-01-18 17:14:20.758157: I tensorflow/compiler/jit/xla_gpu_device.cc:99] Not creating XLA devices, tf_xla_enable_xla_devices not set
INFO:tensorflow:Restoring parameters from /global/cfs/cdirs/desi/users/jqzou/dla_finder/prediction/model/train_midsnr/train_midsnr/current_99999.ckpt
2024-01-18 17:14:21.100379: I tensorflow/compiler/jit/xla_gpu_device.cc:99] Not creating XLA devices, tf_xla_enable_xla_devices not set
INFO:tensorflow:Restoring parameters from /global/cfs/cdirs/desi/users/jqzou/dla_finder/prediction/model/train_lowsnr/train_lowsnr/current_99999.ckpt
2024-01-18 17:14:21.341101: I tensorflow/compiler/jit/xla_gpu_device.cc:99] Not creating XLA devices, tf_xla_enable_xla_devices not set
2024-01-18 17:14:21.360845: I tensorflow/compiler/jit/xla_gpu_device.cc:99] Not creating XLA devices, tf_xla_enable_xla_devices not set
2024-01-18 17:14:21.364694: I tensorflow/compiler/jit/xla_gpu_device.cc:99] Not creating XLA devices, tf_xla_enable_xla_devices not set
2024-01-18 17:14:21.391287: I tensorflow/compiler/jit/xla_gpu_device.cc:99] Not creating XLA devices, tf_xla_enable_xla_devices not set
INFO:tensorflow:Restoring parameters from /global/cfs/cdirs/desi/users/jqzou/dla_finder/prediction/model/train_lowsnr/train_lowsnr/current_99999.ckpt
INFO:tensorflow:Restoring parameters from /global/cfs/cdirs/desi/users/jqzou/dla_finder/prediction/model/train_lowsnr/train_lowsnr/current_99999.ckpt
INFO:tensorflow:Restoring parameters from /global/cfs/cdirs/desi/users/jqzou/dla_finder/prediction/model/train_lowsnr/train_lowsnr/current_99999.ckpt
INFO:tensorflow:Restoring parameters from /global/cfs/cdirs/desi/users/jqzou/dla_finder/prediction/model/train_lowsnr/train_lowsnr/current_99999.ckpt
2024-01-18 17:14:21.478386: I tensorflow/compiler/jit/xla_gpu_device.cc:99] Not creating XLA devices, tf_xla_enable_xla_devices not set
2024-01-18 17:14:21.488254: I tensorflow/compiler/jit/xla_gpu_device.cc:99] Not creating XLA devices, tf_xla_enable_xla_devices not set
2024-01-18 17:14:21.502568: I tensorflow/compiler/jit/xla_gpu_device.cc:99] Not creating XLA devices, tf_xla_enable_xla_devices not set
INFO:tensorflow:Restoring parameters from /global/cfs/cdirs/desi/users/jqzou/dla_finder/prediction/model/train_midsnr/train_midsnr/current_99999.ckpt
INFO:tensorflow:Restoring parameters from /global/cfs/cdirs/desi/users/jqzou/dla_finder/prediction/model/train_midsnr/train_midsnr/current_99999.ckpt
2024-01-18 17:14:21.652953: I tensorflow/compiler/jit/xla_gpu_device.cc:99] Not creating XLA devices, tf_xla_enable_xla_devices not set
INFO:tensorflow:Restoring parameters from /global/cfs/cdirs/desi/users/jqzou/dla_finder/prediction/model/train_midsnr/train_midsnr/current_99999.ckpt
2024-01-18 17:14:21.788388: I tensorflow/compiler/jit/xla_gpu_device.cc:99] Not creating XLA devices, tf_xla_enable_xla_devices not set
INFO:tensorflow:Restoring parameters from /global/cfs/cdirs/desi/users/jqzou/dla_finder/prediction/model/train_lowsnr/train_lowsnr/current_99999.ckpt
2024-01-18 17:14:21.961932: I tensorflow/compiler/jit/xla_gpu_device.cc:99] Not creating XLA devices, tf_xla_enable_xla_devices not set
INFO:tensorflow:Restoring parameters from /global/cfs/cdirs/desi/users/jqzou/dla_finder/prediction/model/train_lowsnr/train_lowsnr/current_99999.ckpt
INFO:tensorflow:Restoring parameters from /global/cfs/cdirs/desi/users/jqzou/dla_finder/prediction/model/train_lowsnr/train_lowsnr/current_99999.ckpt
2024-01-18 17:14:22.654066: I tensorflow/compiler/jit/xla_gpu_device.cc:99] Not creating XLA devices, tf_xla_enable_xla_devices not set
INFO:tensorflow:Restoring parameters from /global/cfs/cdirs/desi/users/jqzou/dla_finder/prediction/model/train_lowsnr/train_lowsnr/current_99999.ckpt
2024-01-18 17:14:22.836131: I tensorflow/compiler/jit/xla_gpu_device.cc:99] Not creating XLA devices, tf_xla_enable_xla_devices not set
INFO:tensorflow:Restoring parameters from /global/cfs/cdirs/desi/users/jqzou/dla_finder/prediction/model/train_lowsnr/train_lowsnr/current_99999.ckpt
2024-01-18 17:14:22.961935: I tensorflow/compiler/jit/xla_gpu_device.cc:99] Not creating XLA devices, tf_xla_enable_xla_devices not set
2024-01-18 17:14:22.988040: I tensorflow/compiler/jit/xla_gpu_device.cc:99] Not creating XLA devices, tf_xla_enable_xla_devices not set
2024-01-18 17:14:23.018838: I tensorflow/compiler/jit/xla_gpu_device.cc:99] Not creating XLA devices, tf_xla_enable_xla_devices not set
INFO:tensorflow:Restoring parameters from /global/cfs/cdirs/desi/users/jqzou/dla_finder/prediction/model/train_lowsnr/train_lowsnr/current_99999.ckpt
INFO:tensorflow:Restoring parameters from /global/cfs/cdirs/desi/users/jqzou/dla_finder/prediction/model/train_lowsnr/train_lowsnr/current_99999.ckpt
INFO:tensorflow:Restoring parameters from /global/cfs/cdirs/desi/users/jqzou/dla_finder/prediction/model/train_lowsnr/train_lowsnr/current_99999.ckpt
2024-01-18 17:14:23.134794: I tensorflow/compiler/jit/xla_gpu_device.cc:99] Not creating XLA devices, tf_xla_enable_xla_devices not set
2024-01-18 17:14:23.185180: I tensorflow/compiler/jit/xla_gpu_device.cc:99] Not creating XLA devices, tf_xla_enable_xla_devices not set
INFO:tensorflow:Restoring parameters from /global/cfs/cdirs/desi/users/jqzou/dla_finder/prediction/model/train_lowsnr/train_lowsnr/current_99999.ckpt
2024-01-18 17:14:23.232175: I tensorflow/compiler/jit/xla_gpu_device.cc:99] Not creating XLA devices, tf_xla_enable_xla_devices not set
2024-01-18 17:14:23.243721: I tensorflow/compiler/jit/xla_gpu_device.cc:99] Not creating XLA devices, tf_xla_enable_xla_devices not set
2024-01-18 17:14:23.257038: I tensorflow/compiler/jit/xla_gpu_device.cc:99] Not creating XLA devices, tf_xla_enable_xla_devices not set
INFO:tensorflow:Restoring parameters from /global/cfs/cdirs/desi/users/jqzou/dla_finder/prediction/model/train_midsnr/train_midsnr/current_99999.ckpt
INFO:tensorflow:Restoring parameters from /global/cfs/cdirs/desi/users/jqzou/dla_finder/prediction/model/train_lowsnr/train_lowsnr/current_99999.ckpt
INFO:tensorflow:Restoring parameters from /global/cfs/cdirs/desi/users/jqzou/dla_finder/prediction/model/train_lowsnr/train_lowsnr/current_99999.ckpt
INFO:tensorflow:Restoring parameters from /global/cfs/cdirs/desi/users/jqzou/dla_finder/prediction/model/train_lowsnr/train_lowsnr/current_99999.ckpt
2024-01-18 17:14:23.335505: I tensorflow/compiler/jit/xla_gpu_device.cc:99] Not creating XLA devices, tf_xla_enable_xla_devices not set
INFO:tensorflow:Restoring parameters from /global/cfs/cdirs/desi/users/jqzou/dla_finder/prediction/model/train_midsnr/train_midsnr/current_99999.ckpt
2024-01-18 17:14:23.547837: I tensorflow/compiler/jit/xla_gpu_device.cc:99] Not creating XLA devices, tf_xla_enable_xla_devices not set
INFO:tensorflow:Restoring parameters from /global/cfs/cdirs/desi/users/jqzou/dla_finder/prediction/model/train_lowsnr/train_lowsnr/current_99999.ckpt
2024-01-18 17:14:23.716398: I tensorflow/compiler/jit/xla_gpu_device.cc:99] Not creating XLA devices, tf_xla_enable_xla_devices not set
INFO:tensorflow:Restoring parameters from /global/cfs/cdirs/desi/users/jqzou/dla_finder/prediction/model/train_lowsnr/train_lowsnr/current_99999.ckpt
2024-01-18 17:14:23.872386: I tensorflow/compiler/jit/xla_gpu_device.cc:99] Not creating XLA devices, tf_xla_enable_xla_devices not set
2024-01-18 17:14:23.929527: I tensorflow/compiler/jit/xla_gpu_device.cc:99] Not creating XLA devices, tf_xla_enable_xla_devices not set
INFO:tensorflow:Restoring parameters from /global/cfs/cdirs/desi/users/jqzou/dla_finder/prediction/model/train_midsnr/train_midsnr/current_99999.ckpt
INFO:tensorflow:Restoring parameters from /global/cfs/cdirs/desi/users/jqzou/dla_finder/prediction/model/train_lowsnr/train_lowsnr/current_99999.ckpt
2024-01-18 17:14:24.433132: I tensorflow/compiler/jit/xla_gpu_device.cc:99] Not creating XLA devices, tf_xla_enable_xla_devices not set
INFO:tensorflow:Restoring parameters from /global/cfs/cdirs/desi/users/jqzou/dla_finder/prediction/model/train_lowsnr/train_lowsnr/current_99999.ckpt
2024-01-18 17:14:24.504841: I tensorflow/compiler/jit/xla_gpu_device.cc:99] Not creating XLA devices, tf_xla_enable_xla_devices not set
2024-01-18 17:14:24.519272: I tensorflow/compiler/jit/xla_gpu_device.cc:99] Not creating XLA devices, tf_xla_enable_xla_devices not set
INFO:tensorflow:Restoring parameters from /global/cfs/cdirs/desi/users/jqzou/dla_finder/prediction/model/train_lowsnr/train_lowsnr/current_99999.ckpt
INFO:tensorflow:Restoring parameters from /global/cfs/cdirs/desi/users/jqzou/dla_finder/prediction/model/train_lowsnr/train_lowsnr/current_99999.ckpt
2024-01-18 17:14:24.651197: I tensorflow/compiler/jit/xla_gpu_device.cc:99] Not creating XLA devices, tf_xla_enable_xla_devices not set
2024-01-18 17:14:24.698674: I tensorflow/compiler/jit/xla_gpu_device.cc:99] Not creating XLA devices, tf_xla_enable_xla_devices not set
INFO:tensorflow:Restoring parameters from /global/cfs/cdirs/desi/users/jqzou/dla_finder/prediction/model/train_lowsnr/train_lowsnr/current_99999.ckpt
2024-01-18 17:14:24.728865: I tensorflow/compiler/jit/xla_gpu_device.cc:99] Not creating XLA devices, tf_xla_enable_xla_devices not set
INFO:tensorflow:Restoring parameters from /global/cfs/cdirs/desi/users/jqzou/dla_finder/prediction/model/train_lowsnr/train_lowsnr/current_99999.ckpt
INFO:tensorflow:Restoring parameters from /global/cfs/cdirs/desi/users/jqzou/dla_finder/prediction/model/train_lowsnr/train_lowsnr/current_99999.ckpt
2024-01-18 17:14:25.109292: I tensorflow/compiler/jit/xla_gpu_device.cc:99] Not creating XLA devices, tf_xla_enable_xla_devices not set
2024-01-18 17:14:25.213850: I tensorflow/compiler/jit/xla_gpu_device.cc:99] Not creating XLA devices, tf_xla_enable_xla_devices not set
INFO:tensorflow:Restoring parameters from /global/cfs/cdirs/desi/users/jqzou/dla_finder/prediction/model/train_lowsnr/train_lowsnr/current_99999.ckpt
INFO:tensorflow:Restoring parameters from /global/cfs/cdirs/desi/users/jqzou/dla_finder/prediction/model/train_lowsnr/train_lowsnr/current_99999.ckpt
2024-01-18 17:14:25.812500: I tensorflow/compiler/jit/xla_gpu_device.cc:99] Not creating XLA devices, tf_xla_enable_xla_devices not set
INFO:tensorflow:Restoring parameters from /global/cfs/cdirs/desi/users/jqzou/dla_finder/prediction/model/train_lowsnr/train_lowsnr/current_99999.ckpt
2024-01-18 17:14:25.970519: I tensorflow/compiler/jit/xla_gpu_device.cc:99] Not creating XLA devices, tf_xla_enable_xla_devices not set
INFO:tensorflow:Restoring parameters from /global/cfs/cdirs/desi/users/jqzou/dla_finder/prediction/model/train_lowsnr/train_lowsnr/current_99999.ckpt
2024-01-18 17:14:26.346745: I tensorflow/compiler/jit/xla_gpu_device.cc:99] Not creating XLA devices, tf_xla_enable_xla_devices not set
INFO:tensorflow:Restoring parameters from /global/cfs/cdirs/desi/users/jqzou/dla_finder/prediction/model/train_lowsnr/train_lowsnr/current_99999.ckpt
2024-01-18 17:14:26.644889: I tensorflow/compiler/jit/xla_gpu_device.cc:99] Not creating XLA devices, tf_xla_enable_xla_devices not set
2024-01-18 17:14:26.698638: I tensorflow/compiler/jit/xla_gpu_device.cc:99] Not creating XLA devices, tf_xla_enable_xla_devices not set
INFO:tensorflow:Restoring parameters from /global/cfs/cdirs/desi/users/jqzou/dla_finder/prediction/model/train_lowsnr/train_lowsnr/current_99999.ckpt
INFO:tensorflow:Restoring parameters from /global/cfs/cdirs/desi/users/jqzou/dla_finder/prediction/model/train_lowsnr/train_lowsnr/current_99999.ckpt
2024-01-18 17:14:26.876107: I tensorflow/compiler/jit/xla_gpu_device.cc:99] Not creating XLA devices, tf_xla_enable_xla_devices not set
INFO:tensorflow:Restoring parameters from /global/cfs/cdirs/desi/users/jqzou/dla_finder/prediction/model/train_lowsnr/train_lowsnr/current_99999.ckpt
2024-01-18 17:14:26.987965: I tensorflow/compiler/jit/xla_gpu_device.cc:99] Not creating XLA devices, tf_xla_enable_xla_devices not set
INFO:tensorflow:Restoring parameters from /global/cfs/cdirs/desi/users/jqzou/dla_finder/prediction/model/train_lowsnr/train_lowsnr/current_99999.ckpt
2024-01-18 17:14:27.062280: I tensorflow/compiler/jit/xla_gpu_device.cc:99] Not creating XLA devices, tf_xla_enable_xla_devices not set
INFO:tensorflow:Restoring parameters from /global/cfs/cdirs/desi/users/jqzou/dla_finder/prediction/model/train_midsnr/train_midsnr/current_99999.ckpt
2024-01-18 17:14:27.166073: I tensorflow/compiler/jit/xla_gpu_device.cc:99] Not creating XLA devices, tf_xla_enable_xla_devices not set
INFO:tensorflow:Restoring parameters from /global/cfs/cdirs/desi/users/jqzou/dla_finder/prediction/model/train_lowsnr/train_lowsnr/current_99999.ckpt
2024-01-18 17:14:27.333625: I tensorflow/compiler/jit/xla_gpu_device.cc:99] Not creating XLA devices, tf_xla_enable_xla_devices not set
INFO:tensorflow:Restoring parameters from /global/cfs/cdirs/desi/users/jqzou/dla_finder/prediction/model/train_midsnr/train_midsnr/current_99999.ckpt
2024-01-18 17:14:27.820693: I tensorflow/compiler/jit/xla_gpu_device.cc:99] Not creating XLA devices, tf_xla_enable_xla_devices not set
INFO:tensorflow:Restoring parameters from /global/cfs/cdirs/desi/users/jqzou/dla_finder/prediction/model/train_midsnr/train_midsnr/current_99999.ckpt
2024-01-18 17:14:27.980313: I tensorflow/compiler/jit/xla_gpu_device.cc:99] Not creating XLA devices, tf_xla_enable_xla_devices not set
2024-01-18 17:14:28.035910: I tensorflow/compiler/jit/xla_gpu_device.cc:99] Not creating XLA devices, tf_xla_enable_xla_devices not set
INFO:tensorflow:Restoring parameters from /global/cfs/cdirs/desi/users/jqzou/dla_finder/prediction/model/train_lowsnr/train_lowsnr/current_99999.ckpt
2024-01-18 17:14:28.058186: I tensorflow/compiler/jit/xla_gpu_device.cc:99] Not creating XLA devices, tf_xla_enable_xla_devices not set
2024-01-18 17:14:28.104143: I tensorflow/compiler/jit/xla_gpu_device.cc:99] Not creating XLA devices, tf_xla_enable_xla_devices not set
2024-01-18 17:14:28.105163: I tensorflow/compiler/jit/xla_gpu_device.cc:99] Not creating XLA devices, tf_xla_enable_xla_devices not set
INFO:tensorflow:Restoring parameters from /global/cfs/cdirs/desi/users/jqzou/dla_finder/prediction/model/train_lowsnr/train_lowsnr/current_99999.ckpt
INFO:tensorflow:Restoring parameters from /global/cfs/cdirs/desi/users/jqzou/dla_finder/prediction/model/train_lowsnr/train_lowsnr/current_99999.ckpt
2024-01-18 17:14:28.155526: I tensorflow/compiler/jit/xla_gpu_device.cc:99] Not creating XLA devices, tf_xla_enable_xla_devices not set
INFO:tensorflow:Restoring parameters from /global/cfs/cdirs/desi/users/jqzou/dla_finder/prediction/model/train_lowsnr/train_lowsnr/current_99999.ckpt
INFO:tensorflow:Restoring parameters from /global/cfs/cdirs/desi/users/jqzou/dla_finder/prediction/model/train_lowsnr/train_lowsnr/current_99999.ckpt
2024-01-18 17:14:28.176588: I tensorflow/compiler/jit/xla_gpu_device.cc:99] Not creating XLA devices, tf_xla_enable_xla_devices not set
INFO:tensorflow:Restoring parameters from /global/cfs/cdirs/desi/users/jqzou/dla_finder/prediction/model/train_lowsnr/train_lowsnr/current_99999.ckpt
INFO:tensorflow:Restoring parameters from /global/cfs/cdirs/desi/users/jqzou/dla_finder/prediction/model/train_lowsnr/train_lowsnr/current_99999.ckpt
2024-01-18 17:14:28.342620: I tensorflow/compiler/jit/xla_gpu_device.cc:99] Not creating XLA devices, tf_xla_enable_xla_devices not set
INFO:tensorflow:Restoring parameters from /global/cfs/cdirs/desi/users/jqzou/dla_finder/prediction/model/train_lowsnr/train_lowsnr/current_99999.ckpt
2024-01-18 17:14:28.486450: I tensorflow/compiler/jit/xla_gpu_device.cc:99] Not creating XLA devices, tf_xla_enable_xla_devices not set
INFO:tensorflow:Restoring parameters from /global/cfs/cdirs/desi/users/jqzou/dla_finder/prediction/model/train_lowsnr/train_lowsnr/current_99999.ckpt
2024-01-18 17:14:28.621939: I tensorflow/compiler/jit/xla_gpu_device.cc:99] Not creating XLA devices, tf_xla_enable_xla_devices not set
INFO:tensorflow:Restoring parameters from /global/cfs/cdirs/desi/users/jqzou/dla_finder/prediction/model/train_lowsnr/train_lowsnr/current_99999.ckpt
2024-01-18 17:14:28.757992: I tensorflow/compiler/jit/xla_gpu_device.cc:99] Not creating XLA devices, tf_xla_enable_xla_devices not set
2024-01-18 17:14:28.777589: I tensorflow/compiler/jit/xla_gpu_device.cc:99] Not creating XLA devices, tf_xla_enable_xla_devices not set
2024-01-18 17:14:28.795242: I tensorflow/compiler/jit/xla_gpu_device.cc:99] Not creating XLA devices, tf_xla_enable_xla_devices not set
INFO:tensorflow:Restoring parameters from /global/cfs/cdirs/desi/users/jqzou/dla_finder/prediction/model/train_lowsnr/train_lowsnr/current_99999.ckpt
INFO:tensorflow:Restoring parameters from /global/cfs/cdirs/desi/users/jqzou/dla_finder/prediction/model/train_lowsnr/train_lowsnr/current_99999.ckpt
INFO:tensorflow:Restoring parameters from /global/cfs/cdirs/desi/users/jqzou/dla_finder/prediction/model/train_lowsnr/train_lowsnr/current_99999.ckpt
2024-01-18 17:14:28.899259: I tensorflow/compiler/jit/xla_gpu_device.cc:99] Not creating XLA devices, tf_xla_enable_xla_devices not set
INFO:tensorflow:Restoring parameters from /global/cfs/cdirs/desi/users/jqzou/dla_finder/prediction/model/train_lowsnr/train_lowsnr/current_99999.ckpt
2024-01-18 17:14:29.212735: I tensorflow/compiler/jit/xla_gpu_device.cc:99] Not creating XLA devices, tf_xla_enable_xla_devices not set
2024-01-18 17:14:29.279470: I tensorflow/compiler/jit/xla_gpu_device.cc:99] Not creating XLA devices, tf_xla_enable_xla_devices not set
INFO:tensorflow:Restoring parameters from /global/cfs/cdirs/desi/users/jqzou/dla_finder/prediction/model/train_lowsnr/train_lowsnr/current_99999.ckpt
INFO:tensorflow:Restoring parameters from /global/cfs/cdirs/desi/users/jqzou/dla_finder/prediction/model/train_lowsnr/train_lowsnr/current_99999.ckpt
2024-01-18 17:14:29.439235: I tensorflow/compiler/jit/xla_gpu_device.cc:99] Not creating XLA devices, tf_xla_enable_xla_devices not set
2024-01-18 17:14:29.465687: I tensorflow/compiler/jit/xla_gpu_device.cc:99] Not creating XLA devices, tf_xla_enable_xla_devices not set
INFO:tensorflow:Restoring parameters from /global/cfs/cdirs/desi/users/jqzou/dla_finder/prediction/model/train_midsnr/train_midsnr/current_99999.ckpt
INFO:tensorflow:Restoring parameters from /global/cfs/cdirs/desi/users/jqzou/dla_finder/prediction/model/train_lowsnr/train_lowsnr/current_99999.ckpt
2024-01-18 17:14:30.006320: I tensorflow/compiler/jit/xla_gpu_device.cc:99] Not creating XLA devices, tf_xla_enable_xla_devices not set
INFO:tensorflow:Restoring parameters from /global/cfs/cdirs/desi/users/jqzou/dla_finder/prediction/model/train_lowsnr/train_lowsnr/current_99999.ckpt
2024-01-18 17:14:30.132131: I tensorflow/compiler/jit/xla_gpu_device.cc:99] Not creating XLA devices, tf_xla_enable_xla_devices not set
INFO:tensorflow:Restoring parameters from /global/cfs/cdirs/desi/users/jqzou/dla_finder/prediction/model/train_lowsnr/train_lowsnr/current_99999.ckpt
2024-01-18 17:14:30.217396: I tensorflow/compiler/jit/xla_gpu_device.cc:99] Not creating XLA devices, tf_xla_enable_xla_devices not set
INFO:tensorflow:Restoring parameters from /global/cfs/cdirs/desi/users/jqzou/dla_finder/prediction/model/train_lowsnr/train_lowsnr/current_99999.ckpt
2024-01-18 17:14:30.333091: I tensorflow/compiler/jit/xla_gpu_device.cc:99] Not creating XLA devices, tf_xla_enable_xla_devices not set
INFO:tensorflow:Restoring parameters from /global/cfs/cdirs/desi/users/jqzou/dla_finder/prediction/model/train_midsnr/train_midsnr/current_99999.ckpt
2024-01-18 17:14:30.646472: I tensorflow/compiler/jit/xla_gpu_device.cc:99] Not creating XLA devices, tf_xla_enable_xla_devices not set
INFO:tensorflow:Restoring parameters from /global/cfs/cdirs/desi/users/jqzou/dla_finder/prediction/model/train_lowsnr/train_lowsnr/current_99999.ckpt
2024-01-18 17:14:30.878554: I tensorflow/compiler/jit/xla_gpu_device.cc:99] Not creating XLA devices, tf_xla_enable_xla_devices not set
INFO:tensorflow:Restoring parameters from /global/cfs/cdirs/desi/users/jqzou/dla_finder/prediction/model/train_lowsnr/train_lowsnr/current_99999.ckpt
2024-01-18 17:14:31.114350: I tensorflow/compiler/jit/xla_gpu_device.cc:99] Not creating XLA devices, tf_xla_enable_xla_devices not set
2024-01-18 17:14:31.150823: I tensorflow/compiler/jit/xla_gpu_device.cc:99] Not creating XLA devices, tf_xla_enable_xla_devices not set
2024-01-18 17:14:31.174904: I tensorflow/compiler/jit/xla_gpu_device.cc:99] Not creating XLA devices, tf_xla_enable_xla_devices not set
INFO:tensorflow:Restoring parameters from /global/cfs/cdirs/desi/users/jqzou/dla_finder/prediction/model/train_lowsnr/train_lowsnr/current_99999.ckpt
INFO:tensorflow:Restoring parameters from /global/cfs/cdirs/desi/users/jqzou/dla_finder/prediction/model/train_lowsnr/train_lowsnr/current_99999.ckpt
INFO:tensorflow:Restoring parameters from /global/cfs/cdirs/desi/users/jqzou/dla_finder/prediction/model/train_lowsnr/train_lowsnr/current_99999.ckpt
2024-01-18 17:14:31.398226: I tensorflow/compiler/jit/xla_gpu_device.cc:99] Not creating XLA devices, tf_xla_enable_xla_devices not set
2024-01-18 17:14:31.444448: I tensorflow/compiler/jit/xla_gpu_device.cc:99] Not creating XLA devices, tf_xla_enable_xla_devices not set
INFO:tensorflow:Restoring parameters from /global/cfs/cdirs/desi/users/jqzou/dla_finder/prediction/model/train_midsnr/train_midsnr/current_99999.ckpt
INFO:tensorflow:Restoring parameters from /global/cfs/cdirs/desi/users/jqzou/dla_finder/prediction/model/train_midsnr/train_midsnr/current_99999.ckpt
2024-01-18 17:14:31.539984: I tensorflow/compiler/jit/xla_gpu_device.cc:99] Not creating XLA devices, tf_xla_enable_xla_devices not set
2024-01-18 17:14:31.548245: I tensorflow/compiler/jit/xla_gpu_device.cc:99] Not creating XLA devices, tf_xla_enable_xla_devices not set
INFO:tensorflow:Restoring parameters from /global/cfs/cdirs/desi/users/jqzou/dla_finder/prediction/model/train_midsnr/train_midsnr/current_99999.ckpt
INFO:tensorflow:Restoring parameters from /global/cfs/cdirs/desi/users/jqzou/dla_finder/prediction/model/train_lowsnr/train_lowsnr/current_99999.ckpt
2024-01-18 17:14:31.712372: I tensorflow/compiler/jit/xla_gpu_device.cc:99] Not creating XLA devices, tf_xla_enable_xla_devices not set
INFO:tensorflow:Restoring parameters from /global/cfs/cdirs/desi/users/jqzou/dla_finder/prediction/model/train_lowsnr/train_lowsnr/current_99999.ckpt
2024-01-18 17:14:31.898505: I tensorflow/compiler/jit/xla_gpu_device.cc:99] Not creating XLA devices, tf_xla_enable_xla_devices not set
INFO:tensorflow:Restoring parameters from /global/cfs/cdirs/desi/users/jqzou/dla_finder/prediction/model/train_lowsnr/train_lowsnr/current_99999.ckpt
2024-01-18 17:14:31.972080: I tensorflow/compiler/jit/xla_gpu_device.cc:99] Not creating XLA devices, tf_xla_enable_xla_devices not set
INFO:tensorflow:Restoring parameters from /global/cfs/cdirs/desi/users/jqzou/dla_finder/prediction/model/train_midsnr/train_midsnr/current_99999.ckpt
2024-01-18 17:14:32.043797: I tensorflow/compiler/jit/xla_gpu_device.cc:99] Not creating XLA devices, tf_xla_enable_xla_devices not set
INFO:tensorflow:Restoring parameters from /global/cfs/cdirs/desi/users/jqzou/dla_finder/prediction/model/train_midsnr/train_midsnr/current_99999.ckpt
2024-01-18 17:14:32.205120: I tensorflow/compiler/jit/xla_gpu_device.cc:99] Not creating XLA devices, tf_xla_enable_xla_devices not set
INFO:tensorflow:Restoring parameters from /global/cfs/cdirs/desi/users/jqzou/dla_finder/prediction/model/train_midsnr/train_midsnr/current_99999.ckpt
2024-01-18 17:14:32.829913: I tensorflow/compiler/jit/xla_gpu_device.cc:99] Not creating XLA devices, tf_xla_enable_xla_devices not set
2024-01-18 17:14:32.832821: I tensorflow/compiler/jit/xla_gpu_device.cc:99] Not creating XLA devices, tf_xla_enable_xla_devices not set
 56%|███████████████████████████████████████████████████████████████████▊                                                      | 420/755 [00:46<00:23, 14.13it/s]INFO:tensorflow:Restoring parameters from /global/cfs/cdirs/desi/users/jqzou/dla_finder/prediction/model/train_lowsnr/train_lowsnr/current_99999.ckpt
INFO:tensorflow:Restoring parameters from /global/cfs/cdirs/desi/users/jqzou/dla_finder/prediction/model/train_lowsnr/train_lowsnr/current_99999.ckpt
2024-01-18 17:14:33.051674: I tensorflow/compiler/jit/xla_gpu_device.cc:99] Not creating XLA devices, tf_xla_enable_xla_devices not set
INFO:tensorflow:Restoring parameters from /global/cfs/cdirs/desi/users/jqzou/dla_finder/prediction/model/train_lowsnr/train_lowsnr/current_99999.ckpt
2024-01-18 17:14:33.225152: I tensorflow/compiler/jit/xla_gpu_device.cc:99] Not creating XLA devices, tf_xla_enable_xla_devices not set
INFO:tensorflow:Restoring parameters from /global/cfs/cdirs/desi/users/jqzou/dla_finder/prediction/model/train_lowsnr/train_lowsnr/current_99999.ckpt
2024-01-18 17:14:33.319954: I tensorflow/compiler/jit/xla_gpu_device.cc:99] Not creating XLA devices, tf_xla_enable_xla_devices not set
INFO:tensorflow:Restoring parameters from /global/cfs/cdirs/desi/users/jqzou/dla_finder/prediction/model/train_lowsnr/train_lowsnr/current_99999.ckpt
2024-01-18 17:14:33.445304: I tensorflow/compiler/jit/xla_gpu_device.cc:99] Not creating XLA devices, tf_xla_enable_xla_devices not set
INFO:tensorflow:Restoring parameters from /global/cfs/cdirs/desi/users/jqzou/dla_finder/prediction/model/train_lowsnr/train_lowsnr/current_99999.ckpt
2024-01-18 17:14:33.528383: I tensorflow/compiler/jit/xla_gpu_device.cc:99] Not creating XLA devices, tf_xla_enable_xla_devices not set
2024-01-18 17:14:33.553399: I tensorflow/compiler/jit/xla_gpu_device.cc:99] Not creating XLA devices, tf_xla_enable_xla_devices not set
2024-01-18 17:14:33.579869: I tensorflow/compiler/jit/xla_gpu_device.cc:99] Not creating XLA devices, tf_xla_enable_xla_devices not set
2024-01-18 17:14:33.583699: I tensorflow/compiler/jit/xla_gpu_device.cc:99] Not creating XLA devices, tf_xla_enable_xla_devices not set
2024-01-18 17:14:33.593464: I tensorflow/compiler/jit/xla_gpu_device.cc:99] Not creating XLA devices, tf_xla_enable_xla_devices not set
INFO:tensorflow:Restoring parameters from /global/cfs/cdirs/desi/users/jqzou/dla_finder/prediction/model/train_lowsnr/train_lowsnr/current_99999.ckpt
INFO:tensorflow:Restoring parameters from /global/cfs/cdirs/desi/users/jqzou/dla_finder/prediction/model/train_lowsnr/train_lowsnr/current_99999.ckpt
INFO:tensorflow:Restoring parameters from /global/cfs/cdirs/desi/users/jqzou/dla_finder/prediction/model/train_lowsnr/train_lowsnr/current_99999.ckpt
INFO:tensorflow:Restoring parameters from /global/cfs/cdirs/desi/users/jqzou/dla_finder/prediction/model/train_midsnr/train_midsnr/current_99999.ckpt
INFO:tensorflow:Restoring parameters from /global/cfs/cdirs/desi/users/jqzou/dla_finder/prediction/model/train_lowsnr/train_lowsnr/current_99999.ckpt
2024-01-18 17:14:33.823588: I tensorflow/compiler/jit/xla_gpu_device.cc:99] Not creating XLA devices, tf_xla_enable_xla_devices not set
INFO:tensorflow:Restoring parameters from /global/cfs/cdirs/desi/users/jqzou/dla_finder/prediction/model/train_midsnr/train_midsnr/current_99999.ckpt
2024-01-18 17:14:34.049895: I tensorflow/compiler/jit/xla_gpu_device.cc:99] Not creating XLA devices, tf_xla_enable_xla_devices not set
2024-01-18 17:14:34.192317: I tensorflow/compiler/jit/xla_gpu_device.cc:99] Not creating XLA devices, tf_xla_enable_xla_devices not set
INFO:tensorflow:Restoring parameters from /global/cfs/cdirs/desi/users/jqzou/dla_finder/prediction/model/train_midsnr/train_midsnr/current_99999.ckpt
INFO:tensorflow:Restoring parameters from /global/cfs/cdirs/desi/users/jqzou/dla_finder/prediction/model/train_midsnr/train_midsnr/current_99999.ckpt
2024-01-18 17:14:34.502009: I tensorflow/compiler/jit/xla_gpu_device.cc:99] Not creating XLA devices, tf_xla_enable_xla_devices not set
INFO:tensorflow:Restoring parameters from /global/cfs/cdirs/desi/users/jqzou/dla_finder/prediction/model/train_lowsnr/train_lowsnr/current_99999.ckpt
2024-01-18 17:14:34.719172: I tensorflow/compiler/jit/xla_gpu_device.cc:99] Not creating XLA devices, tf_xla_enable_xla_devices not set
INFO:tensorflow:Restoring parameters from /global/cfs/cdirs/desi/users/jqzou/dla_finder/prediction/model/train_lowsnr/train_lowsnr/current_99999.ckpt
2024-01-18 17:14:34.846415: I tensorflow/compiler/jit/xla_gpu_device.cc:99] Not creating XLA devices, tf_xla_enable_xla_devices not set
INFO:tensorflow:Restoring parameters from /global/cfs/cdirs/desi/users/jqzou/dla_finder/prediction/model/train_lowsnr/train_lowsnr/current_99999.ckpt
2024-01-18 17:14:34.950836: I tensorflow/compiler/jit/xla_gpu_device.cc:99] Not creating XLA devices, tf_xla_enable_xla_devices not set
INFO:tensorflow:Restoring parameters from /global/cfs/cdirs/desi/users/jqzou/dla_finder/prediction/model/train_lowsnr/train_lowsnr/current_99999.ckpt
2024-01-18 17:14:35.273418: I tensorflow/compiler/jit/xla_gpu_device.cc:99] Not creating XLA devices, tf_xla_enable_xla_devices not set
2024-01-18 17:14:35.328464: I tensorflow/compiler/jit/xla_gpu_device.cc:99] Not creating XLA devices, tf_xla_enable_xla_devices not set
INFO:tensorflow:Restoring parameters from /global/cfs/cdirs/desi/users/jqzou/dla_finder/prediction/model/train_lowsnr/train_lowsnr/current_99999.ckpt
INFO:tensorflow:Restoring parameters from /global/cfs/cdirs/desi/users/jqzou/dla_finder/prediction/model/train_lowsnr/train_lowsnr/current_99999.ckpt
2024-01-18 17:14:35.494877: I tensorflow/compiler/jit/xla_gpu_device.cc:99] Not creating XLA devices, tf_xla_enable_xla_devices not set
2024-01-18 17:14:35.544975: I tensorflow/compiler/jit/xla_gpu_device.cc:99] Not creating XLA devices, tf_xla_enable_xla_devices not set
INFO:tensorflow:Restoring parameters from /global/cfs/cdirs/desi/users/jqzou/dla_finder/prediction/model/train_lowsnr/train_lowsnr/current_99999.ckpt
2024-01-18 17:14:35.609630: I tensorflow/compiler/jit/xla_gpu_device.cc:99] Not creating XLA devices, tf_xla_enable_xla_devices not set
INFO:tensorflow:Restoring parameters from /global/cfs/cdirs/desi/users/jqzou/dla_finder/prediction/model/train_lowsnr/train_lowsnr/current_99999.ckpt
2024-01-18 17:14:35.612232: I tensorflow/compiler/jit/xla_gpu_device.cc:99] Not creating XLA devices, tf_xla_enable_xla_devices not set
INFO:tensorflow:Restoring parameters from /global/cfs/cdirs/desi/users/jqzou/dla_finder/prediction/model/train_lowsnr/train_lowsnr/current_99999.ckpt
2024-01-18 17:14:35.699817: I tensorflow/compiler/jit/xla_gpu_device.cc:99] Not creating XLA devices, tf_xla_enable_xla_devices not set
INFO:tensorflow:Restoring parameters from /global/cfs/cdirs/desi/users/jqzou/dla_finder/prediction/model/train_midsnr/train_midsnr/current_99999.ckpt
 57%|████████████████████████████████████████████████████████████████████▉                                                     | 427/755 [00:49<02:16,  2.40it/s]INFO:tensorflow:Restoring parameters from /global/cfs/cdirs/desi/users/jqzou/dla_finder/prediction/model/train_lowsnr/train_lowsnr/current_99999.ckpt
2024-01-18 17:14:35.839581: I tensorflow/compiler/jit/xla_gpu_device.cc:99] Not creating XLA devices, tf_xla_enable_xla_devices not set
INFO:tensorflow:Restoring parameters from /global/cfs/cdirs/desi/users/jqzou/dla_finder/prediction/model/train_lowsnr/train_lowsnr/current_99999.ckpt
2024-01-18 17:14:36.283311: I tensorflow/compiler/jit/xla_gpu_device.cc:99] Not creating XLA devices, tf_xla_enable_xla_devices not set
2024-01-18 17:14:36.298084: I tensorflow/compiler/jit/xla_gpu_device.cc:99] Not creating XLA devices, tf_xla_enable_xla_devices not set
INFO:tensorflow:Restoring parameters from /global/cfs/cdirs/desi/users/jqzou/dla_finder/prediction/model/train_midsnr/train_midsnr/current_99999.ckpt
INFO:tensorflow:Restoring parameters from /global/cfs/cdirs/desi/users/jqzou/dla_finder/prediction/model/train_lowsnr/train_lowsnr/current_99999.ckpt
2024-01-18 17:14:36.661272: I tensorflow/compiler/jit/xla_gpu_device.cc:99] Not creating XLA devices, tf_xla_enable_xla_devices not set
2024-01-18 17:14:36.688486: I tensorflow/compiler/jit/xla_gpu_device.cc:99] Not creating XLA devices, tf_xla_enable_xla_devices not set
INFO:tensorflow:Restoring parameters from /global/cfs/cdirs/desi/users/jqzou/dla_finder/prediction/model/train_lowsnr/train_lowsnr/current_99999.ckpt
INFO:tensorflow:Restoring parameters from /global/cfs/cdirs/desi/users/jqzou/dla_finder/prediction/model/train_lowsnr/train_lowsnr/current_99999.ckpt
2024-01-18 17:14:36.781340: I tensorflow/compiler/jit/xla_gpu_device.cc:99] Not creating XLA devices, tf_xla_enable_xla_devices not set
INFO:tensorflow:Restoring parameters from /global/cfs/cdirs/desi/users/jqzou/dla_finder/prediction/model/train_lowsnr/train_lowsnr/current_99999.ckpt
2024-01-18 17:14:36.972997: I tensorflow/compiler/jit/xla_gpu_device.cc:99] Not creating XLA devices, tf_xla_enable_xla_devices not set
2024-01-18 17:14:37.004151: I tensorflow/compiler/jit/xla_gpu_device.cc:99] Not creating XLA devices, tf_xla_enable_xla_devices not set
2024-01-18 17:14:37.054852: I tensorflow/compiler/jit/xla_gpu_device.cc:99] Not creating XLA devices, tf_xla_enable_xla_devices not set
INFO:tensorflow:Restoring parameters from /global/cfs/cdirs/desi/users/jqzou/dla_finder/prediction/model/train_lowsnr/train_lowsnr/current_99999.ckpt
INFO:tensorflow:Restoring parameters from /global/cfs/cdirs/desi/users/jqzou/dla_finder/prediction/model/train_midsnr/train_midsnr/current_99999.ckpt
INFO:tensorflow:Restoring parameters from /global/cfs/cdirs/desi/users/jqzou/dla_finder/prediction/model/train_lowsnr/train_lowsnr/current_99999.ckpt
2024-01-18 17:14:37.209077: I tensorflow/compiler/jit/xla_gpu_device.cc:99] Not creating XLA devices, tf_xla_enable_xla_devices not set
INFO:tensorflow:Restoring parameters from /global/cfs/cdirs/desi/users/jqzou/dla_finder/prediction/model/train_lowsnr/train_lowsnr/current_99999.ckpt
 57%|██████████████████████████████████████████████████████████████████████▏                                                   | 434/755 [00:51<02:01,  2.64it/s]2024-01-18 17:14:37.368766: I tensorflow/compiler/jit/xla_gpu_device.cc:99] Not creating XLA devices, tf_xla_enable_xla_devices not set
INFO:tensorflow:Restoring parameters from /global/cfs/cdirs/desi/users/jqzou/dla_finder/prediction/model/train_lowsnr/train_lowsnr/current_99999.ckpt
2024-01-18 17:14:37.557142: I tensorflow/compiler/jit/xla_gpu_device.cc:99] Not creating XLA devices, tf_xla_enable_xla_devices not set
INFO:tensorflow:Restoring parameters from /global/cfs/cdirs/desi/users/jqzou/dla_finder/prediction/model/train_lowsnr/train_lowsnr/current_99999.ckpt
2024-01-18 17:14:37.645974: I tensorflow/compiler/jit/xla_gpu_device.cc:99] Not creating XLA devices, tf_xla_enable_xla_devices not set
INFO:tensorflow:Restoring parameters from /global/cfs/cdirs/desi/users/jqzou/dla_finder/prediction/model/train_lowsnr/train_lowsnr/current_99999.ckpt
 58%|███████████████████████████████████████████████████████████████████████▎                                                  | 441/755 [00:51<01:38,  3.19it/s]2024-01-18 17:14:38.214882: I tensorflow/compiler/jit/xla_gpu_device.cc:99] Not creating XLA devices, tf_xla_enable_xla_devices not set
2024-01-18 17:14:38.271226: I tensorflow/compiler/jit/xla_gpu_device.cc:99] Not creating XLA devices, tf_xla_enable_xla_devices not set
INFO:tensorflow:Restoring parameters from /global/cfs/cdirs/desi/users/jqzou/dla_finder/prediction/model/train_lowsnr/train_lowsnr/current_99999.ckpt
INFO:tensorflow:Restoring parameters from /global/cfs/cdirs/desi/users/jqzou/dla_finder/prediction/model/train_lowsnr/train_lowsnr/current_99999.ckpt
2024-01-18 17:14:38.351825: I tensorflow/compiler/jit/xla_gpu_device.cc:99] Not creating XLA devices, tf_xla_enable_xla_devices not set
INFO:tensorflow:Restoring parameters from /global/cfs/cdirs/desi/users/jqzou/dla_finder/prediction/model/train_lowsnr/train_lowsnr/current_99999.ckpt
2024-01-18 17:14:38.473167: I tensorflow/compiler/jit/xla_gpu_device.cc:99] Not creating XLA devices, tf_xla_enable_xla_devices not set
INFO:tensorflow:Restoring parameters from /global/cfs/cdirs/desi/users/jqzou/dla_finder/prediction/model/train_lowsnr/train_lowsnr/current_99999.ckpt
2024-01-18 17:14:38.724066: I tensorflow/compiler/jit/xla_gpu_device.cc:99] Not creating XLA devices, tf_xla_enable_xla_devices not set
2024-01-18 17:14:38.725431: I tensorflow/compiler/jit/xla_gpu_device.cc:99] Not creating XLA devices, tf_xla_enable_xla_devices not set
INFO:tensorflow:Restoring parameters from /global/cfs/cdirs/desi/users/jqzou/dla_finder/prediction/model/train_lowsnr/train_lowsnr/current_99999.ckpt
INFO:tensorflow:Restoring parameters from /global/cfs/cdirs/desi/users/jqzou/dla_finder/prediction/model/train_lowsnr/train_lowsnr/current_99999.ckpt
2024-01-18 17:14:38.819850: I tensorflow/compiler/jit/xla_gpu_device.cc:99] Not creating XLA devices, tf_xla_enable_xla_devices not set
INFO:tensorflow:Restoring parameters from /global/cfs/cdirs/desi/users/jqzou/dla_finder/prediction/model/train_lowsnr/train_lowsnr/current_99999.ckpt
 59%|████████████████████████████████████████████████████████████████████████▍                                                 | 448/755 [00:52<01:25,  3.61it/s]2024-01-18 17:14:39.161921: I tensorflow/compiler/jit/xla_gpu_device.cc:99] Not creating XLA devices, tf_xla_enable_xla_devices not set
INFO:tensorflow:Restoring parameters from /global/cfs/cdirs/desi/users/jqzou/dla_finder/prediction/model/train_midsnr/train_midsnr/current_99999.ckpt
2024-01-18 17:14:39.338766: I tensorflow/compiler/jit/xla_gpu_device.cc:99] Not creating XLA devices, tf_xla_enable_xla_devices not set
 60%|█████████████████████████████████████████████████████████████████████████▌                                                | 455/755 [00:53<01:06,  4.50it/s]2024-01-18 17:14:39.379007: I tensorflow/compiler/jit/xla_gpu_device.cc:99] Not creating XLA devices, tf_xla_enable_xla_devices not set
INFO:tensorflow:Restoring parameters from /global/cfs/cdirs/desi/users/jqzou/dla_finder/prediction/model/train_lowsnr/train_lowsnr/current_99999.ckpt
2024-01-18 17:14:39.463925: I tensorflow/compiler/jit/xla_gpu_device.cc:99] Not creating XLA devices, tf_xla_enable_xla_devices not set
2024-01-18 17:14:39.464760: I tensorflow/compiler/jit/xla_gpu_device.cc:99] Not creating XLA devices, tf_xla_enable_xla_devices not set
INFO:tensorflow:Restoring parameters from /global/cfs/cdirs/desi/users/jqzou/dla_finder/prediction/model/train_lowsnr/train_lowsnr/current_99999.ckpt
2024-01-18 17:14:39.529417: I tensorflow/compiler/jit/xla_gpu_device.cc:99] Not creating XLA devices, tf_xla_enable_xla_devices not set
2024-01-18 17:14:39.530853: I tensorflow/compiler/jit/xla_gpu_device.cc:99] Not creating XLA devices, tf_xla_enable_xla_devices not set
INFO:tensorflow:Restoring parameters from /global/cfs/cdirs/desi/users/jqzou/dla_finder/prediction/model/train_lowsnr/train_lowsnr/current_99999.ckpt
INFO:tensorflow:Restoring parameters from /global/cfs/cdirs/desi/users/jqzou/dla_finder/prediction/model/train_midsnr/train_midsnr/current_99999.ckpt
2024-01-18 17:14:39.553654: I tensorflow/compiler/jit/xla_gpu_device.cc:99] Not creating XLA devices, tf_xla_enable_xla_devices not set
2024-01-18 17:14:39.568527: I tensorflow/compiler/jit/xla_gpu_device.cc:99] Not creating XLA devices, tf_xla_enable_xla_devices not set
2024-01-18 17:14:39.581411: I tensorflow/compiler/jit/xla_gpu_device.cc:99] Not creating XLA devices, tf_xla_enable_xla_devices not set
INFO:tensorflow:Restoring parameters from /global/cfs/cdirs/desi/users/jqzou/dla_finder/prediction/model/train_lowsnr/train_lowsnr/current_99999.ckpt
INFO:tensorflow:Restoring parameters from /global/cfs/cdirs/desi/users/jqzou/dla_finder/prediction/model/train_midsnr/train_midsnr/current_99999.ckpt
INFO:tensorflow:Restoring parameters from /global/cfs/cdirs/desi/users/jqzou/dla_finder/prediction/model/train_lowsnr/train_lowsnr/current_99999.ckpt
INFO:tensorflow:Restoring parameters from /global/cfs/cdirs/desi/users/jqzou/dla_finder/prediction/model/train_lowsnr/train_lowsnr/current_99999.ckpt
INFO:tensorflow:Restoring parameters from /global/cfs/cdirs/desi/users/jqzou/dla_finder/prediction/model/train_lowsnr/train_lowsnr/current_99999.ckpt
2024-01-18 17:14:39.725615: I tensorflow/compiler/jit/xla_gpu_device.cc:99] Not creating XLA devices, tf_xla_enable_xla_devices not set
 61%|██████████████████████████████████████████████████████████████████████████▋                                               | 462/755 [00:53<00:52,  5.58it/s]INFO:tensorflow:Restoring parameters from /global/cfs/cdirs/desi/users/jqzou/dla_finder/prediction/model/train_lowsnr/train_lowsnr/current_99999.ckpt
2024-01-18 17:14:39.833261: I tensorflow/compiler/jit/xla_gpu_device.cc:99] Not creating XLA devices, tf_xla_enable_xla_devices not set
2024-01-18 17:14:39.848532: I tensorflow/compiler/jit/xla_gpu_device.cc:99] Not creating XLA devices, tf_xla_enable_xla_devices not set
2024-01-18 17:14:39.911300: I tensorflow/compiler/jit/xla_gpu_device.cc:99] Not creating XLA devices, tf_xla_enable_xla_devices not set
INFO:tensorflow:Restoring parameters from /global/cfs/cdirs/desi/users/jqzou/dla_finder/prediction/model/train_lowsnr/train_lowsnr/current_99999.ckpt
INFO:tensorflow:Restoring parameters from /global/cfs/cdirs/desi/users/jqzou/dla_finder/prediction/model/train_lowsnr/train_lowsnr/current_99999.ckpt
INFO:tensorflow:Restoring parameters from /global/cfs/cdirs/desi/users/jqzou/dla_finder/prediction/model/train_lowsnr/train_lowsnr/current_99999.ckpt
2024-01-18 17:14:40.048479: I tensorflow/compiler/jit/xla_gpu_device.cc:99] Not creating XLA devices, tf_xla_enable_xla_devices not set
INFO:tensorflow:Restoring parameters from /global/cfs/cdirs/desi/users/jqzou/dla_finder/prediction/model/train_lowsnr/train_lowsnr/current_99999.ckpt
2024-01-18 17:14:40.166900: I tensorflow/compiler/jit/xla_gpu_device.cc:99] Not creating XLA devices, tf_xla_enable_xla_devices not set
INFO:tensorflow:Restoring parameters from /global/cfs/cdirs/desi/users/jqzou/dla_finder/prediction/model/train_midsnr/train_midsnr/current_99999.ckpt
2024-01-18 17:14:40.461346: I tensorflow/compiler/jit/xla_gpu_device.cc:99] Not creating XLA devices, tf_xla_enable_xla_devices not set
INFO:tensorflow:Restoring parameters from /global/cfs/cdirs/desi/users/jqzou/dla_finder/prediction/model/train_lowsnr/train_lowsnr/current_99999.ckpt
2024-01-18 17:14:40.882050: I tensorflow/compiler/jit/xla_gpu_device.cc:99] Not creating XLA devices, tf_xla_enable_xla_devices not set
 62%|███████████████████████████████████████████████████████████████████████████▊                                              | 469/755 [00:54<00:50,  5.67it/s]INFO:tensorflow:Restoring parameters from /global/cfs/cdirs/desi/users/jqzou/dla_finder/prediction/model/train_lowsnr/train_lowsnr/current_99999.ckpt
2024-01-18 17:14:40.959709: I tensorflow/compiler/jit/xla_gpu_device.cc:99] Not creating XLA devices, tf_xla_enable_xla_devices not set
2024-01-18 17:14:41.006807: I tensorflow/compiler/jit/xla_gpu_device.cc:99] Not creating XLA devices, tf_xla_enable_xla_devices not set
INFO:tensorflow:Restoring parameters from /global/cfs/cdirs/desi/users/jqzou/dla_finder/prediction/model/train_lowsnr/train_lowsnr/current_99999.ckpt
INFO:tensorflow:Restoring parameters from /global/cfs/cdirs/desi/users/jqzou/dla_finder/prediction/model/train_lowsnr/train_lowsnr/current_99999.ckpt
2024-01-18 17:14:41.120011: I tensorflow/compiler/jit/xla_gpu_device.cc:99] Not creating XLA devices, tf_xla_enable_xla_devices not set
INFO:tensorflow:Restoring parameters from /global/cfs/cdirs/desi/users/jqzou/dla_finder/prediction/model/train_lowsnr/train_lowsnr/current_99999.ckpt
 64%|██████████████████████████████████████████████████████████████████████████████                                            | 483/755 [00:55<00:29,  9.19it/s] 65%|███████████████████████████████████████████████████████████████████████████████▏                                          | 490/755 [00:55<00:25, 10.50it/s]2024-01-18 17:14:41.733433: I tensorflow/compiler/jit/xla_gpu_device.cc:99] Not creating XLA devices, tf_xla_enable_xla_devices not set
 66%|████████████████████████████████████████████████████████████████████████████████▎                                         | 497/755 [00:55<00:19, 13.11it/s]2024-01-18 17:14:41.781554: I tensorflow/compiler/jit/xla_gpu_device.cc:99] Not creating XLA devices, tf_xla_enable_xla_devices not set
INFO:tensorflow:Restoring parameters from /global/cfs/cdirs/desi/users/jqzou/dla_finder/prediction/model/train_lowsnr/train_lowsnr/current_99999.ckpt
INFO:tensorflow:Restoring parameters from /global/cfs/cdirs/desi/users/jqzou/dla_finder/prediction/model/train_lowsnr/train_lowsnr/current_99999.ckpt
 68%|██████████████████████████████████████████████████████████████████████████████████▌                                       | 511/755 [00:55<00:11, 20.54it/s]2024-01-18 17:14:42.091885: I tensorflow/compiler/jit/xla_gpu_device.cc:99] Not creating XLA devices, tf_xla_enable_xla_devices not set
INFO:tensorflow:Restoring parameters from /global/cfs/cdirs/desi/users/jqzou/dla_finder/prediction/model/train_midsnr/train_midsnr/current_99999.ckpt
2024-01-18 17:14:42.242620: I tensorflow/compiler/jit/xla_gpu_device.cc:99] Not creating XLA devices, tf_xla_enable_xla_devices not set
2024-01-18 17:14:42.262289: I tensorflow/compiler/jit/xla_gpu_device.cc:99] Not creating XLA devices, tf_xla_enable_xla_devices not set
2024-01-18 17:14:42.290497: I tensorflow/compiler/jit/xla_gpu_device.cc:99] Not creating XLA devices, tf_xla_enable_xla_devices not set
INFO:tensorflow:Restoring parameters from /global/cfs/cdirs/desi/users/jqzou/dla_finder/prediction/model/train_lowsnr/train_lowsnr/current_99999.ckpt
INFO:tensorflow:Restoring parameters from /global/cfs/cdirs/desi/users/jqzou/dla_finder/prediction/model/train_lowsnr/train_lowsnr/current_99999.ckpt
INFO:tensorflow:Restoring parameters from /global/cfs/cdirs/desi/users/jqzou/dla_finder/prediction/model/train_lowsnr/train_lowsnr/current_99999.ckpt
2024-01-18 17:14:42.650641: I tensorflow/compiler/jit/xla_gpu_device.cc:99] Not creating XLA devices, tf_xla_enable_xla_devices not set
2024-01-18 17:14:42.669079: I tensorflow/compiler/jit/xla_gpu_device.cc:99] Not creating XLA devices, tf_xla_enable_xla_devices not set
INFO:tensorflow:Restoring parameters from /global/cfs/cdirs/desi/users/jqzou/dla_finder/prediction/model/train_midsnr/train_midsnr/current_99999.ckpt
2024-01-18 17:14:42.760602: I tensorflow/compiler/jit/xla_gpu_device.cc:99] Not creating XLA devices, tf_xla_enable_xla_devices not set
INFO:tensorflow:Restoring parameters from /global/cfs/cdirs/desi/users/jqzou/dla_finder/prediction/model/train_midsnr/train_midsnr/current_99999.ckpt
INFO:tensorflow:Restoring parameters from /global/cfs/cdirs/desi/users/jqzou/dla_finder/prediction/model/train_midsnr/train_midsnr/current_99999.ckpt
2024-01-18 17:14:43.021160: I tensorflow/compiler/jit/xla_gpu_device.cc:99] Not creating XLA devices, tf_xla_enable_xla_devices not set
INFO:tensorflow:Restoring parameters from /global/cfs/cdirs/desi/users/jqzou/dla_finder/prediction/model/train_midsnr/train_midsnr/current_99999.ckpt
2024-01-18 17:14:43.495848: I tensorflow/compiler/jit/xla_gpu_device.cc:99] Not creating XLA devices, tf_xla_enable_xla_devices not set
2024-01-18 17:14:43.538885: I tensorflow/compiler/jit/xla_gpu_device.cc:99] Not creating XLA devices, tf_xla_enable_xla_devices not set
INFO:tensorflow:Restoring parameters from /global/cfs/cdirs/desi/users/jqzou/dla_finder/prediction/model/train_lowsnr/train_lowsnr/current_99999.ckpt
INFO:tensorflow:Restoring parameters from /global/cfs/cdirs/desi/users/jqzou/dla_finder/prediction/model/train_lowsnr/train_lowsnr/current_99999.ckpt
2024-01-18 17:14:43.607463: I tensorflow/compiler/jit/xla_gpu_device.cc:99] Not creating XLA devices, tf_xla_enable_xla_devices not set
INFO:tensorflow:Restoring parameters from /global/cfs/cdirs/desi/users/jqzou/dla_finder/prediction/model/train_midsnr/train_midsnr/current_99999.ckpt
2024-01-18 17:14:43.651097: I tensorflow/compiler/jit/xla_gpu_device.cc:99] Not creating XLA devices, tf_xla_enable_xla_devices not set
2024-01-18 17:14:43.682774: I tensorflow/compiler/jit/xla_gpu_device.cc:99] Not creating XLA devices, tf_xla_enable_xla_devices not set
INFO:tensorflow:Restoring parameters from /global/cfs/cdirs/desi/users/jqzou/dla_finder/prediction/model/train_lowsnr/train_lowsnr/current_99999.ckpt
2024-01-18 17:14:43.759322: I tensorflow/compiler/jit/xla_gpu_device.cc:99] Not creating XLA devices, tf_xla_enable_xla_devices not set
INFO:tensorflow:Restoring parameters from /global/cfs/cdirs/desi/users/jqzou/dla_finder/prediction/model/train_lowsnr/train_lowsnr/current_99999.ckpt
2024-01-18 17:14:43.813705: I tensorflow/compiler/jit/xla_gpu_device.cc:99] Not creating XLA devices, tf_xla_enable_xla_devices not set
2024-01-18 17:14:43.817791: I tensorflow/compiler/jit/xla_gpu_device.cc:99] Not creating XLA devices, tf_xla_enable_xla_devices not set
INFO:tensorflow:Restoring parameters from /global/cfs/cdirs/desi/users/jqzou/dla_finder/prediction/model/train_lowsnr/train_lowsnr/current_99999.ckpt
2024-01-18 17:14:43.843991: I tensorflow/compiler/jit/xla_gpu_device.cc:99] Not creating XLA devices, tf_xla_enable_xla_devices not set
2024-01-18 17:14:43.871083: I tensorflow/compiler/jit/xla_gpu_device.cc:99] Not creating XLA devices, tf_xla_enable_xla_devices not set
INFO:tensorflow:Restoring parameters from /global/cfs/cdirs/desi/users/jqzou/dla_finder/prediction/model/train_lowsnr/train_lowsnr/current_99999.ckpt
INFO:tensorflow:Restoring parameters from /global/cfs/cdirs/desi/users/jqzou/dla_finder/prediction/model/train_lowsnr/train_lowsnr/current_99999.ckpt
INFO:tensorflow:Restoring parameters from /global/cfs/cdirs/desi/users/jqzou/dla_finder/prediction/model/train_midsnr/train_midsnr/current_99999.ckpt
2024-01-18 17:14:43.938726: I tensorflow/compiler/jit/xla_gpu_device.cc:99] Not creating XLA devices, tf_xla_enable_xla_devices not set
 70%|████████████████████████████████████████████████████████████████████████████████████▊                                     | 525/755 [00:57<00:19, 11.81it/s]INFO:tensorflow:Restoring parameters from /global/cfs/cdirs/desi/users/jqzou/dla_finder/prediction/model/train_midsnr/train_midsnr/current_99999.ckpt
2024-01-18 17:14:43.991404: I tensorflow/compiler/jit/xla_gpu_device.cc:99] Not creating XLA devices, tf_xla_enable_xla_devices not set
INFO:tensorflow:Restoring parameters from /global/cfs/cdirs/desi/users/jqzou/dla_finder/prediction/model/train_lowsnr/train_lowsnr/current_99999.ckpt
2024-01-18 17:14:44.033217: I tensorflow/compiler/jit/xla_gpu_device.cc:99] Not creating XLA devices, tf_xla_enable_xla_devices not set
INFO:tensorflow:Restoring parameters from /global/cfs/cdirs/desi/users/jqzou/dla_finder/prediction/model/train_lowsnr/train_lowsnr/current_99999.ckpt
2024-01-18 17:14:44.075775: I tensorflow/compiler/jit/xla_gpu_device.cc:99] Not creating XLA devices, tf_xla_enable_xla_devices not set
 71%|███████████████████████████████████████████████████████████████████████████████████████                                   | 539/755 [00:58<00:12, 17.06it/s]INFO:tensorflow:Restoring parameters from /global/cfs/cdirs/desi/users/jqzou/dla_finder/prediction/model/train_lowsnr/train_lowsnr/current_99999.ckpt
2024-01-18 17:14:44.133071: I tensorflow/compiler/jit/xla_gpu_device.cc:99] Not creating XLA devices, tf_xla_enable_xla_devices not set
INFO:tensorflow:Restoring parameters from /global/cfs/cdirs/desi/users/jqzou/dla_finder/prediction/model/train_lowsnr/train_lowsnr/current_99999.ckpt
INFO:tensorflow:Restoring parameters from /global/cfs/cdirs/desi/users/jqzou/dla_finder/prediction/model/train_lowsnr/train_lowsnr/current_99999.ckpt
 72%|████████████████████████████████████████████████████████████████████████████████████████▏                                 | 546/755 [00:58<00:10, 19.65it/s]2024-01-18 17:14:44.221450: I tensorflow/compiler/jit/xla_gpu_device.cc:99] Not creating XLA devices, tf_xla_enable_xla_devices not set
2024-01-18 17:14:44.254485: I tensorflow/compiler/jit/xla_gpu_device.cc:99] Not creating XLA devices, tf_xla_enable_xla_devices not set
INFO:tensorflow:Restoring parameters from /global/cfs/cdirs/desi/users/jqzou/dla_finder/prediction/model/train_lowsnr/train_lowsnr/current_99999.ckpt
INFO:tensorflow:Restoring parameters from /global/cfs/cdirs/desi/users/jqzou/dla_finder/prediction/model/train_midsnr/train_midsnr/current_99999.ckpt
2024-01-18 17:14:44.607750: I tensorflow/compiler/jit/xla_gpu_device.cc:99] Not creating XLA devices, tf_xla_enable_xla_devices not set
INFO:tensorflow:Restoring parameters from /global/cfs/cdirs/desi/users/jqzou/dla_finder/prediction/model/train_lowsnr/train_lowsnr/current_99999.ckpt
2024-01-18 17:14:45.112436: I tensorflow/compiler/jit/xla_gpu_device.cc:99] Not creating XLA devices, tf_xla_enable_xla_devices not set
2024-01-18 17:14:45.117776: I tensorflow/compiler/jit/xla_gpu_device.cc:99] Not creating XLA devices, tf_xla_enable_xla_devices not set
2024-01-18 17:14:45.120589: I tensorflow/compiler/jit/xla_gpu_device.cc:99] Not creating XLA devices, tf_xla_enable_xla_devices not set
2024-01-18 17:14:45.140925: I tensorflow/compiler/jit/xla_gpu_device.cc:99] Not creating XLA devices, tf_xla_enable_xla_devices not set
INFO:tensorflow:Restoring parameters from /global/cfs/cdirs/desi/users/jqzou/dla_finder/prediction/model/train_lowsnr/train_lowsnr/current_99999.ckpt
INFO:tensorflow:Restoring parameters from /global/cfs/cdirs/desi/users/jqzou/dla_finder/prediction/model/train_lowsnr/train_lowsnr/current_99999.ckpt
INFO:tensorflow:Restoring parameters from /global/cfs/cdirs/desi/users/jqzou/dla_finder/prediction/model/train_lowsnr/train_lowsnr/current_99999.ckpt
INFO:tensorflow:Restoring parameters from /global/cfs/cdirs/desi/users/jqzou/dla_finder/prediction/model/train_lowsnr/train_lowsnr/current_99999.ckpt
2024-01-18 17:14:45.408526: I tensorflow/compiler/jit/xla_gpu_device.cc:99] Not creating XLA devices, tf_xla_enable_xla_devices not set
INFO:tensorflow:Restoring parameters from /global/cfs/cdirs/desi/users/jqzou/dla_finder/prediction/model/train_lowsnr/train_lowsnr/current_99999.ckpt
2024-01-18 17:14:45.686234: I tensorflow/compiler/jit/xla_gpu_device.cc:99] Not creating XLA devices, tf_xla_enable_xla_devices not set
 73%|█████████████████████████████████████████████████████████████████████████████████████████▎                                | 553/755 [00:59<00:17, 11.34it/s]INFO:tensorflow:Restoring parameters from /global/cfs/cdirs/desi/users/jqzou/dla_finder/prediction/model/train_lowsnr/train_lowsnr/current_99999.ckpt
2024-01-18 17:14:45.863374: I tensorflow/compiler/jit/xla_gpu_device.cc:99] Not creating XLA devices, tf_xla_enable_xla_devices not set
2024-01-18 17:14:45.903312: I tensorflow/compiler/jit/xla_gpu_device.cc:99] Not creating XLA devices, tf_xla_enable_xla_devices not set
INFO:tensorflow:Restoring parameters from /global/cfs/cdirs/desi/users/jqzou/dla_finder/prediction/model/train_lowsnr/train_lowsnr/current_99999.ckpt
INFO:tensorflow:Restoring parameters from /global/cfs/cdirs/desi/users/jqzou/dla_finder/prediction/model/train_lowsnr/train_lowsnr/current_99999.ckpt
 74%|██████████████████████████████████████████████████████████████████████████████████████████▍                               | 560/755 [00:59<00:14, 13.38it/s]2024-01-18 17:14:46.038671: I tensorflow/compiler/jit/xla_gpu_device.cc:99] Not creating XLA devices, tf_xla_enable_xla_devices not set
INFO:tensorflow:Restoring parameters from /global/cfs/cdirs/desi/users/jqzou/dla_finder/prediction/model/train_lowsnr/train_lowsnr/current_99999.ckpt
2024-01-18 17:14:46.288385: I tensorflow/compiler/jit/xla_gpu_device.cc:99] Not creating XLA devices, tf_xla_enable_xla_devices not set
INFO:tensorflow:Restoring parameters from /global/cfs/cdirs/desi/users/jqzou/dla_finder/prediction/model/train_lowsnr/train_lowsnr/current_99999.ckpt
2024-01-18 17:14:46.934655: I tensorflow/compiler/jit/xla_gpu_device.cc:99] Not creating XLA devices, tf_xla_enable_xla_devices not set
INFO:tensorflow:Restoring parameters from /global/cfs/cdirs/desi/users/jqzou/dla_finder/prediction/model/train_lowsnr/train_lowsnr/current_99999.ckpt
 76%|████████████████████████████████████████████████████████████████████████████████████████████▊                             | 574/755 [01:01<00:14, 12.56it/s]2024-01-18 17:14:47.376374: I tensorflow/compiler/jit/xla_gpu_device.cc:99] Not creating XLA devices, tf_xla_enable_xla_devices not set
2024-01-18 17:14:47.387786: I tensorflow/compiler/jit/xla_gpu_device.cc:99] Not creating XLA devices, tf_xla_enable_xla_devices not set
 77%|█████████████████████████████████████████████████████████████████████████████████████████████▉                            | 581/755 [01:01<00:11, 14.60it/s]INFO:tensorflow:Restoring parameters from /global/cfs/cdirs/desi/users/jqzou/dla_finder/prediction/model/train_midsnr/train_midsnr/current_99999.ckpt
INFO:tensorflow:Restoring parameters from /global/cfs/cdirs/desi/users/jqzou/dla_finder/prediction/model/train_lowsnr/train_lowsnr/current_99999.ckpt
2024-01-18 17:14:47.580798: I tensorflow/compiler/jit/xla_gpu_device.cc:99] Not creating XLA devices, tf_xla_enable_xla_devices not set
2024-01-18 17:14:47.640676: I tensorflow/compiler/jit/xla_gpu_device.cc:99] Not creating XLA devices, tf_xla_enable_xla_devices not set
 78%|███████████████████████████████████████████████████████████████████████████████████████████████                           | 588/755 [01:01<00:10, 16.43it/s]INFO:tensorflow:Restoring parameters from /global/cfs/cdirs/desi/users/jqzou/dla_finder/prediction/model/train_lowsnr/train_lowsnr/current_99999.ckpt
INFO:tensorflow:Restoring parameters from /global/cfs/cdirs/desi/users/jqzou/dla_finder/prediction/model/train_lowsnr/train_lowsnr/current_99999.ckpt
2024-01-18 17:14:47.947224: I tensorflow/compiler/jit/xla_gpu_device.cc:99] Not creating XLA devices, tf_xla_enable_xla_devices not set
INFO:tensorflow:Restoring parameters from /global/cfs/cdirs/desi/users/jqzou/dla_finder/prediction/model/train_midsnr/train_midsnr/current_99999.ckpt
2024-01-18 17:14:48.031244: I tensorflow/compiler/jit/xla_gpu_device.cc:99] Not creating XLA devices, tf_xla_enable_xla_devices not set
2024-01-18 17:14:48.067140: I tensorflow/compiler/jit/xla_gpu_device.cc:99] Not creating XLA devices, tf_xla_enable_xla_devices not set
2024-01-18 17:14:48.073814: I tensorflow/compiler/jit/xla_gpu_device.cc:99] Not creating XLA devices, tf_xla_enable_xla_devices not set
 79%|████████████████████████████████████████████████████████████████████████████████████████████████▏                         | 595/755 [01:02<00:09, 16.37it/s]INFO:tensorflow:Restoring parameters from /global/cfs/cdirs/desi/users/jqzou/dla_finder/prediction/model/train_lowsnr/train_lowsnr/current_99999.ckpt
2024-01-18 17:14:48.136595: I tensorflow/compiler/jit/xla_gpu_device.cc:99] Not creating XLA devices, tf_xla_enable_xla_devices not set
INFO:tensorflow:Restoring parameters from /global/cfs/cdirs/desi/users/jqzou/dla_finder/prediction/model/train_midsnr/train_midsnr/current_99999.ckpt
2024-01-18 17:14:48.152239: I tensorflow/compiler/jit/xla_gpu_device.cc:99] Not creating XLA devices, tf_xla_enable_xla_devices not set
2024-01-18 17:14:48.162903: I tensorflow/compiler/jit/xla_gpu_device.cc:99] Not creating XLA devices, tf_xla_enable_xla_devices not set
2024-01-18 17:14:48.181808: I tensorflow/compiler/jit/xla_gpu_device.cc:99] Not creating XLA devices, tf_xla_enable_xla_devices not set
INFO:tensorflow:Restoring parameters from /global/cfs/cdirs/desi/users/jqzou/dla_finder/prediction/model/train_midsnr/train_midsnr/current_99999.ckpt
INFO:tensorflow:Restoring parameters from /global/cfs/cdirs/desi/users/jqzou/dla_finder/prediction/model/train_lowsnr/train_lowsnr/current_99999.ckpt
INFO:tensorflow:Restoring parameters from /global/cfs/cdirs/desi/users/jqzou/dla_finder/prediction/model/train_lowsnr/train_lowsnr/current_99999.ckpt
INFO:tensorflow:Restoring parameters from /global/cfs/cdirs/desi/users/jqzou/dla_finder/prediction/model/train_midsnr/train_midsnr/current_99999.ckpt
2024-01-18 17:14:48.294469: I tensorflow/compiler/jit/xla_gpu_device.cc:99] Not creating XLA devices, tf_xla_enable_xla_devices not set
INFO:tensorflow:Restoring parameters from /global/cfs/cdirs/desi/users/jqzou/dla_finder/prediction/model/train_lowsnr/train_lowsnr/current_99999.ckpt
INFO:tensorflow:Restoring parameters from /global/cfs/cdirs/desi/users/jqzou/dla_finder/prediction/model/train_midsnr/train_midsnr/current_99999.ckpt
 80%|█████████████████████████████████████████████████████████████████████████████████████████████████▎                        | 602/755 [01:02<00:10, 14.30it/s]2024-01-18 17:14:48.828966: I tensorflow/compiler/jit/xla_gpu_device.cc:99] Not creating XLA devices, tf_xla_enable_xla_devices not set
INFO:tensorflow:Restoring parameters from /global/cfs/cdirs/desi/users/jqzou/dla_finder/prediction/model/train_midsnr/train_midsnr/current_99999.ckpt
2024-01-18 17:14:49.092485: I tensorflow/compiler/jit/xla_gpu_device.cc:99] Not creating XLA devices, tf_xla_enable_xla_devices not set
INFO:tensorflow:Restoring parameters from /global/cfs/cdirs/desi/users/jqzou/dla_finder/prediction/model/train_midsnr/train_midsnr/current_99999.ckpt
2024-01-18 17:14:49.164908: I tensorflow/compiler/jit/xla_gpu_device.cc:99] Not creating XLA devices, tf_xla_enable_xla_devices not set
INFO:tensorflow:Restoring parameters from /global/cfs/cdirs/desi/users/jqzou/dla_finder/prediction/model/train_lowsnr/train_lowsnr/current_99999.ckpt
2024-01-18 17:14:49.340429: I tensorflow/compiler/jit/xla_gpu_device.cc:99] Not creating XLA devices, tf_xla_enable_xla_devices not set
 81%|██████████████████████████████████████████████████████████████████████████████████████████████████▍                       | 609/755 [01:03<00:10, 13.51it/s]2024-01-18 17:14:49.381241: I tensorflow/compiler/jit/xla_gpu_device.cc:99] Not creating XLA devices, tf_xla_enable_xla_devices not set
INFO:tensorflow:Restoring parameters from /global/cfs/cdirs/desi/users/jqzou/dla_finder/prediction/model/train_lowsnr/train_lowsnr/current_99999.ckpt
INFO:tensorflow:Restoring parameters from /global/cfs/cdirs/desi/users/jqzou/dla_finder/prediction/model/train_lowsnr/train_lowsnr/current_99999.ckpt
2024-01-18 17:14:49.494685: I tensorflow/compiler/jit/xla_gpu_device.cc:99] Not creating XLA devices, tf_xla_enable_xla_devices not set
INFO:tensorflow:Restoring parameters from /global/cfs/cdirs/desi/users/jqzou/dla_finder/prediction/model/train_lowsnr/train_lowsnr/current_99999.ckpt
2024-01-18 17:14:49.749531: I tensorflow/compiler/jit/xla_gpu_device.cc:99] Not creating XLA devices, tf_xla_enable_xla_devices not set
INFO:tensorflow:Restoring parameters from /global/cfs/cdirs/desi/users/jqzou/dla_finder/prediction/model/train_lowsnr/train_lowsnr/current_99999.ckpt
2024-01-18 17:14:49.831193: I tensorflow/compiler/jit/xla_gpu_device.cc:99] Not creating XLA devices, tf_xla_enable_xla_devices not set
2024-01-18 17:14:49.843627: I tensorflow/compiler/jit/xla_gpu_device.cc:99] Not creating XLA devices, tf_xla_enable_xla_devices not set
INFO:tensorflow:Restoring parameters from /global/cfs/cdirs/desi/users/jqzou/dla_finder/prediction/model/train_lowsnr/train_lowsnr/current_99999.ckpt
 82%|███████████████████████████████████████████████████████████████████████████████████████████████████▌                      | 616/755 [01:03<00:10, 12.79it/s]2024-01-18 17:14:50.002252: I tensorflow/compiler/jit/xla_gpu_device.cc:99] Not creating XLA devices, tf_xla_enable_xla_devices not set
2024-01-18 17:14:50.046981: I tensorflow/compiler/jit/xla_gpu_device.cc:99] Not creating XLA devices, tf_xla_enable_xla_devices not set
INFO:tensorflow:Restoring parameters from /global/cfs/cdirs/desi/users/jqzou/dla_finder/prediction/model/train_lowsnr/train_lowsnr/current_99999.ckpt
2024-01-18 17:14:50.080844: I tensorflow/compiler/jit/xla_gpu_device.cc:99] Not creating XLA devices, tf_xla_enable_xla_devices not set
2024-01-18 17:14:50.080844: I tensorflow/compiler/jit/xla_gpu_device.cc:99] Not creating XLA devices, tf_xla_enable_xla_devices not set
INFO:tensorflow:Restoring parameters from /global/cfs/cdirs/desi/users/jqzou/dla_finder/prediction/model/train_lowsnr/train_lowsnr/current_99999.ckpt
INFO:tensorflow:Restoring parameters from /global/cfs/cdirs/desi/users/jqzou/dla_finder/prediction/model/train_lowsnr/train_lowsnr/current_99999.ckpt
2024-01-18 17:14:50.246474: I tensorflow/compiler/jit/xla_gpu_device.cc:99] Not creating XLA devices, tf_xla_enable_xla_devices not set
2024-01-18 17:14:50.270225: I tensorflow/compiler/jit/xla_gpu_device.cc:99] Not creating XLA devices, tf_xla_enable_xla_devices not set
INFO:tensorflow:Restoring parameters from /global/cfs/cdirs/desi/users/jqzou/dla_finder/prediction/model/train_lowsnr/train_lowsnr/current_99999.ckpt
2024-01-18 17:14:50.272733: I tensorflow/compiler/jit/xla_gpu_device.cc:99] Not creating XLA devices, tf_xla_enable_xla_devices not set
2024-01-18 17:14:50.298380: I tensorflow/compiler/jit/xla_gpu_device.cc:99] Not creating XLA devices, tf_xla_enable_xla_devices not set
2024-01-18 17:14:50.301731: I tensorflow/compiler/jit/xla_gpu_device.cc:99] Not creating XLA devices, tf_xla_enable_xla_devices not set
INFO:tensorflow:Restoring parameters from /global/cfs/cdirs/desi/users/jqzou/dla_finder/prediction/model/train_lowsnr/train_lowsnr/current_99999.ckpt
INFO:tensorflow:Restoring parameters from /global/cfs/cdirs/desi/users/jqzou/dla_finder/prediction/model/train_lowsnr/train_lowsnr/current_99999.ckpt
INFO:tensorflow:Restoring parameters from /global/cfs/cdirs/desi/users/jqzou/dla_finder/prediction/model/train_lowsnr/train_lowsnr/current_99999.ckpt
INFO:tensorflow:Restoring parameters from /global/cfs/cdirs/desi/users/jqzou/dla_finder/prediction/model/train_lowsnr/train_lowsnr/current_99999.ckpt
INFO:tensorflow:Restoring parameters from /global/cfs/cdirs/desi/users/jqzou/dla_finder/prediction/model/train_lowsnr/train_lowsnr/current_99999.ckpt
2024-01-18 17:14:50.462676: I tensorflow/compiler/jit/xla_gpu_device.cc:99] Not creating XLA devices, tf_xla_enable_xla_devices not set
INFO:tensorflow:Restoring parameters from /global/cfs/cdirs/desi/users/jqzou/dla_finder/prediction/model/train_midsnr/train_midsnr/current_99999.ckpt
INFO:tensorflow:Restoring parameters from /global/cfs/cdirs/desi/users/jqzou/dla_finder/prediction/model/train_lowsnr/train_lowsnr/current_99999.ckpt
2024-01-18 17:14:51.242557: I tensorflow/compiler/jit/xla_gpu_device.cc:99] Not creating XLA devices, tf_xla_enable_xla_devices not set
 83%|████████████████████████████████████████████████████████████████████████████████████████████████████▋                     | 623/755 [01:05<00:16,  8.11it/s]INFO:tensorflow:Restoring parameters from /global/cfs/cdirs/desi/users/jqzou/dla_finder/prediction/model/train_lowsnr/train_lowsnr/current_99999.ckpt
2024-01-18 17:14:51.939197: I tensorflow/compiler/jit/xla_gpu_device.cc:99] Not creating XLA devices, tf_xla_enable_xla_devices not set
INFO:tensorflow:Restoring parameters from /global/cfs/cdirs/desi/users/jqzou/dla_finder/prediction/model/train_lowsnr/train_lowsnr/current_99999.ckpt
2024-01-18 17:14:52.058536: I tensorflow/compiler/jit/xla_gpu_device.cc:99] Not creating XLA devices, tf_xla_enable_xla_devices not set
INFO:tensorflow:Restoring parameters from /global/cfs/cdirs/desi/users/jqzou/dla_finder/prediction/model/train_lowsnr/train_lowsnr/current_99999.ckpt
2024-01-18 17:14:52.243830: I tensorflow/compiler/jit/xla_gpu_device.cc:99] Not creating XLA devices, tf_xla_enable_xla_devices not set
2024-01-18 17:14:52.283707: I tensorflow/compiler/jit/xla_gpu_device.cc:99] Not creating XLA devices, tf_xla_enable_xla_devices not set
INFO:tensorflow:Restoring parameters from /global/cfs/cdirs/desi/users/jqzou/dla_finder/prediction/model/train_lowsnr/train_lowsnr/current_99999.ckpt
INFO:tensorflow:Restoring parameters from /global/cfs/cdirs/desi/users/jqzou/dla_finder/prediction/model/train_lowsnr/train_lowsnr/current_99999.ckpt
2024-01-18 17:14:52.651505: I tensorflow/compiler/jit/xla_gpu_device.cc:99] Not creating XLA devices, tf_xla_enable_xla_devices not set
2024-01-18 17:14:52.689663: I tensorflow/compiler/jit/xla_gpu_device.cc:99] Not creating XLA devices, tf_xla_enable_xla_devices not set
INFO:tensorflow:Restoring parameters from /global/cfs/cdirs/desi/users/jqzou/dla_finder/prediction/model/train_lowsnr/train_lowsnr/current_99999.ckpt
INFO:tensorflow:Restoring parameters from /global/cfs/cdirs/desi/users/jqzou/dla_finder/prediction/model/train_lowsnr/train_lowsnr/current_99999.ckpt
2024-01-18 17:14:52.799489: I tensorflow/compiler/jit/xla_gpu_device.cc:99] Not creating XLA devices, tf_xla_enable_xla_devices not set
2024-01-18 17:14:53.020388: I tensorflow/compiler/jit/xla_gpu_device.cc:99] Not creating XLA devices, tf_xla_enable_xla_devices not set
2024-01-18 17:14:53.022233: I tensorflow/compiler/jit/xla_gpu_device.cc:99] Not creating XLA devices, tf_xla_enable_xla_devices not set
2024-01-18 17:14:53.051907: I tensorflow/compiler/jit/xla_gpu_device.cc:99] Not creating XLA devices, tf_xla_enable_xla_devices not set
INFO:tensorflow:Restoring parameters from /global/cfs/cdirs/desi/users/jqzou/dla_finder/prediction/model/train_lowsnr/train_lowsnr/current_99999.ckpt
INFO:tensorflow:Restoring parameters from /global/cfs/cdirs/desi/users/jqzou/dla_finder/prediction/model/train_lowsnr/train_lowsnr/current_99999.ckpt
INFO:tensorflow:Restoring parameters from /global/cfs/cdirs/desi/users/jqzou/dla_finder/prediction/model/train_midsnr/train_midsnr/current_99999.ckpt
2024-01-18 17:14:53.130287: I tensorflow/compiler/jit/xla_gpu_device.cc:99] Not creating XLA devices, tf_xla_enable_xla_devices not set
INFO:tensorflow:Restoring parameters from /global/cfs/cdirs/desi/users/jqzou/dla_finder/prediction/model/train_lowsnr/train_lowsnr/current_99999.ckpt
INFO:tensorflow:Restoring parameters from /global/cfs/cdirs/desi/users/jqzou/dla_finder/prediction/model/train_lowsnr/train_lowsnr/current_99999.ckpt
2024-01-18 17:14:53.264515: I tensorflow/compiler/jit/xla_gpu_device.cc:99] Not creating XLA devices, tf_xla_enable_xla_devices not set
INFO:tensorflow:Restoring parameters from /global/cfs/cdirs/desi/users/jqzou/dla_finder/prediction/model/train_lowsnr/train_lowsnr/current_99999.ckpt
2024-01-18 17:14:53.510287: I tensorflow/compiler/jit/xla_gpu_device.cc:99] Not creating XLA devices, tf_xla_enable_xla_devices not set
INFO:tensorflow:Restoring parameters from /global/cfs/cdirs/desi/users/jqzou/dla_finder/prediction/model/train_midsnr/train_midsnr/current_99999.ckpt
2024-01-18 17:14:53.835639: I tensorflow/compiler/jit/xla_gpu_device.cc:99] Not creating XLA devices, tf_xla_enable_xla_devices not set
2024-01-18 17:14:53.928049: I tensorflow/compiler/jit/xla_gpu_device.cc:99] Not creating XLA devices, tf_xla_enable_xla_devices not set
2024-01-18 17:14:53.971746: I tensorflow/compiler/jit/xla_gpu_device.cc:99] Not creating XLA devices, tf_xla_enable_xla_devices not set
INFO:tensorflow:Restoring parameters from /global/cfs/cdirs/desi/users/jqzou/dla_finder/prediction/model/train_lowsnr/train_lowsnr/current_99999.ckpt
2024-01-18 17:14:54.134086: I tensorflow/compiler/jit/xla_gpu_device.cc:99] Not creating XLA devices, tf_xla_enable_xla_devices not set
INFO:tensorflow:Restoring parameters from /global/cfs/cdirs/desi/users/jqzou/dla_finder/prediction/model/train_midsnr/train_midsnr/current_99999.ckpt
INFO:tensorflow:Restoring parameters from /global/cfs/cdirs/desi/users/jqzou/dla_finder/prediction/model/train_lowsnr/train_lowsnr/current_99999.ckpt
2024-01-18 17:14:54.276455: I tensorflow/compiler/jit/xla_gpu_device.cc:99] Not creating XLA devices, tf_xla_enable_xla_devices not set
INFO:tensorflow:Restoring parameters from /global/cfs/cdirs/desi/users/jqzou/dla_finder/prediction/model/train_lowsnr/train_lowsnr/current_99999.ckpt
2024-01-18 17:14:54.387733: I tensorflow/compiler/jit/xla_gpu_device.cc:99] Not creating XLA devices, tf_xla_enable_xla_devices not set
2024-01-18 17:14:54.504089: I tensorflow/compiler/jit/xla_gpu_device.cc:99] Not creating XLA devices, tf_xla_enable_xla_devices not set
2024-01-18 17:14:54.576752: I tensorflow/compiler/jit/xla_gpu_device.cc:99] Not creating XLA devices, tf_xla_enable_xla_devices not set
2024-01-18 17:14:54.737121: I tensorflow/compiler/jit/xla_gpu_device.cc:99] Not creating XLA devices, tf_xla_enable_xla_devices not set
2024-01-18 17:14:54.738249: I tensorflow/compiler/jit/xla_gpu_device.cc:99] Not creating XLA devices, tf_xla_enable_xla_devices not set
INFO:tensorflow:Restoring parameters from /global/cfs/cdirs/desi/users/jqzou/dla_finder/prediction/model/train_lowsnr/train_lowsnr/current_99999.ckpt
INFO:tensorflow:Restoring parameters from /global/cfs/cdirs/desi/users/jqzou/dla_finder/prediction/model/train_lowsnr/train_lowsnr/current_99999.ckpt
INFO:tensorflow:Restoring parameters from /global/cfs/cdirs/desi/users/jqzou/dla_finder/prediction/model/train_lowsnr/train_lowsnr/current_99999.ckpt
2024-01-18 17:14:54.909019: I tensorflow/compiler/jit/xla_gpu_device.cc:99] Not creating XLA devices, tf_xla_enable_xla_devices not set
INFO:tensorflow:Restoring parameters from /global/cfs/cdirs/desi/users/jqzou/dla_finder/prediction/model/train_lowsnr/train_lowsnr/current_99999.ckpt
INFO:tensorflow:Restoring parameters from /global/cfs/cdirs/desi/users/jqzou/dla_finder/prediction/model/train_lowsnr/train_lowsnr/current_99999.ckpt
INFO:tensorflow:Restoring parameters from /global/cfs/cdirs/desi/users/jqzou/dla_finder/prediction/model/train_lowsnr/train_lowsnr/current_99999.ckpt
INFO:tensorflow:Restoring parameters from /global/cfs/cdirs/desi/users/jqzou/dla_finder/prediction/model/train_lowsnr/train_lowsnr/current_99999.ckpt
2024-01-18 17:14:55.297041: I tensorflow/compiler/jit/xla_gpu_device.cc:99] Not creating XLA devices, tf_xla_enable_xla_devices not set
2024-01-18 17:14:55.332778: I tensorflow/compiler/jit/xla_gpu_device.cc:99] Not creating XLA devices, tf_xla_enable_xla_devices not set
2024-01-18 17:14:55.337981: I tensorflow/compiler/jit/xla_gpu_device.cc:99] Not creating XLA devices, tf_xla_enable_xla_devices not set
INFO:tensorflow:Restoring parameters from /global/cfs/cdirs/desi/users/jqzou/dla_finder/prediction/model/train_lowsnr/train_lowsnr/current_99999.ckpt
INFO:tensorflow:Restoring parameters from /global/cfs/cdirs/desi/users/jqzou/dla_finder/prediction/model/train_lowsnr/train_lowsnr/current_99999.ckpt
INFO:tensorflow:Restoring parameters from /global/cfs/cdirs/desi/users/jqzou/dla_finder/prediction/model/train_lowsnr/train_lowsnr/current_99999.ckpt
2024-01-18 17:14:55.614412: I tensorflow/compiler/jit/xla_gpu_device.cc:99] Not creating XLA devices, tf_xla_enable_xla_devices not set
INFO:tensorflow:Restoring parameters from /global/cfs/cdirs/desi/users/jqzou/dla_finder/prediction/model/train_lowsnr/train_lowsnr/current_99999.ckpt
2024-01-18 17:14:55.880074: I tensorflow/compiler/jit/xla_gpu_device.cc:99] Not creating XLA devices, tf_xla_enable_xla_devices not set
INFO:tensorflow:Restoring parameters from /global/cfs/cdirs/desi/users/jqzou/dla_finder/prediction/model/train_lowsnr/train_lowsnr/current_99999.ckpt
2024-01-18 17:14:56.006835: I tensorflow/compiler/jit/xla_gpu_device.cc:99] Not creating XLA devices, tf_xla_enable_xla_devices not set
INFO:tensorflow:Restoring parameters from /global/cfs/cdirs/desi/users/jqzou/dla_finder/prediction/model/train_lowsnr/train_lowsnr/current_99999.ckpt
2024-01-18 17:14:56.148584: I tensorflow/compiler/jit/xla_gpu_device.cc:99] Not creating XLA devices, tf_xla_enable_xla_devices not set
2024-01-18 17:14:56.201058: I tensorflow/compiler/jit/xla_gpu_device.cc:99] Not creating XLA devices, tf_xla_enable_xla_devices not set
2024-01-18 17:14:56.212573: I tensorflow/compiler/jit/xla_gpu_device.cc:99] Not creating XLA devices, tf_xla_enable_xla_devices not set
INFO:tensorflow:Restoring parameters from /global/cfs/cdirs/desi/users/jqzou/dla_finder/prediction/model/train_lowsnr/train_lowsnr/current_99999.ckpt
2024-01-18 17:14:56.361945: I tensorflow/compiler/jit/xla_gpu_device.cc:99] Not creating XLA devices, tf_xla_enable_xla_devices not set
2024-01-18 17:14:56.603809: I tensorflow/compiler/jit/xla_gpu_device.cc:99] Not creating XLA devices, tf_xla_enable_xla_devices not set
INFO:tensorflow:Restoring parameters from /global/cfs/cdirs/desi/users/jqzou/dla_finder/prediction/model/train_lowsnr/train_lowsnr/current_99999.ckpt
INFO:tensorflow:Restoring parameters from /global/cfs/cdirs/desi/users/jqzou/dla_finder/prediction/model/train_lowsnr/train_lowsnr/current_99999.ckpt
2024-01-18 17:14:56.793573: I tensorflow/compiler/jit/xla_gpu_device.cc:99] Not creating XLA devices, tf_xla_enable_xla_devices not set
INFO:tensorflow:Restoring parameters from /global/cfs/cdirs/desi/users/jqzou/dla_finder/prediction/model/train_lowsnr/train_lowsnr/current_99999.ckpt
INFO:tensorflow:Restoring parameters from /global/cfs/cdirs/desi/users/jqzou/dla_finder/prediction/model/train_midsnr/train_midsnr/current_99999.ckpt
2024-01-18 17:14:57.023473: I tensorflow/compiler/jit/xla_gpu_device.cc:99] Not creating XLA devices, tf_xla_enable_xla_devices not set
INFO:tensorflow:Restoring parameters from /global/cfs/cdirs/desi/users/jqzou/dla_finder/prediction/model/train_lowsnr/train_lowsnr/current_99999.ckpt
2024-01-18 17:14:57.092085: I tensorflow/compiler/jit/xla_gpu_device.cc:99] Not creating XLA devices, tf_xla_enable_xla_devices not set
INFO:tensorflow:Restoring parameters from /global/cfs/cdirs/desi/users/jqzou/dla_finder/prediction/model/train_lowsnr/train_lowsnr/current_99999.ckpt
INFO:tensorflow:Restoring parameters from /global/cfs/cdirs/desi/users/jqzou/dla_finder/prediction/model/train_lowsnr/train_lowsnr/current_99999.ckpt
2024-01-18 17:14:57.241242: I tensorflow/compiler/jit/xla_gpu_device.cc:99] Not creating XLA devices, tf_xla_enable_xla_devices not set
2024-01-18 17:14:57.247446: I tensorflow/compiler/jit/xla_gpu_device.cc:99] Not creating XLA devices, tf_xla_enable_xla_devices not set
2024-01-18 17:14:57.272784: I tensorflow/compiler/jit/xla_gpu_device.cc:99] Not creating XLA devices, tf_xla_enable_xla_devices not set
INFO:tensorflow:Restoring parameters from /global/cfs/cdirs/desi/users/jqzou/dla_finder/prediction/model/train_lowsnr/train_lowsnr/current_99999.ckpt
 83%|█████████████████████████████████████████████████████████████████████████████████████████████████████▊                    | 630/755 [01:11<00:41,  3.02it/s]2024-01-18 17:14:57.589695: I tensorflow/compiler/jit/xla_gpu_device.cc:99] Not creating XLA devices, tf_xla_enable_xla_devices not set
2024-01-18 17:14:57.593169: I tensorflow/compiler/jit/xla_gpu_device.cc:99] Not creating XLA devices, tf_xla_enable_xla_devices not set
INFO:tensorflow:Restoring parameters from /global/cfs/cdirs/desi/users/jqzou/dla_finder/prediction/model/train_lowsnr/train_lowsnr/current_99999.ckpt
INFO:tensorflow:Restoring parameters from /global/cfs/cdirs/desi/users/jqzou/dla_finder/prediction/model/train_midsnr/train_midsnr/current_99999.ckpt
INFO:tensorflow:Restoring parameters from /global/cfs/cdirs/desi/users/jqzou/dla_finder/prediction/model/train_lowsnr/train_lowsnr/current_99999.ckpt
INFO:tensorflow:Restoring parameters from /global/cfs/cdirs/desi/users/jqzou/dla_finder/prediction/model/train_midsnr/train_midsnr/current_99999.ckpt
2024-01-18 17:14:57.951347: I tensorflow/compiler/jit/xla_gpu_device.cc:99] Not creating XLA devices, tf_xla_enable_xla_devices not set
INFO:tensorflow:Restoring parameters from /global/cfs/cdirs/desi/users/jqzou/dla_finder/prediction/model/train_lowsnr/train_lowsnr/current_99999.ckpt
2024-01-18 17:14:58.109021: I tensorflow/compiler/jit/xla_gpu_device.cc:99] Not creating XLA devices, tf_xla_enable_xla_devices not set
INFO:tensorflow:Restoring parameters from /global/cfs/cdirs/desi/users/jqzou/dla_finder/prediction/model/train_lowsnr/train_lowsnr/current_99999.ckpt
2024-01-18 17:14:58.312033: I tensorflow/compiler/jit/xla_gpu_device.cc:99] Not creating XLA devices, tf_xla_enable_xla_devices not set
INFO:tensorflow:Restoring parameters from /global/cfs/cdirs/desi/users/jqzou/dla_finder/prediction/model/train_lowsnr/train_lowsnr/current_99999.ckpt
2024-01-18 17:14:58.378579: I tensorflow/compiler/jit/xla_gpu_device.cc:99] Not creating XLA devices, tf_xla_enable_xla_devices not set
INFO:tensorflow:Restoring parameters from /global/cfs/cdirs/desi/users/jqzou/dla_finder/prediction/model/train_lowsnr/train_lowsnr/current_99999.ckpt
2024-01-18 17:14:58.627819: I tensorflow/compiler/jit/xla_gpu_device.cc:99] Not creating XLA devices, tf_xla_enable_xla_devices not set
INFO:tensorflow:Restoring parameters from /global/cfs/cdirs/desi/users/jqzou/dla_finder/prediction/model/train_midsnr/train_midsnr/current_99999.ckpt
2024-01-18 17:14:58.782775: I tensorflow/compiler/jit/xla_gpu_device.cc:99] Not creating XLA devices, tf_xla_enable_xla_devices not set
2024-01-18 17:14:58.823057: I tensorflow/compiler/jit/xla_gpu_device.cc:99] Not creating XLA devices, tf_xla_enable_xla_devices not set
2024-01-18 17:14:58.856523: I tensorflow/compiler/jit/xla_gpu_device.cc:99] Not creating XLA devices, tf_xla_enable_xla_devices not set
INFO:tensorflow:Restoring parameters from /global/cfs/cdirs/desi/users/jqzou/dla_finder/prediction/model/train_lowsnr/train_lowsnr/current_99999.ckpt
2024-01-18 17:14:58.913241: I tensorflow/compiler/jit/xla_gpu_device.cc:99] Not creating XLA devices, tf_xla_enable_xla_devices not set
INFO:tensorflow:Restoring parameters from /global/cfs/cdirs/desi/users/jqzou/dla_finder/prediction/model/train_lowsnr/train_lowsnr/current_99999.ckpt
INFO:tensorflow:Restoring parameters from /global/cfs/cdirs/desi/users/jqzou/dla_finder/prediction/model/train_lowsnr/train_lowsnr/current_99999.ckpt
INFO:tensorflow:Restoring parameters from /global/cfs/cdirs/desi/users/jqzou/dla_finder/prediction/model/train_lowsnr/train_lowsnr/current_99999.ckpt
2024-01-18 17:14:59.521763: I tensorflow/compiler/jit/xla_gpu_device.cc:99] Not creating XLA devices, tf_xla_enable_xla_devices not set
2024-01-18 17:14:59.525806: I tensorflow/compiler/jit/xla_gpu_device.cc:99] Not creating XLA devices, tf_xla_enable_xla_devices not set
INFO:tensorflow:Restoring parameters from /global/cfs/cdirs/desi/users/jqzou/dla_finder/prediction/model/train_lowsnr/train_lowsnr/current_99999.ckpt
INFO:tensorflow:Restoring parameters from /global/cfs/cdirs/desi/users/jqzou/dla_finder/prediction/model/train_lowsnr/train_lowsnr/current_99999.ckpt
2024-01-18 17:14:59.606368: I tensorflow/compiler/jit/xla_gpu_device.cc:99] Not creating XLA devices, tf_xla_enable_xla_devices not set
INFO:tensorflow:Restoring parameters from /global/cfs/cdirs/desi/users/jqzou/dla_finder/prediction/model/train_midsnr/train_midsnr/current_99999.ckpt
2024-01-18 17:14:59.732220: I tensorflow/compiler/jit/xla_gpu_device.cc:99] Not creating XLA devices, tf_xla_enable_xla_devices not set
INFO:tensorflow:Restoring parameters from /global/cfs/cdirs/desi/users/jqzou/dla_finder/prediction/model/train_midsnr/train_midsnr/current_99999.ckpt
2024-01-18 17:15:00.082717: I tensorflow/compiler/jit/xla_gpu_device.cc:99] Not creating XLA devices, tf_xla_enable_xla_devices not set
INFO:tensorflow:Restoring parameters from /global/cfs/cdirs/desi/users/jqzou/dla_finder/prediction/model/train_lowsnr/train_lowsnr/current_99999.ckpt
2024-01-18 17:15:00.302273: I tensorflow/compiler/jit/xla_gpu_device.cc:99] Not creating XLA devices, tf_xla_enable_xla_devices not set
INFO:tensorflow:Restoring parameters from /global/cfs/cdirs/desi/users/jqzou/dla_finder/prediction/model/train_lowsnr/train_lowsnr/current_99999.ckpt
2024-01-18 17:15:00.410787: I tensorflow/compiler/jit/xla_gpu_device.cc:99] Not creating XLA devices, tf_xla_enable_xla_devices not set
INFO:tensorflow:Restoring parameters from /global/cfs/cdirs/desi/users/jqzou/dla_finder/prediction/model/train_lowsnr/train_lowsnr/current_99999.ckpt
2024-01-18 17:15:00.538088: I tensorflow/compiler/jit/xla_gpu_device.cc:99] Not creating XLA devices, tf_xla_enable_xla_devices not set
INFO:tensorflow:Restoring parameters from /global/cfs/cdirs/desi/users/jqzou/dla_finder/prediction/model/train_lowsnr/train_lowsnr/current_99999.ckpt
2024-01-18 17:15:00.652963: I tensorflow/compiler/jit/xla_gpu_device.cc:99] Not creating XLA devices, tf_xla_enable_xla_devices not set
2024-01-18 17:15:00.672895: I tensorflow/compiler/jit/xla_gpu_device.cc:99] Not creating XLA devices, tf_xla_enable_xla_devices not set
2024-01-18 17:15:00.691821: I tensorflow/compiler/jit/xla_gpu_device.cc:99] Not creating XLA devices, tf_xla_enable_xla_devices not set
INFO:tensorflow:Restoring parameters from /global/cfs/cdirs/desi/users/jqzou/dla_finder/prediction/model/train_midsnr/train_midsnr/current_99999.ckpt
INFO:tensorflow:Restoring parameters from /global/cfs/cdirs/desi/users/jqzou/dla_finder/prediction/model/train_midsnr/train_midsnr/current_99999.ckpt
2024-01-18 17:15:00.869433: I tensorflow/compiler/jit/xla_gpu_device.cc:99] Not creating XLA devices, tf_xla_enable_xla_devices not set
2024-01-18 17:15:00.887540: I tensorflow/compiler/jit/xla_gpu_device.cc:99] Not creating XLA devices, tf_xla_enable_xla_devices not set
INFO:tensorflow:Restoring parameters from /global/cfs/cdirs/desi/users/jqzou/dla_finder/prediction/model/train_lowsnr/train_lowsnr/current_99999.ckpt
INFO:tensorflow:Restoring parameters from /global/cfs/cdirs/desi/users/jqzou/dla_finder/prediction/model/train_lowsnr/train_lowsnr/current_99999.ckpt
2024-01-18 17:15:00.977988: I tensorflow/compiler/jit/xla_gpu_device.cc:99] Not creating XLA devices, tf_xla_enable_xla_devices not set
2024-01-18 17:15:00.997816: I tensorflow/compiler/jit/xla_gpu_device.cc:99] Not creating XLA devices, tf_xla_enable_xla_devices not set
INFO:tensorflow:Restoring parameters from /global/cfs/cdirs/desi/users/jqzou/dla_finder/prediction/model/train_lowsnr/train_lowsnr/current_99999.ckpt
INFO:tensorflow:Restoring parameters from /global/cfs/cdirs/desi/users/jqzou/dla_finder/prediction/model/train_lowsnr/train_lowsnr/current_99999.ckpt
INFO:tensorflow:Restoring parameters from /global/cfs/cdirs/desi/users/jqzou/dla_finder/prediction/model/train_lowsnr/train_lowsnr/current_99999.ckpt
2024-01-18 17:15:01.321339: I tensorflow/compiler/jit/xla_gpu_device.cc:99] Not creating XLA devices, tf_xla_enable_xla_devices not set
INFO:tensorflow:Restoring parameters from /global/cfs/cdirs/desi/users/jqzou/dla_finder/prediction/model/train_midsnr/train_midsnr/current_99999.ckpt
2024-01-18 17:15:01.507832: I tensorflow/compiler/jit/xla_gpu_device.cc:99] Not creating XLA devices, tf_xla_enable_xla_devices not set
INFO:tensorflow:Restoring parameters from /global/cfs/cdirs/desi/users/jqzou/dla_finder/prediction/model/train_lowsnr/train_lowsnr/current_99999.ckpt
2024-01-18 17:15:01.953731: I tensorflow/compiler/jit/xla_gpu_device.cc:99] Not creating XLA devices, tf_xla_enable_xla_devices not set
2024-01-18 17:15:01.992094: I tensorflow/compiler/jit/xla_gpu_device.cc:99] Not creating XLA devices, tf_xla_enable_xla_devices not set
INFO:tensorflow:Restoring parameters from /global/cfs/cdirs/desi/users/jqzou/dla_finder/prediction/model/train_lowsnr/train_lowsnr/current_99999.ckpt
2024-01-18 17:15:02.031256: I tensorflow/compiler/jit/xla_gpu_device.cc:99] Not creating XLA devices, tf_xla_enable_xla_devices not set
INFO:tensorflow:Restoring parameters from /global/cfs/cdirs/desi/users/jqzou/dla_finder/prediction/model/train_midsnr/train_midsnr/current_99999.ckpt
INFO:tensorflow:Restoring parameters from /global/cfs/cdirs/desi/users/jqzou/dla_finder/prediction/model/train_lowsnr/train_lowsnr/current_99999.ckpt
2024-01-18 17:15:02.371062: I tensorflow/compiler/jit/xla_gpu_device.cc:99] Not creating XLA devices, tf_xla_enable_xla_devices not set
INFO:tensorflow:Restoring parameters from /global/cfs/cdirs/desi/users/jqzou/dla_finder/prediction/model/train_lowsnr/train_lowsnr/current_99999.ckpt
2024-01-18 17:15:02.502946: I tensorflow/compiler/jit/xla_gpu_device.cc:99] Not creating XLA devices, tf_xla_enable_xla_devices not set
2024-01-18 17:15:02.515851: I tensorflow/compiler/jit/xla_gpu_device.cc:99] Not creating XLA devices, tf_xla_enable_xla_devices not set
2024-01-18 17:15:02.551573: I tensorflow/compiler/jit/xla_gpu_device.cc:99] Not creating XLA devices, tf_xla_enable_xla_devices not set
INFO:tensorflow:Restoring parameters from /global/cfs/cdirs/desi/users/jqzou/dla_finder/prediction/model/train_lowsnr/train_lowsnr/current_99999.ckpt
INFO:tensorflow:Restoring parameters from /global/cfs/cdirs/desi/users/jqzou/dla_finder/prediction/model/train_lowsnr/train_lowsnr/current_99999.ckpt
2024-01-18 17:15:02.642960: I tensorflow/compiler/jit/xla_gpu_device.cc:99] Not creating XLA devices, tf_xla_enable_xla_devices not set
INFO:tensorflow:Restoring parameters from /global/cfs/cdirs/desi/users/jqzou/dla_finder/prediction/model/train_lowsnr/train_lowsnr/current_99999.ckpt
2024-01-18 17:15:02.740517: I tensorflow/compiler/jit/xla_gpu_device.cc:99] Not creating XLA devices, tf_xla_enable_xla_devices not set
2024-01-18 17:15:02.777060: I tensorflow/compiler/jit/xla_gpu_device.cc:99] Not creating XLA devices, tf_xla_enable_xla_devices not set
2024-01-18 17:15:02.784839: I tensorflow/compiler/jit/xla_gpu_device.cc:99] Not creating XLA devices, tf_xla_enable_xla_devices not set
INFO:tensorflow:Restoring parameters from /global/cfs/cdirs/desi/users/jqzou/dla_finder/prediction/model/train_lowsnr/train_lowsnr/current_99999.ckpt
2024-01-18 17:15:02.874457: I tensorflow/compiler/jit/xla_gpu_device.cc:99] Not creating XLA devices, tf_xla_enable_xla_devices not set
2024-01-18 17:15:02.938492: I tensorflow/compiler/jit/xla_gpu_device.cc:99] Not creating XLA devices, tf_xla_enable_xla_devices not set
INFO:tensorflow:Restoring parameters from /global/cfs/cdirs/desi/users/jqzou/dla_finder/prediction/model/train_lowsnr/train_lowsnr/current_99999.ckpt
2024-01-18 17:15:02.961622: I tensorflow/compiler/jit/xla_gpu_device.cc:99] Not creating XLA devices, tf_xla_enable_xla_devices not set
INFO:tensorflow:Restoring parameters from /global/cfs/cdirs/desi/users/jqzou/dla_finder/prediction/model/train_lowsnr/train_lowsnr/current_99999.ckpt
INFO:tensorflow:Restoring parameters from /global/cfs/cdirs/desi/users/jqzou/dla_finder/prediction/model/train_lowsnr/train_lowsnr/current_99999.ckpt
INFO:tensorflow:Restoring parameters from /global/cfs/cdirs/desi/users/jqzou/dla_finder/prediction/model/train_midsnr/train_midsnr/current_99999.ckpt
2024-01-18 17:15:03.193234: I tensorflow/compiler/jit/xla_gpu_device.cc:99] Not creating XLA devices, tf_xla_enable_xla_devices not set
INFO:tensorflow:Restoring parameters from /global/cfs/cdirs/desi/users/jqzou/dla_finder/prediction/model/train_lowsnr/train_lowsnr/current_99999.ckpt
2024-01-18 17:15:03.260913: I tensorflow/compiler/jit/xla_gpu_device.cc:99] Not creating XLA devices, tf_xla_enable_xla_devices not set
INFO:tensorflow:Restoring parameters from /global/cfs/cdirs/desi/users/jqzou/dla_finder/prediction/model/train_midsnr/train_midsnr/current_99999.ckpt
2024-01-18 17:15:03.302569: I tensorflow/compiler/jit/xla_gpu_device.cc:99] Not creating XLA devices, tf_xla_enable_xla_devices not set
INFO:tensorflow:Restoring parameters from /global/cfs/cdirs/desi/users/jqzou/dla_finder/prediction/model/train_midsnr/train_midsnr/current_99999.ckpt
INFO:tensorflow:Restoring parameters from /global/cfs/cdirs/desi/users/jqzou/dla_finder/prediction/model/train_lowsnr/train_lowsnr/current_99999.ckpt
INFO:tensorflow:Restoring parameters from /global/cfs/cdirs/desi/users/jqzou/dla_finder/prediction/model/train_midsnr/train_midsnr/current_99999.ckpt
2024-01-18 17:15:03.468193: I tensorflow/compiler/jit/xla_gpu_device.cc:99] Not creating XLA devices, tf_xla_enable_xla_devices not set
2024-01-18 17:15:03.475405: I tensorflow/compiler/jit/xla_gpu_device.cc:99] Not creating XLA devices, tf_xla_enable_xla_devices not set
INFO:tensorflow:Restoring parameters from /global/cfs/cdirs/desi/users/jqzou/dla_finder/prediction/model/train_midsnr/train_midsnr/current_99999.ckpt
INFO:tensorflow:Restoring parameters from /global/cfs/cdirs/desi/users/jqzou/dla_finder/prediction/model/train_lowsnr/train_lowsnr/current_99999.ckpt
2024-01-18 17:15:03.550058: I tensorflow/compiler/jit/xla_gpu_device.cc:99] Not creating XLA devices, tf_xla_enable_xla_devices not set
INFO:tensorflow:Restoring parameters from /global/cfs/cdirs/desi/users/jqzou/dla_finder/prediction/model/train_lowsnr/train_lowsnr/current_99999.ckpt
2024-01-18 17:15:03.688311: I tensorflow/compiler/jit/xla_gpu_device.cc:99] Not creating XLA devices, tf_xla_enable_xla_devices not set
INFO:tensorflow:Restoring parameters from /global/cfs/cdirs/desi/users/jqzou/dla_finder/prediction/model/train_lowsnr/train_lowsnr/current_99999.ckpt
2024-01-18 17:15:04.082720: I tensorflow/compiler/jit/xla_gpu_device.cc:99] Not creating XLA devices, tf_xla_enable_xla_devices not set
INFO:tensorflow:Restoring parameters from /global/cfs/cdirs/desi/users/jqzou/dla_finder/prediction/model/train_lowsnr/train_lowsnr/current_99999.ckpt
 84%|██████████████████████████████████████████████████████████████████████████████████████████████████████▉                   | 637/755 [01:18<01:01,  1.93it/s]2024-01-18 17:15:04.357325: I tensorflow/compiler/jit/xla_gpu_device.cc:99] Not creating XLA devices, tf_xla_enable_xla_devices not set
2024-01-18 17:15:04.382466: I tensorflow/compiler/jit/xla_gpu_device.cc:99] Not creating XLA devices, tf_xla_enable_xla_devices not set
2024-01-18 17:15:04.397646: I tensorflow/compiler/jit/xla_gpu_device.cc:99] Not creating XLA devices, tf_xla_enable_xla_devices not set
INFO:tensorflow:Restoring parameters from /global/cfs/cdirs/desi/users/jqzou/dla_finder/prediction/model/train_lowsnr/train_lowsnr/current_99999.ckpt
INFO:tensorflow:Restoring parameters from /global/cfs/cdirs/desi/users/jqzou/dla_finder/prediction/model/train_lowsnr/train_lowsnr/current_99999.ckpt
2024-01-18 17:15:04.465420: I tensorflow/compiler/jit/xla_gpu_device.cc:99] Not creating XLA devices, tf_xla_enable_xla_devices not set
INFO:tensorflow:Restoring parameters from /global/cfs/cdirs/desi/users/jqzou/dla_finder/prediction/model/train_midsnr/train_midsnr/current_99999.ckpt
2024-01-18 17:15:04.590592: I tensorflow/compiler/jit/xla_gpu_device.cc:99] Not creating XLA devices, tf_xla_enable_xla_devices not set
INFO:tensorflow:Restoring parameters from /global/cfs/cdirs/desi/users/jqzou/dla_finder/prediction/model/train_midsnr/train_midsnr/current_99999.ckpt
2024-01-18 17:15:04.721666: I tensorflow/compiler/jit/xla_gpu_device.cc:99] Not creating XLA devices, tf_xla_enable_xla_devices not set
2024-01-18 17:15:04.769075: I tensorflow/compiler/jit/xla_gpu_device.cc:99] Not creating XLA devices, tf_xla_enable_xla_devices not set
INFO:tensorflow:Restoring parameters from /global/cfs/cdirs/desi/users/jqzou/dla_finder/prediction/model/train_lowsnr/train_lowsnr/current_99999.ckpt
2024-01-18 17:15:04.820292: I tensorflow/compiler/jit/xla_gpu_device.cc:99] Not creating XLA devices, tf_xla_enable_xla_devices not set
INFO:tensorflow:Restoring parameters from /global/cfs/cdirs/desi/users/jqzou/dla_finder/prediction/model/train_lowsnr/train_lowsnr/current_99999.ckpt
2024-01-18 17:15:04.911264: I tensorflow/compiler/jit/xla_gpu_device.cc:99] Not creating XLA devices, tf_xla_enable_xla_devices not set
INFO:tensorflow:Restoring parameters from /global/cfs/cdirs/desi/users/jqzou/dla_finder/prediction/model/train_lowsnr/train_lowsnr/current_99999.ckpt
INFO:tensorflow:Restoring parameters from /global/cfs/cdirs/desi/users/jqzou/dla_finder/prediction/model/train_lowsnr/train_lowsnr/current_99999.ckpt
INFO:tensorflow:Restoring parameters from /global/cfs/cdirs/desi/users/jqzou/dla_finder/prediction/model/train_lowsnr/train_lowsnr/current_99999.ckpt
2024-01-18 17:15:05.104833: I tensorflow/compiler/jit/xla_gpu_device.cc:99] Not creating XLA devices, tf_xla_enable_xla_devices not set
2024-01-18 17:15:05.273937: I tensorflow/compiler/jit/xla_gpu_device.cc:99] Not creating XLA devices, tf_xla_enable_xla_devices not set
INFO:tensorflow:Restoring parameters from /global/cfs/cdirs/desi/users/jqzou/dla_finder/prediction/model/train_lowsnr/train_lowsnr/current_99999.ckpt
2024-01-18 17:15:05.656825: I tensorflow/compiler/jit/xla_gpu_device.cc:99] Not creating XLA devices, tf_xla_enable_xla_devices not set
 85%|████████████████████████████████████████████████████████████████████████████████████████████████████████                  | 644/755 [01:19<00:47,  2.34it/s]INFO:tensorflow:Restoring parameters from /global/cfs/cdirs/desi/users/jqzou/dla_finder/prediction/model/train_midsnr/train_midsnr/current_99999.ckpt
2024-01-18 17:15:06.138058: I tensorflow/compiler/jit/xla_gpu_device.cc:99] Not creating XLA devices, tf_xla_enable_xla_devices not set
INFO:tensorflow:Restoring parameters from /global/cfs/cdirs/desi/users/jqzou/dla_finder/prediction/model/train_midsnr/train_midsnr/current_99999.ckpt
INFO:tensorflow:Restoring parameters from /global/cfs/cdirs/desi/users/jqzou/dla_finder/prediction/model/train_lowsnr/train_lowsnr/current_99999.ckpt
 86%|█████████████████████████████████████████████████████████████████████████████████████████████████████████▏                | 651/755 [01:20<00:33,  3.06it/s]2024-01-18 17:15:06.741063: I tensorflow/compiler/jit/xla_gpu_device.cc:99] Not creating XLA devices, tf_xla_enable_xla_devices not set
INFO:tensorflow:Restoring parameters from /global/cfs/cdirs/desi/users/jqzou/dla_finder/prediction/model/train_midsnr/train_midsnr/current_99999.ckpt
2024-01-18 17:15:06.842446: I tensorflow/compiler/jit/xla_gpu_device.cc:99] Not creating XLA devices, tf_xla_enable_xla_devices not set
2024-01-18 17:15:06.845827: I tensorflow/compiler/jit/xla_gpu_device.cc:99] Not creating XLA devices, tf_xla_enable_xla_devices not set
INFO:tensorflow:Restoring parameters from /global/cfs/cdirs/desi/users/jqzou/dla_finder/prediction/model/train_midsnr/train_midsnr/current_99999.ckpt
INFO:tensorflow:Restoring parameters from /global/cfs/cdirs/desi/users/jqzou/dla_finder/prediction/model/train_lowsnr/train_lowsnr/current_99999.ckpt
2024-01-18 17:15:06.953333: I tensorflow/compiler/jit/xla_gpu_device.cc:99] Not creating XLA devices, tf_xla_enable_xla_devices not set
INFO:tensorflow:Restoring parameters from /global/cfs/cdirs/desi/users/jqzou/dla_finder/prediction/model/train_midsnr/train_midsnr/current_99999.ckpt
2024-01-18 17:15:07.033573: I tensorflow/compiler/jit/xla_gpu_device.cc:99] Not creating XLA devices, tf_xla_enable_xla_devices not set
2024-01-18 17:15:07.071726: I tensorflow/compiler/jit/xla_gpu_device.cc:99] Not creating XLA devices, tf_xla_enable_xla_devices not set
2024-01-18 17:15:07.093602: I tensorflow/compiler/jit/xla_gpu_device.cc:99] Not creating XLA devices, tf_xla_enable_xla_devices not set
INFO:tensorflow:Restoring parameters from /global/cfs/cdirs/desi/users/jqzou/dla_finder/prediction/model/train_midsnr/train_midsnr/current_99999.ckpt
INFO:tensorflow:Restoring parameters from /global/cfs/cdirs/desi/users/jqzou/dla_finder/prediction/model/train_lowsnr/train_lowsnr/current_99999.ckpt
INFO:tensorflow:Restoring parameters from /global/cfs/cdirs/desi/users/jqzou/dla_finder/prediction/model/train_lowsnr/train_lowsnr/current_99999.ckpt
2024-01-18 17:15:07.219767: I tensorflow/compiler/jit/xla_gpu_device.cc:99] Not creating XLA devices, tf_xla_enable_xla_devices not set
INFO:tensorflow:Restoring parameters from /global/cfs/cdirs/desi/users/jqzou/dla_finder/prediction/model/train_lowsnr/train_lowsnr/current_99999.ckpt
2024-01-18 17:15:07.364844: I tensorflow/compiler/jit/xla_gpu_device.cc:99] Not creating XLA devices, tf_xla_enable_xla_devices not set
INFO:tensorflow:Restoring parameters from /global/cfs/cdirs/desi/users/jqzou/dla_finder/prediction/model/train_midsnr/train_midsnr/current_99999.ckpt
 87%|██████████████████████████████████████████████████████████████████████████████████████████████████████████▎               | 658/755 [01:21<00:27,  3.48it/s]2024-01-18 17:15:07.902346: I tensorflow/compiler/jit/xla_gpu_device.cc:99] Not creating XLA devices, tf_xla_enable_xla_devices not set
2024-01-18 17:15:07.950088: I tensorflow/compiler/jit/xla_gpu_device.cc:99] Not creating XLA devices, tf_xla_enable_xla_devices not set
2024-01-18 17:15:07.972955: I tensorflow/compiler/jit/xla_gpu_device.cc:99] Not creating XLA devices, tf_xla_enable_xla_devices not set
INFO:tensorflow:Restoring parameters from /global/cfs/cdirs/desi/users/jqzou/dla_finder/prediction/model/train_lowsnr/train_lowsnr/current_99999.ckpt
INFO:tensorflow:Restoring parameters from /global/cfs/cdirs/desi/users/jqzou/dla_finder/prediction/model/train_lowsnr/train_lowsnr/current_99999.ckpt
INFO:tensorflow:Restoring parameters from /global/cfs/cdirs/desi/users/jqzou/dla_finder/prediction/model/train_lowsnr/train_lowsnr/current_99999.ckpt
2024-01-18 17:15:08.067774: I tensorflow/compiler/jit/xla_gpu_device.cc:99] Not creating XLA devices, tf_xla_enable_xla_devices not set
2024-01-18 17:15:08.105949: I tensorflow/compiler/jit/xla_gpu_device.cc:99] Not creating XLA devices, tf_xla_enable_xla_devices not set
INFO:tensorflow:Restoring parameters from /global/cfs/cdirs/desi/users/jqzou/dla_finder/prediction/model/train_lowsnr/train_lowsnr/current_99999.ckpt
INFO:tensorflow:Restoring parameters from /global/cfs/cdirs/desi/users/jqzou/dla_finder/prediction/model/train_lowsnr/train_lowsnr/current_99999.ckpt
2024-01-18 17:15:08.212261: I tensorflow/compiler/jit/xla_gpu_device.cc:99] Not creating XLA devices, tf_xla_enable_xla_devices not set
INFO:tensorflow:Restoring parameters from /global/cfs/cdirs/desi/users/jqzou/dla_finder/prediction/model/train_lowsnr/train_lowsnr/current_99999.ckpt
2024-01-18 17:15:08.398749: I tensorflow/compiler/jit/xla_gpu_device.cc:99] Not creating XLA devices, tf_xla_enable_xla_devices not set
INFO:tensorflow:Restoring parameters from /global/cfs/cdirs/desi/users/jqzou/dla_finder/prediction/model/train_lowsnr/train_lowsnr/current_99999.ckpt
2024-01-18 17:15:08.499170: I tensorflow/compiler/jit/xla_gpu_device.cc:99] Not creating XLA devices, tf_xla_enable_xla_devices not set
INFO:tensorflow:Restoring parameters from /global/cfs/cdirs/desi/users/jqzou/dla_finder/prediction/model/train_lowsnr/train_lowsnr/current_99999.ckpt
2024-01-18 17:15:08.583301: I tensorflow/compiler/jit/xla_gpu_device.cc:99] Not creating XLA devices, tf_xla_enable_xla_devices not set
INFO:tensorflow:Restoring parameters from /global/cfs/cdirs/desi/users/jqzou/dla_finder/prediction/model/train_lowsnr/train_lowsnr/current_99999.ckpt
2024-01-18 17:15:08.684534: I tensorflow/compiler/jit/xla_gpu_device.cc:99] Not creating XLA devices, tf_xla_enable_xla_devices not set
2024-01-18 17:15:08.743302: I tensorflow/compiler/jit/xla_gpu_device.cc:99] Not creating XLA devices, tf_xla_enable_xla_devices not set
INFO:tensorflow:Restoring parameters from /global/cfs/cdirs/desi/users/jqzou/dla_finder/prediction/model/train_lowsnr/train_lowsnr/current_99999.ckpt
2024-01-18 17:15:08.778810: I tensorflow/compiler/jit/xla_gpu_device.cc:99] Not creating XLA devices, tf_xla_enable_xla_devices not set
INFO:tensorflow:Restoring parameters from /global/cfs/cdirs/desi/users/jqzou/dla_finder/prediction/model/train_lowsnr/train_lowsnr/current_99999.ckpt
INFO:tensorflow:Restoring parameters from /global/cfs/cdirs/desi/users/jqzou/dla_finder/prediction/model/train_lowsnr/train_lowsnr/current_99999.ckpt
2024-01-18 17:15:08.857277: I tensorflow/compiler/jit/xla_gpu_device.cc:99] Not creating XLA devices, tf_xla_enable_xla_devices not set
 88%|███████████████████████████████████████████████████████████████████████████████████████████████████████████▍              | 665/755 [01:22<00:22,  3.97it/s]2024-01-18 17:15:08.887467: I tensorflow/compiler/jit/xla_gpu_device.cc:99] Not creating XLA devices, tf_xla_enable_xla_devices not set
INFO:tensorflow:Restoring parameters from /global/cfs/cdirs/desi/users/jqzou/dla_finder/prediction/model/train_midsnr/train_midsnr/current_99999.ckpt
2024-01-18 17:15:08.943766: I tensorflow/compiler/jit/xla_gpu_device.cc:99] Not creating XLA devices, tf_xla_enable_xla_devices not set
2024-01-18 17:15:08.948772: I tensorflow/compiler/jit/xla_gpu_device.cc:99] Not creating XLA devices, tf_xla_enable_xla_devices not set
2024-01-18 17:15:08.951306: I tensorflow/compiler/jit/xla_gpu_device.cc:99] Not creating XLA devices, tf_xla_enable_xla_devices not set
INFO:tensorflow:Restoring parameters from /global/cfs/cdirs/desi/users/jqzou/dla_finder/prediction/model/train_lowsnr/train_lowsnr/current_99999.ckpt
2024-01-18 17:15:08.987691: I tensorflow/compiler/jit/xla_gpu_device.cc:99] Not creating XLA devices, tf_xla_enable_xla_devices not set
INFO:tensorflow:Restoring parameters from /global/cfs/cdirs/desi/users/jqzou/dla_finder/prediction/model/train_lowsnr/train_lowsnr/current_99999.ckpt
INFO:tensorflow:Restoring parameters from /global/cfs/cdirs/desi/users/jqzou/dla_finder/prediction/model/train_lowsnr/train_lowsnr/current_99999.ckpt
INFO:tensorflow:Restoring parameters from /global/cfs/cdirs/desi/users/jqzou/dla_finder/prediction/model/train_lowsnr/train_lowsnr/current_99999.ckpt
2024-01-18 17:15:09.053266: I tensorflow/compiler/jit/xla_gpu_device.cc:99] Not creating XLA devices, tf_xla_enable_xla_devices not set
INFO:tensorflow:Restoring parameters from /global/cfs/cdirs/desi/users/jqzou/dla_finder/prediction/model/train_midsnr/train_midsnr/current_99999.ckpt
2024-01-18 17:15:09.067660: I tensorflow/compiler/jit/xla_gpu_device.cc:99] Not creating XLA devices, tf_xla_enable_xla_devices not set
2024-01-18 17:15:09.076182: I tensorflow/compiler/jit/xla_gpu_device.cc:99] Not creating XLA devices, tf_xla_enable_xla_devices not set
INFO:tensorflow:Restoring parameters from /global/cfs/cdirs/desi/users/jqzou/dla_finder/prediction/model/train_midsnr/train_midsnr/current_99999.ckpt
INFO:tensorflow:Restoring parameters from /global/cfs/cdirs/desi/users/jqzou/dla_finder/prediction/model/train_midsnr/train_midsnr/current_99999.ckpt
INFO:tensorflow:Restoring parameters from /global/cfs/cdirs/desi/users/jqzou/dla_finder/prediction/model/train_lowsnr/train_lowsnr/current_99999.ckpt
2024-01-18 17:15:09.370158: I tensorflow/compiler/jit/xla_gpu_device.cc:99] Not creating XLA devices, tf_xla_enable_xla_devices not set
INFO:tensorflow:Restoring parameters from /global/cfs/cdirs/desi/users/jqzou/dla_finder/prediction/model/train_lowsnr/train_lowsnr/current_99999.ckpt
2024-01-18 17:15:09.854049: I tensorflow/compiler/jit/xla_gpu_device.cc:99] Not creating XLA devices, tf_xla_enable_xla_devices not set
INFO:tensorflow:Restoring parameters from /global/cfs/cdirs/desi/users/jqzou/dla_finder/prediction/model/train_lowsnr/train_lowsnr/current_99999.ckpt
 89%|████████████████████████████████████████████████████████████████████████████████████████████████████████████▌             | 672/755 [01:23<00:18,  4.42it/s] 90%|█████████████████████████████████████████████████████████████████████████████████████████████████████████████▋            | 679/755 [01:24<00:12,  6.09it/s]2024-01-18 17:15:10.216189: I tensorflow/compiler/jit/xla_gpu_device.cc:99] Not creating XLA devices, tf_xla_enable_xla_devices not set
2024-01-18 17:15:10.233831: I tensorflow/compiler/jit/xla_gpu_device.cc:99] Not creating XLA devices, tf_xla_enable_xla_devices not set
INFO:tensorflow:Restoring parameters from /global/cfs/cdirs/desi/users/jqzou/dla_finder/prediction/model/train_lowsnr/train_lowsnr/current_99999.ckpt
INFO:tensorflow:Restoring parameters from /global/cfs/cdirs/desi/users/jqzou/dla_finder/prediction/model/train_lowsnr/train_lowsnr/current_99999.ckpt
2024-01-18 17:15:10.449248: I tensorflow/compiler/jit/xla_gpu_device.cc:99] Not creating XLA devices, tf_xla_enable_xla_devices not set
INFO:tensorflow:Restoring parameters from /global/cfs/cdirs/desi/users/jqzou/dla_finder/prediction/model/train_lowsnr/train_lowsnr/current_99999.ckpt
 91%|██████████████████████████████████████████████████████████████████████████████████████████████████████████████▊           | 686/755 [01:24<00:09,  7.11it/s]2024-01-18 17:15:10.799373: I tensorflow/compiler/jit/xla_gpu_device.cc:99] Not creating XLA devices, tf_xla_enable_xla_devices not set
INFO:tensorflow:Restoring parameters from /global/cfs/cdirs/desi/users/jqzou/dla_finder/prediction/model/train_midsnr/train_midsnr/current_99999.ckpt
 93%|█████████████████████████████████████████████████████████████████████████████████████████████████████████████████         | 700/755 [01:24<00:04, 12.12it/s] 95%|███████████████████████████████████████████████████████████████████████████████████████████████████████████████████▎      | 714/755 [01:25<00:02, 18.09it/s] 95%|████████████████████████████████████████████████████████████████████████████████████████████████████████████████████▌     | 721/755 [01:25<00:01, 21.06it/s]2024-01-18 17:15:11.310227: I tensorflow/compiler/jit/xla_gpu_device.cc:99] Not creating XLA devices, tf_xla_enable_xla_devices not set
INFO:tensorflow:Restoring parameters from /global/cfs/cdirs/desi/users/jqzou/dla_finder/prediction/model/train_lowsnr/train_lowsnr/current_99999.ckpt
 96%|█████████████████████████████████████████████████████████████████████████████████████████████████████████████████████▋    | 728/755 [01:25<00:01, 25.11it/s] 97%|██████████████████████████████████████████████████████████████████████████████████████████████████████████████████████▊   | 735/755 [01:25<00:00, 25.43it/s]2024-01-18 17:15:11.719000: I tensorflow/compiler/jit/xla_gpu_device.cc:99] Not creating XLA devices, tf_xla_enable_xla_devices not set
2024-01-18 17:15:11.735877: I tensorflow/compiler/jit/xla_gpu_device.cc:99] Not creating XLA devices, tf_xla_enable_xla_devices not set
INFO:tensorflow:Restoring parameters from /global/cfs/cdirs/desi/users/jqzou/dla_finder/prediction/model/train_lowsnr/train_lowsnr/current_99999.ckpt
INFO:tensorflow:Restoring parameters from /global/cfs/cdirs/desi/users/jqzou/dla_finder/prediction/model/train_lowsnr/train_lowsnr/current_99999.ckpt
2024-01-18 17:15:11.944742: I tensorflow/compiler/jit/xla_gpu_device.cc:99] Not creating XLA devices, tf_xla_enable_xla_devices not set
2024-01-18 17:15:11.991624: I tensorflow/compiler/jit/xla_gpu_device.cc:99] Not creating XLA devices, tf_xla_enable_xla_devices not set
2024-01-18 17:15:12.020797: I tensorflow/compiler/jit/xla_gpu_device.cc:99] Not creating XLA devices, tf_xla_enable_xla_devices not set
INFO:tensorflow:Restoring parameters from /global/cfs/cdirs/desi/users/jqzou/dla_finder/prediction/model/train_midsnr/train_midsnr/current_99999.ckpt
INFO:tensorflow:Restoring parameters from /global/cfs/cdirs/desi/users/jqzou/dla_finder/prediction/model/train_lowsnr/train_lowsnr/current_99999.ckpt
INFO:tensorflow:Restoring parameters from /global/cfs/cdirs/desi/users/jqzou/dla_finder/prediction/model/train_lowsnr/train_lowsnr/current_99999.ckpt
2024-01-18 17:15:12.130474: I tensorflow/compiler/jit/xla_gpu_device.cc:99] Not creating XLA devices, tf_xla_enable_xla_devices not set
INFO:tensorflow:Restoring parameters from /global/cfs/cdirs/desi/users/jqzou/dla_finder/prediction/model/train_midsnr/train_midsnr/current_99999.ckpt
 98%|███████████████████████████████████████████████████████████████████████████████████████████████████████████████████████▉  | 742/755 [01:26<00:00, 16.43it/s] 99%|█████████████████████████████████████████████████████████████████████████████████████████████████████████████████████████ | 749/755 [01:26<00:00, 20.57it/s]100%|██████████████████████████████████████████████████████████████████████████████████████████████████████████████████████████| 755/755 [01:26<00:00,  8.72it/s]2024-01-18 17:15:12.717192: I tensorflow/compiler/jit/xla_gpu_device.cc:99] Not creating XLA devices, tf_xla_enable_xla_devices not set
INFO:tensorflow:Restoring parameters from /global/cfs/cdirs/desi/users/jqzou/dla_finder/prediction/model/train_lowsnr/train_lowsnr/current_99999.ckpt
2024-01-18 17:15:12.871495: I tensorflow/compiler/jit/xla_gpu_device.cc:99] Not creating XLA devices, tf_xla_enable_xla_devices not set
2024-01-18 17:15:12.887656: I tensorflow/compiler/jit/xla_gpu_device.cc:99] Not creating XLA devices, tf_xla_enable_xla_devices not set
INFO:tensorflow:Restoring parameters from /global/cfs/cdirs/desi/users/jqzou/dla_finder/prediction/model/train_lowsnr/train_lowsnr/current_99999.ckpt
INFO:tensorflow:Restoring parameters from /global/cfs/cdirs/desi/users/jqzou/dla_finder/prediction/model/train_lowsnr/train_lowsnr/current_99999.ckpt
2024-01-18 17:15:13.064964: I tensorflow/compiler/jit/xla_gpu_device.cc:99] Not creating XLA devices, tf_xla_enable_xla_devices not set
INFO:tensorflow:Restoring parameters from /global/cfs/cdirs/desi/users/jqzou/dla_finder/prediction/model/train_lowsnr/train_lowsnr/current_99999.ckpt
2024-01-18 17:15:13.203992: I tensorflow/compiler/jit/xla_gpu_device.cc:99] Not creating XLA devices, tf_xla_enable_xla_devices not set
2024-01-18 17:15:13.241720: I tensorflow/compiler/jit/xla_gpu_device.cc:99] Not creating XLA devices, tf_xla_enable_xla_devices not set
INFO:tensorflow:Restoring parameters from /global/cfs/cdirs/desi/users/jqzou/dla_finder/prediction/model/train_lowsnr/train_lowsnr/current_99999.ckpt
INFO:tensorflow:Restoring parameters from /global/cfs/cdirs/desi/users/jqzou/dla_finder/prediction/model/train_lowsnr/train_lowsnr/current_99999.ckpt
2024-01-18 17:15:13.332079: I tensorflow/compiler/jit/xla_gpu_device.cc:99] Not creating XLA devices, tf_xla_enable_xla_devices not set
INFO:tensorflow:Restoring parameters from /global/cfs/cdirs/desi/users/jqzou/dla_finder/prediction/model/train_midsnr/train_midsnr/current_99999.ckpt
2024-01-18 17:15:13.444006: I tensorflow/compiler/jit/xla_gpu_device.cc:99] Not creating XLA devices, tf_xla_enable_xla_devices not set
2024-01-18 17:15:13.448249: I tensorflow/compiler/jit/xla_gpu_device.cc:99] Not creating XLA devices, tf_xla_enable_xla_devices not set
INFO:tensorflow:Restoring parameters from /global/cfs/cdirs/desi/users/jqzou/dla_finder/prediction/model/train_lowsnr/train_lowsnr/current_99999.ckpt
INFO:tensorflow:Restoring parameters from /global/cfs/cdirs/desi/users/jqzou/dla_finder/prediction/model/train_midsnr/train_midsnr/current_99999.ckpt
2024-01-18 17:15:13.683517: I tensorflow/compiler/jit/xla_gpu_device.cc:99] Not creating XLA devices, tf_xla_enable_xla_devices not set
2024-01-18 17:15:13.718765: I tensorflow/compiler/jit/xla_gpu_device.cc:99] Not creating XLA devices, tf_xla_enable_xla_devices not set
INFO:tensorflow:Restoring parameters from /global/cfs/cdirs/desi/users/jqzou/dla_finder/prediction/model/train_lowsnr/train_lowsnr/current_99999.ckpt
INFO:tensorflow:Restoring parameters from /global/cfs/cdirs/desi/users/jqzou/dla_finder/prediction/model/train_midsnr/train_midsnr/current_99999.ckpt
2024-01-18 17:15:13.945263: I tensorflow/compiler/jit/xla_gpu_device.cc:99] Not creating XLA devices, tf_xla_enable_xla_devices not set
2024-01-18 17:15:13.980812: I tensorflow/compiler/jit/xla_gpu_device.cc:99] Not creating XLA devices, tf_xla_enable_xla_devices not set
INFO:tensorflow:Restoring parameters from /global/cfs/cdirs/desi/users/jqzou/dla_finder/prediction/model/train_lowsnr/train_lowsnr/current_99999.ckpt
2024-01-18 17:15:14.117061: I tensorflow/compiler/jit/xla_gpu_device.cc:99] Not creating XLA devices, tf_xla_enable_xla_devices not set
INFO:tensorflow:Restoring parameters from /global/cfs/cdirs/desi/users/jqzou/dla_finder/prediction/model/train_lowsnr/train_lowsnr/current_99999.ckpt
2024-01-18 17:15:14.136741: I tensorflow/compiler/jit/xla_gpu_device.cc:99] Not creating XLA devices, tf_xla_enable_xla_devices not set
INFO:tensorflow:Restoring parameters from /global/cfs/cdirs/desi/users/jqzou/dla_finder/prediction/model/train_lowsnr/train_lowsnr/current_99999.ckpt
INFO:tensorflow:Restoring parameters from /global/cfs/cdirs/desi/users/jqzou/dla_finder/prediction/model/train_lowsnr/train_lowsnr/current_99999.ckpt
2024-01-18 17:15:14.307571: I tensorflow/compiler/jit/xla_gpu_device.cc:99] Not creating XLA devices, tf_xla_enable_xla_devices not set
2024-01-18 17:15:14.308549: I tensorflow/compiler/jit/xla_gpu_device.cc:99] Not creating XLA devices, tf_xla_enable_xla_devices not set
INFO:tensorflow:Restoring parameters from /global/cfs/cdirs/desi/users/jqzou/dla_finder/prediction/model/train_lowsnr/train_lowsnr/current_99999.ckpt
INFO:tensorflow:Restoring parameters from /global/cfs/cdirs/desi/users/jqzou/dla_finder/prediction/model/train_lowsnr/train_lowsnr/current_99999.ckpt
2024-01-18 17:15:14.401653: I tensorflow/compiler/jit/xla_gpu_device.cc:99] Not creating XLA devices, tf_xla_enable_xla_devices not set
2024-01-18 17:15:14.429168: I tensorflow/compiler/jit/xla_gpu_device.cc:99] Not creating XLA devices, tf_xla_enable_xla_devices not set
INFO:tensorflow:Restoring parameters from /global/cfs/cdirs/desi/users/jqzou/dla_finder/prediction/model/train_lowsnr/train_lowsnr/current_99999.ckpt
INFO:tensorflow:Restoring parameters from /global/cfs/cdirs/desi/users/jqzou/dla_finder/prediction/model/train_lowsnr/train_lowsnr/current_99999.ckpt
2024-01-18 17:15:14.548402: I tensorflow/compiler/jit/xla_gpu_device.cc:99] Not creating XLA devices, tf_xla_enable_xla_devices not set
2024-01-18 17:15:14.610735: I tensorflow/compiler/jit/xla_gpu_device.cc:99] Not creating XLA devices, tf_xla_enable_xla_devices not set
INFO:tensorflow:Restoring parameters from /global/cfs/cdirs/desi/users/jqzou/dla_finder/prediction/model/train_lowsnr/train_lowsnr/current_99999.ckpt
2024-01-18 17:15:14.627088: I tensorflow/compiler/jit/xla_gpu_device.cc:99] Not creating XLA devices, tf_xla_enable_xla_devices not set
INFO:tensorflow:Restoring parameters from /global/cfs/cdirs/desi/users/jqzou/dla_finder/prediction/model/train_midsnr/train_midsnr/current_99999.ckpt
INFO:tensorflow:Restoring parameters from /global/cfs/cdirs/desi/users/jqzou/dla_finder/prediction/model/train_lowsnr/train_lowsnr/current_99999.ckpt
2024-01-18 17:15:14.762647: I tensorflow/compiler/jit/xla_gpu_device.cc:99] Not creating XLA devices, tf_xla_enable_xla_devices not set
INFO:tensorflow:Restoring parameters from /global/cfs/cdirs/desi/users/jqzou/dla_finder/prediction/model/train_lowsnr/train_lowsnr/current_99999.ckpt
2024-01-18 17:15:14.852369: I tensorflow/compiler/jit/xla_gpu_device.cc:99] Not creating XLA devices, tf_xla_enable_xla_devices not set
2024-01-18 17:15:14.853314: I tensorflow/compiler/jit/xla_gpu_device.cc:99] Not creating XLA devices, tf_xla_enable_xla_devices not set
INFO:tensorflow:Restoring parameters from /global/cfs/cdirs/desi/users/jqzou/dla_finder/prediction/model/train_lowsnr/train_lowsnr/current_99999.ckpt
INFO:tensorflow:Restoring parameters from /global/cfs/cdirs/desi/users/jqzou/dla_finder/prediction/model/train_lowsnr/train_lowsnr/current_99999.ckpt
2024-01-18 17:15:15.006951: I tensorflow/compiler/jit/xla_gpu_device.cc:99] Not creating XLA devices, tf_xla_enable_xla_devices not set
INFO:tensorflow:Restoring parameters from /global/cfs/cdirs/desi/users/jqzou/dla_finder/prediction/model/train_lowsnr/train_lowsnr/current_99999.ckpt
2024-01-18 17:15:15.288023: I tensorflow/compiler/jit/xla_gpu_device.cc:99] Not creating XLA devices, tf_xla_enable_xla_devices not set
2024-01-18 17:15:15.353487: I tensorflow/compiler/jit/xla_gpu_device.cc:99] Not creating XLA devices, tf_xla_enable_xla_devices not set
INFO:tensorflow:Restoring parameters from /global/cfs/cdirs/desi/users/jqzou/dla_finder/prediction/model/train_lowsnr/train_lowsnr/current_99999.ckpt
2024-01-18 17:15:15.405000: I tensorflow/compiler/jit/xla_gpu_device.cc:99] Not creating XLA devices, tf_xla_enable_xla_devices not set
INFO:tensorflow:Restoring parameters from /global/cfs/cdirs/desi/users/jqzou/dla_finder/prediction/model/train_midsnr/train_midsnr/current_99999.ckpt
INFO:tensorflow:Restoring parameters from /global/cfs/cdirs/desi/users/jqzou/dla_finder/prediction/model/train_lowsnr/train_lowsnr/current_99999.ckpt
2024-01-18 17:15:15.942149: I tensorflow/compiler/jit/xla_gpu_device.cc:99] Not creating XLA devices, tf_xla_enable_xla_devices not set
INFO:tensorflow:Restoring parameters from /global/cfs/cdirs/desi/users/jqzou/dla_finder/prediction/model/train_lowsnr/train_lowsnr/current_99999.ckpt
2024-01-18 17:15:16.173541: I tensorflow/compiler/jit/xla_gpu_device.cc:99] Not creating XLA devices, tf_xla_enable_xla_devices not set
2024-01-18 17:15:16.234868: I tensorflow/compiler/jit/xla_gpu_device.cc:99] Not creating XLA devices, tf_xla_enable_xla_devices not set
INFO:tensorflow:Restoring parameters from /global/cfs/cdirs/desi/users/jqzou/dla_finder/prediction/model/train_lowsnr/train_lowsnr/current_99999.ckpt
INFO:tensorflow:Restoring parameters from /global/cfs/cdirs/desi/users/jqzou/dla_finder/prediction/model/train_midsnr/train_midsnr/current_99999.ckpt
2024-01-18 17:15:16.860177: I tensorflow/compiler/jit/xla_gpu_device.cc:99] Not creating XLA devices, tf_xla_enable_xla_devices not set
2024-01-18 17:15:16.927975: I tensorflow/compiler/jit/xla_gpu_device.cc:99] Not creating XLA devices, tf_xla_enable_xla_devices not set
INFO:tensorflow:Restoring parameters from /global/cfs/cdirs/desi/users/jqzou/dla_finder/prediction/model/train_midsnr/train_midsnr/current_99999.ckpt
INFO:tensorflow:Restoring parameters from /global/cfs/cdirs/desi/users/jqzou/dla_finder/prediction/model/train_lowsnr/train_lowsnr/current_99999.ckpt
2024-01-18 17:15:17.069673: I tensorflow/compiler/jit/xla_gpu_device.cc:99] Not creating XLA devices, tf_xla_enable_xla_devices not set
INFO:tensorflow:Restoring parameters from /global/cfs/cdirs/desi/users/jqzou/dla_finder/prediction/model/train_lowsnr/train_lowsnr/current_99999.ckpt
2024-01-18 17:15:17.398790: I tensorflow/compiler/jit/xla_gpu_device.cc:99] Not creating XLA devices, tf_xla_enable_xla_devices not set
2024-01-18 17:15:17.411928: I tensorflow/compiler/jit/xla_gpu_device.cc:99] Not creating XLA devices, tf_xla_enable_xla_devices not set
INFO:tensorflow:Restoring parameters from /global/cfs/cdirs/desi/users/jqzou/dla_finder/prediction/model/train_lowsnr/train_lowsnr/current_99999.ckpt
INFO:tensorflow:Restoring parameters from /global/cfs/cdirs/desi/users/jqzou/dla_finder/prediction/model/train_lowsnr/train_lowsnr/current_99999.ckpt
2024-01-18 17:15:17.643298: I tensorflow/compiler/jit/xla_gpu_device.cc:99] Not creating XLA devices, tf_xla_enable_xla_devices not set
INFO:tensorflow:Restoring parameters from /global/cfs/cdirs/desi/users/jqzou/dla_finder/prediction/model/train_lowsnr/train_lowsnr/current_99999.ckpt
2024-01-18 17:15:17.746235: I tensorflow/compiler/jit/xla_gpu_device.cc:99] Not creating XLA devices, tf_xla_enable_xla_devices not set
INFO:tensorflow:Restoring parameters from /global/cfs/cdirs/desi/users/jqzou/dla_finder/prediction/model/train_lowsnr/train_lowsnr/current_99999.ckpt
2024-01-18 17:15:17.901431: I tensorflow/compiler/jit/xla_gpu_device.cc:99] Not creating XLA devices, tf_xla_enable_xla_devices not set
INFO:tensorflow:Restoring parameters from /global/cfs/cdirs/desi/users/jqzou/dla_finder/prediction/model/train_lowsnr/train_lowsnr/current_99999.ckpt
2024-01-18 17:15:18.140166: I tensorflow/compiler/jit/xla_gpu_device.cc:99] Not creating XLA devices, tf_xla_enable_xla_devices not set
INFO:tensorflow:Restoring parameters from /global/cfs/cdirs/desi/users/jqzou/dla_finder/prediction/model/train_midsnr/train_midsnr/current_99999.ckpt
2024-01-18 17:15:18.725399: I tensorflow/compiler/jit/xla_gpu_device.cc:99] Not creating XLA devices, tf_xla_enable_xla_devices not set
2024-01-18 17:15:18.734320: I tensorflow/compiler/jit/xla_gpu_device.cc:99] Not creating XLA devices, tf_xla_enable_xla_devices not set
INFO:tensorflow:Restoring parameters from /global/cfs/cdirs/desi/users/jqzou/dla_finder/prediction/model/train_lowsnr/train_lowsnr/current_99999.ckpt
INFO:tensorflow:Restoring parameters from /global/cfs/cdirs/desi/users/jqzou/dla_finder/prediction/model/train_midsnr/train_midsnr/current_99999.ckpt
2024-01-18 17:15:18.986117: I tensorflow/compiler/jit/xla_gpu_device.cc:99] Not creating XLA devices, tf_xla_enable_xla_devices not set
INFO:tensorflow:Restoring parameters from /global/cfs/cdirs/desi/users/jqzou/dla_finder/prediction/model/train_lowsnr/train_lowsnr/current_99999.ckpt
2024-01-18 17:15:19.104637: I tensorflow/compiler/jit/xla_gpu_device.cc:99] Not creating XLA devices, tf_xla_enable_xla_devices not set
INFO:tensorflow:Restoring parameters from /global/cfs/cdirs/desi/users/jqzou/dla_finder/prediction/model/train_lowsnr/train_lowsnr/current_99999.ckpt
2024-01-18 17:15:19.202415: I tensorflow/compiler/jit/xla_gpu_device.cc:99] Not creating XLA devices, tf_xla_enable_xla_devices not set
INFO:tensorflow:Restoring parameters from /global/cfs/cdirs/desi/users/jqzou/dla_finder/prediction/model/train_lowsnr/train_lowsnr/current_99999.ckpt
2024-01-18 17:15:19.373566: I tensorflow/compiler/jit/xla_gpu_device.cc:99] Not creating XLA devices, tf_xla_enable_xla_devices not set
2024-01-18 17:15:19.409738: I tensorflow/compiler/jit/xla_gpu_device.cc:99] Not creating XLA devices, tf_xla_enable_xla_devices not set
INFO:tensorflow:Restoring parameters from /global/cfs/cdirs/desi/users/jqzou/dla_finder/prediction/model/train_midsnr/train_midsnr/current_99999.ckpt
INFO:tensorflow:Restoring parameters from /global/cfs/cdirs/desi/users/jqzou/dla_finder/prediction/model/train_lowsnr/train_lowsnr/current_99999.ckpt
2024-01-18 17:15:19.485615: I tensorflow/compiler/jit/xla_gpu_device.cc:99] Not creating XLA devices, tf_xla_enable_xla_devices not set
2024-01-18 17:15:19.490162: I tensorflow/compiler/jit/xla_gpu_device.cc:99] Not creating XLA devices, tf_xla_enable_xla_devices not set
INFO:tensorflow:Restoring parameters from /global/cfs/cdirs/desi/users/jqzou/dla_finder/prediction/model/train_lowsnr/train_lowsnr/current_99999.ckpt
INFO:tensorflow:Restoring parameters from /global/cfs/cdirs/desi/users/jqzou/dla_finder/prediction/model/train_lowsnr/train_lowsnr/current_99999.ckpt
2024-01-18 17:15:19.904555: I tensorflow/compiler/jit/xla_gpu_device.cc:99] Not creating XLA devices, tf_xla_enable_xla_devices not set
2024-01-18 17:15:19.909937: I tensorflow/compiler/jit/xla_gpu_device.cc:99] Not creating XLA devices, tf_xla_enable_xla_devices not set
2024-01-18 17:15:19.921116: I tensorflow/compiler/jit/xla_gpu_device.cc:99] Not creating XLA devices, tf_xla_enable_xla_devices not set
2024-01-18 17:15:19.930583: I tensorflow/compiler/jit/xla_gpu_device.cc:99] Not creating XLA devices, tf_xla_enable_xla_devices not set
INFO:tensorflow:Restoring parameters from /global/cfs/cdirs/desi/users/jqzou/dla_finder/prediction/model/train_lowsnr/train_lowsnr/current_99999.ckpt
INFO:tensorflow:Restoring parameters from /global/cfs/cdirs/desi/users/jqzou/dla_finder/prediction/model/train_lowsnr/train_lowsnr/current_99999.ckpt
INFO:tensorflow:Restoring parameters from /global/cfs/cdirs/desi/users/jqzou/dla_finder/prediction/model/train_lowsnr/train_lowsnr/current_99999.ckpt
INFO:tensorflow:Restoring parameters from /global/cfs/cdirs/desi/users/jqzou/dla_finder/prediction/model/train_lowsnr/train_lowsnr/current_99999.ckpt
2024-01-18 17:15:20.423575: I tensorflow/compiler/jit/xla_gpu_device.cc:99] Not creating XLA devices, tf_xla_enable_xla_devices not set
INFO:tensorflow:Restoring parameters from /global/cfs/cdirs/desi/users/jqzou/dla_finder/prediction/model/train_lowsnr/train_lowsnr/current_99999.ckpt
2024-01-18 17:15:20.576235: I tensorflow/compiler/jit/xla_gpu_device.cc:99] Not creating XLA devices, tf_xla_enable_xla_devices not set
INFO:tensorflow:Restoring parameters from /global/cfs/cdirs/desi/users/jqzou/dla_finder/prediction/model/train_lowsnr/train_lowsnr/current_99999.ckpt
2024-01-18 17:15:20.672922: I tensorflow/compiler/jit/xla_gpu_device.cc:99] Not creating XLA devices, tf_xla_enable_xla_devices not set
2024-01-18 17:15:20.685266: I tensorflow/compiler/jit/xla_gpu_device.cc:99] Not creating XLA devices, tf_xla_enable_xla_devices not set
INFO:tensorflow:Restoring parameters from /global/cfs/cdirs/desi/users/jqzou/dla_finder/prediction/model/train_lowsnr/train_lowsnr/current_99999.ckpt
INFO:tensorflow:Restoring parameters from /global/cfs/cdirs/desi/users/jqzou/dla_finder/prediction/model/train_lowsnr/train_lowsnr/current_99999.ckpt
2024-01-18 17:15:20.782580: I tensorflow/compiler/jit/xla_gpu_device.cc:99] Not creating XLA devices, tf_xla_enable_xla_devices not set
INFO:tensorflow:Restoring parameters from /global/cfs/cdirs/desi/users/jqzou/dla_finder/prediction/model/train_lowsnr/train_lowsnr/current_99999.ckpt
2024-01-18 17:15:20.891207: I tensorflow/compiler/jit/xla_gpu_device.cc:99] Not creating XLA devices, tf_xla_enable_xla_devices not set
INFO:tensorflow:Restoring parameters from /global/cfs/cdirs/desi/users/jqzou/dla_finder/prediction/model/train_lowsnr/train_lowsnr/current_99999.ckpt
2024-01-18 17:15:21.080581: I tensorflow/compiler/jit/xla_gpu_device.cc:99] Not creating XLA devices, tf_xla_enable_xla_devices not set
2024-01-18 17:15:21.103640: I tensorflow/compiler/jit/xla_gpu_device.cc:99] Not creating XLA devices, tf_xla_enable_xla_devices not set
INFO:tensorflow:Restoring parameters from /global/cfs/cdirs/desi/users/jqzou/dla_finder/prediction/model/train_lowsnr/train_lowsnr/current_99999.ckpt
INFO:tensorflow:Restoring parameters from /global/cfs/cdirs/desi/users/jqzou/dla_finder/prediction/model/train_lowsnr/train_lowsnr/current_99999.ckpt
2024-01-18 17:15:21.584752: I tensorflow/compiler/jit/xla_gpu_device.cc:99] Not creating XLA devices, tf_xla_enable_xla_devices not set
2024-01-18 17:15:21.603853: I tensorflow/compiler/jit/xla_gpu_device.cc:99] Not creating XLA devices, tf_xla_enable_xla_devices not set
INFO:tensorflow:Restoring parameters from /global/cfs/cdirs/desi/users/jqzou/dla_finder/prediction/model/train_midsnr/train_midsnr/current_99999.ckpt
INFO:tensorflow:Restoring parameters from /global/cfs/cdirs/desi/users/jqzou/dla_finder/prediction/model/train_midsnr/train_midsnr/current_99999.ckpt
2024-01-18 17:15:22.183149: I tensorflow/compiler/jit/xla_gpu_device.cc:99] Not creating XLA devices, tf_xla_enable_xla_devices not set
2024-01-18 17:15:22.222996: I tensorflow/compiler/jit/xla_gpu_device.cc:99] Not creating XLA devices, tf_xla_enable_xla_devices not set
INFO:tensorflow:Restoring parameters from /global/cfs/cdirs/desi/users/jqzou/dla_finder/prediction/model/train_lowsnr/train_lowsnr/current_99999.ckpt
2024-01-18 17:15:22.232900: I tensorflow/compiler/jit/xla_gpu_device.cc:99] Not creating XLA devices, tf_xla_enable_xla_devices not set
INFO:tensorflow:Restoring parameters from /global/cfs/cdirs/desi/users/jqzou/dla_finder/prediction/model/train_lowsnr/train_lowsnr/current_99999.ckpt
INFO:tensorflow:Restoring parameters from /global/cfs/cdirs/desi/users/jqzou/dla_finder/prediction/model/train_lowsnr/train_lowsnr/current_99999.ckpt
2024-01-18 17:15:22.519229: I tensorflow/compiler/jit/xla_gpu_device.cc:99] Not creating XLA devices, tf_xla_enable_xla_devices not set
2024-01-18 17:15:22.573940: I tensorflow/compiler/jit/xla_gpu_device.cc:99] Not creating XLA devices, tf_xla_enable_xla_devices not set
INFO:tensorflow:Restoring parameters from /global/cfs/cdirs/desi/users/jqzou/dla_finder/prediction/model/train_lowsnr/train_lowsnr/current_99999.ckpt
INFO:tensorflow:Restoring parameters from /global/cfs/cdirs/desi/users/jqzou/dla_finder/prediction/model/train_lowsnr/train_lowsnr/current_99999.ckpt
2024-01-18 17:15:22.928650: I tensorflow/compiler/jit/xla_gpu_device.cc:99] Not creating XLA devices, tf_xla_enable_xla_devices not set
INFO:tensorflow:Restoring parameters from /global/cfs/cdirs/desi/users/jqzou/dla_finder/prediction/model/train_lowsnr/train_lowsnr/current_99999.ckpt
2024-01-18 17:15:23.134825: I tensorflow/compiler/jit/xla_gpu_device.cc:99] Not creating XLA devices, tf_xla_enable_xla_devices not set
INFO:tensorflow:Restoring parameters from /global/cfs/cdirs/desi/users/jqzou/dla_finder/prediction/model/train_lowsnr/train_lowsnr/current_99999.ckpt
2024-01-18 17:15:23.322999: I tensorflow/compiler/jit/xla_gpu_device.cc:99] Not creating XLA devices, tf_xla_enable_xla_devices not set
2024-01-18 17:15:23.388678: I tensorflow/compiler/jit/xla_gpu_device.cc:99] Not creating XLA devices, tf_xla_enable_xla_devices not set
INFO:tensorflow:Restoring parameters from /global/cfs/cdirs/desi/users/jqzou/dla_finder/prediction/model/train_lowsnr/train_lowsnr/current_99999.ckpt
INFO:tensorflow:Restoring parameters from /global/cfs/cdirs/desi/users/jqzou/dla_finder/prediction/model/train_lowsnr/train_lowsnr/current_99999.ckpt
2024-01-18 17:15:23.631348: I tensorflow/compiler/jit/xla_gpu_device.cc:99] Not creating XLA devices, tf_xla_enable_xla_devices not set
2024-01-18 17:15:23.631484: I tensorflow/compiler/jit/xla_gpu_device.cc:99] Not creating XLA devices, tf_xla_enable_xla_devices not set
INFO:tensorflow:Restoring parameters from /global/cfs/cdirs/desi/users/jqzou/dla_finder/prediction/model/train_lowsnr/train_lowsnr/current_99999.ckpt
INFO:tensorflow:Restoring parameters from /global/cfs/cdirs/desi/users/jqzou/dla_finder/prediction/model/train_lowsnr/train_lowsnr/current_99999.ckpt
2024-01-18 17:15:23.960509: I tensorflow/compiler/jit/xla_gpu_device.cc:99] Not creating XLA devices, tf_xla_enable_xla_devices not set
2024-01-18 17:15:24.029078: I tensorflow/compiler/jit/xla_gpu_device.cc:99] Not creating XLA devices, tf_xla_enable_xla_devices not set
INFO:tensorflow:Restoring parameters from /global/cfs/cdirs/desi/users/jqzou/dla_finder/prediction/model/train_lowsnr/train_lowsnr/current_99999.ckpt
INFO:tensorflow:Restoring parameters from /global/cfs/cdirs/desi/users/jqzou/dla_finder/prediction/model/train_midsnr/train_midsnr/current_99999.ckpt
2024-01-18 17:15:24.483843: I tensorflow/compiler/jit/xla_gpu_device.cc:99] Not creating XLA devices, tf_xla_enable_xla_devices not set
2024-01-18 17:15:24.493356: I tensorflow/compiler/jit/xla_gpu_device.cc:99] Not creating XLA devices, tf_xla_enable_xla_devices not set
INFO:tensorflow:Restoring parameters from /global/cfs/cdirs/desi/users/jqzou/dla_finder/prediction/model/train_lowsnr/train_lowsnr/current_99999.ckpt
INFO:tensorflow:Restoring parameters from /global/cfs/cdirs/desi/users/jqzou/dla_finder/prediction/model/train_lowsnr/train_lowsnr/current_99999.ckpt
2024-01-18 17:15:24.558131: I tensorflow/compiler/jit/xla_gpu_device.cc:99] Not creating XLA devices, tf_xla_enable_xla_devices not set
INFO:tensorflow:Restoring parameters from /global/cfs/cdirs/desi/users/jqzou/dla_finder/prediction/model/train_lowsnr/train_lowsnr/current_99999.ckpt
2024-01-18 17:15:25.139137: I tensorflow/compiler/jit/xla_gpu_device.cc:99] Not creating XLA devices, tf_xla_enable_xla_devices not set
2024-01-18 17:15:25.196499: I tensorflow/compiler/jit/xla_gpu_device.cc:99] Not creating XLA devices, tf_xla_enable_xla_devices not set
INFO:tensorflow:Restoring parameters from /global/cfs/cdirs/desi/users/jqzou/dla_finder/prediction/model/train_lowsnr/train_lowsnr/current_99999.ckpt
INFO:tensorflow:Restoring parameters from /global/cfs/cdirs/desi/users/jqzou/dla_finder/prediction/model/train_midsnr/train_midsnr/current_99999.ckpt
2024-01-18 17:15:25.273300: I tensorflow/compiler/jit/xla_gpu_device.cc:99] Not creating XLA devices, tf_xla_enable_xla_devices not set
2024-01-18 17:15:25.277706: I tensorflow/compiler/jit/xla_gpu_device.cc:99] Not creating XLA devices, tf_xla_enable_xla_devices not set
2024-01-18 17:15:25.314035: I tensorflow/compiler/jit/xla_gpu_device.cc:99] Not creating XLA devices, tf_xla_enable_xla_devices not set
INFO:tensorflow:Restoring parameters from /global/cfs/cdirs/desi/users/jqzou/dla_finder/prediction/model/train_lowsnr/train_lowsnr/current_99999.ckpt
INFO:tensorflow:Restoring parameters from /global/cfs/cdirs/desi/users/jqzou/dla_finder/prediction/model/train_lowsnr/train_lowsnr/current_99999.ckpt
INFO:tensorflow:Restoring parameters from /global/cfs/cdirs/desi/users/jqzou/dla_finder/prediction/model/train_lowsnr/train_lowsnr/current_99999.ckpt
2024-01-18 17:15:25.713122: I tensorflow/compiler/jit/xla_gpu_device.cc:99] Not creating XLA devices, tf_xla_enable_xla_devices not set
2024-01-18 17:15:25.774465: I tensorflow/compiler/jit/xla_gpu_device.cc:99] Not creating XLA devices, tf_xla_enable_xla_devices not set
INFO:tensorflow:Restoring parameters from /global/cfs/cdirs/desi/users/jqzou/dla_finder/prediction/model/train_midsnr/train_midsnr/current_99999.ckpt
2024-01-18 17:15:25.803768: I tensorflow/compiler/jit/xla_gpu_device.cc:99] Not creating XLA devices, tf_xla_enable_xla_devices not set
INFO:tensorflow:Restoring parameters from /global/cfs/cdirs/desi/users/jqzou/dla_finder/prediction/model/train_midsnr/train_midsnr/current_99999.ckpt
INFO:tensorflow:Restoring parameters from /global/cfs/cdirs/desi/users/jqzou/dla_finder/prediction/model/train_lowsnr/train_lowsnr/current_99999.ckpt
2024-01-18 17:15:26.155223: I tensorflow/compiler/jit/xla_gpu_device.cc:99] Not creating XLA devices, tf_xla_enable_xla_devices not set
2024-01-18 17:15:26.215001: I tensorflow/compiler/jit/xla_gpu_device.cc:99] Not creating XLA devices, tf_xla_enable_xla_devices not set
2024-01-18 17:15:26.217623: I tensorflow/compiler/jit/xla_gpu_device.cc:99] Not creating XLA devices, tf_xla_enable_xla_devices not set
INFO:tensorflow:Restoring parameters from /global/cfs/cdirs/desi/users/jqzou/dla_finder/prediction/model/train_lowsnr/train_lowsnr/current_99999.ckpt
INFO:tensorflow:Restoring parameters from /global/cfs/cdirs/desi/users/jqzou/dla_finder/prediction/model/train_lowsnr/train_lowsnr/current_99999.ckpt
INFO:tensorflow:Restoring parameters from /global/cfs/cdirs/desi/users/jqzou/dla_finder/prediction/model/train_lowsnr/train_lowsnr/current_99999.ckpt
2024-01-18 17:15:26.490952: I tensorflow/compiler/jit/xla_gpu_device.cc:99] Not creating XLA devices, tf_xla_enable_xla_devices not set
INFO:tensorflow:Restoring parameters from /global/cfs/cdirs/desi/users/jqzou/dla_finder/prediction/model/train_lowsnr/train_lowsnr/current_99999.ckpt
2024-01-18 17:15:26.713410: I tensorflow/compiler/jit/xla_gpu_device.cc:99] Not creating XLA devices, tf_xla_enable_xla_devices not set
INFO:tensorflow:Restoring parameters from /global/cfs/cdirs/desi/users/jqzou/dla_finder/prediction/model/train_lowsnr/train_lowsnr/current_99999.ckpt
2024-01-18 17:15:27.091977: I tensorflow/compiler/jit/xla_gpu_device.cc:99] Not creating XLA devices, tf_xla_enable_xla_devices not set
2024-01-18 17:15:27.155475: I tensorflow/compiler/jit/xla_gpu_device.cc:99] Not creating XLA devices, tf_xla_enable_xla_devices not set
INFO:tensorflow:Restoring parameters from /global/cfs/cdirs/desi/users/jqzou/dla_finder/prediction/model/train_lowsnr/train_lowsnr/current_99999.ckpt
INFO:tensorflow:Restoring parameters from /global/cfs/cdirs/desi/users/jqzou/dla_finder/prediction/model/train_lowsnr/train_lowsnr/current_99999.ckpt
2024-01-18 17:15:27.354440: I tensorflow/compiler/jit/xla_gpu_device.cc:99] Not creating XLA devices, tf_xla_enable_xla_devices not set
INFO:tensorflow:Restoring parameters from /global/cfs/cdirs/desi/users/jqzou/dla_finder/prediction/model/train_lowsnr/train_lowsnr/current_99999.ckpt
2024-01-18 17:15:27.448396: I tensorflow/compiler/jit/xla_gpu_device.cc:99] Not creating XLA devices, tf_xla_enable_xla_devices not set
INFO:tensorflow:Restoring parameters from /global/cfs/cdirs/desi/users/jqzou/dla_finder/prediction/model/train_lowsnr/train_lowsnr/current_99999.ckpt
2024-01-18 17:15:27.974384: I tensorflow/compiler/jit/xla_gpu_device.cc:99] Not creating XLA devices, tf_xla_enable_xla_devices not set
INFO:tensorflow:Restoring parameters from /global/cfs/cdirs/desi/users/jqzou/dla_finder/prediction/model/train_midsnr/train_midsnr/current_99999.ckpt
2024-01-18 17:15:28.282725: I tensorflow/compiler/jit/xla_gpu_device.cc:99] Not creating XLA devices, tf_xla_enable_xla_devices not set
INFO:tensorflow:Restoring parameters from /global/cfs/cdirs/desi/users/jqzou/dla_finder/prediction/model/train_lowsnr/train_lowsnr/current_99999.ckpt
2024-01-18 17:15:28.447257: I tensorflow/compiler/jit/xla_gpu_device.cc:99] Not creating XLA devices, tf_xla_enable_xla_devices not set
INFO:tensorflow:Restoring parameters from /global/cfs/cdirs/desi/users/jqzou/dla_finder/prediction/model/train_lowsnr/train_lowsnr/current_99999.ckpt
2024-01-18 17:15:28.596567: I tensorflow/compiler/jit/xla_gpu_device.cc:99] Not creating XLA devices, tf_xla_enable_xla_devices not set
INFO:tensorflow:Restoring parameters from /global/cfs/cdirs/desi/users/jqzou/dla_finder/prediction/model/train_lowsnr/train_lowsnr/current_99999.ckpt
2024-01-18 17:15:28.693416: I tensorflow/compiler/jit/xla_gpu_device.cc:99] Not creating XLA devices, tf_xla_enable_xla_devices not set
INFO:tensorflow:Restoring parameters from /global/cfs/cdirs/desi/users/jqzou/dla_finder/prediction/model/train_lowsnr/train_lowsnr/current_99999.ckpt
2024-01-18 17:15:28.791880: I tensorflow/compiler/jit/xla_gpu_device.cc:99] Not creating XLA devices, tf_xla_enable_xla_devices not set
2024-01-18 17:15:28.823949: I tensorflow/compiler/jit/xla_gpu_device.cc:99] Not creating XLA devices, tf_xla_enable_xla_devices not set
INFO:tensorflow:Restoring parameters from /global/cfs/cdirs/desi/users/jqzou/dla_finder/prediction/model/train_lowsnr/train_lowsnr/current_99999.ckpt
INFO:tensorflow:Restoring parameters from /global/cfs/cdirs/desi/users/jqzou/dla_finder/prediction/model/train_lowsnr/train_lowsnr/current_99999.ckpt
2024-01-18 17:15:28.957073: I tensorflow/compiler/jit/xla_gpu_device.cc:99] Not creating XLA devices, tf_xla_enable_xla_devices not set
INFO:tensorflow:Restoring parameters from /global/cfs/cdirs/desi/users/jqzou/dla_finder/prediction/model/train_lowsnr/train_lowsnr/current_99999.ckpt
2024-01-18 17:15:29.415345: I tensorflow/compiler/jit/xla_gpu_device.cc:99] Not creating XLA devices, tf_xla_enable_xla_devices not set
2024-01-18 17:15:29.423716: I tensorflow/compiler/jit/xla_gpu_device.cc:99] Not creating XLA devices, tf_xla_enable_xla_devices not set
2024-01-18 17:15:29.437474: I tensorflow/compiler/jit/xla_gpu_device.cc:99] Not creating XLA devices, tf_xla_enable_xla_devices not set
INFO:tensorflow:Restoring parameters from /global/cfs/cdirs/desi/users/jqzou/dla_finder/prediction/model/train_lowsnr/train_lowsnr/current_99999.ckpt
INFO:tensorflow:Restoring parameters from /global/cfs/cdirs/desi/users/jqzou/dla_finder/prediction/model/train_midsnr/train_midsnr/current_99999.ckpt
INFO:tensorflow:Restoring parameters from /global/cfs/cdirs/desi/users/jqzou/dla_finder/prediction/model/train_lowsnr/train_lowsnr/current_99999.ckpt
2024-01-18 17:15:29.664722: I tensorflow/compiler/jit/xla_gpu_device.cc:99] Not creating XLA devices, tf_xla_enable_xla_devices not set
INFO:tensorflow:Restoring parameters from /global/cfs/cdirs/desi/users/jqzou/dla_finder/prediction/model/train_lowsnr/train_lowsnr/current_99999.ckpt
2024-01-18 17:15:29.770233: I tensorflow/compiler/jit/xla_gpu_device.cc:99] Not creating XLA devices, tf_xla_enable_xla_devices not set
INFO:tensorflow:Restoring parameters from /global/cfs/cdirs/desi/users/jqzou/dla_finder/prediction/model/train_lowsnr/train_lowsnr/current_99999.ckpt
2024-01-18 17:15:29.918874: I tensorflow/compiler/jit/xla_gpu_device.cc:99] Not creating XLA devices, tf_xla_enable_xla_devices not set
2024-01-18 17:15:29.933965: I tensorflow/compiler/jit/xla_gpu_device.cc:99] Not creating XLA devices, tf_xla_enable_xla_devices not set
INFO:tensorflow:Restoring parameters from /global/cfs/cdirs/desi/users/jqzou/dla_finder/prediction/model/train_lowsnr/train_lowsnr/current_99999.ckpt
INFO:tensorflow:Restoring parameters from /global/cfs/cdirs/desi/users/jqzou/dla_finder/prediction/model/train_lowsnr/train_lowsnr/current_99999.ckpt
2024-01-18 17:15:30.065704: I tensorflow/compiler/jit/xla_gpu_device.cc:99] Not creating XLA devices, tf_xla_enable_xla_devices not set
INFO:tensorflow:Restoring parameters from /global/cfs/cdirs/desi/users/jqzou/dla_finder/prediction/model/train_midsnr/train_midsnr/current_99999.ckpt
2024-01-18 17:15:30.648167: I tensorflow/compiler/jit/xla_gpu_device.cc:99] Not creating XLA devices, tf_xla_enable_xla_devices not set
2024-01-18 17:15:30.664313: I tensorflow/compiler/jit/xla_gpu_device.cc:99] Not creating XLA devices, tf_xla_enable_xla_devices not set
INFO:tensorflow:Restoring parameters from /global/cfs/cdirs/desi/users/jqzou/dla_finder/prediction/model/train_lowsnr/train_lowsnr/current_99999.ckpt
INFO:tensorflow:Restoring parameters from /global/cfs/cdirs/desi/users/jqzou/dla_finder/prediction/model/train_lowsnr/train_lowsnr/current_99999.ckpt
2024-01-18 17:15:30.870390: I tensorflow/compiler/jit/xla_gpu_device.cc:99] Not creating XLA devices, tf_xla_enable_xla_devices not set
INFO:tensorflow:Restoring parameters from /global/cfs/cdirs/desi/users/jqzou/dla_finder/prediction/model/train_midsnr/train_midsnr/current_99999.ckpt
2024-01-18 17:15:31.241701: I tensorflow/compiler/jit/xla_gpu_device.cc:99] Not creating XLA devices, tf_xla_enable_xla_devices not set
2024-01-18 17:15:31.269292: I tensorflow/compiler/jit/xla_gpu_device.cc:99] Not creating XLA devices, tf_xla_enable_xla_devices not set
INFO:tensorflow:Restoring parameters from /global/cfs/cdirs/desi/users/jqzou/dla_finder/prediction/model/train_midsnr/train_midsnr/current_99999.ckpt
INFO:tensorflow:Restoring parameters from /global/cfs/cdirs/desi/users/jqzou/dla_finder/prediction/model/train_lowsnr/train_lowsnr/current_99999.ckpt
2024-01-18 17:15:31.642708: I tensorflow/compiler/jit/xla_gpu_device.cc:99] Not creating XLA devices, tf_xla_enable_xla_devices not set
INFO:tensorflow:Restoring parameters from /global/cfs/cdirs/desi/users/jqzou/dla_finder/prediction/model/train_lowsnr/train_lowsnr/current_99999.ckpt
2024-01-18 17:15:31.687319: I tensorflow/compiler/jit/xla_gpu_device.cc:99] Not creating XLA devices, tf_xla_enable_xla_devices not set
INFO:tensorflow:Restoring parameters from /global/cfs/cdirs/desi/users/jqzou/dla_finder/prediction/model/train_lowsnr/train_lowsnr/current_99999.ckpt
2024-01-18 17:15:31.837116: I tensorflow/compiler/jit/xla_gpu_device.cc:99] Not creating XLA devices, tf_xla_enable_xla_devices not set
2024-01-18 17:15:31.882756: I tensorflow/compiler/jit/xla_gpu_device.cc:99] Not creating XLA devices, tf_xla_enable_xla_devices not set
INFO:tensorflow:Restoring parameters from /global/cfs/cdirs/desi/users/jqzou/dla_finder/prediction/model/train_midsnr/train_midsnr/current_99999.ckpt
2024-01-18 17:15:31.933467: I tensorflow/compiler/jit/xla_gpu_device.cc:99] Not creating XLA devices, tf_xla_enable_xla_devices not set
INFO:tensorflow:Restoring parameters from /global/cfs/cdirs/desi/users/jqzou/dla_finder/prediction/model/train_lowsnr/train_lowsnr/current_99999.ckpt
INFO:tensorflow:Restoring parameters from /global/cfs/cdirs/desi/users/jqzou/dla_finder/prediction/model/train_lowsnr/train_lowsnr/current_99999.ckpt
2024-01-18 17:15:32.437419: I tensorflow/compiler/jit/xla_gpu_device.cc:99] Not creating XLA devices, tf_xla_enable_xla_devices not set
INFO:tensorflow:Restoring parameters from /global/cfs/cdirs/desi/users/jqzou/dla_finder/prediction/model/train_lowsnr/train_lowsnr/current_99999.ckpt
2024-01-18 17:15:32.561771: I tensorflow/compiler/jit/xla_gpu_device.cc:99] Not creating XLA devices, tf_xla_enable_xla_devices not set
INFO:tensorflow:Restoring parameters from /global/cfs/cdirs/desi/users/jqzou/dla_finder/prediction/model/train_lowsnr/train_lowsnr/current_99999.ckpt
2024-01-18 17:15:32.785055: I tensorflow/compiler/jit/xla_gpu_device.cc:99] Not creating XLA devices, tf_xla_enable_xla_devices not set
INFO:tensorflow:Restoring parameters from /global/cfs/cdirs/desi/users/jqzou/dla_finder/prediction/model/train_lowsnr/train_lowsnr/current_99999.ckpt
2024-01-18 17:15:32.939448: I tensorflow/compiler/jit/xla_gpu_device.cc:99] Not creating XLA devices, tf_xla_enable_xla_devices not set
INFO:tensorflow:Restoring parameters from /global/cfs/cdirs/desi/users/jqzou/dla_finder/prediction/model/train_lowsnr/train_lowsnr/current_99999.ckpt
2024-01-18 17:15:33.183049: I tensorflow/compiler/jit/xla_gpu_device.cc:99] Not creating XLA devices, tf_xla_enable_xla_devices not set
INFO:tensorflow:Restoring parameters from /global/cfs/cdirs/desi/users/jqzou/dla_finder/prediction/model/train_lowsnr/train_lowsnr/current_99999.ckpt
2024-01-18 17:15:33.564117: I tensorflow/compiler/jit/xla_gpu_device.cc:99] Not creating XLA devices, tf_xla_enable_xla_devices not set
INFO:tensorflow:Restoring parameters from /global/cfs/cdirs/desi/users/jqzou/dla_finder/prediction/model/train_lowsnr/train_lowsnr/current_99999.ckpt
2024-01-18 17:15:33.609508: I tensorflow/compiler/jit/xla_gpu_device.cc:99] Not creating XLA devices, tf_xla_enable_xla_devices not set
INFO:tensorflow:Restoring parameters from /global/cfs/cdirs/desi/users/jqzou/dla_finder/prediction/model/train_midsnr/train_midsnr/current_99999.ckpt
2024-01-18 17:15:34.032085: I tensorflow/compiler/jit/xla_gpu_device.cc:99] Not creating XLA devices, tf_xla_enable_xla_devices not set
2024-01-18 17:15:34.075496: I tensorflow/compiler/jit/xla_gpu_device.cc:99] Not creating XLA devices, tf_xla_enable_xla_devices not set
INFO:tensorflow:Restoring parameters from /global/cfs/cdirs/desi/users/jqzou/dla_finder/prediction/model/train_midsnr/train_midsnr/current_99999.ckpt
INFO:tensorflow:Restoring parameters from /global/cfs/cdirs/desi/users/jqzou/dla_finder/prediction/model/train_lowsnr/train_lowsnr/current_99999.ckpt
2024-01-18 17:15:34.275075: I tensorflow/compiler/jit/xla_gpu_device.cc:99] Not creating XLA devices, tf_xla_enable_xla_devices not set
INFO:tensorflow:Restoring parameters from /global/cfs/cdirs/desi/users/jqzou/dla_finder/prediction/model/train_lowsnr/train_lowsnr/current_99999.ckpt
2024-01-18 17:15:34.617709: I tensorflow/compiler/jit/xla_gpu_device.cc:99] Not creating XLA devices, tf_xla_enable_xla_devices not set
INFO:tensorflow:Restoring parameters from /global/cfs/cdirs/desi/users/jqzou/dla_finder/prediction/model/train_lowsnr/train_lowsnr/current_99999.ckpt
2024-01-18 17:15:34.739888: I tensorflow/compiler/jit/xla_gpu_device.cc:99] Not creating XLA devices, tf_xla_enable_xla_devices not set
INFO:tensorflow:Restoring parameters from /global/cfs/cdirs/desi/users/jqzou/dla_finder/prediction/model/train_midsnr/train_midsnr/current_99999.ckpt
2024-01-18 17:15:34.863508: I tensorflow/compiler/jit/xla_gpu_device.cc:99] Not creating XLA devices, tf_xla_enable_xla_devices not set
INFO:tensorflow:Restoring parameters from /global/cfs/cdirs/desi/users/jqzou/dla_finder/prediction/model/train_lowsnr/train_lowsnr/current_99999.ckpt
2024-01-18 17:15:35.496589: I tensorflow/compiler/jit/xla_gpu_device.cc:99] Not creating XLA devices, tf_xla_enable_xla_devices not set
INFO:tensorflow:Restoring parameters from /global/cfs/cdirs/desi/users/jqzou/dla_finder/prediction/model/train_lowsnr/train_lowsnr/current_99999.ckpt
2024-01-18 17:15:35.581022: I tensorflow/compiler/jit/xla_gpu_device.cc:99] Not creating XLA devices, tf_xla_enable_xla_devices not set
2024-01-18 17:15:35.598891: I tensorflow/compiler/jit/xla_gpu_device.cc:99] Not creating XLA devices, tf_xla_enable_xla_devices not set
INFO:tensorflow:Restoring parameters from /global/cfs/cdirs/desi/users/jqzou/dla_finder/prediction/model/train_lowsnr/train_lowsnr/current_99999.ckpt
INFO:tensorflow:Restoring parameters from /global/cfs/cdirs/desi/users/jqzou/dla_finder/prediction/model/train_midsnr/train_midsnr/current_99999.ckpt
2024-01-18 17:15:35.788436: I tensorflow/compiler/jit/xla_gpu_device.cc:99] Not creating XLA devices, tf_xla_enable_xla_devices not set
INFO:tensorflow:Restoring parameters from /global/cfs/cdirs/desi/users/jqzou/dla_finder/prediction/model/train_midsnr/train_midsnr/current_99999.ckpt
2024-01-18 17:15:36.167971: I tensorflow/compiler/jit/xla_gpu_device.cc:99] Not creating XLA devices, tf_xla_enable_xla_devices not set
INFO:tensorflow:Restoring parameters from /global/cfs/cdirs/desi/users/jqzou/dla_finder/prediction/model/train_lowsnr/train_lowsnr/current_99999.ckpt
2024-01-18 17:15:36.973196: I tensorflow/compiler/jit/xla_gpu_device.cc:99] Not creating XLA devices, tf_xla_enable_xla_devices not set
INFO:tensorflow:Restoring parameters from /global/cfs/cdirs/desi/users/jqzou/dla_finder/prediction/model/train_lowsnr/train_lowsnr/current_99999.ckpt

  0%|                                                                                                                                    | 0/755 [00:00<?, ?it/s]  1%|█▏                                                                                                                          | 7/755 [00:00<00:11, 66.88it/s]  2%|██▎                                                                                                                        | 14/755 [00:00<00:15, 48.32it/s]  3%|███▍                                                                                                                       | 21/755 [00:00<00:13, 52.48it/s]  4%|████▍                                                                                                                      | 27/755 [00:00<00:13, 52.41it/s]  5%|█████▌                                                                                                                     | 34/755 [00:00<00:12, 56.89it/s]  5%|██████▌                                                                                                                    | 40/755 [00:00<00:15, 47.14it/s]  6%|███████▋                                                                                                                   | 47/755 [00:00<00:13, 52.81it/s]  7%|████████▊                                                                                                                  | 54/755 [00:01<00:13, 53.69it/s]  8%|█████████▊                                                                                                                 | 60/755 [00:01<00:14, 48.01it/s]  9%|██████████▊                                                                                                                | 66/755 [00:01<00:14, 46.19it/s] 10%|███████████▋                                                                                                               | 72/755 [00:01<00:14, 48.07it/s] 10%|████████████▋                                                                                                              | 78/755 [00:01<00:14, 47.46it/s] 11%|██████████████                                                                                                             | 86/755 [00:01<00:12, 55.51it/s] 12%|███████████████▏                                                                                                           | 93/755 [00:01<00:11, 58.63it/s] 13%|████████████████▏                                                                                                         | 100/755 [00:01<00:12, 50.95it/s] 14%|█████████████████▏                                                                                                        | 106/755 [00:02<00:12, 52.58it/s] 15%|██████████████████                                                                                                        | 112/755 [00:02<00:13, 48.74it/s] 16%|███████████████████                                                                                                       | 118/755 [00:02<00:13, 45.88it/s] 16%|███████████████████▉                                                                                                      | 123/755 [00:02<00:14, 44.35it/s] 17%|████████████████████▋                                                                                                     | 128/755 [00:02<00:13, 45.28it/s] 18%|█████████████████████▍                                                                                                    | 133/755 [00:02<00:14, 41.51it/s] 18%|██████████████████████▎                                                                                                   | 138/755 [00:02<00:14, 43.32it/s] 19%|███████████████████████                                                                                                   | 143/755 [00:03<00:16, 36.52it/s] 20%|███████████████████████▉                                                                                                  | 148/755 [00:03<00:15, 39.12it/s] 20%|████████████████████████▋                                                                                                 | 153/755 [00:03<00:14, 40.27it/s] 21%|█████████████████████████▌                                                                                                | 158/755 [00:03<00:15, 39.35it/s] 22%|██████████████████████████▋                                                                                               | 165/755 [00:03<00:13, 45.07it/s] 23%|███████████████████████████▉                                                                                              | 173/755 [00:03<00:11, 51.32it/s] 24%|████████████████████████████▉                                                                                             | 179/755 [00:03<00:11, 51.03it/s] 25%|█████████████████████████████▉                                                                                            | 185/755 [00:03<00:11, 50.77it/s] 25%|███████████████████████████████                                                                                           | 192/755 [00:03<00:10, 54.82it/s] 26%|████████████████████████████████▏                                                                                         | 199/755 [00:04<00:09, 58.32it/s] 27%|█████████████████████████████████▏                                                                                        | 205/755 [00:04<00:09, 58.11it/s] 28%|██████████████████████████████████                                                                                        | 211/755 [00:04<00:09, 58.01it/s] 29%|███████████████████████████████████                                                                                       | 217/755 [00:04<00:10, 52.17it/s] 30%|████████████████████████████████████                                                                                      | 223/755 [00:04<00:09, 53.26it/s] 30%|█████████████████████████████████████                                                                                     | 229/755 [00:04<00:09, 53.12it/s] 31%|█████████████████████████████████████▉                                                                                    | 235/755 [00:04<00:10, 48.61it/s] 32%|███████████████████████████████████████                                                                                   | 242/755 [00:04<00:10, 51.10it/s] 33%|████████████████████████████████████████                                                                                  | 248/755 [00:05<00:10, 48.91it/s] 34%|████████████████████████████████████████▉                                                                                 | 253/755 [00:05<00:10, 48.00it/s] 34%|█████████████████████████████████████████▋                                                                                | 258/755 [00:05<00:10, 45.96it/s] 35%|██████████████████████████████████████████▊                                                                               | 265/755 [00:05<00:09, 50.99it/s] 36%|███████████████████████████████████████████▊                                                                              | 271/755 [00:05<00:09, 50.39it/s] 37%|████████████████████████████████████████████▊                                                                             | 277/755 [00:05<00:09, 50.77it/s] 37%|█████████████████████████████████████████████▋                                                                            | 283/755 [00:05<00:08, 52.93it/s] 38%|██████████████████████████████████████████████▋                                                                           | 289/755 [00:05<00:08, 54.57it/s] 39%|███████████████████████████████████████████████▋                                                                          | 295/755 [00:05<00:08, 54.89it/s] 40%|████████████████████████████████████████████████▋                                                                         | 301/755 [00:06<00:08, 55.33it/s] 41%|█████████████████████████████████████████████████▌                                                                        | 307/755 [00:06<00:09, 49.16it/s] 42%|██████████████████████████████████████████████████▉                                                                       | 315/755 [00:06<00:07, 55.25it/s] 43%|███████████████████████████████████████████████████▊                                                                      | 321/755 [00:06<00:08, 49.13it/s] 43%|████████████████████████████████████████████████████▊                                                                     | 327/755 [00:06<00:09, 46.12it/s] 44%|█████████████████████████████████████████████████████▋                                                                    | 332/755 [00:06<00:11, 37.79it/s] 45%|██████████████████████████████████████████████████████▉                                                                   | 340/755 [00:06<00:09, 45.46it/s] 46%|███████████████████████████████████████████████████████▉                                                                  | 346/755 [00:07<00:08, 45.64it/s] 46%|████████████████████████████████████████████████████████▋                                                                 | 351/755 [00:07<00:09, 42.71it/s] 47%|█████████████████████████████████████████████████████████▌                                                                | 356/755 [00:07<00:09, 43.62it/s] 48%|██████████████████████████████████████████████████████████▎                                                               | 361/755 [00:07<00:09, 39.91it/s] 48%|███████████████████████████████████████████████████████████▏                                                              | 366/755 [00:07<00:10, 37.64it/s] 49%|███████████████████████████████████████████████████████████▉                                                              | 371/755 [00:07<00:09, 39.75it/s] 50%|████████████████████████████████████████████████████████████▉                                                             | 377/755 [00:07<00:08, 43.10it/s] 51%|█████████████████████████████████████████████████████████████▉                                                            | 383/755 [00:07<00:08, 44.73it/s] 52%|███████████████████████████████████████████████████████████████                                                           | 390/755 [00:08<00:07, 47.78it/s] 52%|███████████████████████████████████████████████████████████████▊                                                          | 395/755 [00:08<00:09, 38.94it/s] 53%|████████████████████████████████████████████████████████████████▋                                                         | 400/755 [00:08<00:08, 40.45it/s] 54%|█████████████████████████████████████████████████████████████████▍                                                        | 405/755 [00:08<00:08, 38.95it/s] 54%|██████████████████████████████████████████████████████████████████▎                                                       | 410/755 [00:08<00:08, 38.99it/s] 55%|███████████████████████████████████████████████████████████████████                                                       | 415/755 [00:08<00:08, 41.60it/s] 56%|████████████████████████████████████████████████████████████████████▏                                                     | 422/755 [00:08<00:06, 48.74it/s] 57%|█████████████████████████████████████████████████████████████████████▏                                                    | 428/755 [00:08<00:06, 47.44it/s] 57%|██████████████████████████████████████████████████████████████████████▏                                                   | 434/755 [00:09<00:06, 49.15it/s] 58%|███████████████████████████████████████████████████████████████████████                                                   | 440/755 [00:09<00:06, 49.14it/s] 59%|███████████████████████████████████████████████████████████████████████▉                                                  | 445/755 [00:09<00:06, 47.27it/s] 60%|████████████████████████████████████████████████████████████████████████▋                                                 | 450/755 [00:09<00:06, 44.99it/s] 61%|█████████████████████████████████████████████████████████████████████████▊                                                | 457/755 [00:09<00:05, 49.76it/s] 61%|██████████████████████████████████████████████████████████████████████████▊                                               | 463/755 [00:09<00:06, 47.43it/s] 62%|███████████████████████████████████████████████████████████████████████████▌                                              | 468/755 [00:09<00:06, 45.42it/s] 63%|████████████████████████████████████████████████████████████████████████████▍                                             | 473/755 [00:09<00:06, 42.93it/s] 63%|█████████████████████████████████████████████████████████████████████████████▏                                            | 478/755 [00:10<00:06, 44.42it/s] 64%|██████████████████████████████████████████████████████████████████████████████                                            | 483/755 [00:10<00:06, 42.25it/s] 65%|██████████████████████████████████████████████████████████████████████████████▊                                           | 488/755 [00:10<00:06, 41.02it/s] 65%|███████████████████████████████████████████████████████████████████████████████▋                                          | 493/755 [00:10<00:06, 43.28it/s] 66%|████████████████████████████████████████████████████████████████████████████████▊                                         | 500/755 [00:10<00:05, 45.99it/s] 67%|█████████████████████████████████████████████████████████████████████████████████▌                                        | 505/755 [00:10<00:05, 43.22it/s] 68%|██████████████████████████████████████████████████████████████████████████████████▉                                       | 513/755 [00:10<00:04, 51.28it/s] 69%|███████████████████████████████████████████████████████████████████████████████████▊                                      | 519/755 [00:10<00:04, 47.44it/s] 70%|█████████████████████████████████████████████████████████████████████████████████████▏                                    | 527/755 [00:11<00:04, 53.03it/s] 71%|██████████████████████████████████████████████████████████████████████████████████████▏                                   | 533/755 [00:11<00:04, 48.31it/s] 71%|███████████████████████████████████████████████████████████████████████████████████████                                   | 539/755 [00:11<00:04, 47.38it/s] 72%|███████████████████████████████████████████████████████████████████████████████████████▉                                  | 544/755 [00:11<00:04, 47.28it/s] 73%|████████████████████████████████████████████████████████████████████████████████████████▊                                 | 550/755 [00:11<00:04, 49.25it/s] 74%|█████████████████████████████████████████████████████████████████████████████████████████▋                                | 555/755 [00:11<00:04, 47.59it/s] 74%|██████████████████████████████████████████████████████████████████████████████████████████▍                               | 560/755 [00:11<00:04, 47.92it/s] 75%|███████████████████████████████████████████████████████████████████████████████████████████▌                              | 567/755 [00:11<00:03, 52.14it/s] 76%|████████████████████████████████████████████████████████████████████████████████████████████▌                             | 573/755 [00:12<00:03, 53.95it/s] 77%|█████████████████████████████████████████████████████████████████████████████████████████████▌                            | 579/755 [00:12<00:04, 43.15it/s] 78%|███████████████████████████████████████████████████████████████████████████████████████████████                           | 588/755 [00:12<00:03, 51.42it/s] 79%|███████████████████████████████████████████████████████████████████████████████████████████████▉                          | 594/755 [00:12<00:03, 43.99it/s] 79%|████████████████████████████████████████████████████████████████████████████████████████████████▊                         | 599/755 [00:12<00:03, 45.29it/s] 80%|█████████████████████████████████████████████████████████████████████████████████████████████████▉                        | 606/755 [00:12<00:03, 48.94it/s] 81%|██████████████████████████████████████████████████████████████████████████████████████████████████▉                       | 612/755 [00:12<00:02, 48.98it/s] 82%|████████████████████████████████████████████████████████████████████████████████████████████████████                      | 619/755 [00:13<00:02, 51.06it/s] 83%|█████████████████████████████████████████████████████████████████████████████████████████████████████▎                    | 627/755 [00:13<00:02, 57.27it/s] 84%|██████████████████████████████████████████████████████████████████████████████████████████████████████▎                   | 633/755 [00:13<00:02, 49.31it/s] 85%|███████████████████████████████████████████████████████████████████████████████████████████████████████▎                  | 639/755 [00:13<00:02, 46.55it/s] 85%|████████████████████████████████████████████████████████████████████████████████████████████████████████▏                 | 645/755 [00:13<00:02, 49.00it/s] 86%|█████████████████████████████████████████████████████████████████████████████████████████████████████████▏                | 651/755 [00:13<00:02, 48.75it/s] 87%|██████████████████████████████████████████████████████████████████████████████████████████████████████████▍               | 659/755 [00:13<00:01, 55.62it/s] 88%|███████████████████████████████████████████████████████████████████████████████████████████████████████████▍              | 665/755 [00:13<00:01, 53.58it/s] 89%|████████████████████████████████████████████████████████████████████████████████████████████████████████████▍             | 671/755 [00:14<00:01, 48.40it/s] 90%|█████████████████████████████████████████████████████████████████████████████████████████████████████████████▍            | 677/755 [00:14<00:01, 50.77it/s] 90%|██████████████████████████████████████████████████████████████████████████████████████████████████████████████▎           | 683/755 [00:14<00:01, 52.63it/s] 91%|███████████████████████████████████████████████████████████████████████████████████████████████████████████████▎          | 689/755 [00:14<00:01, 53.77it/s] 92%|████████████████████████████████████████████████████████████████████████████████████████████████████████████████▎         | 695/755 [00:14<00:01, 51.74it/s] 93%|█████████████████████████████████████████████████████████████████████████████████████████████████████████████████▎        | 701/755 [00:14<00:01, 51.19it/s] 94%|██████████████████████████████████████████████████████████████████████████████████████████████████████████████████▏       | 707/755 [00:14<00:00, 49.77it/s] 94%|███████████████████████████████████████████████████████████████████████████████████████████████████████████████████▏      | 713/755 [00:14<00:00, 47.47it/s] 95%|████████████████████████████████████████████████████████████████████████████████████████████████████████████████████      | 718/755 [00:15<00:00, 44.90it/s] 96%|████████████████████████████████████████████████████████████████████████████████████████████████████████████████████▉     | 724/755 [00:15<00:00, 47.78it/s] 97%|█████████████████████████████████████████████████████████████████████████████████████████████████████████████████████▊    | 729/755 [00:15<00:00, 46.20it/s] 97%|██████████████████████████████████████████████████████████████████████████████████████████████████████████████████████▌   | 734/755 [00:15<00:00, 47.02it/s] 98%|███████████████████████████████████████████████████████████████████████████████████████████████████████████████████████▋  | 741/755 [00:15<00:00, 51.79it/s] 99%|████████████████████████████████████████████████████████████████████████████████████████████████████████████████████████▋ | 747/755 [00:15<00:00, 48.08it/s]100%|█████████████████████████████████████████████████████████████████████████████████████████████████████████████████████████▋| 753/755 [00:15<00:00, 47.96it/s]100%|██████████████████████████████████████████████████████████████████████████████████████████████████████████████████████████| 755/755 [00:15<00:00, 48.00it/s]
  0%|                                                                                                                                    | 0/864 [00:00<?, ?it/s] 14%|████████████████▊                                                                                                        | 120/864 [00:00<00:00, 915.88it/s]/global/cfs/cdirs/desi/users/jqzou/dla_finder/datasets/input_set.py:102: FutureWarning: arrays to stack must be passed as a "sequence" type such as list or tuple. Support for non-sequence iterables such as generators is deprecated as of NumPy 1.16 and will raise an error in the future.
  fluxes_matrix = np.vstack(map(lambda x:x[0][x[1]-kernelrangepx:x[1]+kernelrangepx],zip(itertools.repeat(flux_padded), np.nonzero(ix_dla_range)[0]+pixel_num_left)))
/global/cfs/cdirs/desi/users/jqzou/dla_finder/datasets/input_set.py:103: FutureWarning: arrays to stack must be passed as a "sequence" type such as list or tuple. Support for non-sequence iterables such as generators is deprecated as of NumPy 1.16 and will raise an error in the future.
  lam_matrix = np.vstack(map(lambda x:x[0][x[1]-kernelrangepx:x[1]+kernelrangepx],zip(itertools.repeat(lam_padded), np.nonzero(ix_dla_range)[0]+pixel_num_left)))
WARNING:tensorflow:From /global/cfs/cdirs/desi/users/jqzou/dla_finder/training/model.py:291: div (from tensorflow.python.ops.math_ops) is deprecated and will be removed in a future version.
Instructions for updating:
Deprecated in favor of operator or tf.math.divide.
/global/cfs/cdirs/desi/users/jqzou/dla_finder/datasets/input_set.py:102: FutureWarning: arrays to stack must be passed as a "sequence" type such as list or tuple. Support for non-sequence iterables such as generators is deprecated as of NumPy 1.16 and will raise an error in the future.
  fluxes_matrix = np.vstack(map(lambda x:x[0][x[1]-kernelrangepx:x[1]+kernelrangepx],zip(itertools.repeat(flux_padded), np.nonzero(ix_dla_range)[0]+pixel_num_left)))
/global/cfs/cdirs/desi/users/jqzou/dla_finder/datasets/input_set.py:103: FutureWarning: arrays to stack must be passed as a "sequence" type such as list or tuple. Support for non-sequence iterables such as generators is deprecated as of NumPy 1.16 and will raise an error in the future.
  lam_matrix = np.vstack(map(lambda x:x[0][x[1]-kernelrangepx:x[1]+kernelrangepx],zip(itertools.repeat(lam_padded), np.nonzero(ix_dla_range)[0]+pixel_num_left)))
WARNING:tensorflow:From /global/cfs/cdirs/desi/users/jqzou/dla_finder/training/model.py:291: div (from tensorflow.python.ops.math_ops) is deprecated and will be removed in a future version.
Instructions for updating:
Deprecated in favor of operator or tf.math.divide.
/global/cfs/cdirs/desi/users/jqzou/dla_finder/datasets/input_set.py:102: FutureWarning: arrays to stack must be passed as a "sequence" type such as list or tuple. Support for non-sequence iterables such as generators is deprecated as of NumPy 1.16 and will raise an error in the future.
  fluxes_matrix = np.vstack(map(lambda x:x[0][x[1]-kernelrangepx:x[1]+kernelrangepx],zip(itertools.repeat(flux_padded), np.nonzero(ix_dla_range)[0]+pixel_num_left)))
/global/cfs/cdirs/desi/users/jqzou/dla_finder/datasets/input_set.py:103: FutureWarning: arrays to stack must be passed as a "sequence" type such as list or tuple. Support for non-sequence iterables such as generators is deprecated as of NumPy 1.16 and will raise an error in the future.
  lam_matrix = np.vstack(map(lambda x:x[0][x[1]-kernelrangepx:x[1]+kernelrangepx],zip(itertools.repeat(lam_padded), np.nonzero(ix_dla_range)[0]+pixel_num_left)))
WARNING:tensorflow:From /global/cfs/cdirs/desi/users/jqzou/dla_finder/training/model.py:291: div (from tensorflow.python.ops.math_ops) is deprecated and will be removed in a future version.
Instructions for updating:
Deprecated in favor of operator or tf.math.divide.
/global/cfs/cdirs/desi/users/jqzou/dla_finder/datasets/input_set.py:102: FutureWarning: arrays to stack must be passed as a "sequence" type such as list or tuple. Support for non-sequence iterables such as generators is deprecated as of NumPy 1.16 and will raise an error in the future.
  fluxes_matrix = np.vstack(map(lambda x:x[0][x[1]-kernelrangepx:x[1]+kernelrangepx],zip(itertools.repeat(flux_padded), np.nonzero(ix_dla_range)[0]+pixel_num_left)))
/global/cfs/cdirs/desi/users/jqzou/dla_finder/datasets/input_set.py:103: FutureWarning: arrays to stack must be passed as a "sequence" type such as list or tuple. Support for non-sequence iterables such as generators is deprecated as of NumPy 1.16 and will raise an error in the future.
  lam_matrix = np.vstack(map(lambda x:x[0][x[1]-kernelrangepx:x[1]+kernelrangepx],zip(itertools.repeat(lam_padded), np.nonzero(ix_dla_range)[0]+pixel_num_left)))
WARNING:tensorflow:From /global/cfs/cdirs/desi/users/jqzou/dla_finder/training/model.py:291: div (from tensorflow.python.ops.math_ops) is deprecated and will be removed in a future version.
Instructions for updating:
Deprecated in favor of operator or tf.math.divide.
/global/cfs/cdirs/desi/users/jqzou/dla_finder/datasets/input_set.py:102: FutureWarning: arrays to stack must be passed as a "sequence" type such as list or tuple. Support for non-sequence iterables such as generators is deprecated as of NumPy 1.16 and will raise an error in the future.
  fluxes_matrix = np.vstack(map(lambda x:x[0][x[1]-kernelrangepx:x[1]+kernelrangepx],zip(itertools.repeat(flux_padded), np.nonzero(ix_dla_range)[0]+pixel_num_left)))
/global/cfs/cdirs/desi/users/jqzou/dla_finder/datasets/input_set.py:103: FutureWarning: arrays to stack must be passed as a "sequence" type such as list or tuple. Support for non-sequence iterables such as generators is deprecated as of NumPy 1.16 and will raise an error in the future.
  lam_matrix = np.vstack(map(lambda x:x[0][x[1]-kernelrangepx:x[1]+kernelrangepx],zip(itertools.repeat(lam_padded), np.nonzero(ix_dla_range)[0]+pixel_num_left)))
WARNING:tensorflow:From /global/cfs/cdirs/desi/users/jqzou/dla_finder/training/model.py:291: div (from tensorflow.python.ops.math_ops) is deprecated and will be removed in a future version.
Instructions for updating:
Deprecated in favor of operator or tf.math.divide.
/global/cfs/cdirs/desi/users/jqzou/dla_finder/datasets/input_set.py:102: FutureWarning: arrays to stack must be passed as a "sequence" type such as list or tuple. Support for non-sequence iterables such as generators is deprecated as of NumPy 1.16 and will raise an error in the future.
  fluxes_matrix = np.vstack(map(lambda x:x[0][x[1]-kernelrangepx:x[1]+kernelrangepx],zip(itertools.repeat(flux_padded), np.nonzero(ix_dla_range)[0]+pixel_num_left)))
/global/cfs/cdirs/desi/users/jqzou/dla_finder/datasets/input_set.py:103: FutureWarning: arrays to stack must be passed as a "sequence" type such as list or tuple. Support for non-sequence iterables such as generators is deprecated as of NumPy 1.16 and will raise an error in the future.
  lam_matrix = np.vstack(map(lambda x:x[0][x[1]-kernelrangepx:x[1]+kernelrangepx],zip(itertools.repeat(lam_padded), np.nonzero(ix_dla_range)[0]+pixel_num_left)))
WARNING:tensorflow:From /global/cfs/cdirs/desi/users/jqzou/dla_finder/training/model.py:291: div (from tensorflow.python.ops.math_ops) is deprecated and will be removed in a future version.
Instructions for updating:
Deprecated in favor of operator or tf.math.divide.
/global/cfs/cdirs/desi/users/jqzou/dla_finder/datasets/input_set.py:102: FutureWarning: arrays to stack must be passed as a "sequence" type such as list or tuple. Support for non-sequence iterables such as generators is deprecated as of NumPy 1.16 and will raise an error in the future.
  fluxes_matrix = np.vstack(map(lambda x:x[0][x[1]-kernelrangepx:x[1]+kernelrangepx],zip(itertools.repeat(flux_padded), np.nonzero(ix_dla_range)[0]+pixel_num_left)))
/global/cfs/cdirs/desi/users/jqzou/dla_finder/datasets/input_set.py:103: FutureWarning: arrays to stack must be passed as a "sequence" type such as list or tuple. Support for non-sequence iterables such as generators is deprecated as of NumPy 1.16 and will raise an error in the future.
  lam_matrix = np.vstack(map(lambda x:x[0][x[1]-kernelrangepx:x[1]+kernelrangepx],zip(itertools.repeat(lam_padded), np.nonzero(ix_dla_range)[0]+pixel_num_left)))
WARNING:tensorflow:From /global/cfs/cdirs/desi/users/jqzou/dla_finder/training/model.py:291: div (from tensorflow.python.ops.math_ops) is deprecated and will be removed in a future version.
Instructions for updating:
Deprecated in favor of operator or tf.math.divide.
/global/cfs/cdirs/desi/users/jqzou/dla_finder/datasets/input_set.py:102: FutureWarning: arrays to stack must be passed as a "sequence" type such as list or tuple. Support for non-sequence iterables such as generators is deprecated as of NumPy 1.16 and will raise an error in the future.
  fluxes_matrix = np.vstack(map(lambda x:x[0][x[1]-kernelrangepx:x[1]+kernelrangepx],zip(itertools.repeat(flux_padded), np.nonzero(ix_dla_range)[0]+pixel_num_left)))
/global/cfs/cdirs/desi/users/jqzou/dla_finder/datasets/input_set.py:103: FutureWarning: arrays to stack must be passed as a "sequence" type such as list or tuple. Support for non-sequence iterables such as generators is deprecated as of NumPy 1.16 and will raise an error in the future.
  lam_matrix = np.vstack(map(lambda x:x[0][x[1]-kernelrangepx:x[1]+kernelrangepx],zip(itertools.repeat(lam_padded), np.nonzero(ix_dla_range)[0]+pixel_num_left)))
WARNING:tensorflow:From /global/cfs/cdirs/desi/users/jqzou/dla_finder/training/model.py:291: div (from tensorflow.python.ops.math_ops) is deprecated and will be removed in a future version.
Instructions for updating:
Deprecated in favor of operator or tf.math.divide.
/global/cfs/cdirs/desi/users/jqzou/dla_finder/datasets/input_set.py:102: FutureWarning: arrays to stack must be passed as a "sequence" type such as list or tuple. Support for non-sequence iterables such as generators is deprecated as of NumPy 1.16 and will raise an error in the future.
  fluxes_matrix = np.vstack(map(lambda x:x[0][x[1]-kernelrangepx:x[1]+kernelrangepx],zip(itertools.repeat(flux_padded), np.nonzero(ix_dla_range)[0]+pixel_num_left)))
/global/cfs/cdirs/desi/users/jqzou/dla_finder/datasets/input_set.py:103: FutureWarning: arrays to stack must be passed as a "sequence" type such as list or tuple. Support for non-sequence iterables such as generators is deprecated as of NumPy 1.16 and will raise an error in the future.
  lam_matrix = np.vstack(map(lambda x:x[0][x[1]-kernelrangepx:x[1]+kernelrangepx],zip(itertools.repeat(lam_padded), np.nonzero(ix_dla_range)[0]+pixel_num_left)))
WARNING:tensorflow:From /global/cfs/cdirs/desi/users/jqzou/dla_finder/training/model.py:291: div (from tensorflow.python.ops.math_ops) is deprecated and will be removed in a future version.
Instructions for updating:
Deprecated in favor of operator or tf.math.divide.
2024-01-18 17:15:54.774805: I tensorflow/compiler/jit/xla_cpu_device.cc:41] Not creating XLA devices, tf_xla_enable_xla_devices not set
2024-01-18 17:15:54.782179: I tensorflow/stream_executor/platform/default/dso_loader.cc:49] Successfully opened dynamic library libcuda.so.1
2024-01-18 17:15:54.783272: I tensorflow/compiler/jit/xla_cpu_device.cc:41] Not creating XLA devices, tf_xla_enable_xla_devices not set
2024-01-18 17:15:54.785238: I tensorflow/stream_executor/platform/default/dso_loader.cc:49] Successfully opened dynamic library libcuda.so.1
2024-01-18 17:15:54.801529: I tensorflow/compiler/jit/xla_cpu_device.cc:41] Not creating XLA devices, tf_xla_enable_xla_devices not set
2024-01-18 17:15:54.803402: I tensorflow/stream_executor/platform/default/dso_loader.cc:49] Successfully opened dynamic library libcuda.so.1
2024-01-18 17:15:54.804337: I tensorflow/compiler/jit/xla_cpu_device.cc:41] Not creating XLA devices, tf_xla_enable_xla_devices not set
2024-01-18 17:15:54.805975: I tensorflow/stream_executor/platform/default/dso_loader.cc:49] Successfully opened dynamic library libcuda.so.1
2024-01-18 17:15:54.808180: I tensorflow/compiler/jit/xla_cpu_device.cc:41] Not creating XLA devices, tf_xla_enable_xla_devices not set
2024-01-18 17:15:54.809739: I tensorflow/stream_executor/platform/default/dso_loader.cc:49] Successfully opened dynamic library libcuda.so.1
2024-01-18 17:15:54.879918: I tensorflow/compiler/jit/xla_cpu_device.cc:41] Not creating XLA devices, tf_xla_enable_xla_devices not set
2024-01-18 17:15:54.881922: I tensorflow/stream_executor/platform/default/dso_loader.cc:49] Successfully opened dynamic library libcuda.so.1
2024-01-18 17:15:54.944259: I tensorflow/compiler/jit/xla_cpu_device.cc:41] Not creating XLA devices, tf_xla_enable_xla_devices not set
2024-01-18 17:15:54.946426: I tensorflow/stream_executor/platform/default/dso_loader.cc:49] Successfully opened dynamic library libcuda.so.1
2024-01-18 17:15:54.982566: I tensorflow/compiler/jit/xla_cpu_device.cc:41] Not creating XLA devices, tf_xla_enable_xla_devices not set
2024-01-18 17:15:54.984813: I tensorflow/stream_executor/platform/default/dso_loader.cc:49] Successfully opened dynamic library libcuda.so.1
2024-01-18 17:15:54.996332: I tensorflow/compiler/jit/xla_cpu_device.cc:41] Not creating XLA devices, tf_xla_enable_xla_devices not set
2024-01-18 17:15:54.998279: I tensorflow/stream_executor/platform/default/dso_loader.cc:49] Successfully opened dynamic library libcuda.so.1
/global/cfs/cdirs/desi/users/jqzou/dla_finder/datasets/input_set.py:102: FutureWarning: arrays to stack must be passed as a "sequence" type such as list or tuple. Support for non-sequence iterables such as generators is deprecated as of NumPy 1.16 and will raise an error in the future.
  fluxes_matrix = np.vstack(map(lambda x:x[0][x[1]-kernelrangepx:x[1]+kernelrangepx],zip(itertools.repeat(flux_padded), np.nonzero(ix_dla_range)[0]+pixel_num_left)))
/global/cfs/cdirs/desi/users/jqzou/dla_finder/datasets/input_set.py:103: FutureWarning: arrays to stack must be passed as a "sequence" type such as list or tuple. Support for non-sequence iterables such as generators is deprecated as of NumPy 1.16 and will raise an error in the future.
  lam_matrix = np.vstack(map(lambda x:x[0][x[1]-kernelrangepx:x[1]+kernelrangepx],zip(itertools.repeat(lam_padded), np.nonzero(ix_dla_range)[0]+pixel_num_left)))
WARNING:tensorflow:From /global/cfs/cdirs/desi/users/jqzou/dla_finder/training/model.py:291: div (from tensorflow.python.ops.math_ops) is deprecated and will be removed in a future version.
Instructions for updating:
Deprecated in favor of operator or tf.math.divide.
/global/cfs/cdirs/desi/users/jqzou/dla_finder/datasets/input_set.py:102: FutureWarning: arrays to stack must be passed as a "sequence" type such as list or tuple. Support for non-sequence iterables such as generators is deprecated as of NumPy 1.16 and will raise an error in the future.
  fluxes_matrix = np.vstack(map(lambda x:x[0][x[1]-kernelrangepx:x[1]+kernelrangepx],zip(itertools.repeat(flux_padded), np.nonzero(ix_dla_range)[0]+pixel_num_left)))
/global/cfs/cdirs/desi/users/jqzou/dla_finder/datasets/input_set.py:103: FutureWarning: arrays to stack must be passed as a "sequence" type such as list or tuple. Support for non-sequence iterables such as generators is deprecated as of NumPy 1.16 and will raise an error in the future.
  lam_matrix = np.vstack(map(lambda x:x[0][x[1]-kernelrangepx:x[1]+kernelrangepx],zip(itertools.repeat(lam_padded), np.nonzero(ix_dla_range)[0]+pixel_num_left)))
WARNING:tensorflow:From /global/cfs/cdirs/desi/users/jqzou/dla_finder/training/model.py:291: div (from tensorflow.python.ops.math_ops) is deprecated and will be removed in a future version.
Instructions for updating:
Deprecated in favor of operator or tf.math.divide.
/global/cfs/cdirs/desi/users/jqzou/dla_finder/datasets/input_set.py:102: FutureWarning: arrays to stack must be passed as a "sequence" type such as list or tuple. Support for non-sequence iterables such as generators is deprecated as of NumPy 1.16 and will raise an error in the future.
  fluxes_matrix = np.vstack(map(lambda x:x[0][x[1]-kernelrangepx:x[1]+kernelrangepx],zip(itertools.repeat(flux_padded), np.nonzero(ix_dla_range)[0]+pixel_num_left)))
/global/cfs/cdirs/desi/users/jqzou/dla_finder/datasets/input_set.py:103: FutureWarning: arrays to stack must be passed as a "sequence" type such as list or tuple. Support for non-sequence iterables such as generators is deprecated as of NumPy 1.16 and will raise an error in the future.
  lam_matrix = np.vstack(map(lambda x:x[0][x[1]-kernelrangepx:x[1]+kernelrangepx],zip(itertools.repeat(lam_padded), np.nonzero(ix_dla_range)[0]+pixel_num_left)))
WARNING:tensorflow:From /global/cfs/cdirs/desi/users/jqzou/dla_finder/training/model.py:291: div (from tensorflow.python.ops.math_ops) is deprecated and will be removed in a future version.
Instructions for updating:
Deprecated in favor of operator or tf.math.divide.
/global/cfs/cdirs/desi/users/jqzou/dla_finder/datasets/input_set.py:102: FutureWarning: arrays to stack must be passed as a "sequence" type such as list or tuple. Support for non-sequence iterables such as generators is deprecated as of NumPy 1.16 and will raise an error in the future.
  fluxes_matrix = np.vstack(map(lambda x:x[0][x[1]-kernelrangepx:x[1]+kernelrangepx],zip(itertools.repeat(flux_padded), np.nonzero(ix_dla_range)[0]+pixel_num_left)))
/global/cfs/cdirs/desi/users/jqzou/dla_finder/datasets/input_set.py:103: FutureWarning: arrays to stack must be passed as a "sequence" type such as list or tuple. Support for non-sequence iterables such as generators is deprecated as of NumPy 1.16 and will raise an error in the future.
  lam_matrix = np.vstack(map(lambda x:x[0][x[1]-kernelrangepx:x[1]+kernelrangepx],zip(itertools.repeat(lam_padded), np.nonzero(ix_dla_range)[0]+pixel_num_left)))
WARNING:tensorflow:From /global/cfs/cdirs/desi/users/jqzou/dla_finder/training/model.py:291: div (from tensorflow.python.ops.math_ops) is deprecated and will be removed in a future version.
Instructions for updating:
Deprecated in favor of operator or tf.math.divide.
2024-01-18 17:15:55.189131: E tensorflow/stream_executor/cuda/cuda_driver.cc:328] failed call to cuInit: CUDA_ERROR_NO_DEVICE: no CUDA-capable device is detected
2024-01-18 17:15:55.189177: I tensorflow/stream_executor/cuda/cuda_diagnostics.cc:156] kernel driver does not appear to be running on this host (nid006255): /proc/driver/nvidia/version does not exist
2024-01-18 17:15:55.190602: I tensorflow/core/platform/cpu_feature_guard.cc:142] This TensorFlow binary is optimized with oneAPI Deep Neural Network Library (oneDNN) to use the following CPU instructions in performance-critical operations:  AVX2 FMA
To enable them in other operations, rebuild TensorFlow with the appropriate compiler flags.
2024-01-18 17:15:55.194872: I tensorflow/compiler/jit/xla_gpu_device.cc:99] Not creating XLA devices, tf_xla_enable_xla_devices not set
2024-01-18 17:15:55.216449: E tensorflow/stream_executor/cuda/cuda_driver.cc:328] failed call to cuInit: CUDA_ERROR_NO_DEVICE: no CUDA-capable device is detected
2024-01-18 17:15:55.216512: I tensorflow/stream_executor/cuda/cuda_diagnostics.cc:156] kernel driver does not appear to be running on this host (nid006255): /proc/driver/nvidia/version does not exist
2024-01-18 17:15:55.216681: E tensorflow/stream_executor/cuda/cuda_driver.cc:328] failed call to cuInit: CUDA_ERROR_NO_DEVICE: no CUDA-capable device is detected
2024-01-18 17:15:55.216729: I tensorflow/stream_executor/cuda/cuda_diagnostics.cc:156] kernel driver does not appear to be running on this host (nid006255): /proc/driver/nvidia/version does not exist
2024-01-18 17:15:55.218177: I tensorflow/core/platform/cpu_feature_guard.cc:142] This TensorFlow binary is optimized with oneAPI Deep Neural Network Library (oneDNN) to use the following CPU instructions in performance-critical operations:  AVX2 FMA
To enable them in other operations, rebuild TensorFlow with the appropriate compiler flags.
2024-01-18 17:15:55.218241: I tensorflow/core/platform/cpu_feature_guard.cc:142] This TensorFlow binary is optimized with oneAPI Deep Neural Network Library (oneDNN) to use the following CPU instructions in performance-critical operations:  AVX2 FMA
To enable them in other operations, rebuild TensorFlow with the appropriate compiler flags.
2024-01-18 17:15:55.223971: I tensorflow/compiler/jit/xla_gpu_device.cc:99] Not creating XLA devices, tf_xla_enable_xla_devices not set
2024-01-18 17:15:55.224408: I tensorflow/compiler/jit/xla_gpu_device.cc:99] Not creating XLA devices, tf_xla_enable_xla_devices not set
2024-01-18 17:15:55.247445: E tensorflow/stream_executor/cuda/cuda_driver.cc:328] failed call to cuInit: CUDA_ERROR_NO_DEVICE: no CUDA-capable device is detected
2024-01-18 17:15:55.247501: I tensorflow/stream_executor/cuda/cuda_diagnostics.cc:156] kernel driver does not appear to be running on this host (nid006255): /proc/driver/nvidia/version does not exist
2024-01-18 17:15:55.248994: I tensorflow/core/platform/cpu_feature_guard.cc:142] This TensorFlow binary is optimized with oneAPI Deep Neural Network Library (oneDNN) to use the following CPU instructions in performance-critical operations:  AVX2 FMA
To enable them in other operations, rebuild TensorFlow with the appropriate compiler flags.
/global/cfs/cdirs/desi/users/jqzou/dla_finder/datasets/input_set.py:102: FutureWarning: arrays to stack must be passed as a "sequence" type such as list or tuple. Support for non-sequence iterables such as generators is deprecated as of NumPy 1.16 and will raise an error in the future.
  fluxes_matrix = np.vstack(map(lambda x:x[0][x[1]-kernelrangepx:x[1]+kernelrangepx],zip(itertools.repeat(flux_padded), np.nonzero(ix_dla_range)[0]+pixel_num_left)))
/global/cfs/cdirs/desi/users/jqzou/dla_finder/datasets/input_set.py:103: FutureWarning: arrays to stack must be passed as a "sequence" type such as list or tuple. Support for non-sequence iterables such as generators is deprecated as of NumPy 1.16 and will raise an error in the future.
  lam_matrix = np.vstack(map(lambda x:x[0][x[1]-kernelrangepx:x[1]+kernelrangepx],zip(itertools.repeat(lam_padded), np.nonzero(ix_dla_range)[0]+pixel_num_left)))
WARNING:tensorflow:From /global/cfs/cdirs/desi/users/jqzou/dla_finder/training/model.py:291: div (from tensorflow.python.ops.math_ops) is deprecated and will be removed in a future version.
Instructions for updating:
Deprecated in favor of operator or tf.math.divide.
2024-01-18 17:15:55.253428: I tensorflow/compiler/jit/xla_gpu_device.cc:99] Not creating XLA devices, tf_xla_enable_xla_devices not set
2024-01-18 17:15:55.255359: E tensorflow/stream_executor/cuda/cuda_driver.cc:328] failed call to cuInit: CUDA_ERROR_NO_DEVICE: no CUDA-capable device is detected
2024-01-18 17:15:55.255409: I tensorflow/stream_executor/cuda/cuda_diagnostics.cc:156] kernel driver does not appear to be running on this host (nid006255): /proc/driver/nvidia/version does not exist
2024-01-18 17:15:55.256746: I tensorflow/core/platform/cpu_feature_guard.cc:142] This TensorFlow binary is optimized with oneAPI Deep Neural Network Library (oneDNN) to use the following CPU instructions in performance-critical operations:  AVX2 FMA
To enable them in other operations, rebuild TensorFlow with the appropriate compiler flags.
2024-01-18 17:15:55.261316: I tensorflow/compiler/jit/xla_gpu_device.cc:99] Not creating XLA devices, tf_xla_enable_xla_devices not set
INFO:tensorflow:Restoring parameters from /global/cfs/cdirs/desi/users/jqzou/dla_finder/prediction/model/train_midsnr/train_midsnr/current_99999.ckpt
/global/cfs/cdirs/desi/users/jqzou/dla_finder/datasets/input_set.py:102: FutureWarning: arrays to stack must be passed as a "sequence" type such as list or tuple. Support for non-sequence iterables such as generators is deprecated as of NumPy 1.16 and will raise an error in the future.
  fluxes_matrix = np.vstack(map(lambda x:x[0][x[1]-kernelrangepx:x[1]+kernelrangepx],zip(itertools.repeat(flux_padded), np.nonzero(ix_dla_range)[0]+pixel_num_left)))
/global/cfs/cdirs/desi/users/jqzou/dla_finder/datasets/input_set.py:103: FutureWarning: arrays to stack must be passed as a "sequence" type such as list or tuple. Support for non-sequence iterables such as generators is deprecated as of NumPy 1.16 and will raise an error in the future.
  lam_matrix = np.vstack(map(lambda x:x[0][x[1]-kernelrangepx:x[1]+kernelrangepx],zip(itertools.repeat(lam_padded), np.nonzero(ix_dla_range)[0]+pixel_num_left)))
WARNING:tensorflow:From /global/cfs/cdirs/desi/users/jqzou/dla_finder/training/model.py:291: div (from tensorflow.python.ops.math_ops) is deprecated and will be removed in a future version.
Instructions for updating:
Deprecated in favor of operator or tf.math.divide.
2024-01-18 17:15:55.284336: I tensorflow/compiler/mlir/mlir_graph_optimization_pass.cc:196] None of the MLIR optimization passes are enabled (registered 0 passes)
INFO:tensorflow:Restoring parameters from /global/cfs/cdirs/desi/users/jqzou/dla_finder/prediction/model/train_midsnr/train_midsnr/current_99999.ckpt
INFO:tensorflow:Restoring parameters from /global/cfs/cdirs/desi/users/jqzou/dla_finder/prediction/model/train_midsnr/train_midsnr/current_99999.ckpt
2024-01-18 17:15:55.300950: I tensorflow/compiler/mlir/mlir_graph_optimization_pass.cc:196] None of the MLIR optimization passes are enabled (registered 0 passes)
2024-01-18 17:15:55.308253: I tensorflow/compiler/mlir/mlir_graph_optimization_pass.cc:196] None of the MLIR optimization passes are enabled (registered 0 passes)
2024-01-18 17:15:55.309550: I tensorflow/core/platform/profile_utils/cpu_utils.cc:112] CPU Frequency: 2445420000 Hz
INFO:tensorflow:Restoring parameters from /global/cfs/cdirs/desi/users/jqzou/dla_finder/prediction/model/train_midsnr/train_midsnr/current_99999.ckpt
2024-01-18 17:15:55.316662: I tensorflow/core/platform/profile_utils/cpu_utils.cc:112] CPU Frequency: 2445420000 Hz
INFO:tensorflow:Restoring parameters from /global/cfs/cdirs/desi/users/jqzou/dla_finder/prediction/model/train_midsnr/train_midsnr/current_99999.ckpt
/global/cfs/cdirs/desi/users/jqzou/dla_finder/datasets/input_set.py:102: FutureWarning: arrays to stack must be passed as a "sequence" type such as list or tuple. Support for non-sequence iterables such as generators is deprecated as of NumPy 1.16 and will raise an error in the future.
  fluxes_matrix = np.vstack(map(lambda x:x[0][x[1]-kernelrangepx:x[1]+kernelrangepx],zip(itertools.repeat(flux_padded), np.nonzero(ix_dla_range)[0]+pixel_num_left)))
/global/cfs/cdirs/desi/users/jqzou/dla_finder/datasets/input_set.py:103: FutureWarning: arrays to stack must be passed as a "sequence" type such as list or tuple. Support for non-sequence iterables such as generators is deprecated as of NumPy 1.16 and will raise an error in the future.
  lam_matrix = np.vstack(map(lambda x:x[0][x[1]-kernelrangepx:x[1]+kernelrangepx],zip(itertools.repeat(lam_padded), np.nonzero(ix_dla_range)[0]+pixel_num_left)))
WARNING:tensorflow:From /global/cfs/cdirs/desi/users/jqzou/dla_finder/training/model.py:291: div (from tensorflow.python.ops.math_ops) is deprecated and will be removed in a future version.
Instructions for updating:
Deprecated in favor of operator or tf.math.divide.
2024-01-18 17:15:55.327684: I tensorflow/compiler/mlir/mlir_graph_optimization_pass.cc:196] None of the MLIR optimization passes are enabled (registered 0 passes)
2024-01-18 17:15:55.329816: I tensorflow/compiler/mlir/mlir_graph_optimization_pass.cc:196] None of the MLIR optimization passes are enabled (registered 0 passes)
2024-01-18 17:15:55.333516: I tensorflow/core/platform/profile_utils/cpu_utils.cc:112] CPU Frequency: 2445420000 Hz
2024-01-18 17:15:55.336131: I tensorflow/core/platform/profile_utils/cpu_utils.cc:112] CPU Frequency: 2445420000 Hz
2024-01-18 17:15:55.338265: I tensorflow/core/platform/profile_utils/cpu_utils.cc:112] CPU Frequency: 2445420000 Hz
2024-01-18 17:15:55.378904: E tensorflow/stream_executor/cuda/cuda_driver.cc:328] failed call to cuInit: CUDA_ERROR_NO_DEVICE: no CUDA-capable device is detected
2024-01-18 17:15:55.378952: I tensorflow/stream_executor/cuda/cuda_diagnostics.cc:156] kernel driver does not appear to be running on this host (nid006255): /proc/driver/nvidia/version does not exist
2024-01-18 17:15:55.380229: I tensorflow/core/platform/cpu_feature_guard.cc:142] This TensorFlow binary is optimized with oneAPI Deep Neural Network Library (oneDNN) to use the following CPU instructions in performance-critical operations:  AVX2 FMA
To enable them in other operations, rebuild TensorFlow with the appropriate compiler flags.
/global/cfs/cdirs/desi/users/jqzou/dla_finder/datasets/input_set.py:102: FutureWarning: arrays to stack must be passed as a "sequence" type such as list or tuple. Support for non-sequence iterables such as generators is deprecated as of NumPy 1.16 and will raise an error in the future.
  fluxes_matrix = np.vstack(map(lambda x:x[0][x[1]-kernelrangepx:x[1]+kernelrangepx],zip(itertools.repeat(flux_padded), np.nonzero(ix_dla_range)[0]+pixel_num_left)))
/global/cfs/cdirs/desi/users/jqzou/dla_finder/datasets/input_set.py:103: FutureWarning: arrays to stack must be passed as a "sequence" type such as list or tuple. Support for non-sequence iterables such as generators is deprecated as of NumPy 1.16 and will raise an error in the future.
  lam_matrix = np.vstack(map(lambda x:x[0][x[1]-kernelrangepx:x[1]+kernelrangepx],zip(itertools.repeat(lam_padded), np.nonzero(ix_dla_range)[0]+pixel_num_left)))
WARNING:tensorflow:From /global/cfs/cdirs/desi/users/jqzou/dla_finder/training/model.py:291: div (from tensorflow.python.ops.math_ops) is deprecated and will be removed in a future version.
Instructions for updating:
Deprecated in favor of operator or tf.math.divide.
2024-01-18 17:15:55.384756: I tensorflow/compiler/jit/xla_gpu_device.cc:99] Not creating XLA devices, tf_xla_enable_xla_devices not set
/global/cfs/cdirs/desi/users/jqzou/dla_finder/datasets/input_set.py:102: FutureWarning: arrays to stack must be passed as a "sequence" type such as list or tuple. Support for non-sequence iterables such as generators is deprecated as of NumPy 1.16 and will raise an error in the future.
  fluxes_matrix = np.vstack(map(lambda x:x[0][x[1]-kernelrangepx:x[1]+kernelrangepx],zip(itertools.repeat(flux_padded), np.nonzero(ix_dla_range)[0]+pixel_num_left)))
/global/cfs/cdirs/desi/users/jqzou/dla_finder/datasets/input_set.py:103: FutureWarning: arrays to stack must be passed as a "sequence" type such as list or tuple. Support for non-sequence iterables such as generators is deprecated as of NumPy 1.16 and will raise an error in the future.
  lam_matrix = np.vstack(map(lambda x:x[0][x[1]-kernelrangepx:x[1]+kernelrangepx],zip(itertools.repeat(lam_padded), np.nonzero(ix_dla_range)[0]+pixel_num_left)))
WARNING:tensorflow:From /global/cfs/cdirs/desi/users/jqzou/dla_finder/training/model.py:291: div (from tensorflow.python.ops.math_ops) is deprecated and will be removed in a future version.
Instructions for updating:
Deprecated in favor of operator or tf.math.divide.
/global/cfs/cdirs/desi/users/jqzou/dla_finder/datasets/input_set.py:102: FutureWarning: arrays to stack must be passed as a "sequence" type such as list or tuple. Support for non-sequence iterables such as generators is deprecated as of NumPy 1.16 and will raise an error in the future.
  fluxes_matrix = np.vstack(map(lambda x:x[0][x[1]-kernelrangepx:x[1]+kernelrangepx],zip(itertools.repeat(flux_padded), np.nonzero(ix_dla_range)[0]+pixel_num_left)))
/global/cfs/cdirs/desi/users/jqzou/dla_finder/datasets/input_set.py:103: FutureWarning: arrays to stack must be passed as a "sequence" type such as list or tuple. Support for non-sequence iterables such as generators is deprecated as of NumPy 1.16 and will raise an error in the future.
  lam_matrix = np.vstack(map(lambda x:x[0][x[1]-kernelrangepx:x[1]+kernelrangepx],zip(itertools.repeat(lam_padded), np.nonzero(ix_dla_range)[0]+pixel_num_left)))
WARNING:tensorflow:From /global/cfs/cdirs/desi/users/jqzou/dla_finder/training/model.py:291: div (from tensorflow.python.ops.math_ops) is deprecated and will be removed in a future version.
Instructions for updating:
Deprecated in favor of operator or tf.math.divide.
/global/cfs/cdirs/desi/users/jqzou/dla_finder/datasets/input_set.py:102: FutureWarning: arrays to stack must be passed as a "sequence" type such as list or tuple. Support for non-sequence iterables such as generators is deprecated as of NumPy 1.16 and will raise an error in the future.
  fluxes_matrix = np.vstack(map(lambda x:x[0][x[1]-kernelrangepx:x[1]+kernelrangepx],zip(itertools.repeat(flux_padded), np.nonzero(ix_dla_range)[0]+pixel_num_left)))
/global/cfs/cdirs/desi/users/jqzou/dla_finder/datasets/input_set.py:103: FutureWarning: arrays to stack must be passed as a "sequence" type such as list or tuple. Support for non-sequence iterables such as generators is deprecated as of NumPy 1.16 and will raise an error in the future.
  lam_matrix = np.vstack(map(lambda x:x[0][x[1]-kernelrangepx:x[1]+kernelrangepx],zip(itertools.repeat(lam_padded), np.nonzero(ix_dla_range)[0]+pixel_num_left)))
WARNING:tensorflow:From /global/cfs/cdirs/desi/users/jqzou/dla_finder/training/model.py:291: div (from tensorflow.python.ops.math_ops) is deprecated and will be removed in a future version.
Instructions for updating:
Deprecated in favor of operator or tf.math.divide.
2024-01-18 17:15:55.422990: E tensorflow/stream_executor/cuda/cuda_driver.cc:328] failed call to cuInit: CUDA_ERROR_NO_DEVICE: no CUDA-capable device is detected
2024-01-18 17:15:55.423037: I tensorflow/stream_executor/cuda/cuda_diagnostics.cc:156] kernel driver does not appear to be running on this host (nid006255): /proc/driver/nvidia/version does not exist
2024-01-18 17:15:55.424658: I tensorflow/core/platform/cpu_feature_guard.cc:142] This TensorFlow binary is optimized with oneAPI Deep Neural Network Library (oneDNN) to use the following CPU instructions in performance-critical operations:  AVX2 FMA
To enable them in other operations, rebuild TensorFlow with the appropriate compiler flags.
2024-01-18 17:15:55.430036: I tensorflow/compiler/jit/xla_gpu_device.cc:99] Not creating XLA devices, tf_xla_enable_xla_devices not set
INFO:tensorflow:Restoring parameters from /global/cfs/cdirs/desi/users/jqzou/dla_finder/prediction/model/train_midsnr/train_midsnr/current_99999.ckpt
2024-01-18 17:15:55.477059: E tensorflow/stream_executor/cuda/cuda_driver.cc:328] failed call to cuInit: CUDA_ERROR_NO_DEVICE: no CUDA-capable device is detected
2024-01-18 17:15:55.477183: I tensorflow/stream_executor/cuda/cuda_diagnostics.cc:156] kernel driver does not appear to be running on this host (nid006255): /proc/driver/nvidia/version does not exist
2024-01-18 17:15:55.479344: I tensorflow/core/platform/cpu_feature_guard.cc:142] This TensorFlow binary is optimized with oneAPI Deep Neural Network Library (oneDNN) to use the following CPU instructions in performance-critical operations:  AVX2 FMA
To enable them in other operations, rebuild TensorFlow with the appropriate compiler flags.
2024-01-18 17:15:55.483102: E tensorflow/stream_executor/cuda/cuda_driver.cc:328] failed call to cuInit: CUDA_ERROR_NO_DEVICE: no CUDA-capable device is detected
2024-01-18 17:15:55.483293: I tensorflow/stream_executor/cuda/cuda_diagnostics.cc:156] kernel driver does not appear to be running on this host (nid006255): /proc/driver/nvidia/version does not exist
2024-01-18 17:15:55.487330: I tensorflow/core/platform/cpu_feature_guard.cc:142] This TensorFlow binary is optimized with oneAPI Deep Neural Network Library (oneDNN) to use the following CPU instructions in performance-critical operations:  AVX2 FMA
To enable them in other operations, rebuild TensorFlow with the appropriate compiler flags.
2024-01-18 17:15:55.503944: I tensorflow/compiler/mlir/mlir_graph_optimization_pass.cc:196] None of the MLIR optimization passes are enabled (registered 0 passes)
2024-01-18 17:15:55.518942: I tensorflow/compiler/jit/xla_gpu_device.cc:99] Not creating XLA devices, tf_xla_enable_xla_devices not set
2024-01-18 17:15:55.531094: I tensorflow/compiler/jit/xla_gpu_device.cc:99] Not creating XLA devices, tf_xla_enable_xla_devices not set
INFO:tensorflow:Restoring parameters from /global/cfs/cdirs/desi/users/jqzou/dla_finder/prediction/model/train_midsnr/train_midsnr/current_99999.ckpt
/global/cfs/cdirs/desi/users/jqzou/dla_finder/datasets/input_set.py:102: FutureWarning: arrays to stack must be passed as a "sequence" type such as list or tuple. Support for non-sequence iterables such as generators is deprecated as of NumPy 1.16 and will raise an error in the future.
  fluxes_matrix = np.vstack(map(lambda x:x[0][x[1]-kernelrangepx:x[1]+kernelrangepx],zip(itertools.repeat(flux_padded), np.nonzero(ix_dla_range)[0]+pixel_num_left)))
/global/cfs/cdirs/desi/users/jqzou/dla_finder/datasets/input_set.py:103: FutureWarning: arrays to stack must be passed as a "sequence" type such as list or tuple. Support for non-sequence iterables such as generators is deprecated as of NumPy 1.16 and will raise an error in the future.
  lam_matrix = np.vstack(map(lambda x:x[0][x[1]-kernelrangepx:x[1]+kernelrangepx],zip(itertools.repeat(lam_padded), np.nonzero(ix_dla_range)[0]+pixel_num_left)))
WARNING:tensorflow:From /global/cfs/cdirs/desi/users/jqzou/dla_finder/training/model.py:291: div (from tensorflow.python.ops.math_ops) is deprecated and will be removed in a future version.
Instructions for updating:
Deprecated in favor of operator or tf.math.divide.
2024-01-18 17:15:55.545685: I tensorflow/core/platform/profile_utils/cpu_utils.cc:112] CPU Frequency: 2445420000 Hz
2024-01-18 17:15:55.561195: I tensorflow/compiler/mlir/mlir_graph_optimization_pass.cc:196] None of the MLIR optimization passes are enabled (registered 0 passes)
2024-01-18 17:15:55.582778: I tensorflow/core/platform/profile_utils/cpu_utils.cc:112] CPU Frequency: 2445420000 Hz
2024-01-18 17:15:55.672811: I tensorflow/compiler/jit/xla_cpu_device.cc:41] Not creating XLA devices, tf_xla_enable_xla_devices not set
INFO:tensorflow:Restoring parameters from /global/cfs/cdirs/desi/users/jqzou/dla_finder/prediction/model/train_midsnr/train_midsnr/current_99999.ckpt
2024-01-18 17:15:55.687428: I tensorflow/stream_executor/platform/default/dso_loader.cc:49] Successfully opened dynamic library libcuda.so.1
INFO:tensorflow:Restoring parameters from /global/cfs/cdirs/desi/users/jqzou/dla_finder/prediction/model/train_midsnr/train_midsnr/current_99999.ckpt
2024-01-18 17:15:55.712069: I tensorflow/compiler/mlir/mlir_graph_optimization_pass.cc:196] None of the MLIR optimization passes are enabled (registered 0 passes)
2024-01-18 17:15:55.717351: I tensorflow/compiler/mlir/mlir_graph_optimization_pass.cc:196] None of the MLIR optimization passes are enabled (registered 0 passes)
2024-01-18 17:15:55.732538: I tensorflow/core/platform/profile_utils/cpu_utils.cc:112] CPU Frequency: 2445420000 Hz
2024-01-18 17:15:55.751148: I tensorflow/core/platform/profile_utils/cpu_utils.cc:112] CPU Frequency: 2445420000 Hz
/global/cfs/cdirs/desi/users/jqzou/dla_finder/datasets/input_set.py:102: FutureWarning: arrays to stack must be passed as a "sequence" type such as list or tuple. Support for non-sequence iterables such as generators is deprecated as of NumPy 1.16 and will raise an error in the future.
  fluxes_matrix = np.vstack(map(lambda x:x[0][x[1]-kernelrangepx:x[1]+kernelrangepx],zip(itertools.repeat(flux_padded), np.nonzero(ix_dla_range)[0]+pixel_num_left)))
/global/cfs/cdirs/desi/users/jqzou/dla_finder/datasets/input_set.py:103: FutureWarning: arrays to stack must be passed as a "sequence" type such as list or tuple. Support for non-sequence iterables such as generators is deprecated as of NumPy 1.16 and will raise an error in the future.
  lam_matrix = np.vstack(map(lambda x:x[0][x[1]-kernelrangepx:x[1]+kernelrangepx],zip(itertools.repeat(lam_padded), np.nonzero(ix_dla_range)[0]+pixel_num_left)))
WARNING:tensorflow:From /global/cfs/cdirs/desi/users/jqzou/dla_finder/training/model.py:291: div (from tensorflow.python.ops.math_ops) is deprecated and will be removed in a future version.
Instructions for updating:
Deprecated in favor of operator or tf.math.divide.
2024-01-18 17:15:55.875195: I tensorflow/compiler/jit/xla_cpu_device.cc:41] Not creating XLA devices, tf_xla_enable_xla_devices not set
/global/cfs/cdirs/desi/users/jqzou/dla_finder/datasets/input_set.py:102: FutureWarning: arrays to stack must be passed as a "sequence" type such as list or tuple. Support for non-sequence iterables such as generators is deprecated as of NumPy 1.16 and will raise an error in the future.
  fluxes_matrix = np.vstack(map(lambda x:x[0][x[1]-kernelrangepx:x[1]+kernelrangepx],zip(itertools.repeat(flux_padded), np.nonzero(ix_dla_range)[0]+pixel_num_left)))
/global/cfs/cdirs/desi/users/jqzou/dla_finder/datasets/input_set.py:103: FutureWarning: arrays to stack must be passed as a "sequence" type such as list or tuple. Support for non-sequence iterables such as generators is deprecated as of NumPy 1.16 and will raise an error in the future.
  lam_matrix = np.vstack(map(lambda x:x[0][x[1]-kernelrangepx:x[1]+kernelrangepx],zip(itertools.repeat(lam_padded), np.nonzero(ix_dla_range)[0]+pixel_num_left)))
WARNING:tensorflow:From /global/cfs/cdirs/desi/users/jqzou/dla_finder/training/model.py:291: div (from tensorflow.python.ops.math_ops) is deprecated and will be removed in a future version.
Instructions for updating:
Deprecated in favor of operator or tf.math.divide.
2024-01-18 17:15:55.896808: I tensorflow/stream_executor/platform/default/dso_loader.cc:49] Successfully opened dynamic library libcuda.so.1
2024-01-18 17:15:55.897206: I tensorflow/compiler/jit/xla_cpu_device.cc:41] Not creating XLA devices, tf_xla_enable_xla_devices not set
2024-01-18 17:15:55.899422: I tensorflow/stream_executor/platform/default/dso_loader.cc:49] Successfully opened dynamic library libcuda.so.1
2024-01-18 17:15:55.937956: I tensorflow/compiler/jit/xla_cpu_device.cc:41] Not creating XLA devices, tf_xla_enable_xla_devices not set
2024-01-18 17:15:55.961650: I tensorflow/stream_executor/platform/default/dso_loader.cc:49] Successfully opened dynamic library libcuda.so.1
2024-01-18 17:15:56.062371: I tensorflow/compiler/jit/xla_cpu_device.cc:41] Not creating XLA devices, tf_xla_enable_xla_devices not set
2024-01-18 17:15:56.066852: I tensorflow/stream_executor/platform/default/dso_loader.cc:49] Successfully opened dynamic library libcuda.so.1
2024-01-18 17:15:56.105467: I tensorflow/compiler/jit/xla_cpu_device.cc:41] Not creating XLA devices, tf_xla_enable_xla_devices not set
2024-01-18 17:15:56.122875: I tensorflow/stream_executor/platform/default/dso_loader.cc:49] Successfully opened dynamic library libcuda.so.1
/global/cfs/cdirs/desi/users/jqzou/dla_finder/datasets/input_set.py:102: FutureWarning: arrays to stack must be passed as a "sequence" type such as list or tuple. Support for non-sequence iterables such as generators is deprecated as of NumPy 1.16 and will raise an error in the future.
  fluxes_matrix = np.vstack(map(lambda x:x[0][x[1]-kernelrangepx:x[1]+kernelrangepx],zip(itertools.repeat(flux_padded), np.nonzero(ix_dla_range)[0]+pixel_num_left)))
/global/cfs/cdirs/desi/users/jqzou/dla_finder/datasets/input_set.py:103: FutureWarning: arrays to stack must be passed as a "sequence" type such as list or tuple. Support for non-sequence iterables such as generators is deprecated as of NumPy 1.16 and will raise an error in the future.
  lam_matrix = np.vstack(map(lambda x:x[0][x[1]-kernelrangepx:x[1]+kernelrangepx],zip(itertools.repeat(lam_padded), np.nonzero(ix_dla_range)[0]+pixel_num_left)))
WARNING:tensorflow:From /global/cfs/cdirs/desi/users/jqzou/dla_finder/training/model.py:291: div (from tensorflow.python.ops.math_ops) is deprecated and will be removed in a future version.
Instructions for updating:
Deprecated in favor of operator or tf.math.divide.
/global/cfs/cdirs/desi/users/jqzou/dla_finder/datasets/input_set.py:102: FutureWarning: arrays to stack must be passed as a "sequence" type such as list or tuple. Support for non-sequence iterables such as generators is deprecated as of NumPy 1.16 and will raise an error in the future.
  fluxes_matrix = np.vstack(map(lambda x:x[0][x[1]-kernelrangepx:x[1]+kernelrangepx],zip(itertools.repeat(flux_padded), np.nonzero(ix_dla_range)[0]+pixel_num_left)))
/global/cfs/cdirs/desi/users/jqzou/dla_finder/datasets/input_set.py:103: FutureWarning: arrays to stack must be passed as a "sequence" type such as list or tuple. Support for non-sequence iterables such as generators is deprecated as of NumPy 1.16 and will raise an error in the future.
  lam_matrix = np.vstack(map(lambda x:x[0][x[1]-kernelrangepx:x[1]+kernelrangepx],zip(itertools.repeat(lam_padded), np.nonzero(ix_dla_range)[0]+pixel_num_left)))
WARNING:tensorflow:From /global/cfs/cdirs/desi/users/jqzou/dla_finder/training/model.py:291: div (from tensorflow.python.ops.math_ops) is deprecated and will be removed in a future version.
Instructions for updating:
Deprecated in favor of operator or tf.math.divide.
2024-01-18 17:15:56.182268: I tensorflow/compiler/jit/xla_cpu_device.cc:41] Not creating XLA devices, tf_xla_enable_xla_devices not set
2024-01-18 17:15:56.195604: I tensorflow/stream_executor/platform/default/dso_loader.cc:49] Successfully opened dynamic library libcuda.so.1
2024-01-18 17:15:56.225997: I tensorflow/compiler/jit/xla_cpu_device.cc:41] Not creating XLA devices, tf_xla_enable_xla_devices not set
2024-01-18 17:15:56.229447: I tensorflow/stream_executor/platform/default/dso_loader.cc:49] Successfully opened dynamic library libcuda.so.1
2024-01-18 17:15:56.246826: I tensorflow/compiler/jit/xla_cpu_device.cc:41] Not creating XLA devices, tf_xla_enable_xla_devices not set
2024-01-18 17:15:56.248693: I tensorflow/stream_executor/platform/default/dso_loader.cc:49] Successfully opened dynamic library libcuda.so.1
2024-01-18 17:15:56.279734: I tensorflow/compiler/jit/xla_cpu_device.cc:41] Not creating XLA devices, tf_xla_enable_xla_devices not set
2024-01-18 17:15:56.281685: I tensorflow/stream_executor/platform/default/dso_loader.cc:49] Successfully opened dynamic library libcuda.so.1
2024-01-18 17:15:56.302184: I tensorflow/compiler/jit/xla_cpu_device.cc:41] Not creating XLA devices, tf_xla_enable_xla_devices not set
2024-01-18 17:15:56.304265: I tensorflow/stream_executor/platform/default/dso_loader.cc:49] Successfully opened dynamic library libcuda.so.1
/global/cfs/cdirs/desi/users/jqzou/dla_finder/datasets/input_set.py:102: FutureWarning: arrays to stack must be passed as a "sequence" type such as list or tuple. Support for non-sequence iterables such as generators is deprecated as of NumPy 1.16 and will raise an error in the future.
  fluxes_matrix = np.vstack(map(lambda x:x[0][x[1]-kernelrangepx:x[1]+kernelrangepx],zip(itertools.repeat(flux_padded), np.nonzero(ix_dla_range)[0]+pixel_num_left)))
/global/cfs/cdirs/desi/users/jqzou/dla_finder/datasets/input_set.py:103: FutureWarning: arrays to stack must be passed as a "sequence" type such as list or tuple. Support for non-sequence iterables such as generators is deprecated as of NumPy 1.16 and will raise an error in the future.
  lam_matrix = np.vstack(map(lambda x:x[0][x[1]-kernelrangepx:x[1]+kernelrangepx],zip(itertools.repeat(lam_padded), np.nonzero(ix_dla_range)[0]+pixel_num_left)))
WARNING:tensorflow:From /global/cfs/cdirs/desi/users/jqzou/dla_finder/training/model.py:291: div (from tensorflow.python.ops.math_ops) is deprecated and will be removed in a future version.
Instructions for updating:
Deprecated in favor of operator or tf.math.divide.
2024-01-18 17:15:56.336111: E tensorflow/stream_executor/cuda/cuda_driver.cc:328] failed call to cuInit: CUDA_ERROR_NO_DEVICE: no CUDA-capable device is detected
2024-01-18 17:15:56.336166: I tensorflow/stream_executor/cuda/cuda_diagnostics.cc:156] kernel driver does not appear to be running on this host (nid006255): /proc/driver/nvidia/version does not exist
2024-01-18 17:15:56.337536: I tensorflow/core/platform/cpu_feature_guard.cc:142] This TensorFlow binary is optimized with oneAPI Deep Neural Network Library (oneDNN) to use the following CPU instructions in performance-critical operations:  AVX2 FMA
To enable them in other operations, rebuild TensorFlow with the appropriate compiler flags.
2024-01-18 17:15:56.341291: I tensorflow/compiler/jit/xla_gpu_device.cc:99] Not creating XLA devices, tf_xla_enable_xla_devices not set
INFO:tensorflow:Restoring parameters from /global/cfs/cdirs/desi/users/jqzou/dla_finder/prediction/model/train_lowsnr/train_lowsnr/current_99999.ckpt
2024-01-18 17:15:56.407720: I tensorflow/compiler/mlir/mlir_graph_optimization_pass.cc:196] None of the MLIR optimization passes are enabled (registered 0 passes)
2024-01-18 17:15:56.415949: I tensorflow/core/platform/profile_utils/cpu_utils.cc:112] CPU Frequency: 2445420000 Hz
2024-01-18 17:15:56.415978: I tensorflow/compiler/jit/xla_cpu_device.cc:41] Not creating XLA devices, tf_xla_enable_xla_devices not set
2024-01-18 17:15:56.417968: I tensorflow/stream_executor/platform/default/dso_loader.cc:49] Successfully opened dynamic library libcuda.so.1
2024-01-18 17:15:56.485426: E tensorflow/stream_executor/cuda/cuda_driver.cc:328] failed call to cuInit: CUDA_ERROR_NO_DEVICE: no CUDA-capable device is detected
2024-01-18 17:15:56.485490: I tensorflow/stream_executor/cuda/cuda_diagnostics.cc:156] kernel driver does not appear to be running on this host (nid006255): /proc/driver/nvidia/version does not exist
2024-01-18 17:15:56.486794: I tensorflow/core/platform/cpu_feature_guard.cc:142] This TensorFlow binary is optimized with oneAPI Deep Neural Network Library (oneDNN) to use the following CPU instructions in performance-critical operations:  AVX2 FMA
To enable them in other operations, rebuild TensorFlow with the appropriate compiler flags.
2024-01-18 17:15:56.489714: I tensorflow/compiler/jit/xla_cpu_device.cc:41] Not creating XLA devices, tf_xla_enable_xla_devices not set
2024-01-18 17:15:56.491231: I tensorflow/compiler/jit/xla_gpu_device.cc:99] Not creating XLA devices, tf_xla_enable_xla_devices not set
2024-01-18 17:15:56.491945: I tensorflow/stream_executor/platform/default/dso_loader.cc:49] Successfully opened dynamic library libcuda.so.1
2024-01-18 17:15:56.526312: I tensorflow/compiler/jit/xla_cpu_device.cc:41] Not creating XLA devices, tf_xla_enable_xla_devices not set
2024-01-18 17:15:56.539273: I tensorflow/stream_executor/platform/default/dso_loader.cc:49] Successfully opened dynamic library libcuda.so.1
2024-01-18 17:15:56.562568: E tensorflow/stream_executor/cuda/cuda_driver.cc:328] failed call to cuInit: CUDA_ERROR_NO_DEVICE: no CUDA-capable device is detected
2024-01-18 17:15:56.562760: I tensorflow/stream_executor/cuda/cuda_diagnostics.cc:156] kernel driver does not appear to be running on this host (nid006255): /proc/driver/nvidia/version does not exist
2024-01-18 17:15:56.564388: I tensorflow/core/platform/cpu_feature_guard.cc:142] This TensorFlow binary is optimized with oneAPI Deep Neural Network Library (oneDNN) to use the following CPU instructions in performance-critical operations:  AVX2 FMA
To enable them in other operations, rebuild TensorFlow with the appropriate compiler flags.
INFO:tensorflow:Restoring parameters from /global/cfs/cdirs/desi/users/jqzou/dla_finder/prediction/model/train_lowsnr/train_lowsnr/current_99999.ckpt
2024-01-18 17:15:56.588268: I tensorflow/compiler/mlir/mlir_graph_optimization_pass.cc:196] None of the MLIR optimization passes are enabled (registered 0 passes)
2024-01-18 17:15:56.605315: I tensorflow/core/platform/profile_utils/cpu_utils.cc:112] CPU Frequency: 2445420000 Hz
2024-01-18 17:15:56.610175: I tensorflow/compiler/jit/xla_gpu_device.cc:99] Not creating XLA devices, tf_xla_enable_xla_devices not set
2024-01-18 17:15:56.627546: E tensorflow/stream_executor/cuda/cuda_driver.cc:328] failed call to cuInit: CUDA_ERROR_NO_DEVICE: no CUDA-capable device is detected
2024-01-18 17:15:56.627737: I tensorflow/stream_executor/cuda/cuda_diagnostics.cc:156] kernel driver does not appear to be running on this host (nid006255): /proc/driver/nvidia/version does not exist
2024-01-18 17:15:56.629457: I tensorflow/core/platform/cpu_feature_guard.cc:142] This TensorFlow binary is optimized with oneAPI Deep Neural Network Library (oneDNN) to use the following CPU instructions in performance-critical operations:  AVX2 FMA
To enable them in other operations, rebuild TensorFlow with the appropriate compiler flags.
2024-01-18 17:15:56.635535: I tensorflow/compiler/jit/xla_gpu_device.cc:99] Not creating XLA devices, tf_xla_enable_xla_devices not set
/global/cfs/cdirs/desi/users/jqzou/dla_finder/datasets/input_set.py:102: FutureWarning: arrays to stack must be passed as a "sequence" type such as list or tuple. Support for non-sequence iterables such as generators is deprecated as of NumPy 1.16 and will raise an error in the future.
  fluxes_matrix = np.vstack(map(lambda x:x[0][x[1]-kernelrangepx:x[1]+kernelrangepx],zip(itertools.repeat(flux_padded), np.nonzero(ix_dla_range)[0]+pixel_num_left)))
/global/cfs/cdirs/desi/users/jqzou/dla_finder/datasets/input_set.py:103: FutureWarning: arrays to stack must be passed as a "sequence" type such as list or tuple. Support for non-sequence iterables such as generators is deprecated as of NumPy 1.16 and will raise an error in the future.
  lam_matrix = np.vstack(map(lambda x:x[0][x[1]-kernelrangepx:x[1]+kernelrangepx],zip(itertools.repeat(lam_padded), np.nonzero(ix_dla_range)[0]+pixel_num_left)))
WARNING:tensorflow:From /global/cfs/cdirs/desi/users/jqzou/dla_finder/training/model.py:291: div (from tensorflow.python.ops.math_ops) is deprecated and will be removed in a future version.
Instructions for updating:
Deprecated in favor of operator or tf.math.divide.
2024-01-18 17:15:56.672068: I tensorflow/compiler/jit/xla_gpu_device.cc:99] Not creating XLA devices, tf_xla_enable_xla_devices not set
2024-01-18 17:15:56.674883: I tensorflow/compiler/jit/xla_gpu_device.cc:99] Not creating XLA devices, tf_xla_enable_xla_devices not set
2024-01-18 17:15:56.674883: E tensorflow/stream_executor/cuda/cuda_driver.cc:328] failed call to cuInit: CUDA_ERROR_NO_DEVICE: no CUDA-capable device is detected
2024-01-18 17:15:56.674942: I tensorflow/stream_executor/cuda/cuda_diagnostics.cc:156] kernel driver does not appear to be running on this host (nid006255): /proc/driver/nvidia/version does not exist
2024-01-18 17:15:56.676551: I tensorflow/core/platform/cpu_feature_guard.cc:142] This TensorFlow binary is optimized with oneAPI Deep Neural Network Library (oneDNN) to use the following CPU instructions in performance-critical operations:  AVX2 FMA
To enable them in other operations, rebuild TensorFlow with the appropriate compiler flags.
2024-01-18 17:15:56.682056: I tensorflow/compiler/jit/xla_gpu_device.cc:99] Not creating XLA devices, tf_xla_enable_xla_devices not set
2024-01-18 17:15:56.683740: E tensorflow/stream_executor/cuda/cuda_driver.cc:328] failed call to cuInit: CUDA_ERROR_NO_DEVICE: no CUDA-capable device is detected
2024-01-18 17:15:56.683790: I tensorflow/stream_executor/cuda/cuda_diagnostics.cc:156] kernel driver does not appear to be running on this host (nid006255): /proc/driver/nvidia/version does not exist
2024-01-18 17:15:56.685157: I tensorflow/core/platform/cpu_feature_guard.cc:142] This TensorFlow binary is optimized with oneAPI Deep Neural Network Library (oneDNN) to use the following CPU instructions in performance-critical operations:  AVX2 FMA
To enable them in other operations, rebuild TensorFlow with the appropriate compiler flags.
2024-01-18 17:15:56.689139: I tensorflow/compiler/jit/xla_gpu_device.cc:99] Not creating XLA devices, tf_xla_enable_xla_devices not set
INFO:tensorflow:Restoring parameters from /global/cfs/cdirs/desi/users/jqzou/dla_finder/prediction/model/train_lowsnr/train_lowsnr/current_99999.ckpt
INFO:tensorflow:Restoring parameters from /global/cfs/cdirs/desi/users/jqzou/dla_finder/prediction/model/train_lowsnr/train_lowsnr/current_99999.ckpt
2024-01-18 17:15:56.703630: I tensorflow/compiler/mlir/mlir_graph_optimization_pass.cc:196] None of the MLIR optimization passes are enabled (registered 0 passes)
2024-01-18 17:15:56.711662: I tensorflow/core/platform/profile_utils/cpu_utils.cc:112] CPU Frequency: 2445420000 Hz
2024-01-18 17:15:56.715062: I tensorflow/compiler/jit/xla_cpu_device.cc:41] Not creating XLA devices, tf_xla_enable_xla_devices not set
INFO:tensorflow:Restoring parameters from /global/cfs/cdirs/desi/users/jqzou/dla_finder/prediction/model/train_midsnr/train_midsnr/current_99999.ckpt
2024-01-18 17:15:56.717009: I tensorflow/stream_executor/platform/default/dso_loader.cc:49] Successfully opened dynamic library libcuda.so.1
2024-01-18 17:15:56.718134: I tensorflow/compiler/mlir/mlir_graph_optimization_pass.cc:196] None of the MLIR optimization passes are enabled (registered 0 passes)
INFO:tensorflow:Restoring parameters from /global/cfs/cdirs/desi/users/jqzou/dla_finder/prediction/model/train_midsnr/train_midsnr/current_99999.ckpt
2024-01-18 17:15:56.726200: I tensorflow/core/platform/profile_utils/cpu_utils.cc:112] CPU Frequency: 2445420000 Hz
INFO:tensorflow:Restoring parameters from /global/cfs/cdirs/desi/users/jqzou/dla_finder/prediction/model/train_lowsnr/train_lowsnr/current_99999.ckpt
INFO:tensorflow:Restoring parameters from /global/cfs/cdirs/desi/users/jqzou/dla_finder/prediction/model/train_lowsnr/train_lowsnr/current_99999.ckpt
2024-01-18 17:15:56.774166: I tensorflow/compiler/mlir/mlir_graph_optimization_pass.cc:196] None of the MLIR optimization passes are enabled (registered 0 passes)
2024-01-18 17:15:56.780380: I tensorflow/compiler/mlir/mlir_graph_optimization_pass.cc:196] None of the MLIR optimization passes are enabled (registered 0 passes)
2024-01-18 17:15:56.785550: E tensorflow/stream_executor/cuda/cuda_driver.cc:328] failed call to cuInit: CUDA_ERROR_NO_DEVICE: no CUDA-capable device is detected
2024-01-18 17:15:56.785777: I tensorflow/stream_executor/cuda/cuda_diagnostics.cc:156] kernel driver does not appear to be running on this host (nid006255): /proc/driver/nvidia/version does not exist
2024-01-18 17:15:56.787688: I tensorflow/core/platform/cpu_feature_guard.cc:142] This TensorFlow binary is optimized with oneAPI Deep Neural Network Library (oneDNN) to use the following CPU instructions in performance-critical operations:  AVX2 FMA
To enable them in other operations, rebuild TensorFlow with the appropriate compiler flags.
2024-01-18 17:15:56.791833: I tensorflow/compiler/jit/xla_gpu_device.cc:99] Not creating XLA devices, tf_xla_enable_xla_devices not set
2024-01-18 17:15:56.802579: I tensorflow/core/platform/profile_utils/cpu_utils.cc:112] CPU Frequency: 2445420000 Hz
2024-01-18 17:15:56.821244: I tensorflow/core/platform/profile_utils/cpu_utils.cc:112] CPU Frequency: 2445420000 Hz
2024-01-18 17:15:56.821576: E tensorflow/stream_executor/cuda/cuda_driver.cc:328] failed call to cuInit: CUDA_ERROR_NO_DEVICE: no CUDA-capable device is detected
2024-01-18 17:15:56.821954: I tensorflow/stream_executor/cuda/cuda_diagnostics.cc:156] kernel driver does not appear to be running on this host (nid006255): /proc/driver/nvidia/version does not exist
2024-01-18 17:15:56.823953: I tensorflow/core/platform/cpu_feature_guard.cc:142] This TensorFlow binary is optimized with oneAPI Deep Neural Network Library (oneDNN) to use the following CPU instructions in performance-critical operations:  AVX2 FMA
To enable them in other operations, rebuild TensorFlow with the appropriate compiler flags.
2024-01-18 17:15:56.829160: E tensorflow/stream_executor/cuda/cuda_driver.cc:328] failed call to cuInit: CUDA_ERROR_NO_DEVICE: no CUDA-capable device is detected
2024-01-18 17:15:56.829204: I tensorflow/stream_executor/cuda/cuda_diagnostics.cc:156] kernel driver does not appear to be running on this host (nid006255): /proc/driver/nvidia/version does not exist
2024-01-18 17:15:56.831226: I tensorflow/compiler/jit/xla_gpu_device.cc:99] Not creating XLA devices, tf_xla_enable_xla_devices not set
2024-01-18 17:15:56.833929: I tensorflow/core/platform/cpu_feature_guard.cc:142] This TensorFlow binary is optimized with oneAPI Deep Neural Network Library (oneDNN) to use the following CPU instructions in performance-critical operations:  AVX2 FMA
To enable them in other operations, rebuild TensorFlow with the appropriate compiler flags.
2024-01-18 17:15:56.840726: E tensorflow/stream_executor/cuda/cuda_driver.cc:328] failed call to cuInit: CUDA_ERROR_NO_DEVICE: no CUDA-capable device is detected
2024-01-18 17:15:56.840955: I tensorflow/stream_executor/cuda/cuda_diagnostics.cc:156] kernel driver does not appear to be running on this host (nid006255): /proc/driver/nvidia/version does not exist
2024-01-18 17:15:56.842890: I tensorflow/core/platform/cpu_feature_guard.cc:142] This TensorFlow binary is optimized with oneAPI Deep Neural Network Library (oneDNN) to use the following CPU instructions in performance-critical operations:  AVX2 FMA
To enable them in other operations, rebuild TensorFlow with the appropriate compiler flags.
2024-01-18 17:15:56.843338: I tensorflow/compiler/jit/xla_gpu_device.cc:99] Not creating XLA devices, tf_xla_enable_xla_devices not set
2024-01-18 17:15:56.850696: I tensorflow/compiler/jit/xla_gpu_device.cc:99] Not creating XLA devices, tf_xla_enable_xla_devices not set
2024-01-18 17:15:56.892377: I tensorflow/compiler/jit/xla_cpu_device.cc:41] Not creating XLA devices, tf_xla_enable_xla_devices not set
2024-01-18 17:15:56.897512: E tensorflow/stream_executor/cuda/cuda_driver.cc:328] failed call to cuInit: CUDA_ERROR_NO_DEVICE: no CUDA-capable device is detected
2024-01-18 17:15:56.897718: I tensorflow/stream_executor/cuda/cuda_diagnostics.cc:156] kernel driver does not appear to be running on this host (nid006255): /proc/driver/nvidia/version does not exist
2024-01-18 17:15:56.899673: I tensorflow/core/platform/cpu_feature_guard.cc:142] This TensorFlow binary is optimized with oneAPI Deep Neural Network Library (oneDNN) to use the following CPU instructions in performance-critical operations:  AVX2 FMA
To enable them in other operations, rebuild TensorFlow with the appropriate compiler flags.
2024-01-18 17:15:56.904255: I tensorflow/stream_executor/platform/default/dso_loader.cc:49] Successfully opened dynamic library libcuda.so.1
2024-01-18 17:15:56.905123: I tensorflow/compiler/jit/xla_gpu_device.cc:99] Not creating XLA devices, tf_xla_enable_xla_devices not set
INFO:tensorflow:Restoring parameters from /global/cfs/cdirs/desi/users/jqzou/dla_finder/prediction/model/train_lowsnr/train_lowsnr/current_99999.ckpt
INFO:tensorflow:Restoring parameters from /global/cfs/cdirs/desi/users/jqzou/dla_finder/prediction/model/train_lowsnr/train_lowsnr/current_99999.ckpt
INFO:tensorflow:Restoring parameters from /global/cfs/cdirs/desi/users/jqzou/dla_finder/prediction/model/train_lowsnr/train_lowsnr/current_99999.ckpt
INFO:tensorflow:Restoring parameters from /global/cfs/cdirs/desi/users/jqzou/dla_finder/prediction/model/train_lowsnr/train_lowsnr/current_99999.ckpt
2024-01-18 17:15:56.957495: I tensorflow/compiler/mlir/mlir_graph_optimization_pass.cc:196] None of the MLIR optimization passes are enabled (registered 0 passes)
2024-01-18 17:15:56.963295: I tensorflow/compiler/mlir/mlir_graph_optimization_pass.cc:196] None of the MLIR optimization passes are enabled (registered 0 passes)
2024-01-18 17:15:56.969331: I tensorflow/compiler/jit/xla_cpu_device.cc:41] Not creating XLA devices, tf_xla_enable_xla_devices not set
2024-01-18 17:15:56.970150: I tensorflow/compiler/mlir/mlir_graph_optimization_pass.cc:196] None of the MLIR optimization passes are enabled (registered 0 passes)
2024-01-18 17:15:56.976480: I tensorflow/core/platform/profile_utils/cpu_utils.cc:112] CPU Frequency: 2445420000 Hz
2024-01-18 17:15:56.980338: I tensorflow/compiler/jit/xla_gpu_device.cc:99] Not creating XLA devices, tf_xla_enable_xla_devices not set
2024-01-18 17:15:56.982041: I tensorflow/core/platform/profile_utils/cpu_utils.cc:112] CPU Frequency: 2445420000 Hz
2024-01-18 17:15:56.983280: I tensorflow/compiler/mlir/mlir_graph_optimization_pass.cc:196] None of the MLIR optimization passes are enabled (registered 0 passes)
2024-01-18 17:15:56.985028: I tensorflow/stream_executor/platform/default/dso_loader.cc:49] Successfully opened dynamic library libcuda.so.1
2024-01-18 17:15:56.995543: I tensorflow/core/platform/profile_utils/cpu_utils.cc:112] CPU Frequency: 2445420000 Hz
2024-01-18 17:15:57.003231: I tensorflow/core/platform/profile_utils/cpu_utils.cc:112] CPU Frequency: 2445420000 Hz
2024-01-18 17:15:57.028261: I tensorflow/compiler/jit/xla_gpu_device.cc:99] Not creating XLA devices, tf_xla_enable_xla_devices not set
2024-01-18 17:15:57.045198: E tensorflow/stream_executor/cuda/cuda_driver.cc:328] failed call to cuInit: CUDA_ERROR_NO_DEVICE: no CUDA-capable device is detected
2024-01-18 17:15:57.045276: I tensorflow/stream_executor/cuda/cuda_diagnostics.cc:156] kernel driver does not appear to be running on this host (nid006255): /proc/driver/nvidia/version does not exist
2024-01-18 17:15:57.047180: I tensorflow/core/platform/cpu_feature_guard.cc:142] This TensorFlow binary is optimized with oneAPI Deep Neural Network Library (oneDNN) to use the following CPU instructions in performance-critical operations:  AVX2 FMA
To enable them in other operations, rebuild TensorFlow with the appropriate compiler flags.
2024-01-18 17:15:57.050804: I tensorflow/compiler/jit/xla_gpu_device.cc:99] Not creating XLA devices, tf_xla_enable_xla_devices not set
INFO:tensorflow:Restoring parameters from /global/cfs/cdirs/desi/users/jqzou/dla_finder/prediction/model/train_midsnr/train_midsnr/current_99999.ckpt
INFO:tensorflow:Restoring parameters from /global/cfs/cdirs/desi/users/jqzou/dla_finder/prediction/model/train_lowsnr/train_lowsnr/current_99999.ckpt
2024-01-18 17:15:57.087317: I tensorflow/compiler/mlir/mlir_graph_optimization_pass.cc:196] None of the MLIR optimization passes are enabled (registered 0 passes)
/global/cfs/cdirs/desi/users/jqzou/dla_finder/datasets/input_set.py:102: FutureWarning: arrays to stack must be passed as a "sequence" type such as list or tuple. Support for non-sequence iterables such as generators is deprecated as of NumPy 1.16 and will raise an error in the future.
  fluxes_matrix = np.vstack(map(lambda x:x[0][x[1]-kernelrangepx:x[1]+kernelrangepx],zip(itertools.repeat(flux_padded), np.nonzero(ix_dla_range)[0]+pixel_num_left)))
/global/cfs/cdirs/desi/users/jqzou/dla_finder/datasets/input_set.py:103: FutureWarning: arrays to stack must be passed as a "sequence" type such as list or tuple. Support for non-sequence iterables such as generators is deprecated as of NumPy 1.16 and will raise an error in the future.
  lam_matrix = np.vstack(map(lambda x:x[0][x[1]-kernelrangepx:x[1]+kernelrangepx],zip(itertools.repeat(lam_padded), np.nonzero(ix_dla_range)[0]+pixel_num_left)))
WARNING:tensorflow:From /global/cfs/cdirs/desi/users/jqzou/dla_finder/training/model.py:291: div (from tensorflow.python.ops.math_ops) is deprecated and will be removed in a future version.
Instructions for updating:
Deprecated in favor of operator or tf.math.divide.
/global/cfs/cdirs/desi/users/jqzou/dla_finder/datasets/input_set.py:102: FutureWarning: arrays to stack must be passed as a "sequence" type such as list or tuple. Support for non-sequence iterables such as generators is deprecated as of NumPy 1.16 and will raise an error in the future.
  fluxes_matrix = np.vstack(map(lambda x:x[0][x[1]-kernelrangepx:x[1]+kernelrangepx],zip(itertools.repeat(flux_padded), np.nonzero(ix_dla_range)[0]+pixel_num_left)))
/global/cfs/cdirs/desi/users/jqzou/dla_finder/datasets/input_set.py:103: FutureWarning: arrays to stack must be passed as a "sequence" type such as list or tuple. Support for non-sequence iterables such as generators is deprecated as of NumPy 1.16 and will raise an error in the future.
  lam_matrix = np.vstack(map(lambda x:x[0][x[1]-kernelrangepx:x[1]+kernelrangepx],zip(itertools.repeat(lam_padded), np.nonzero(ix_dla_range)[0]+pixel_num_left)))
WARNING:tensorflow:From /global/cfs/cdirs/desi/users/jqzou/dla_finder/training/model.py:291: div (from tensorflow.python.ops.math_ops) is deprecated and will be removed in a future version.
Instructions for updating:
Deprecated in favor of operator or tf.math.divide.
INFO:tensorflow:Restoring parameters from /global/cfs/cdirs/desi/users/jqzou/dla_finder/prediction/model/train_midsnr/train_midsnr/current_99999.ckpt
2024-01-18 17:15:57.102248: I tensorflow/core/platform/profile_utils/cpu_utils.cc:112] CPU Frequency: 2445420000 Hz
2024-01-18 17:15:57.187027: E tensorflow/stream_executor/cuda/cuda_driver.cc:328] failed call to cuInit: CUDA_ERROR_NO_DEVICE: no CUDA-capable device is detected
2024-01-18 17:15:57.187363: I tensorflow/stream_executor/cuda/cuda_diagnostics.cc:156] kernel driver does not appear to be running on this host (nid006255): /proc/driver/nvidia/version does not exist
2024-01-18 17:15:57.189213: I tensorflow/core/platform/cpu_feature_guard.cc:142] This TensorFlow binary is optimized with oneAPI Deep Neural Network Library (oneDNN) to use the following CPU instructions in performance-critical operations:  AVX2 FMA
To enable them in other operations, rebuild TensorFlow with the appropriate compiler flags.
2024-01-18 17:15:57.193807: I tensorflow/compiler/jit/xla_gpu_device.cc:99] Not creating XLA devices, tf_xla_enable_xla_devices not set
2024-01-18 17:15:57.205644: I tensorflow/compiler/jit/xla_gpu_device.cc:99] Not creating XLA devices, tf_xla_enable_xla_devices not set
/global/cfs/cdirs/desi/users/jqzou/dla_finder/datasets/input_set.py:102: FutureWarning: arrays to stack must be passed as a "sequence" type such as list or tuple. Support for non-sequence iterables such as generators is deprecated as of NumPy 1.16 and will raise an error in the future.
  fluxes_matrix = np.vstack(map(lambda x:x[0][x[1]-kernelrangepx:x[1]+kernelrangepx],zip(itertools.repeat(flux_padded), np.nonzero(ix_dla_range)[0]+pixel_num_left)))
/global/cfs/cdirs/desi/users/jqzou/dla_finder/datasets/input_set.py:103: FutureWarning: arrays to stack must be passed as a "sequence" type such as list or tuple. Support for non-sequence iterables such as generators is deprecated as of NumPy 1.16 and will raise an error in the future.
  lam_matrix = np.vstack(map(lambda x:x[0][x[1]-kernelrangepx:x[1]+kernelrangepx],zip(itertools.repeat(lam_padded), np.nonzero(ix_dla_range)[0]+pixel_num_left)))
WARNING:tensorflow:From /global/cfs/cdirs/desi/users/jqzou/dla_finder/training/model.py:291: div (from tensorflow.python.ops.math_ops) is deprecated and will be removed in a future version.
Instructions for updating:
Deprecated in favor of operator or tf.math.divide.
2024-01-18 17:15:57.226547: E tensorflow/stream_executor/cuda/cuda_driver.cc:328] failed call to cuInit: CUDA_ERROR_NO_DEVICE: no CUDA-capable device is detected
2024-01-18 17:15:57.226738: I tensorflow/stream_executor/cuda/cuda_diagnostics.cc:156] kernel driver does not appear to be running on this host (nid006255): /proc/driver/nvidia/version does not exist
INFO:tensorflow:Restoring parameters from /global/cfs/cdirs/desi/users/jqzou/dla_finder/prediction/model/train_lowsnr/train_lowsnr/current_99999.ckpt
2024-01-18 17:15:57.228305: I tensorflow/core/platform/cpu_feature_guard.cc:142] This TensorFlow binary is optimized with oneAPI Deep Neural Network Library (oneDNN) to use the following CPU instructions in performance-critical operations:  AVX2 FMA
To enable them in other operations, rebuild TensorFlow with the appropriate compiler flags.
2024-01-18 17:15:57.243885: I tensorflow/compiler/mlir/mlir_graph_optimization_pass.cc:196] None of the MLIR optimization passes are enabled (registered 0 passes)
2024-01-18 17:15:57.254647: I tensorflow/core/platform/profile_utils/cpu_utils.cc:112] CPU Frequency: 2445420000 Hz
INFO:tensorflow:Restoring parameters from /global/cfs/cdirs/desi/users/jqzou/dla_finder/prediction/model/train_midsnr/train_midsnr/current_99999.ckpt
INFO:tensorflow:Restoring parameters from /global/cfs/cdirs/desi/users/jqzou/dla_finder/prediction/model/train_lowsnr/train_lowsnr/current_99999.ckpt
2024-01-18 17:15:57.339021: I tensorflow/compiler/mlir/mlir_graph_optimization_pass.cc:196] None of the MLIR optimization passes are enabled (registered 0 passes)
2024-01-18 17:15:57.382275: I tensorflow/core/platform/profile_utils/cpu_utils.cc:112] CPU Frequency: 2445420000 Hz
2024-01-18 17:15:57.410831: I tensorflow/compiler/jit/xla_gpu_device.cc:99] Not creating XLA devices, tf_xla_enable_xla_devices not set
2024-01-18 17:15:57.438584: I tensorflow/compiler/jit/xla_cpu_device.cc:41] Not creating XLA devices, tf_xla_enable_xla_devices not set
2024-01-18 17:15:57.490837: I tensorflow/stream_executor/platform/default/dso_loader.cc:49] Successfully opened dynamic library libcuda.so.1
INFO:tensorflow:Restoring parameters from /global/cfs/cdirs/desi/users/jqzou/dla_finder/prediction/model/train_lowsnr/train_lowsnr/current_99999.ckpt
2024-01-18 17:15:57.646284: E tensorflow/stream_executor/cuda/cuda_driver.cc:328] failed call to cuInit: CUDA_ERROR_NO_DEVICE: no CUDA-capable device is detected
2024-01-18 17:15:57.646486: I tensorflow/stream_executor/cuda/cuda_diagnostics.cc:156] kernel driver does not appear to be running on this host (nid006255): /proc/driver/nvidia/version does not exist
2024-01-18 17:15:57.648281: I tensorflow/core/platform/cpu_feature_guard.cc:142] This TensorFlow binary is optimized with oneAPI Deep Neural Network Library (oneDNN) to use the following CPU instructions in performance-critical operations:  AVX2 FMA
To enable them in other operations, rebuild TensorFlow with the appropriate compiler flags.
2024-01-18 17:15:57.652732: I tensorflow/compiler/mlir/mlir_graph_optimization_pass.cc:196] None of the MLIR optimization passes are enabled (registered 0 passes)
2024-01-18 17:15:57.663788: I tensorflow/compiler/jit/xla_gpu_device.cc:99] Not creating XLA devices, tf_xla_enable_xla_devices not set
2024-01-18 17:15:57.670290: I tensorflow/core/platform/profile_utils/cpu_utils.cc:112] CPU Frequency: 2445420000 Hz
2024-01-18 17:15:57.898843: I tensorflow/compiler/jit/xla_gpu_device.cc:99] Not creating XLA devices, tf_xla_enable_xla_devices not set
2024-01-18 17:15:57.940120: I tensorflow/compiler/jit/xla_cpu_device.cc:41] Not creating XLA devices, tf_xla_enable_xla_devices not set
INFO:tensorflow:Restoring parameters from /global/cfs/cdirs/desi/users/jqzou/dla_finder/prediction/model/train_midsnr/train_midsnr/current_99999.ckpt
2024-01-18 17:15:57.995998: I tensorflow/stream_executor/platform/default/dso_loader.cc:49] Successfully opened dynamic library libcuda.so.1
2024-01-18 17:15:58.031877: I tensorflow/compiler/jit/xla_cpu_device.cc:41] Not creating XLA devices, tf_xla_enable_xla_devices not set
2024-01-18 17:15:58.032409: I tensorflow/compiler/jit/xla_cpu_device.cc:41] Not creating XLA devices, tf_xla_enable_xla_devices not set
2024-01-18 17:15:58.046219: I tensorflow/stream_executor/platform/default/dso_loader.cc:49] Successfully opened dynamic library libcuda.so.1
INFO:tensorflow:Restoring parameters from /global/cfs/cdirs/desi/users/jqzou/dla_finder/prediction/model/train_lowsnr/train_lowsnr/current_99999.ckpt
2024-01-18 17:15:58.081863: I tensorflow/compiler/mlir/mlir_graph_optimization_pass.cc:196] None of the MLIR optimization passes are enabled (registered 0 passes)
2024-01-18 17:15:58.094885: I tensorflow/stream_executor/platform/default/dso_loader.cc:49] Successfully opened dynamic library libcuda.so.1
2024-01-18 17:15:58.125634: I tensorflow/core/platform/profile_utils/cpu_utils.cc:112] CPU Frequency: 2445420000 Hz
2024-01-18 17:15:58.222760: E tensorflow/stream_executor/cuda/cuda_driver.cc:328] failed call to cuInit: CUDA_ERROR_NO_DEVICE: no CUDA-capable device is detected
2024-01-18 17:15:58.222871: I tensorflow/stream_executor/cuda/cuda_diagnostics.cc:156] kernel driver does not appear to be running on this host (nid006255): /proc/driver/nvidia/version does not exist
2024-01-18 17:15:58.225700: I tensorflow/core/platform/cpu_feature_guard.cc:142] This TensorFlow binary is optimized with oneAPI Deep Neural Network Library (oneDNN) to use the following CPU instructions in performance-critical operations:  AVX2 FMA
To enable them in other operations, rebuild TensorFlow with the appropriate compiler flags.
2024-01-18 17:15:58.251948: E tensorflow/stream_executor/cuda/cuda_driver.cc:328] failed call to cuInit: CUDA_ERROR_NO_DEVICE: no CUDA-capable device is detected
2024-01-18 17:15:58.252018: I tensorflow/stream_executor/cuda/cuda_diagnostics.cc:156] kernel driver does not appear to be running on this host (nid006255): /proc/driver/nvidia/version does not exist
2024-01-18 17:15:58.253703: I tensorflow/core/platform/cpu_feature_guard.cc:142] This TensorFlow binary is optimized with oneAPI Deep Neural Network Library (oneDNN) to use the following CPU instructions in performance-critical operations:  AVX2 FMA
To enable them in other operations, rebuild TensorFlow with the appropriate compiler flags.
2024-01-18 17:15:58.257264: I tensorflow/compiler/jit/xla_gpu_device.cc:99] Not creating XLA devices, tf_xla_enable_xla_devices not set
2024-01-18 17:15:58.286031: I tensorflow/compiler/jit/xla_gpu_device.cc:99] Not creating XLA devices, tf_xla_enable_xla_devices not set
INFO:tensorflow:Restoring parameters from /global/cfs/cdirs/desi/users/jqzou/dla_finder/prediction/model/train_lowsnr/train_lowsnr/current_99999.ckpt
2024-01-18 17:15:58.495396: I tensorflow/compiler/mlir/mlir_graph_optimization_pass.cc:196] None of the MLIR optimization passes are enabled (registered 0 passes)
2024-01-18 17:15:58.529567: I tensorflow/core/platform/profile_utils/cpu_utils.cc:112] CPU Frequency: 2445420000 Hz
INFO:tensorflow:Restoring parameters from /global/cfs/cdirs/desi/users/jqzou/dla_finder/prediction/model/train_lowsnr/train_lowsnr/current_99999.ckpt
2024-01-18 17:15:58.598923: E tensorflow/stream_executor/cuda/cuda_driver.cc:328] failed call to cuInit: CUDA_ERROR_NO_DEVICE: no CUDA-capable device is detected
2024-01-18 17:15:58.599255: I tensorflow/stream_executor/cuda/cuda_diagnostics.cc:156] kernel driver does not appear to be running on this host (nid006255): /proc/driver/nvidia/version does not exist
2024-01-18 17:15:58.601023: I tensorflow/core/platform/cpu_feature_guard.cc:142] This TensorFlow binary is optimized with oneAPI Deep Neural Network Library (oneDNN) to use the following CPU instructions in performance-critical operations:  AVX2 FMA
To enable them in other operations, rebuild TensorFlow with the appropriate compiler flags.
2024-01-18 17:15:58.606920: I tensorflow/compiler/mlir/mlir_graph_optimization_pass.cc:196] None of the MLIR optimization passes are enabled (registered 0 passes)
2024-01-18 17:15:58.623535: I tensorflow/core/platform/profile_utils/cpu_utils.cc:112] CPU Frequency: 2445420000 Hz
2024-01-18 17:15:58.638148: I tensorflow/compiler/jit/xla_gpu_device.cc:99] Not creating XLA devices, tf_xla_enable_xla_devices not set
2024-01-18 17:15:58.707395: I tensorflow/compiler/jit/xla_gpu_device.cc:99] Not creating XLA devices, tf_xla_enable_xla_devices not set
2024-01-18 17:15:58.709274: I tensorflow/compiler/jit/xla_gpu_device.cc:99] Not creating XLA devices, tf_xla_enable_xla_devices not set
INFO:tensorflow:Restoring parameters from /global/cfs/cdirs/desi/users/jqzou/dla_finder/prediction/model/train_lowsnr/train_lowsnr/current_99999.ckpt
2024-01-18 17:15:58.761346: I tensorflow/compiler/mlir/mlir_graph_optimization_pass.cc:196] None of the MLIR optimization passes are enabled (registered 0 passes)
INFO:tensorflow:Restoring parameters from /global/cfs/cdirs/desi/users/jqzou/dla_finder/prediction/model/train_lowsnr/train_lowsnr/current_99999.ckpt
INFO:tensorflow:Restoring parameters from /global/cfs/cdirs/desi/users/jqzou/dla_finder/prediction/model/train_lowsnr/train_lowsnr/current_99999.ckpt
2024-01-18 17:15:58.797608: I tensorflow/core/platform/profile_utils/cpu_utils.cc:112] CPU Frequency: 2445420000 Hz
2024-01-18 17:15:58.853708: E tensorflow/stream_executor/cuda/cuda_driver.cc:328] failed call to cuInit: CUDA_ERROR_NO_DEVICE: no CUDA-capable device is detected
2024-01-18 17:15:58.853924: I tensorflow/stream_executor/cuda/cuda_diagnostics.cc:156] kernel driver does not appear to be running on this host (nid006255): /proc/driver/nvidia/version does not exist
2024-01-18 17:15:58.857154: I tensorflow/core/platform/cpu_feature_guard.cc:142] This TensorFlow binary is optimized with oneAPI Deep Neural Network Library (oneDNN) to use the following CPU instructions in performance-critical operations:  AVX2 FMA
To enable them in other operations, rebuild TensorFlow with the appropriate compiler flags.
2024-01-18 17:15:58.869005: I tensorflow/compiler/jit/xla_gpu_device.cc:99] Not creating XLA devices, tf_xla_enable_xla_devices not set
2024-01-18 17:15:58.910144: E tensorflow/stream_executor/cuda/cuda_driver.cc:328] failed call to cuInit: CUDA_ERROR_NO_DEVICE: no CUDA-capable device is detected
2024-01-18 17:15:58.910227: I tensorflow/stream_executor/cuda/cuda_diagnostics.cc:156] kernel driver does not appear to be running on this host (nid006255): /proc/driver/nvidia/version does not exist
2024-01-18 17:15:58.912141: I tensorflow/core/platform/cpu_feature_guard.cc:142] This TensorFlow binary is optimized with oneAPI Deep Neural Network Library (oneDNN) to use the following CPU instructions in performance-critical operations:  AVX2 FMA
To enable them in other operations, rebuild TensorFlow with the appropriate compiler flags.
INFO:tensorflow:Restoring parameters from /global/cfs/cdirs/desi/users/jqzou/dla_finder/prediction/model/train_lowsnr/train_lowsnr/current_99999.ckpt
2024-01-18 17:15:58.983768: I tensorflow/compiler/jit/xla_gpu_device.cc:99] Not creating XLA devices, tf_xla_enable_xla_devices not set
2024-01-18 17:15:58.988856: E tensorflow/stream_executor/cuda/cuda_driver.cc:328] failed call to cuInit: CUDA_ERROR_NO_DEVICE: no CUDA-capable device is detected
2024-01-18 17:15:58.989020: I tensorflow/stream_executor/cuda/cuda_diagnostics.cc:156] kernel driver does not appear to be running on this host (nid006255): /proc/driver/nvidia/version does not exist
2024-01-18 17:15:58.990782: I tensorflow/core/platform/cpu_feature_guard.cc:142] This TensorFlow binary is optimized with oneAPI Deep Neural Network Library (oneDNN) to use the following CPU instructions in performance-critical operations:  AVX2 FMA
To enable them in other operations, rebuild TensorFlow with the appropriate compiler flags.
2024-01-18 17:15:58.996821: I tensorflow/compiler/jit/xla_gpu_device.cc:99] Not creating XLA devices, tf_xla_enable_xla_devices not set
2024-01-18 17:15:59.003116: I tensorflow/compiler/mlir/mlir_graph_optimization_pass.cc:196] None of the MLIR optimization passes are enabled (registered 0 passes)
2024-01-18 17:15:59.022792: I tensorflow/core/platform/profile_utils/cpu_utils.cc:112] CPU Frequency: 2445420000 Hz
INFO:tensorflow:Restoring parameters from /global/cfs/cdirs/desi/users/jqzou/dla_finder/prediction/model/train_lowsnr/train_lowsnr/current_99999.ckpt
2024-01-18 17:15:59.111888: I tensorflow/compiler/mlir/mlir_graph_optimization_pass.cc:196] None of the MLIR optimization passes are enabled (registered 0 passes)
2024-01-18 17:15:59.128278: I tensorflow/core/platform/profile_utils/cpu_utils.cc:112] CPU Frequency: 2445420000 Hz
INFO:tensorflow:Restoring parameters from /global/cfs/cdirs/desi/users/jqzou/dla_finder/prediction/model/train_lowsnr/train_lowsnr/current_99999.ckpt
2024-01-18 17:15:59.330666: I tensorflow/compiler/mlir/mlir_graph_optimization_pass.cc:196] None of the MLIR optimization passes are enabled (registered 0 passes)
2024-01-18 17:15:59.343844: I tensorflow/compiler/jit/xla_gpu_device.cc:99] Not creating XLA devices, tf_xla_enable_xla_devices not set
2024-01-18 17:15:59.388526: I tensorflow/core/platform/profile_utils/cpu_utils.cc:112] CPU Frequency: 2445420000 Hz
INFO:tensorflow:Restoring parameters from /global/cfs/cdirs/desi/users/jqzou/dla_finder/prediction/model/train_midsnr/train_midsnr/current_99999.ckpt
2024-01-18 17:15:59.429827: I tensorflow/compiler/jit/xla_gpu_device.cc:99] Not creating XLA devices, tf_xla_enable_xla_devices not set
INFO:tensorflow:Restoring parameters from /global/cfs/cdirs/desi/users/jqzou/dla_finder/prediction/model/train_midsnr/train_midsnr/current_99999.ckpt
2024-01-18 17:15:59.572192: I tensorflow/compiler/jit/xla_gpu_device.cc:99] Not creating XLA devices, tf_xla_enable_xla_devices not set
2024-01-18 17:15:59.604125: I tensorflow/compiler/jit/xla_gpu_device.cc:99] Not creating XLA devices, tf_xla_enable_xla_devices not set
INFO:tensorflow:Restoring parameters from /global/cfs/cdirs/desi/users/jqzou/dla_finder/prediction/model/train_midsnr/train_midsnr/current_99999.ckpt
INFO:tensorflow:Restoring parameters from /global/cfs/cdirs/desi/users/jqzou/dla_finder/prediction/model/train_lowsnr/train_lowsnr/current_99999.ckpt
2024-01-18 17:15:59.963524: I tensorflow/compiler/jit/xla_gpu_device.cc:99] Not creating XLA devices, tf_xla_enable_xla_devices not set
2024-01-18 17:16:00.016246: I tensorflow/compiler/jit/xla_gpu_device.cc:99] Not creating XLA devices, tf_xla_enable_xla_devices not set
INFO:tensorflow:Restoring parameters from /global/cfs/cdirs/desi/users/jqzou/dla_finder/prediction/model/train_midsnr/train_midsnr/current_99999.ckpt
2024-01-18 17:16:00.080781: I tensorflow/compiler/jit/xla_gpu_device.cc:99] Not creating XLA devices, tf_xla_enable_xla_devices not set
INFO:tensorflow:Restoring parameters from /global/cfs/cdirs/desi/users/jqzou/dla_finder/prediction/model/train_lowsnr/train_lowsnr/current_99999.ckpt
slurmstepd: error: *** STEP 20519589.0 ON nid006255 CANCELLED AT 2024-01-19T01:16:00 ***
slurmstepd: error: *** JOB 20519589 ON nid006255 CANCELLED AT 2024-01-19T01:16:00 ***
