/var/spool/slurmd/job26871198/slurm_script: line 10: load_picca_plots: command not found
2024-06-17 01:27:55.389918: W tensorflow/stream_executor/platform/default/dso_loader.cc:60] Could not load dynamic library 'libcudart.so.11.0'; dlerror: libcudart.so.11.0: cannot open shared object file: No such file or directory; LD_LIBRARY_PATH: /global/u1/t/tanting/fitter2_tutorial/PolyChordLite/lib:/global/u1/t/tanting/DESI_analysis/theoretical_pk/fisher_forecast/openmpi-4.1.2/lib:/global/u1/t/tanting/fitter2_tutorial/PolyChordLite/lib:/global/u1/t/tanting/DESI_analysis/theoretical_pk/fisher_forecast/openmpi-4.1.2/lib:/global/common/software/nersc/pm-2022q4/sw/evp-patch/lib64:/global/u1/t/tanting/fitter2_tutorial/PolyChordLite/lib:/global/u1/t/tanting/DESI_analysis/theoretical_pk/fisher_forecast/openmpi-4.1.2/lib:/usr/local/cuda-12.2/compat:/opt/nvidia/hpc_sdk/Linux_x86_64/23.9/math_libs/12.2/lib64:/opt/nvidia/hpc_sdk/Linux_x86_64/23.9/cuda/12.2/extras/CUPTI/lib64:/opt/nvidia/hpc_sdk/Linux_x86_64/23.9/cuda/12.2/extras/Debugger/lib64:/opt/nvidia/hpc_sdk/Linux_x86_64/23.9/cuda/12.2/nvvm/lib64:/opt/nvidia/hpc_sdk/Linux_x86_64/23.9/cuda/12.2/lib64:/opt/cray/pe/papi/7.0.1.2/lib64:/opt/cray/libfabric/1.15.2.0/lib64:/opt/cray/libfabric/1.15.2.0/lib64:/opt/cray/libfabric/1.15.2.0/lib64
2024-06-17 01:27:55.389938: I tensorflow/stream_executor/cuda/cudart_stub.cc:29] Ignore above cudart dlerror if you do not have a GPU set up on your machine.
  0%|                                                                                                                                                                | 0/44 [00:00<?, ?it/s]WARNING:tensorflow:From /global/cfs/cdirs/desi/users/jqzou/dla_finder/training/model.py:291: div (from tensorflow.python.ops.math_ops) is deprecated and will be removed in a future version.
Instructions for updating:
Deprecated in favor of operator or tf.math.divide.
WARNING:tensorflow:From /global/cfs/cdirs/desi/users/jqzou/dla_finder/training/model.py:291: div (from tensorflow.python.ops.math_ops) is deprecated and will be removed in a future version.
Instructions for updating:
Deprecated in favor of operator or tf.math.divide.
WARNING:tensorflow:From /global/cfs/cdirs/desi/users/jqzou/dla_finder/training/model.py:291: div (from tensorflow.python.ops.math_ops) is deprecated and will be removed in a future version.
Instructions for updating:
Deprecated in favor of operator or tf.math.divide.
WARNING:tensorflow:From /global/cfs/cdirs/desi/users/jqzou/dla_finder/training/model.py:291: div (from tensorflow.python.ops.math_ops) is deprecated and will be removed in a future version.
Instructions for updating:
Deprecated in favor of operator or tf.math.divide.
WARNING:tensorflow:From /global/cfs/cdirs/desi/users/jqzou/dla_finder/training/model.py:291: div (from tensorflow.python.ops.math_ops) is deprecated and will be removed in a future version.
Instructions for updating:
Deprecated in favor of operator or tf.math.divide.
WARNING:tensorflow:From /global/cfs/cdirs/desi/users/jqzou/dla_finder/training/model.py:291: div (from tensorflow.python.ops.math_ops) is deprecated and will be removed in a future version.
Instructions for updating:
Deprecated in favor of operator or tf.math.divide.
WARNING:tensorflow:From /global/cfs/cdirs/desi/users/jqzou/dla_finder/training/model.py:291: div (from tensorflow.python.ops.math_ops) is deprecated and will be removed in a future version.
Instructions for updating:
Deprecated in favor of operator or tf.math.divide.
WARNING:tensorflow:From /global/cfs/cdirs/desi/users/jqzou/dla_finder/training/model.py:291: div (from tensorflow.python.ops.math_ops) is deprecated and will be removed in a future version.
Instructions for updating:
Deprecated in favor of operator or tf.math.divide.
WARNING:tensorflow:From /global/cfs/cdirs/desi/users/jqzou/dla_finder/training/model.py:291: div (from tensorflow.python.ops.math_ops) is deprecated and will be removed in a future version.
Instructions for updating:
Deprecated in favor of operator or tf.math.divide.
WARNING:tensorflow:From /global/cfs/cdirs/desi/users/jqzou/dla_finder/training/model.py:291: div (from tensorflow.python.ops.math_ops) is deprecated and will be removed in a future version.
Instructions for updating:
Deprecated in favor of operator or tf.math.divide.
WARNING:tensorflow:From /global/cfs/cdirs/desi/users/jqzou/dla_finder/training/model.py:291: div (from tensorflow.python.ops.math_ops) is deprecated and will be removed in a future version.
Instructions for updating:
Deprecated in favor of operator or tf.math.divide.
WARNING:tensorflow:From /global/cfs/cdirs/desi/users/jqzou/dla_finder/training/model.py:291: div (from tensorflow.python.ops.math_ops) is deprecated and will be removed in a future version.
Instructions for updating:
Deprecated in favor of operator or tf.math.divide.
2024-06-17 01:28:43.965330: I tensorflow/compiler/jit/xla_cpu_device.cc:41] Not creating XLA devices, tf_xla_enable_xla_devices not set
2024-06-17 01:28:43.969595: I tensorflow/compiler/jit/xla_cpu_device.cc:41] Not creating XLA devices, tf_xla_enable_xla_devices not set
2024-06-17 01:28:43.976666: I tensorflow/compiler/jit/xla_cpu_device.cc:41] Not creating XLA devices, tf_xla_enable_xla_devices not set
2024-06-17 01:28:44.031679: I tensorflow/stream_executor/platform/default/dso_loader.cc:49] Successfully opened dynamic library libcuda.so.1
2024-06-17 01:28:44.031682: I tensorflow/stream_executor/platform/default/dso_loader.cc:49] Successfully opened dynamic library libcuda.so.1
2024-06-17 01:28:44.034530: I tensorflow/stream_executor/platform/default/dso_loader.cc:49] Successfully opened dynamic library libcuda.so.1
2024-06-17 01:28:44.042716: I tensorflow/compiler/jit/xla_cpu_device.cc:41] Not creating XLA devices, tf_xla_enable_xla_devices not set
2024-06-17 01:28:44.045015: I tensorflow/stream_executor/platform/default/dso_loader.cc:49] Successfully opened dynamic library libcuda.so.1
2024-06-17 01:28:44.065856: I tensorflow/compiler/jit/xla_cpu_device.cc:41] Not creating XLA devices, tf_xla_enable_xla_devices not set
2024-06-17 01:28:44.068095: I tensorflow/stream_executor/platform/default/dso_loader.cc:49] Successfully opened dynamic library libcuda.so.1
2024-06-17 01:28:44.104866: I tensorflow/compiler/jit/xla_cpu_device.cc:41] Not creating XLA devices, tf_xla_enable_xla_devices not set
2024-06-17 01:28:44.107124: I tensorflow/stream_executor/platform/default/dso_loader.cc:49] Successfully opened dynamic library libcuda.so.1
2024-06-17 01:28:44.142424: I tensorflow/compiler/jit/xla_cpu_device.cc:41] Not creating XLA devices, tf_xla_enable_xla_devices not set
2024-06-17 01:28:44.144822: I tensorflow/stream_executor/platform/default/dso_loader.cc:49] Successfully opened dynamic library libcuda.so.1
2024-06-17 01:28:44.155290: I tensorflow/compiler/jit/xla_cpu_device.cc:41] Not creating XLA devices, tf_xla_enable_xla_devices not set
2024-06-17 01:28:44.157598: I tensorflow/stream_executor/platform/default/dso_loader.cc:49] Successfully opened dynamic library libcuda.so.1
2024-06-17 01:28:44.191327: I tensorflow/compiler/jit/xla_cpu_device.cc:41] Not creating XLA devices, tf_xla_enable_xla_devices not set
2024-06-17 01:28:44.194604: I tensorflow/stream_executor/platform/default/dso_loader.cc:49] Successfully opened dynamic library libcuda.so.1
2024-06-17 01:28:44.211861: I tensorflow/compiler/jit/xla_cpu_device.cc:41] Not creating XLA devices, tf_xla_enable_xla_devices not set
2024-06-17 01:28:44.214256: I tensorflow/stream_executor/platform/default/dso_loader.cc:49] Successfully opened dynamic library libcuda.so.1
2024-06-17 01:28:44.279624: I tensorflow/compiler/jit/xla_cpu_device.cc:41] Not creating XLA devices, tf_xla_enable_xla_devices not set
2024-06-17 01:28:44.282597: I tensorflow/stream_executor/platform/default/dso_loader.cc:49] Successfully opened dynamic library libcuda.so.1
2024-06-17 01:28:44.288486: I tensorflow/compiler/jit/xla_cpu_device.cc:41] Not creating XLA devices, tf_xla_enable_xla_devices not set
2024-06-17 01:28:44.291190: I tensorflow/stream_executor/platform/default/dso_loader.cc:49] Successfully opened dynamic library libcuda.so.1
WARNING:tensorflow:From /global/cfs/cdirs/desi/users/jqzou/dla_finder/training/model.py:291: div (from tensorflow.python.ops.math_ops) is deprecated and will be removed in a future version.
Instructions for updating:
Deprecated in favor of operator or tf.math.divide.
2024-06-17 01:28:44.357864: E tensorflow/stream_executor/cuda/cuda_driver.cc:328] failed call to cuInit: CUDA_ERROR_NO_DEVICE: no CUDA-capable device is detected
2024-06-17 01:28:44.357913: I tensorflow/stream_executor/cuda/cuda_diagnostics.cc:156] kernel driver does not appear to be running on this host (nid005514): /proc/driver/nvidia/version does not exist
2024-06-17 01:28:44.359453: I tensorflow/core/platform/cpu_feature_guard.cc:142] This TensorFlow binary is optimized with oneAPI Deep Neural Network Library (oneDNN) to use the following CPU instructions in performance-critical operations:  AVX2 FMA
To enable them in other operations, rebuild TensorFlow with the appropriate compiler flags.
2024-06-17 01:28:44.364756: I tensorflow/compiler/jit/xla_gpu_device.cc:99] Not creating XLA devices, tf_xla_enable_xla_devices not set
2024-06-17 01:28:44.367221: E tensorflow/stream_executor/cuda/cuda_driver.cc:328] failed call to cuInit: CUDA_ERROR_NO_DEVICE: no CUDA-capable device is detected
2024-06-17 01:28:44.367270: I tensorflow/stream_executor/cuda/cuda_diagnostics.cc:156] kernel driver does not appear to be running on this host (nid005514): /proc/driver/nvidia/version does not exist
2024-06-17 01:28:44.368781: I tensorflow/core/platform/cpu_feature_guard.cc:142] This TensorFlow binary is optimized with oneAPI Deep Neural Network Library (oneDNN) to use the following CPU instructions in performance-critical operations:  AVX2 FMA
To enable them in other operations, rebuild TensorFlow with the appropriate compiler flags.
2024-06-17 01:28:44.373934: I tensorflow/compiler/jit/xla_gpu_device.cc:99] Not creating XLA devices, tf_xla_enable_xla_devices not set
2024-06-17 01:28:44.382911: E tensorflow/stream_executor/cuda/cuda_driver.cc:328] failed call to cuInit: CUDA_ERROR_NO_DEVICE: no CUDA-capable device is detected
2024-06-17 01:28:44.382963: I tensorflow/stream_executor/cuda/cuda_diagnostics.cc:156] kernel driver does not appear to be running on this host (nid005514): /proc/driver/nvidia/version does not exist
2024-06-17 01:28:44.384276: I tensorflow/core/platform/cpu_feature_guard.cc:142] This TensorFlow binary is optimized with oneAPI Deep Neural Network Library (oneDNN) to use the following CPU instructions in performance-critical operations:  AVX2 FMA
To enable them in other operations, rebuild TensorFlow with the appropriate compiler flags.
2024-06-17 01:28:44.388492: I tensorflow/compiler/jit/xla_gpu_device.cc:99] Not creating XLA devices, tf_xla_enable_xla_devices not set
2024-06-17 01:28:44.390732: E tensorflow/stream_executor/cuda/cuda_driver.cc:328] failed call to cuInit: CUDA_ERROR_NO_DEVICE: no CUDA-capable device is detected
2024-06-17 01:28:44.390780: I tensorflow/stream_executor/cuda/cuda_diagnostics.cc:156] kernel driver does not appear to be running on this host (nid005514): /proc/driver/nvidia/version does not exist
2024-06-17 01:28:44.391008: E tensorflow/stream_executor/cuda/cuda_driver.cc:328] failed call to cuInit: CUDA_ERROR_NO_DEVICE: no CUDA-capable device is detected
2024-06-17 01:28:44.391048: I tensorflow/stream_executor/cuda/cuda_diagnostics.cc:156] kernel driver does not appear to be running on this host (nid005514): /proc/driver/nvidia/version does not exist
2024-06-17 01:28:44.392243: I tensorflow/core/platform/cpu_feature_guard.cc:142] This TensorFlow binary is optimized with oneAPI Deep Neural Network Library (oneDNN) to use the following CPU instructions in performance-critical operations:  AVX2 FMA
To enable them in other operations, rebuild TensorFlow with the appropriate compiler flags.
2024-06-17 01:28:44.392339: I tensorflow/core/platform/cpu_feature_guard.cc:142] This TensorFlow binary is optimized with oneAPI Deep Neural Network Library (oneDNN) to use the following CPU instructions in performance-critical operations:  AVX2 FMA
To enable them in other operations, rebuild TensorFlow with the appropriate compiler flags.
2024-06-17 01:28:44.397109: I tensorflow/compiler/jit/xla_gpu_device.cc:99] Not creating XLA devices, tf_xla_enable_xla_devices not set
2024-06-17 01:28:44.397293: I tensorflow/compiler/jit/xla_gpu_device.cc:99] Not creating XLA devices, tf_xla_enable_xla_devices not set
WARNING:tensorflow:From /global/cfs/cdirs/desi/users/jqzou/dla_finder/training/model.py:291: div (from tensorflow.python.ops.math_ops) is deprecated and will be removed in a future version.
Instructions for updating:
Deprecated in favor of operator or tf.math.divide.
INFO:tensorflow:Restoring parameters from /global/cfs/cdirs/desi/users/jqzou/dla_finder/prediction/model/train_midsnr/train_midsnr/current_99999.ckpt
INFO:tensorflow:Restoring parameters from /global/cfs/cdirs/desi/users/jqzou/dla_finder/prediction/model/train_midsnr/train_midsnr/current_99999.ckpt
WARNING:tensorflow:From /global/cfs/cdirs/desi/users/jqzou/dla_finder/training/model.py:291: div (from tensorflow.python.ops.math_ops) is deprecated and will be removed in a future version.
Instructions for updating:
Deprecated in favor of operator or tf.math.divide.
2024-06-17 01:28:44.440240: E tensorflow/stream_executor/cuda/cuda_driver.cc:328] failed call to cuInit: CUDA_ERROR_NO_DEVICE: no CUDA-capable device is detected
2024-06-17 01:28:44.440293: I tensorflow/stream_executor/cuda/cuda_diagnostics.cc:156] kernel driver does not appear to be running on this host (nid005514): /proc/driver/nvidia/version does not exist
2024-06-17 01:28:44.441678: I tensorflow/core/platform/cpu_feature_guard.cc:142] This TensorFlow binary is optimized with oneAPI Deep Neural Network Library (oneDNN) to use the following CPU instructions in performance-critical operations:  AVX2 FMA
To enable them in other operations, rebuild TensorFlow with the appropriate compiler flags.
INFO:tensorflow:Restoring parameters from /global/cfs/cdirs/desi/users/jqzou/dla_finder/prediction/model/train_midsnr/train_midsnr/current_99999.ckpt
2024-06-17 01:28:44.444639: I tensorflow/compiler/mlir/mlir_graph_optimization_pass.cc:196] None of the MLIR optimization passes are enabled (registered 0 passes)
2024-06-17 01:28:44.444643: I tensorflow/compiler/mlir/mlir_graph_optimization_pass.cc:196] None of the MLIR optimization passes are enabled (registered 0 passes)
2024-06-17 01:28:44.446125: I tensorflow/compiler/jit/xla_gpu_device.cc:99] Not creating XLA devices, tf_xla_enable_xla_devices not set
2024-06-17 01:28:44.452120: I tensorflow/compiler/mlir/mlir_graph_optimization_pass.cc:196] None of the MLIR optimization passes are enabled (registered 0 passes)
2024-06-17 01:28:44.453536: I tensorflow/core/platform/profile_utils/cpu_utils.cc:112] CPU Frequency: 2445450000 Hz
INFO:tensorflow:Restoring parameters from /global/cfs/cdirs/desi/users/jqzou/dla_finder/prediction/model/train_midsnr/train_midsnr/current_99999.ckpt
INFO:tensorflow:Restoring parameters from /global/cfs/cdirs/desi/users/jqzou/dla_finder/prediction/model/train_midsnr/train_midsnr/current_99999.ckpt
2024-06-17 01:28:44.462980: I tensorflow/compiler/mlir/mlir_graph_optimization_pass.cc:196] None of the MLIR optimization passes are enabled (registered 0 passes)
2024-06-17 01:28:44.464031: I tensorflow/compiler/mlir/mlir_graph_optimization_pass.cc:196] None of the MLIR optimization passes are enabled (registered 0 passes)
2024-06-17 01:28:44.470975: I tensorflow/core/platform/profile_utils/cpu_utils.cc:112] CPU Frequency: 2445450000 Hz
2024-06-17 01:28:44.471365: E tensorflow/stream_executor/cuda/cuda_driver.cc:328] failed call to cuInit: CUDA_ERROR_NO_DEVICE: no CUDA-capable device is detected
2024-06-17 01:28:44.471410: I tensorflow/stream_executor/cuda/cuda_diagnostics.cc:156] kernel driver does not appear to be running on this host (nid005514): /proc/driver/nvidia/version does not exist
2024-06-17 01:28:44.472107: I tensorflow/core/platform/profile_utils/cpu_utils.cc:112] CPU Frequency: 2445450000 Hz
2024-06-17 01:28:44.472672: I tensorflow/core/platform/cpu_feature_guard.cc:142] This TensorFlow binary is optimized with oneAPI Deep Neural Network Library (oneDNN) to use the following CPU instructions in performance-critical operations:  AVX2 FMA
To enable them in other operations, rebuild TensorFlow with the appropriate compiler flags.
2024-06-17 01:28:44.475208: I tensorflow/core/platform/profile_utils/cpu_utils.cc:112] CPU Frequency: 2445450000 Hz
2024-06-17 01:28:44.476122: I tensorflow/core/platform/profile_utils/cpu_utils.cc:112] CPU Frequency: 2445450000 Hz
2024-06-17 01:28:44.477376: I tensorflow/compiler/jit/xla_gpu_device.cc:99] Not creating XLA devices, tf_xla_enable_xla_devices not set
2024-06-17 01:28:44.477835: E tensorflow/stream_executor/cuda/cuda_driver.cc:328] failed call to cuInit: CUDA_ERROR_NO_DEVICE: no CUDA-capable device is detected
2024-06-17 01:28:44.477877: I tensorflow/stream_executor/cuda/cuda_diagnostics.cc:156] kernel driver does not appear to be running on this host (nid005514): /proc/driver/nvidia/version does not exist
2024-06-17 01:28:44.479009: I tensorflow/core/platform/cpu_feature_guard.cc:142] This TensorFlow binary is optimized with oneAPI Deep Neural Network Library (oneDNN) to use the following CPU instructions in performance-critical operations:  AVX2 FMA
To enable them in other operations, rebuild TensorFlow with the appropriate compiler flags.
2024-06-17 01:28:44.483948: I tensorflow/compiler/jit/xla_gpu_device.cc:99] Not creating XLA devices, tf_xla_enable_xla_devices not set
INFO:tensorflow:Restoring parameters from /global/cfs/cdirs/desi/users/jqzou/dla_finder/prediction/model/train_midsnr/train_midsnr/current_99999.ckpt
2024-06-17 01:28:44.514376: I tensorflow/compiler/mlir/mlir_graph_optimization_pass.cc:196] None of the MLIR optimization passes are enabled (registered 0 passes)
WARNING:tensorflow:From /global/cfs/cdirs/desi/users/jqzou/dla_finder/training/model.py:291: div (from tensorflow.python.ops.math_ops) is deprecated and will be removed in a future version.
Instructions for updating:
Deprecated in favor of operator or tf.math.divide.
WARNING:tensorflow:From /global/cfs/cdirs/desi/users/jqzou/dla_finder/training/model.py:291: div (from tensorflow.python.ops.math_ops) is deprecated and will be removed in a future version.
Instructions for updating:
Deprecated in favor of operator or tf.math.divide.
INFO:tensorflow:Restoring parameters from /global/cfs/cdirs/desi/users/jqzou/dla_finder/prediction/model/train_midsnr/train_midsnr/current_99999.ckpt
2024-06-17 01:28:44.544886: E tensorflow/stream_executor/cuda/cuda_driver.cc:328] failed call to cuInit: CUDA_ERROR_NO_DEVICE: no CUDA-capable device is detected
2024-06-17 01:28:44.544935: I tensorflow/stream_executor/cuda/cuda_diagnostics.cc:156] kernel driver does not appear to be running on this host (nid005514): /proc/driver/nvidia/version does not exist
2024-06-17 01:28:44.546371: I tensorflow/core/platform/cpu_feature_guard.cc:142] This TensorFlow binary is optimized with oneAPI Deep Neural Network Library (oneDNN) to use the following CPU instructions in performance-critical operations:  AVX2 FMA
To enable them in other operations, rebuild TensorFlow with the appropriate compiler flags.
INFO:tensorflow:Restoring parameters from /global/cfs/cdirs/desi/users/jqzou/dla_finder/prediction/model/train_midsnr/train_midsnr/current_99999.ckpt
2024-06-17 01:28:44.548162: I tensorflow/core/platform/profile_utils/cpu_utils.cc:112] CPU Frequency: 2445450000 Hz
2024-06-17 01:28:44.552367: I tensorflow/compiler/jit/xla_gpu_device.cc:99] Not creating XLA devices, tf_xla_enable_xla_devices not set
2024-06-17 01:28:44.552388: I tensorflow/compiler/mlir/mlir_graph_optimization_pass.cc:196] None of the MLIR optimization passes are enabled (registered 0 passes)
2024-06-17 01:28:44.559084: I tensorflow/compiler/mlir/mlir_graph_optimization_pass.cc:196] None of the MLIR optimization passes are enabled (registered 0 passes)
2024-06-17 01:28:44.561114: I tensorflow/core/platform/profile_utils/cpu_utils.cc:112] CPU Frequency: 2445450000 Hz
2024-06-17 01:28:44.567331: I tensorflow/core/platform/profile_utils/cpu_utils.cc:112] CPU Frequency: 2445450000 Hz
2024-06-17 01:28:44.589322: E tensorflow/stream_executor/cuda/cuda_driver.cc:328] failed call to cuInit: CUDA_ERROR_NO_DEVICE: no CUDA-capable device is detected
2024-06-17 01:28:44.589368: I tensorflow/stream_executor/cuda/cuda_diagnostics.cc:156] kernel driver does not appear to be running on this host (nid005514): /proc/driver/nvidia/version does not exist
2024-06-17 01:28:44.590581: I tensorflow/core/platform/cpu_feature_guard.cc:142] This TensorFlow binary is optimized with oneAPI Deep Neural Network Library (oneDNN) to use the following CPU instructions in performance-critical operations:  AVX2 FMA
To enable them in other operations, rebuild TensorFlow with the appropriate compiler flags.
2024-06-17 01:28:44.591523: E tensorflow/stream_executor/cuda/cuda_driver.cc:328] failed call to cuInit: CUDA_ERROR_NO_DEVICE: no CUDA-capable device is detected
2024-06-17 01:28:44.591580: I tensorflow/stream_executor/cuda/cuda_diagnostics.cc:156] kernel driver does not appear to be running on this host (nid005514): /proc/driver/nvidia/version does not exist
2024-06-17 01:28:44.593360: I tensorflow/core/platform/cpu_feature_guard.cc:142] This TensorFlow binary is optimized with oneAPI Deep Neural Network Library (oneDNN) to use the following CPU instructions in performance-critical operations:  AVX2 FMA
To enable them in other operations, rebuild TensorFlow with the appropriate compiler flags.
2024-06-17 01:28:44.595751: I tensorflow/compiler/jit/xla_gpu_device.cc:99] Not creating XLA devices, tf_xla_enable_xla_devices not set
2024-06-17 01:28:44.600893: I tensorflow/compiler/jit/xla_gpu_device.cc:99] Not creating XLA devices, tf_xla_enable_xla_devices not set
INFO:tensorflow:Restoring parameters from /global/cfs/cdirs/desi/users/jqzou/dla_finder/prediction/model/train_midsnr/train_midsnr/current_99999.ckpt
2024-06-17 01:28:44.643763: I tensorflow/compiler/mlir/mlir_graph_optimization_pass.cc:196] None of the MLIR optimization passes are enabled (registered 0 passes)
2024-06-17 01:28:44.685811: I tensorflow/core/platform/profile_utils/cpu_utils.cc:112] CPU Frequency: 2445450000 Hz
INFO:tensorflow:Restoring parameters from /global/cfs/cdirs/desi/users/jqzou/dla_finder/prediction/model/train_midsnr/train_midsnr/current_99999.ckpt
INFO:tensorflow:Restoring parameters from /global/cfs/cdirs/desi/users/jqzou/dla_finder/prediction/model/train_midsnr/train_midsnr/current_99999.ckpt
2024-06-17 01:28:44.726885: I tensorflow/compiler/mlir/mlir_graph_optimization_pass.cc:196] None of the MLIR optimization passes are enabled (registered 0 passes)
2024-06-17 01:28:44.741352: I tensorflow/compiler/mlir/mlir_graph_optimization_pass.cc:196] None of the MLIR optimization passes are enabled (registered 0 passes)
2024-06-17 01:28:44.746354: I tensorflow/core/platform/profile_utils/cpu_utils.cc:112] CPU Frequency: 2445450000 Hz
WARNING:tensorflow:From /global/cfs/cdirs/desi/users/jqzou/dla_finder/training/model.py:291: div (from tensorflow.python.ops.math_ops) is deprecated and will be removed in a future version.
Instructions for updating:
Deprecated in favor of operator or tf.math.divide.
2024-06-17 01:28:44.775073: I tensorflow/core/platform/profile_utils/cpu_utils.cc:112] CPU Frequency: 2445450000 Hz
WARNING:tensorflow:From /global/cfs/cdirs/desi/users/jqzou/dla_finder/training/model.py:291: div (from tensorflow.python.ops.math_ops) is deprecated and will be removed in a future version.
Instructions for updating:
Deprecated in favor of operator or tf.math.divide.
2024-06-17 01:28:44.948180: E tensorflow/stream_executor/cuda/cuda_driver.cc:328] failed call to cuInit: CUDA_ERROR_NO_DEVICE: no CUDA-capable device is detected
2024-06-17 01:28:44.948424: I tensorflow/stream_executor/cuda/cuda_diagnostics.cc:156] kernel driver does not appear to be running on this host (nid005514): /proc/driver/nvidia/version does not exist
2024-06-17 01:28:44.971871: I tensorflow/core/platform/cpu_feature_guard.cc:142] This TensorFlow binary is optimized with oneAPI Deep Neural Network Library (oneDNN) to use the following CPU instructions in performance-critical operations:  AVX2 FMA
To enable them in other operations, rebuild TensorFlow with the appropriate compiler flags.
2024-06-17 01:28:44.993211: I tensorflow/compiler/jit/xla_gpu_device.cc:99] Not creating XLA devices, tf_xla_enable_xla_devices not set
WARNING:tensorflow:From /global/cfs/cdirs/desi/users/jqzou/dla_finder/training/model.py:291: div (from tensorflow.python.ops.math_ops) is deprecated and will be removed in a future version.
Instructions for updating:
Deprecated in favor of operator or tf.math.divide.
2024-06-17 01:28:45.056439: I tensorflow/compiler/jit/xla_cpu_device.cc:41] Not creating XLA devices, tf_xla_enable_xla_devices not set
2024-06-17 01:28:45.077204: I tensorflow/stream_executor/platform/default/dso_loader.cc:49] Successfully opened dynamic library libcuda.so.1
INFO:tensorflow:Restoring parameters from /global/cfs/cdirs/desi/users/jqzou/dla_finder/prediction/model/train_midsnr/train_midsnr/current_99999.ckpt
2024-06-17 01:28:45.194805: I tensorflow/compiler/mlir/mlir_graph_optimization_pass.cc:196] None of the MLIR optimization passes are enabled (registered 0 passes)
2024-06-17 01:28:45.234106: I tensorflow/core/platform/profile_utils/cpu_utils.cc:112] CPU Frequency: 2445450000 Hz
WARNING:tensorflow:From /global/cfs/cdirs/desi/users/jqzou/dla_finder/training/model.py:291: div (from tensorflow.python.ops.math_ops) is deprecated and will be removed in a future version.
Instructions for updating:
Deprecated in favor of operator or tf.math.divide.
WARNING:tensorflow:From /global/cfs/cdirs/desi/users/jqzou/dla_finder/training/model.py:291: div (from tensorflow.python.ops.math_ops) is deprecated and will be removed in a future version.
Instructions for updating:
Deprecated in favor of operator or tf.math.divide.
2024-06-17 01:28:45.425780: I tensorflow/compiler/jit/xla_cpu_device.cc:41] Not creating XLA devices, tf_xla_enable_xla_devices not set
 70%|██████████████████████████████████████████████████████████████████████████████████████████████████████████▍                                            | 31/44 [00:02<00:00, 14.33it/s]2024-06-17 01:28:45.430070: I tensorflow/compiler/jit/xla_cpu_device.cc:41] Not creating XLA devices, tf_xla_enable_xla_devices not set
2024-06-17 01:28:45.445449: I tensorflow/stream_executor/platform/default/dso_loader.cc:49] Successfully opened dynamic library libcuda.so.1
2024-06-17 01:28:45.456097: I tensorflow/stream_executor/platform/default/dso_loader.cc:49] Successfully opened dynamic library libcuda.so.1
WARNING:tensorflow:From /global/cfs/cdirs/desi/users/jqzou/dla_finder/training/model.py:291: div (from tensorflow.python.ops.math_ops) is deprecated and will be removed in a future version.
Instructions for updating:
Deprecated in favor of operator or tf.math.divide.
 80%|████████████████████████████████████████████████████████████████████████████████████████████████████████████████████████                               | 35/44 [00:02<00:00, 15.74it/s]WARNING:tensorflow:From /global/cfs/cdirs/desi/users/jqzou/dla_finder/training/model.py:291: div (from tensorflow.python.ops.math_ops) is deprecated and will be removed in a future version.
Instructions for updating:
Deprecated in favor of operator or tf.math.divide.
2024-06-17 01:28:45.559832: I tensorflow/compiler/jit/xla_cpu_device.cc:41] Not creating XLA devices, tf_xla_enable_xla_devices not set
2024-06-17 01:28:45.571791: I tensorflow/stream_executor/platform/default/dso_loader.cc:49] Successfully opened dynamic library libcuda.so.1
WARNING:tensorflow:From /global/cfs/cdirs/desi/users/jqzou/dla_finder/training/model.py:291: div (from tensorflow.python.ops.math_ops) is deprecated and will be removed in a future version.
Instructions for updating:
Deprecated in favor of operator or tf.math.divide.
WARNING:tensorflow:From /global/cfs/cdirs/desi/users/jqzou/dla_finder/training/model.py:291: div (from tensorflow.python.ops.math_ops) is deprecated and will be removed in a future version.
Instructions for updating:
Deprecated in favor of operator or tf.math.divide.
 91%|█████████████████████████████████████████████████████████████████████████████████████████████████████████████████████████████████████████▎             | 40/44 [00:02<00:00, 17.34it/s]2024-06-17 01:28:45.743126: E tensorflow/stream_executor/cuda/cuda_driver.cc:328] failed call to cuInit: CUDA_ERROR_NO_DEVICE: no CUDA-capable device is detected
2024-06-17 01:28:45.743333: I tensorflow/stream_executor/cuda/cuda_diagnostics.cc:156] kernel driver does not appear to be running on this host (nid005514): /proc/driver/nvidia/version does not exist
2024-06-17 01:28:45.745114: I tensorflow/core/platform/cpu_feature_guard.cc:142] This TensorFlow binary is optimized with oneAPI Deep Neural Network Library (oneDNN) to use the following CPU instructions in performance-critical operations:  AVX2 FMA
To enable them in other operations, rebuild TensorFlow with the appropriate compiler flags.
2024-06-17 01:28:45.750264: I tensorflow/compiler/jit/xla_cpu_device.cc:41] Not creating XLA devices, tf_xla_enable_xla_devices not set
2024-06-17 01:28:45.755707: I tensorflow/stream_executor/platform/default/dso_loader.cc:49] Successfully opened dynamic library libcuda.so.1
2024-06-17 01:28:45.772000: I tensorflow/compiler/jit/xla_gpu_device.cc:99] Not creating XLA devices, tf_xla_enable_xla_devices not set
2024-06-17 01:28:45.799335: I tensorflow/compiler/jit/xla_cpu_device.cc:41] Not creating XLA devices, tf_xla_enable_xla_devices not set
2024-06-17 01:28:45.806906: I tensorflow/stream_executor/platform/default/dso_loader.cc:49] Successfully opened dynamic library libcuda.so.1
WARNING:tensorflow:From /global/cfs/cdirs/desi/users/jqzou/dla_finder/training/model.py:291: div (from tensorflow.python.ops.math_ops) is deprecated and will be removed in a future version.
Instructions for updating:
Deprecated in favor of operator or tf.math.divide.
INFO:tensorflow:Restoring parameters from /global/cfs/cdirs/desi/users/jqzou/dla_finder/prediction/model/train_lowsnr/train_lowsnr/current_99999.ckpt
2024-06-17 01:28:45.866941: I tensorflow/compiler/mlir/mlir_graph_optimization_pass.cc:196] None of the MLIR optimization passes are enabled (registered 0 passes)
2024-06-17 01:28:45.875149: I tensorflow/core/platform/profile_utils/cpu_utils.cc:112] CPU Frequency: 2445450000 Hz
2024-06-17 01:28:45.902879: E tensorflow/stream_executor/cuda/cuda_driver.cc:328] failed call to cuInit: CUDA_ERROR_NO_DEVICE: no CUDA-capable device is detected
2024-06-17 01:28:45.902929: I tensorflow/stream_executor/cuda/cuda_diagnostics.cc:156] kernel driver does not appear to be running on this host (nid005514): /proc/driver/nvidia/version does not exist
2024-06-17 01:28:45.904360: I tensorflow/core/platform/cpu_feature_guard.cc:142] This TensorFlow binary is optimized with oneAPI Deep Neural Network Library (oneDNN) to use the following CPU instructions in performance-critical operations:  AVX2 FMA
To enable them in other operations, rebuild TensorFlow with the appropriate compiler flags.
2024-06-17 01:28:45.909388: I tensorflow/compiler/jit/xla_gpu_device.cc:99] Not creating XLA devices, tf_xla_enable_xla_devices not set
2024-06-17 01:28:45.924355: E tensorflow/stream_executor/cuda/cuda_driver.cc:328] failed call to cuInit: CUDA_ERROR_NO_DEVICE: no CUDA-capable device is detected
2024-06-17 01:28:45.924403: I tensorflow/stream_executor/cuda/cuda_diagnostics.cc:156] kernel driver does not appear to be running on this host (nid005514): /proc/driver/nvidia/version does not exist
2024-06-17 01:28:45.925610: I tensorflow/core/platform/cpu_feature_guard.cc:142] This TensorFlow binary is optimized with oneAPI Deep Neural Network Library (oneDNN) to use the following CPU instructions in performance-critical operations:  AVX2 FMA
To enable them in other operations, rebuild TensorFlow with the appropriate compiler flags.
2024-06-17 01:28:45.929711: I tensorflow/compiler/jit/xla_gpu_device.cc:99] Not creating XLA devices, tf_xla_enable_xla_devices not set
2024-06-17 01:28:45.953149: E tensorflow/stream_executor/cuda/cuda_driver.cc:328] failed call to cuInit: CUDA_ERROR_NO_DEVICE: no CUDA-capable device is detected
2024-06-17 01:28:45.953198: I tensorflow/stream_executor/cuda/cuda_diagnostics.cc:156] kernel driver does not appear to be running on this host (nid005514): /proc/driver/nvidia/version does not exist
2024-06-17 01:28:45.954641: I tensorflow/core/platform/cpu_feature_guard.cc:142] This TensorFlow binary is optimized with oneAPI Deep Neural Network Library (oneDNN) to use the following CPU instructions in performance-critical operations:  AVX2 FMA
To enable them in other operations, rebuild TensorFlow with the appropriate compiler flags.
2024-06-17 01:28:45.959818: I tensorflow/compiler/jit/xla_gpu_device.cc:99] Not creating XLA devices, tf_xla_enable_xla_devices not set
2024-06-17 01:28:45.961614: I tensorflow/compiler/jit/xla_cpu_device.cc:41] Not creating XLA devices, tf_xla_enable_xla_devices not set
2024-06-17 01:28:45.964184: I tensorflow/stream_executor/platform/default/dso_loader.cc:49] Successfully opened dynamic library libcuda.so.1
INFO:tensorflow:Restoring parameters from /global/cfs/cdirs/desi/users/jqzou/dla_finder/prediction/model/train_lowsnr/train_lowsnr/current_99999.ckpt
INFO:tensorflow:Restoring parameters from /global/cfs/cdirs/desi/users/jqzou/dla_finder/prediction/model/train_lowsnr/train_lowsnr/current_99999.ckpt
2024-06-17 01:28:45.991503: I tensorflow/compiler/jit/xla_cpu_device.cc:41] Not creating XLA devices, tf_xla_enable_xla_devices not set
2024-06-17 01:28:45.993670: I tensorflow/stream_executor/platform/default/dso_loader.cc:49] Successfully opened dynamic library libcuda.so.1
2024-06-17 01:28:45.995369: I tensorflow/compiler/mlir/mlir_graph_optimization_pass.cc:196] None of the MLIR optimization passes are enabled (registered 0 passes)
2024-06-17 01:28:45.999812: I tensorflow/compiler/mlir/mlir_graph_optimization_pass.cc:196] None of the MLIR optimization passes are enabled (registered 0 passes)
WARNING:tensorflow:From /global/cfs/cdirs/desi/users/jqzou/dla_finder/training/model.py:291: div (from tensorflow.python.ops.math_ops) is deprecated and will be removed in a future version.
Instructions for updating:
Deprecated in favor of operator or tf.math.divide.
2024-06-17 01:28:46.012489: I tensorflow/core/platform/profile_utils/cpu_utils.cc:112] CPU Frequency: 2445450000 Hz
2024-06-17 01:28:46.017053: I tensorflow/compiler/jit/xla_cpu_device.cc:41] Not creating XLA devices, tf_xla_enable_xla_devices not set
2024-06-17 01:28:46.027825: I tensorflow/core/platform/profile_utils/cpu_utils.cc:112] CPU Frequency: 2445450000 Hz
INFO:tensorflow:Restoring parameters from /global/cfs/cdirs/desi/users/jqzou/dla_finder/prediction/model/train_lowsnr/train_lowsnr/current_99999.ckpt
2024-06-17 01:28:46.038664: I tensorflow/stream_executor/platform/default/dso_loader.cc:49] Successfully opened dynamic library libcuda.so.1
2024-06-17 01:28:46.049070: I tensorflow/compiler/mlir/mlir_graph_optimization_pass.cc:196] None of the MLIR optimization passes are enabled (registered 0 passes)
2024-06-17 01:28:46.057209: E tensorflow/stream_executor/cuda/cuda_driver.cc:328] failed call to cuInit: CUDA_ERROR_NO_DEVICE: no CUDA-capable device is detected
2024-06-17 01:28:46.057400: I tensorflow/stream_executor/cuda/cuda_diagnostics.cc:156] kernel driver does not appear to be running on this host (nid005514): /proc/driver/nvidia/version does not exist
2024-06-17 01:28:46.059190: I tensorflow/core/platform/cpu_feature_guard.cc:142] This TensorFlow binary is optimized with oneAPI Deep Neural Network Library (oneDNN) to use the following CPU instructions in performance-critical operations:  AVX2 FMA
To enable them in other operations, rebuild TensorFlow with the appropriate compiler flags.
2024-06-17 01:28:46.062218: E tensorflow/stream_executor/cuda/cuda_driver.cc:328] failed call to cuInit: CUDA_ERROR_NO_DEVICE: no CUDA-capable device is detected
2024-06-17 01:28:46.062410: I tensorflow/stream_executor/cuda/cuda_diagnostics.cc:156] kernel driver does not appear to be running on this host (nid005514): /proc/driver/nvidia/version does not exist
2024-06-17 01:28:46.064209: I tensorflow/core/platform/cpu_feature_guard.cc:142] This TensorFlow binary is optimized with oneAPI Deep Neural Network Library (oneDNN) to use the following CPU instructions in performance-critical operations:  AVX2 FMA
To enable them in other operations, rebuild TensorFlow with the appropriate compiler flags.
2024-06-17 01:28:46.088203: I tensorflow/core/platform/profile_utils/cpu_utils.cc:112] CPU Frequency: 2445450000 Hz
2024-06-17 01:28:46.089884: I tensorflow/compiler/jit/xla_cpu_device.cc:41] Not creating XLA devices, tf_xla_enable_xla_devices not set
2024-06-17 01:28:46.091552: I tensorflow/compiler/jit/xla_gpu_device.cc:99] Not creating XLA devices, tf_xla_enable_xla_devices not set
2024-06-17 01:28:46.093925: I tensorflow/compiler/jit/xla_gpu_device.cc:99] Not creating XLA devices, tf_xla_enable_xla_devices not set
2024-06-17 01:28:46.097661: I tensorflow/stream_executor/platform/default/dso_loader.cc:49] Successfully opened dynamic library libcuda.so.1
 98%|███████████████████████████████████████████████████████████████████████████████████████████████████████████████████████████████████████████████████▌   | 43/44 [00:02<00:00, 14.39it/s]INFO:tensorflow:Restoring parameters from /global/cfs/cdirs/desi/users/jqzou/dla_finder/prediction/model/train_lowsnr/train_lowsnr/current_99999.ckpt
2024-06-17 01:28:46.184842: I tensorflow/compiler/mlir/mlir_graph_optimization_pass.cc:196] None of the MLIR optimization passes are enabled (registered 0 passes)
INFO:tensorflow:Restoring parameters from /global/cfs/cdirs/desi/users/jqzou/dla_finder/prediction/model/train_lowsnr/train_lowsnr/current_99999.ckpt
2024-06-17 01:28:46.196990: I tensorflow/core/platform/profile_utils/cpu_utils.cc:112] CPU Frequency: 2445450000 Hz
2024-06-17 01:28:46.206342: I tensorflow/compiler/jit/xla_cpu_device.cc:41] Not creating XLA devices, tf_xla_enable_xla_devices not set
2024-06-17 01:28:46.214569: I tensorflow/compiler/mlir/mlir_graph_optimization_pass.cc:196] None of the MLIR optimization passes are enabled (registered 0 passes)
2024-06-17 01:28:46.231824: I tensorflow/core/platform/profile_utils/cpu_utils.cc:112] CPU Frequency: 2445450000 Hz
2024-06-17 01:28:46.233728: I tensorflow/stream_executor/platform/default/dso_loader.cc:49] Successfully opened dynamic library libcuda.so.1
WARNING:tensorflow:From /global/cfs/cdirs/desi/users/jqzou/dla_finder/training/model.py:291: div (from tensorflow.python.ops.math_ops) is deprecated and will be removed in a future version.
Instructions for updating:
Deprecated in favor of operator or tf.math.divide.
2024-06-17 01:28:46.255346: I tensorflow/compiler/jit/xla_cpu_device.cc:41] Not creating XLA devices, tf_xla_enable_xla_devices not set
2024-06-17 01:28:46.261565: I tensorflow/stream_executor/platform/default/dso_loader.cc:49] Successfully opened dynamic library libcuda.so.1
2024-06-17 01:28:46.321554: I tensorflow/compiler/jit/xla_cpu_device.cc:41] Not creating XLA devices, tf_xla_enable_xla_devices not set
2024-06-17 01:28:46.335197: I tensorflow/stream_executor/platform/default/dso_loader.cc:49] Successfully opened dynamic library libcuda.so.1
2024-06-17 01:28:46.380978: E tensorflow/stream_executor/cuda/cuda_driver.cc:328] failed call to cuInit: CUDA_ERROR_NO_DEVICE: no CUDA-capable device is detected
2024-06-17 01:28:46.381192: I tensorflow/stream_executor/cuda/cuda_diagnostics.cc:156] kernel driver does not appear to be running on this host (nid005514): /proc/driver/nvidia/version does not exist
2024-06-17 01:28:46.382839: I tensorflow/core/platform/cpu_feature_guard.cc:142] This TensorFlow binary is optimized with oneAPI Deep Neural Network Library (oneDNN) to use the following CPU instructions in performance-critical operations:  AVX2 FMA
To enable them in other operations, rebuild TensorFlow with the appropriate compiler flags.
2024-06-17 01:28:46.399669: I tensorflow/compiler/jit/xla_cpu_device.cc:41] Not creating XLA devices, tf_xla_enable_xla_devices not set
2024-06-17 01:28:46.401634: E tensorflow/stream_executor/cuda/cuda_driver.cc:328] failed call to cuInit: CUDA_ERROR_NO_DEVICE: no CUDA-capable device is detected
2024-06-17 01:28:46.401736: I tensorflow/stream_executor/cuda/cuda_diagnostics.cc:156] kernel driver does not appear to be running on this host (nid005514): /proc/driver/nvidia/version does not exist
2024-06-17 01:28:46.403700: I tensorflow/core/platform/cpu_feature_guard.cc:142] This TensorFlow binary is optimized with oneAPI Deep Neural Network Library (oneDNN) to use the following CPU instructions in performance-critical operations:  AVX2 FMA
To enable them in other operations, rebuild TensorFlow with the appropriate compiler flags.
2024-06-17 01:28:46.406234: I tensorflow/compiler/jit/xla_gpu_device.cc:99] Not creating XLA devices, tf_xla_enable_xla_devices not set
2024-06-17 01:28:46.408535: I tensorflow/compiler/jit/xla_gpu_device.cc:99] Not creating XLA devices, tf_xla_enable_xla_devices not set
2024-06-17 01:28:46.412896: I tensorflow/compiler/jit/xla_gpu_device.cc:99] Not creating XLA devices, tf_xla_enable_xla_devices not set
2024-06-17 01:28:46.415107: I tensorflow/stream_executor/platform/default/dso_loader.cc:49] Successfully opened dynamic library libcuda.so.1
2024-06-17 01:28:46.476189: I tensorflow/compiler/jit/xla_gpu_device.cc:99] Not creating XLA devices, tf_xla_enable_xla_devices not set
100%|███████████████████████████████████████████████████████████████████████████████████████████████████████████████████████████████████████████████████████| 44/44 [00:03<00:00, 13.69it/s]INFO:tensorflow:Restoring parameters from /global/cfs/cdirs/desi/users/jqzou/dla_finder/prediction/model/train_midsnr/train_midsnr/current_99999.ckpt
2024-06-17 01:28:46.496478: E tensorflow/stream_executor/cuda/cuda_driver.cc:328] failed call to cuInit: CUDA_ERROR_NO_DEVICE: no CUDA-capable device is detected
2024-06-17 01:28:46.496670: I tensorflow/stream_executor/cuda/cuda_diagnostics.cc:156] kernel driver does not appear to be running on this host (nid005514): /proc/driver/nvidia/version does not exist
2024-06-17 01:28:46.498592: I tensorflow/core/platform/cpu_feature_guard.cc:142] This TensorFlow binary is optimized with oneAPI Deep Neural Network Library (oneDNN) to use the following CPU instructions in performance-critical operations:  AVX2 FMA
To enable them in other operations, rebuild TensorFlow with the appropriate compiler flags.
2024-06-17 01:28:46.500603: I tensorflow/compiler/jit/xla_gpu_device.cc:99] Not creating XLA devices, tf_xla_enable_xla_devices not set
2024-06-17 01:28:46.515505: I tensorflow/compiler/jit/xla_gpu_device.cc:99] Not creating XLA devices, tf_xla_enable_xla_devices not set
2024-06-17 01:28:46.545119: I tensorflow/compiler/jit/xla_gpu_device.cc:99] Not creating XLA devices, tf_xla_enable_xla_devices not set
2024-06-17 01:28:46.547547: I tensorflow/compiler/jit/xla_cpu_device.cc:41] Not creating XLA devices, tf_xla_enable_xla_devices not set
INFO:tensorflow:Restoring parameters from /global/cfs/cdirs/desi/users/jqzou/dla_finder/prediction/model/train_lowsnr/train_lowsnr/current_99999.ckpt
INFO:tensorflow:Restoring parameters from /global/cfs/cdirs/desi/users/jqzou/dla_finder/prediction/model/train_lowsnr/train_lowsnr/current_99999.ckpt
2024-06-17 01:28:46.563260: E tensorflow/stream_executor/cuda/cuda_driver.cc:328] failed call to cuInit: CUDA_ERROR_NO_DEVICE: no CUDA-capable device is detected
2024-06-17 01:28:46.563325: I tensorflow/stream_executor/cuda/cuda_diagnostics.cc:156] kernel driver does not appear to be running on this host (nid005514): /proc/driver/nvidia/version does not exist
2024-06-17 01:28:46.565167: I tensorflow/core/platform/cpu_feature_guard.cc:142] This TensorFlow binary is optimized with oneAPI Deep Neural Network Library (oneDNN) to use the following CPU instructions in performance-critical operations:  AVX2 FMA
To enable them in other operations, rebuild TensorFlow with the appropriate compiler flags.
2024-06-17 01:28:46.567125: I tensorflow/stream_executor/platform/default/dso_loader.cc:49] Successfully opened dynamic library libcuda.so.1
2024-06-17 01:28:46.568807: I tensorflow/compiler/mlir/mlir_graph_optimization_pass.cc:196] None of the MLIR optimization passes are enabled (registered 0 passes)
INFO:tensorflow:Restoring parameters from /global/cfs/cdirs/desi/users/jqzou/dla_finder/prediction/model/train_midsnr/train_midsnr/current_99999.ckpt
2024-06-17 01:28:46.579102: I tensorflow/compiler/jit/xla_gpu_device.cc:99] Not creating XLA devices, tf_xla_enable_xla_devices not set
2024-06-17 01:28:46.579718: I tensorflow/compiler/mlir/mlir_graph_optimization_pass.cc:196] None of the MLIR optimization passes are enabled (registered 0 passes)
INFO:tensorflow:Restoring parameters from /global/cfs/cdirs/desi/users/jqzou/dla_finder/prediction/model/train_midsnr/train_midsnr/current_99999.ckpt
2024-06-17 01:28:46.608196: I tensorflow/core/platform/profile_utils/cpu_utils.cc:112] CPU Frequency: 2445450000 Hz
INFO:tensorflow:Restoring parameters from /global/cfs/cdirs/desi/users/jqzou/dla_finder/prediction/model/train_midsnr/train_midsnr/current_99999.ckpt
2024-06-17 01:28:46.624210: I tensorflow/core/platform/profile_utils/cpu_utils.cc:112] CPU Frequency: 2445450000 Hz
INFO:tensorflow:Restoring parameters from /global/cfs/cdirs/desi/users/jqzou/dla_finder/prediction/model/train_lowsnr/train_lowsnr/current_99999.ckpt
WARNING:tensorflow:From /global/cfs/cdirs/desi/users/jqzou/dla_finder/training/model.py:291: div (from tensorflow.python.ops.math_ops) is deprecated and will be removed in a future version.
Instructions for updating:
Deprecated in favor of operator or tf.math.divide.
2024-06-17 01:28:46.654602: I tensorflow/compiler/mlir/mlir_graph_optimization_pass.cc:196] None of the MLIR optimization passes are enabled (registered 0 passes)
2024-06-17 01:28:46.670976: I tensorflow/core/platform/profile_utils/cpu_utils.cc:112] CPU Frequency: 2445450000 Hz
INFO:tensorflow:Restoring parameters from /global/cfs/cdirs/desi/users/jqzou/dla_finder/prediction/model/train_lowsnr/train_lowsnr/current_99999.ckpt
2024-06-17 01:28:46.706901: I tensorflow/compiler/mlir/mlir_graph_optimization_pass.cc:196] None of the MLIR optimization passes are enabled (registered 0 passes)
2024-06-17 01:28:46.768219: I tensorflow/core/platform/profile_utils/cpu_utils.cc:112] CPU Frequency: 2445450000 Hz
2024-06-17 01:28:46.778045: I tensorflow/compiler/jit/xla_gpu_device.cc:99] Not creating XLA devices, tf_xla_enable_xla_devices not set
2024-06-17 01:28:46.843575: E tensorflow/stream_executor/cuda/cuda_driver.cc:328] failed call to cuInit: CUDA_ERROR_NO_DEVICE: no CUDA-capable device is detected
2024-06-17 01:28:46.843813: I tensorflow/stream_executor/cuda/cuda_diagnostics.cc:156] kernel driver does not appear to be running on this host (nid005514): /proc/driver/nvidia/version does not exist
2024-06-17 01:28:46.846430: I tensorflow/core/platform/cpu_feature_guard.cc:142] This TensorFlow binary is optimized with oneAPI Deep Neural Network Library (oneDNN) to use the following CPU instructions in performance-critical operations:  AVX2 FMA
To enable them in other operations, rebuild TensorFlow with the appropriate compiler flags.
2024-06-17 01:28:46.873766: I tensorflow/compiler/jit/xla_gpu_device.cc:99] Not creating XLA devices, tf_xla_enable_xla_devices not set
2024-06-17 01:28:46.891682: I tensorflow/compiler/jit/xla_cpu_device.cc:41] Not creating XLA devices, tf_xla_enable_xla_devices not set
INFO:tensorflow:Restoring parameters from /global/cfs/cdirs/desi/users/jqzou/dla_finder/prediction/model/train_midsnr/train_midsnr/current_99999.ckpt
2024-06-17 01:28:46.898277: I tensorflow/stream_executor/platform/default/dso_loader.cc:49] Successfully opened dynamic library libcuda.so.1
2024-06-17 01:28:46.927339: E tensorflow/stream_executor/cuda/cuda_driver.cc:328] failed call to cuInit: CUDA_ERROR_NO_DEVICE: no CUDA-capable device is detected
2024-06-17 01:28:46.927571: I tensorflow/stream_executor/cuda/cuda_diagnostics.cc:156] kernel driver does not appear to be running on this host (nid005514): /proc/driver/nvidia/version does not exist
2024-06-17 01:28:46.929723: I tensorflow/core/platform/cpu_feature_guard.cc:142] This TensorFlow binary is optimized with oneAPI Deep Neural Network Library (oneDNN) to use the following CPU instructions in performance-critical operations:  AVX2 FMA
To enable them in other operations, rebuild TensorFlow with the appropriate compiler flags.
2024-06-17 01:28:46.945873: I tensorflow/compiler/jit/xla_gpu_device.cc:99] Not creating XLA devices, tf_xla_enable_xla_devices not set
2024-06-17 01:28:46.972159: E tensorflow/stream_executor/cuda/cuda_driver.cc:328] failed call to cuInit: CUDA_ERROR_NO_DEVICE: no CUDA-capable device is detected
2024-06-17 01:28:46.972238: I tensorflow/stream_executor/cuda/cuda_diagnostics.cc:156] kernel driver does not appear to be running on this host (nid005514): /proc/driver/nvidia/version does not exist
2024-06-17 01:28:46.974096: I tensorflow/core/platform/cpu_feature_guard.cc:142] This TensorFlow binary is optimized with oneAPI Deep Neural Network Library (oneDNN) to use the following CPU instructions in performance-critical operations:  AVX2 FMA
To enable them in other operations, rebuild TensorFlow with the appropriate compiler flags.
2024-06-17 01:28:46.978493: I tensorflow/compiler/jit/xla_gpu_device.cc:99] Not creating XLA devices, tf_xla_enable_xla_devices not set
INFO:tensorflow:Restoring parameters from /global/cfs/cdirs/desi/users/jqzou/dla_finder/prediction/model/train_lowsnr/train_lowsnr/current_99999.ckpt
2024-06-17 01:28:47.013677: I tensorflow/compiler/mlir/mlir_graph_optimization_pass.cc:196] None of the MLIR optimization passes are enabled (registered 0 passes)
2024-06-17 01:28:47.041155: I tensorflow/core/platform/profile_utils/cpu_utils.cc:112] CPU Frequency: 2445450000 Hz
2024-06-17 01:28:47.078862: E tensorflow/stream_executor/cuda/cuda_driver.cc:328] failed call to cuInit: CUDA_ERROR_NO_DEVICE: no CUDA-capable device is detected
2024-06-17 01:28:47.079070: I tensorflow/stream_executor/cuda/cuda_diagnostics.cc:156] kernel driver does not appear to be running on this host (nid005514): /proc/driver/nvidia/version does not exist
2024-06-17 01:28:47.080978: I tensorflow/core/platform/cpu_feature_guard.cc:142] This TensorFlow binary is optimized with oneAPI Deep Neural Network Library (oneDNN) to use the following CPU instructions in performance-critical operations:  AVX2 FMA
To enable them in other operations, rebuild TensorFlow with the appropriate compiler flags.
2024-06-17 01:28:47.084740: I tensorflow/compiler/jit/xla_gpu_device.cc:99] Not creating XLA devices, tf_xla_enable_xla_devices not set
2024-06-17 01:28:47.148518: I tensorflow/compiler/jit/xla_cpu_device.cc:41] Not creating XLA devices, tf_xla_enable_xla_devices not set
2024-06-17 01:28:47.172801: E tensorflow/stream_executor/cuda/cuda_driver.cc:328] failed call to cuInit: CUDA_ERROR_NO_DEVICE: no CUDA-capable device is detected
2024-06-17 01:28:47.173102: I tensorflow/stream_executor/cuda/cuda_diagnostics.cc:156] kernel driver does not appear to be running on this host (nid005514): /proc/driver/nvidia/version does not exist
2024-06-17 01:28:47.175421: I tensorflow/core/platform/cpu_feature_guard.cc:142] This TensorFlow binary is optimized with oneAPI Deep Neural Network Library (oneDNN) to use the following CPU instructions in performance-critical operations:  AVX2 FMA
To enable them in other operations, rebuild TensorFlow with the appropriate compiler flags.
2024-06-17 01:28:47.181333: I tensorflow/compiler/jit/xla_gpu_device.cc:99] Not creating XLA devices, tf_xla_enable_xla_devices not set
2024-06-17 01:28:47.182267: I tensorflow/stream_executor/platform/default/dso_loader.cc:49] Successfully opened dynamic library libcuda.so.1
INFO:tensorflow:Restoring parameters from /global/cfs/cdirs/desi/users/jqzou/dla_finder/prediction/model/train_lowsnr/train_lowsnr/current_99999.ckpt
2024-06-17 01:28:47.232507: I tensorflow/compiler/mlir/mlir_graph_optimization_pass.cc:196] None of the MLIR optimization passes are enabled (registered 0 passes)
2024-06-17 01:28:47.265256: I tensorflow/core/platform/profile_utils/cpu_utils.cc:112] CPU Frequency: 2445450000 Hz
INFO:tensorflow:Restoring parameters from /global/cfs/cdirs/desi/users/jqzou/dla_finder/prediction/model/train_lowsnr/train_lowsnr/current_99999.ckpt
INFO:tensorflow:Restoring parameters from /global/cfs/cdirs/desi/users/jqzou/dla_finder/prediction/model/train_lowsnr/train_lowsnr/current_99999.ckpt
2024-06-17 01:28:47.318111: I tensorflow/compiler/mlir/mlir_graph_optimization_pass.cc:196] None of the MLIR optimization passes are enabled (registered 0 passes)
2024-06-17 01:28:47.327160: I tensorflow/compiler/mlir/mlir_graph_optimization_pass.cc:196] None of the MLIR optimization passes are enabled (registered 0 passes)
2024-06-17 01:28:47.346447: I tensorflow/core/platform/profile_utils/cpu_utils.cc:112] CPU Frequency: 2445450000 Hz
2024-06-17 01:28:47.369205: I tensorflow/core/platform/profile_utils/cpu_utils.cc:112] CPU Frequency: 2445450000 Hz
INFO:tensorflow:Restoring parameters from /global/cfs/cdirs/desi/users/jqzou/dla_finder/prediction/model/train_lowsnr/train_lowsnr/current_99999.ckpt
2024-06-17 01:28:47.491320: I tensorflow/compiler/mlir/mlir_graph_optimization_pass.cc:196] None of the MLIR optimization passes are enabled (registered 0 passes)
2024-06-17 01:28:47.512271: I tensorflow/core/platform/profile_utils/cpu_utils.cc:112] CPU Frequency: 2445450000 Hz
2024-06-17 01:28:47.583908: I tensorflow/compiler/jit/xla_gpu_device.cc:99] Not creating XLA devices, tf_xla_enable_xla_devices not set
INFO:tensorflow:Restoring parameters from /global/cfs/cdirs/desi/users/jqzou/dla_finder/prediction/model/train_midsnr/train_midsnr/current_99999.ckpt
2024-06-17 01:28:47.817082: E tensorflow/stream_executor/cuda/cuda_driver.cc:328] failed call to cuInit: CUDA_ERROR_NO_DEVICE: no CUDA-capable device is detected
2024-06-17 01:28:47.817177: I tensorflow/stream_executor/cuda/cuda_diagnostics.cc:156] kernel driver does not appear to be running on this host (nid005514): /proc/driver/nvidia/version does not exist
2024-06-17 01:28:47.821181: I tensorflow/core/platform/cpu_feature_guard.cc:142] This TensorFlow binary is optimized with oneAPI Deep Neural Network Library (oneDNN) to use the following CPU instructions in performance-critical operations:  AVX2 FMA
To enable them in other operations, rebuild TensorFlow with the appropriate compiler flags.
2024-06-17 01:28:47.827342: I tensorflow/compiler/jit/xla_gpu_device.cc:99] Not creating XLA devices, tf_xla_enable_xla_devices not set
2024-06-17 01:28:47.858415: I tensorflow/compiler/jit/xla_cpu_device.cc:41] Not creating XLA devices, tf_xla_enable_xla_devices not set
2024-06-17 01:28:47.907804: I tensorflow/stream_executor/platform/default/dso_loader.cc:49] Successfully opened dynamic library libcuda.so.1
INFO:tensorflow:Restoring parameters from /global/cfs/cdirs/desi/users/jqzou/dla_finder/prediction/model/train_lowsnr/train_lowsnr/current_99999.ckpt
2024-06-17 01:28:48.235532: I tensorflow/compiler/mlir/mlir_graph_optimization_pass.cc:196] None of the MLIR optimization passes are enabled (registered 0 passes)
2024-06-17 01:28:48.265808: I tensorflow/core/platform/profile_utils/cpu_utils.cc:112] CPU Frequency: 2445450000 Hz
2024-06-17 01:28:48.340805: I tensorflow/compiler/jit/xla_gpu_device.cc:99] Not creating XLA devices, tf_xla_enable_xla_devices not set
2024-06-17 01:28:48.361597: E tensorflow/stream_executor/cuda/cuda_driver.cc:328] failed call to cuInit: CUDA_ERROR_NO_DEVICE: no CUDA-capable device is detected
2024-06-17 01:28:48.361878: I tensorflow/stream_executor/cuda/cuda_diagnostics.cc:156] kernel driver does not appear to be running on this host (nid005514): /proc/driver/nvidia/version does not exist
2024-06-17 01:28:48.363759: I tensorflow/core/platform/cpu_feature_guard.cc:142] This TensorFlow binary is optimized with oneAPI Deep Neural Network Library (oneDNN) to use the following CPU instructions in performance-critical operations:  AVX2 FMA
To enable them in other operations, rebuild TensorFlow with the appropriate compiler flags.
2024-06-17 01:28:48.395322: I tensorflow/compiler/jit/xla_gpu_device.cc:99] Not creating XLA devices, tf_xla_enable_xla_devices not set
2024-06-17 01:28:48.401148: I tensorflow/compiler/jit/xla_gpu_device.cc:99] Not creating XLA devices, tf_xla_enable_xla_devices not set
2024-06-17 01:28:48.408957: I tensorflow/compiler/jit/xla_gpu_device.cc:99] Not creating XLA devices, tf_xla_enable_xla_devices not set
INFO:tensorflow:Restoring parameters from /global/cfs/cdirs/desi/users/jqzou/dla_finder/prediction/model/train_lowsnr/train_lowsnr/current_99999.ckpt
INFO:tensorflow:Restoring parameters from /global/cfs/cdirs/desi/users/jqzou/dla_finder/prediction/model/train_lowsnr/train_lowsnr/current_99999.ckpt
INFO:tensorflow:Restoring parameters from /global/cfs/cdirs/desi/users/jqzou/dla_finder/prediction/model/train_lowsnr/train_lowsnr/current_99999.ckpt
INFO:tensorflow:Restoring parameters from /global/cfs/cdirs/desi/users/jqzou/dla_finder/prediction/model/train_lowsnr/train_lowsnr/current_99999.ckpt
2024-06-17 01:28:48.502379: I tensorflow/compiler/mlir/mlir_graph_optimization_pass.cc:196] None of the MLIR optimization passes are enabled (registered 0 passes)
2024-06-17 01:28:48.519549: E tensorflow/stream_executor/cuda/cuda_driver.cc:328] failed call to cuInit: CUDA_ERROR_NO_DEVICE: no CUDA-capable device is detected
2024-06-17 01:28:48.519784: I tensorflow/stream_executor/cuda/cuda_diagnostics.cc:156] kernel driver does not appear to be running on this host (nid005514): /proc/driver/nvidia/version does not exist
2024-06-17 01:28:48.521517: I tensorflow/core/platform/cpu_feature_guard.cc:142] This TensorFlow binary is optimized with oneAPI Deep Neural Network Library (oneDNN) to use the following CPU instructions in performance-critical operations:  AVX2 FMA
To enable them in other operations, rebuild TensorFlow with the appropriate compiler flags.
2024-06-17 01:28:48.522703: I tensorflow/core/platform/profile_utils/cpu_utils.cc:112] CPU Frequency: 2445450000 Hz
2024-06-17 01:28:48.525176: I tensorflow/compiler/jit/xla_gpu_device.cc:99] Not creating XLA devices, tf_xla_enable_xla_devices not set
INFO:tensorflow:Restoring parameters from /global/cfs/cdirs/desi/users/jqzou/dla_finder/prediction/model/train_lowsnr/train_lowsnr/current_99999.ckpt
2024-06-17 01:28:48.680320: I tensorflow/compiler/mlir/mlir_graph_optimization_pass.cc:196] None of the MLIR optimization passes are enabled (registered 0 passes)
2024-06-17 01:28:48.698574: I tensorflow/core/platform/profile_utils/cpu_utils.cc:112] CPU Frequency: 2445450000 Hz
2024-06-17 01:28:48.707510: I tensorflow/compiler/jit/xla_gpu_device.cc:99] Not creating XLA devices, tf_xla_enable_xla_devices not set
INFO:tensorflow:Restoring parameters from /global/cfs/cdirs/desi/users/jqzou/dla_finder/prediction/model/train_lowsnr/train_lowsnr/current_99999.ckpt
2024-06-17 01:28:49.522029: I tensorflow/compiler/jit/xla_gpu_device.cc:99] Not creating XLA devices, tf_xla_enable_xla_devices not set
INFO:tensorflow:Restoring parameters from /global/cfs/cdirs/desi/users/jqzou/dla_finder/prediction/model/train_lowsnr/train_lowsnr/current_99999.ckpt
2024-06-17 01:28:49.579194: I tensorflow/compiler/jit/xla_gpu_device.cc:99] Not creating XLA devices, tf_xla_enable_xla_devices not set
INFO:tensorflow:Restoring parameters from /global/cfs/cdirs/desi/users/jqzou/dla_finder/prediction/model/train_lowsnr/train_lowsnr/current_99999.ckpt
2024-06-17 01:28:49.869892: I tensorflow/compiler/jit/xla_gpu_device.cc:99] Not creating XLA devices, tf_xla_enable_xla_devices not set
INFO:tensorflow:Restoring parameters from /global/cfs/cdirs/desi/users/jqzou/dla_finder/prediction/model/train_lowsnr/train_lowsnr/current_99999.ckpt
2024-06-17 01:28:50.153930: I tensorflow/compiler/jit/xla_gpu_device.cc:99] Not creating XLA devices, tf_xla_enable_xla_devices not set
INFO:tensorflow:Restoring parameters from /global/cfs/cdirs/desi/users/jqzou/dla_finder/prediction/model/train_lowsnr/train_lowsnr/current_99999.ckpt

  0%|                                                                                                                                                                | 0/44 [00:00<?, ?it/s]  0%|                                                                                                                                                                | 0/44 [00:00<?, ?it/s]
Traceback (most recent call last):
  File "/global/u1/t/tanting/DESI_analysis/desi-dlas/desi_mock_iron1.py", line 86, in <module>
    dla_tbl=save_pred(sightlines,pred,filename=dlacat_loc)
  File "/global/u1/t/tanting/DESI_analysis/desi-dlas/desidlas/prediction/pred_sightline.py", line 37, in save_pred
    pred_abs=vstack((pred_abs,analyze_pred(sightline,classifier,conf,offset,coldensity,PEAK_THRESH,lam_analyse)))
  File "/global/u1/t/tanting/DESI_analysis/desi-dlas/desidlas/prediction/analyze_prediction.py", line 106, in analyze_pred
    absorber_type =  "DLA" if mean_col_density_prediction >= 20.3 else "LYB" if sightline.is_lyb(peak) else "SUBDLA"
TypeError: is_lyb() missing 1 required positional argument: 'lam_analyse'
srun: error: nid005514: task 0: Exited with exit code 1
srun: Terminating StepId=26871198.0
2024-06-17 01:29:05.739543: W tensorflow/stream_executor/platform/default/dso_loader.cc:60] Could not load dynamic library 'libcudart.so.11.0'; dlerror: libcudart.so.11.0: cannot open shared object file: No such file or directory; LD_LIBRARY_PATH: /global/u1/t/tanting/fitter2_tutorial/PolyChordLite/lib:/global/u1/t/tanting/DESI_analysis/theoretical_pk/fisher_forecast/openmpi-4.1.2/lib:/global/u1/t/tanting/fitter2_tutorial/PolyChordLite/lib:/global/u1/t/tanting/DESI_analysis/theoretical_pk/fisher_forecast/openmpi-4.1.2/lib:/global/common/software/nersc/pm-2022q4/sw/evp-patch/lib64:/global/u1/t/tanting/fitter2_tutorial/PolyChordLite/lib:/global/u1/t/tanting/DESI_analysis/theoretical_pk/fisher_forecast/openmpi-4.1.2/lib:/usr/local/cuda-12.2/compat:/opt/nvidia/hpc_sdk/Linux_x86_64/23.9/math_libs/12.2/lib64:/opt/nvidia/hpc_sdk/Linux_x86_64/23.9/cuda/12.2/extras/CUPTI/lib64:/opt/nvidia/hpc_sdk/Linux_x86_64/23.9/cuda/12.2/extras/Debugger/lib64:/opt/nvidia/hpc_sdk/Linux_x86_64/23.9/cuda/12.2/nvvm/lib64:/opt/nvidia/hpc_sdk/Linux_x86_64/23.9/cuda/12.2/lib64:/opt/cray/pe/papi/7.0.1.2/lib64:/opt/cray/libfabric/1.15.2.0/lib64:/opt/cray/libfabric/1.15.2.0/lib64:/opt/cray/libfabric/1.15.2.0/lib64
2024-06-17 01:29:05.739563: I tensorflow/stream_executor/cuda/cudart_stub.cc:29] Ignore above cudart dlerror if you do not have a GPU set up on your machine.
  0%|                                                                                                                                                                | 0/58 [00:00<?, ?it/s]WARNING:tensorflow:From /global/cfs/cdirs/desi/users/jqzou/dla_finder/training/model.py:291: div (from tensorflow.python.ops.math_ops) is deprecated and will be removed in a future version.
Instructions for updating:
Deprecated in favor of operator or tf.math.divide.
WARNING:tensorflow:From /global/cfs/cdirs/desi/users/jqzou/dla_finder/training/model.py:291: div (from tensorflow.python.ops.math_ops) is deprecated and will be removed in a future version.
Instructions for updating:
Deprecated in favor of operator or tf.math.divide.
WARNING:tensorflow:From /global/cfs/cdirs/desi/users/jqzou/dla_finder/training/model.py:291: div (from tensorflow.python.ops.math_ops) is deprecated and will be removed in a future version.
Instructions for updating:
Deprecated in favor of operator or tf.math.divide.
WARNING:tensorflow:From /global/cfs/cdirs/desi/users/jqzou/dla_finder/training/model.py:291: div (from tensorflow.python.ops.math_ops) is deprecated and will be removed in a future version.
Instructions for updating:
Deprecated in favor of operator or tf.math.divide.
WARNING:tensorflow:From /global/cfs/cdirs/desi/users/jqzou/dla_finder/training/model.py:291: div (from tensorflow.python.ops.math_ops) is deprecated and will be removed in a future version.
Instructions for updating:
Deprecated in favor of operator or tf.math.divide.
WARNING:tensorflow:From /global/cfs/cdirs/desi/users/jqzou/dla_finder/training/model.py:291: div (from tensorflow.python.ops.math_ops) is deprecated and will be removed in a future version.
Instructions for updating:
Deprecated in favor of operator or tf.math.divide.
WARNING:tensorflow:From /global/cfs/cdirs/desi/users/jqzou/dla_finder/training/model.py:291: div (from tensorflow.python.ops.math_ops) is deprecated and will be removed in a future version.
Instructions for updating:
Deprecated in favor of operator or tf.math.divide.
WARNING:tensorflow:From /global/cfs/cdirs/desi/users/jqzou/dla_finder/training/model.py:291: div (from tensorflow.python.ops.math_ops) is deprecated and will be removed in a future version.
Instructions for updating:
Deprecated in favor of operator or tf.math.divide.
WARNING:tensorflow:From /global/cfs/cdirs/desi/users/jqzou/dla_finder/training/model.py:291: div (from tensorflow.python.ops.math_ops) is deprecated and will be removed in a future version.
Instructions for updating:
Deprecated in favor of operator or tf.math.divide.
WARNING:tensorflow:From /global/cfs/cdirs/desi/users/jqzou/dla_finder/training/model.py:291: div (from tensorflow.python.ops.math_ops) is deprecated and will be removed in a future version.
Instructions for updating:
Deprecated in favor of operator or tf.math.divide.
WARNING:tensorflow:From /global/cfs/cdirs/desi/users/jqzou/dla_finder/training/model.py:291: div (from tensorflow.python.ops.math_ops) is deprecated and will be removed in a future version.
Instructions for updating:
Deprecated in favor of operator or tf.math.divide.
WARNING:tensorflow:From /global/cfs/cdirs/desi/users/jqzou/dla_finder/training/model.py:291: div (from tensorflow.python.ops.math_ops) is deprecated and will be removed in a future version.
Instructions for updating:
Deprecated in favor of operator or tf.math.divide.
WARNING:tensorflow:From /global/cfs/cdirs/desi/users/jqzou/dla_finder/training/model.py:291: div (from tensorflow.python.ops.math_ops) is deprecated and will be removed in a future version.
Instructions for updating:
Deprecated in favor of operator or tf.math.divide.
WARNING:tensorflow:From /global/cfs/cdirs/desi/users/jqzou/dla_finder/training/model.py:291: div (from tensorflow.python.ops.math_ops) is deprecated and will be removed in a future version.
Instructions for updating:
Deprecated in favor of operator or tf.math.divide.
WARNING:tensorflow:From /global/cfs/cdirs/desi/users/jqzou/dla_finder/training/model.py:291: div (from tensorflow.python.ops.math_ops) is deprecated and will be removed in a future version.
Instructions for updating:
Deprecated in favor of operator or tf.math.divide.
2024-06-17 01:29:52.906842: I tensorflow/compiler/jit/xla_cpu_device.cc:41] Not creating XLA devices, tf_xla_enable_xla_devices not set
2024-06-17 01:29:52.907172: I tensorflow/compiler/jit/xla_cpu_device.cc:41] Not creating XLA devices, tf_xla_enable_xla_devices not set
2024-06-17 01:29:52.908536: I tensorflow/compiler/jit/xla_cpu_device.cc:41] Not creating XLA devices, tf_xla_enable_xla_devices not set
2024-06-17 01:29:52.908817: I tensorflow/compiler/jit/xla_cpu_device.cc:41] Not creating XLA devices, tf_xla_enable_xla_devices not set
2024-06-17 01:29:52.912908: I tensorflow/stream_executor/platform/default/dso_loader.cc:49] Successfully opened dynamic library libcuda.so.1
2024-06-17 01:29:52.913246: I tensorflow/stream_executor/platform/default/dso_loader.cc:49] Successfully opened dynamic library libcuda.so.1
2024-06-17 01:29:52.913414: I tensorflow/stream_executor/platform/default/dso_loader.cc:49] Successfully opened dynamic library libcuda.so.1
2024-06-17 01:29:52.913571: I tensorflow/stream_executor/platform/default/dso_loader.cc:49] Successfully opened dynamic library libcuda.so.1
2024-06-17 01:29:52.931971: I tensorflow/compiler/jit/xla_cpu_device.cc:41] Not creating XLA devices, tf_xla_enable_xla_devices not set
2024-06-17 01:29:52.934101: I tensorflow/stream_executor/platform/default/dso_loader.cc:49] Successfully opened dynamic library libcuda.so.1
2024-06-17 01:29:53.018866: I tensorflow/compiler/jit/xla_cpu_device.cc:41] Not creating XLA devices, tf_xla_enable_xla_devices not set
2024-06-17 01:29:53.021712: I tensorflow/stream_executor/platform/default/dso_loader.cc:49] Successfully opened dynamic library libcuda.so.1
2024-06-17 01:29:53.046653: I tensorflow/compiler/jit/xla_cpu_device.cc:41] Not creating XLA devices, tf_xla_enable_xla_devices not set
2024-06-17 01:29:53.048720: I tensorflow/stream_executor/platform/default/dso_loader.cc:49] Successfully opened dynamic library libcuda.so.1
2024-06-17 01:29:53.114158: I tensorflow/compiler/jit/xla_cpu_device.cc:41] Not creating XLA devices, tf_xla_enable_xla_devices not set
2024-06-17 01:29:53.116632: I tensorflow/stream_executor/platform/default/dso_loader.cc:49] Successfully opened dynamic library libcuda.so.1
2024-06-17 01:29:53.124107: I tensorflow/compiler/jit/xla_cpu_device.cc:41] Not creating XLA devices, tf_xla_enable_xla_devices not set
2024-06-17 01:29:53.126613: I tensorflow/stream_executor/platform/default/dso_loader.cc:49] Successfully opened dynamic library libcuda.so.1
2024-06-17 01:29:53.182824: I tensorflow/compiler/jit/xla_cpu_device.cc:41] Not creating XLA devices, tf_xla_enable_xla_devices not set
2024-06-17 01:29:53.186323: I tensorflow/stream_executor/platform/default/dso_loader.cc:49] Successfully opened dynamic library libcuda.so.1
2024-06-17 01:29:53.193095: I tensorflow/compiler/jit/xla_cpu_device.cc:41] Not creating XLA devices, tf_xla_enable_xla_devices not set
2024-06-17 01:29:53.193612: I tensorflow/compiler/jit/xla_cpu_device.cc:41] Not creating XLA devices, tf_xla_enable_xla_devices not set
2024-06-17 01:29:53.194524: I tensorflow/compiler/jit/xla_cpu_device.cc:41] Not creating XLA devices, tf_xla_enable_xla_devices not set
2024-06-17 01:29:53.195669: I tensorflow/stream_executor/platform/default/dso_loader.cc:49] Successfully opened dynamic library libcuda.so.1
2024-06-17 01:29:53.197174: I tensorflow/stream_executor/platform/default/dso_loader.cc:49] Successfully opened dynamic library libcuda.so.1
2024-06-17 01:29:53.197343: E tensorflow/stream_executor/cuda/cuda_driver.cc:328] failed call to cuInit: CUDA_ERROR_NO_DEVICE: no CUDA-capable device is detected
2024-06-17 01:29:53.197386: I tensorflow/stream_executor/cuda/cuda_diagnostics.cc:156] kernel driver does not appear to be running on this host (nid005514): /proc/driver/nvidia/version does not exist
2024-06-17 01:29:53.197530: I tensorflow/stream_executor/platform/default/dso_loader.cc:49] Successfully opened dynamic library libcuda.so.1
2024-06-17 01:29:53.198598: I tensorflow/core/platform/cpu_feature_guard.cc:142] This TensorFlow binary is optimized with oneAPI Deep Neural Network Library (oneDNN) to use the following CPU instructions in performance-critical operations:  AVX2 FMA
To enable them in other operations, rebuild TensorFlow with the appropriate compiler flags.
2024-06-17 01:29:53.201677: E tensorflow/stream_executor/cuda/cuda_driver.cc:328] failed call to cuInit: CUDA_ERROR_NO_DEVICE: no CUDA-capable device is detected
2024-06-17 01:29:53.201676: E tensorflow/stream_executor/cuda/cuda_driver.cc:328] failed call to cuInit: CUDA_ERROR_NO_DEVICE: no CUDA-capable device is detected
2024-06-17 01:29:53.201728: I tensorflow/stream_executor/cuda/cuda_diagnostics.cc:156] kernel driver does not appear to be running on this host (nid005514): /proc/driver/nvidia/version does not exist
2024-06-17 01:29:53.201729: I tensorflow/stream_executor/cuda/cuda_diagnostics.cc:156] kernel driver does not appear to be running on this host (nid005514): /proc/driver/nvidia/version does not exist
2024-06-17 01:29:53.202718: I tensorflow/compiler/jit/xla_gpu_device.cc:99] Not creating XLA devices, tf_xla_enable_xla_devices not set
2024-06-17 01:29:53.202960: I tensorflow/core/platform/cpu_feature_guard.cc:142] This TensorFlow binary is optimized with oneAPI Deep Neural Network Library (oneDNN) to use the following CPU instructions in performance-critical operations:  AVX2 FMA
To enable them in other operations, rebuild TensorFlow with the appropriate compiler flags.
2024-06-17 01:29:53.203044: I tensorflow/core/platform/cpu_feature_guard.cc:142] This TensorFlow binary is optimized with oneAPI Deep Neural Network Library (oneDNN) to use the following CPU instructions in performance-critical operations:  AVX2 FMA
To enable them in other operations, rebuild TensorFlow with the appropriate compiler flags.
2024-06-17 01:29:53.203239: E tensorflow/stream_executor/cuda/cuda_driver.cc:328] failed call to cuInit: CUDA_ERROR_NO_DEVICE: no CUDA-capable device is detected
2024-06-17 01:29:53.203284: I tensorflow/stream_executor/cuda/cuda_diagnostics.cc:156] kernel driver does not appear to be running on this host (nid005514): /proc/driver/nvidia/version does not exist
2024-06-17 01:29:53.204621: I tensorflow/core/platform/cpu_feature_guard.cc:142] This TensorFlow binary is optimized with oneAPI Deep Neural Network Library (oneDNN) to use the following CPU instructions in performance-critical operations:  AVX2 FMA
To enable them in other operations, rebuild TensorFlow with the appropriate compiler flags.
2024-06-17 01:29:53.208355: I tensorflow/compiler/jit/xla_gpu_device.cc:99] Not creating XLA devices, tf_xla_enable_xla_devices not set
2024-06-17 01:29:53.208462: I tensorflow/compiler/jit/xla_gpu_device.cc:99] Not creating XLA devices, tf_xla_enable_xla_devices not set
2024-06-17 01:29:53.209387: I tensorflow/compiler/jit/xla_gpu_device.cc:99] Not creating XLA devices, tf_xla_enable_xla_devices not set
2024-06-17 01:29:53.210766: E tensorflow/stream_executor/cuda/cuda_driver.cc:328] failed call to cuInit: CUDA_ERROR_NO_DEVICE: no CUDA-capable device is detected
2024-06-17 01:29:53.210828: I tensorflow/stream_executor/cuda/cuda_diagnostics.cc:156] kernel driver does not appear to be running on this host (nid005514): /proc/driver/nvidia/version does not exist
2024-06-17 01:29:53.212613: I tensorflow/core/platform/cpu_feature_guard.cc:142] This TensorFlow binary is optimized with oneAPI Deep Neural Network Library (oneDNN) to use the following CPU instructions in performance-critical operations:  AVX2 FMA
To enable them in other operations, rebuild TensorFlow with the appropriate compiler flags.
2024-06-17 01:29:53.218347: I tensorflow/compiler/jit/xla_gpu_device.cc:99] Not creating XLA devices, tf_xla_enable_xla_devices not set
2024-06-17 01:29:53.237232: I tensorflow/compiler/jit/xla_cpu_device.cc:41] Not creating XLA devices, tf_xla_enable_xla_devices not set
2024-06-17 01:29:53.249496: I tensorflow/stream_executor/platform/default/dso_loader.cc:49] Successfully opened dynamic library libcuda.so.1
2024-06-17 01:29:53.257378: I tensorflow/compiler/jit/xla_cpu_device.cc:41] Not creating XLA devices, tf_xla_enable_xla_devices not set
2024-06-17 01:29:53.259546: I tensorflow/stream_executor/platform/default/dso_loader.cc:49] Successfully opened dynamic library libcuda.so.1
INFO:tensorflow:Restoring parameters from /global/cfs/cdirs/desi/users/jqzou/dla_finder/prediction/model/train_midsnr/train_midsnr/current_99999.ckpt
INFO:tensorflow:Restoring parameters from /global/cfs/cdirs/desi/users/jqzou/dla_finder/prediction/model/train_midsnr/train_midsnr/current_99999.ckpt
INFO:tensorflow:Restoring parameters from /global/cfs/cdirs/desi/users/jqzou/dla_finder/prediction/model/train_midsnr/train_midsnr/current_99999.ckpt
2024-06-17 01:29:53.274876: I tensorflow/compiler/mlir/mlir_graph_optimization_pass.cc:196] None of the MLIR optimization passes are enabled (registered 0 passes)
2024-06-17 01:29:53.277328: I tensorflow/compiler/mlir/mlir_graph_optimization_pass.cc:196] None of the MLIR optimization passes are enabled (registered 0 passes)
2024-06-17 01:29:53.279068: I tensorflow/compiler/mlir/mlir_graph_optimization_pass.cc:196] None of the MLIR optimization passes are enabled (registered 0 passes)
INFO:tensorflow:Restoring parameters from /global/cfs/cdirs/desi/users/jqzou/dla_finder/prediction/model/train_midsnr/train_midsnr/current_99999.ckpt
2024-06-17 01:29:53.282740: I tensorflow/core/platform/profile_utils/cpu_utils.cc:112] CPU Frequency: 2445450000 Hz
2024-06-17 01:29:53.285248: I tensorflow/core/platform/profile_utils/cpu_utils.cc:112] CPU Frequency: 2445450000 Hz
INFO:tensorflow:Restoring parameters from /global/cfs/cdirs/desi/users/jqzou/dla_finder/prediction/model/train_midsnr/train_midsnr/current_99999.ckpt
2024-06-17 01:29:53.287466: I tensorflow/core/platform/profile_utils/cpu_utils.cc:112] CPU Frequency: 2445450000 Hz
2024-06-17 01:29:53.292288: I tensorflow/compiler/mlir/mlir_graph_optimization_pass.cc:196] None of the MLIR optimization passes are enabled (registered 0 passes)
2024-06-17 01:29:53.297236: I tensorflow/compiler/mlir/mlir_graph_optimization_pass.cc:196] None of the MLIR optimization passes are enabled (registered 0 passes)
2024-06-17 01:29:53.305491: I tensorflow/core/platform/profile_utils/cpu_utils.cc:112] CPU Frequency: 2445450000 Hz
2024-06-17 01:29:53.320135: I tensorflow/core/platform/profile_utils/cpu_utils.cc:112] CPU Frequency: 2445450000 Hz
WARNING:tensorflow:From /global/cfs/cdirs/desi/users/jqzou/dla_finder/training/model.py:291: div (from tensorflow.python.ops.math_ops) is deprecated and will be removed in a future version.
Instructions for updating:
Deprecated in favor of operator or tf.math.divide.
2024-06-17 01:29:53.369525: E tensorflow/stream_executor/cuda/cuda_driver.cc:328] failed call to cuInit: CUDA_ERROR_NO_DEVICE: no CUDA-capable device is detected
2024-06-17 01:29:53.369577: I tensorflow/stream_executor/cuda/cuda_diagnostics.cc:156] kernel driver does not appear to be running on this host (nid005514): /proc/driver/nvidia/version does not exist
2024-06-17 01:29:53.370815: I tensorflow/core/platform/cpu_feature_guard.cc:142] This TensorFlow binary is optimized with oneAPI Deep Neural Network Library (oneDNN) to use the following CPU instructions in performance-critical operations:  AVX2 FMA
To enable them in other operations, rebuild TensorFlow with the appropriate compiler flags.
2024-06-17 01:29:53.375906: I tensorflow/compiler/jit/xla_gpu_device.cc:99] Not creating XLA devices, tf_xla_enable_xla_devices not set
WARNING:tensorflow:From /global/cfs/cdirs/desi/users/jqzou/dla_finder/training/model.py:291: div (from tensorflow.python.ops.math_ops) is deprecated and will be removed in a future version.
Instructions for updating:
Deprecated in favor of operator or tf.math.divide.
WARNING:tensorflow:From /global/cfs/cdirs/desi/users/jqzou/dla_finder/training/model.py:291: div (from tensorflow.python.ops.math_ops) is deprecated and will be removed in a future version.
Instructions for updating:
Deprecated in favor of operator or tf.math.divide.
2024-06-17 01:29:53.422989: E tensorflow/stream_executor/cuda/cuda_driver.cc:328] failed call to cuInit: CUDA_ERROR_NO_DEVICE: no CUDA-capable device is detected
2024-06-17 01:29:53.423051: I tensorflow/stream_executor/cuda/cuda_diagnostics.cc:156] kernel driver does not appear to be running on this host (nid005514): /proc/driver/nvidia/version does not exist
2024-06-17 01:29:53.428822: I tensorflow/core/platform/cpu_feature_guard.cc:142] This TensorFlow binary is optimized with oneAPI Deep Neural Network Library (oneDNN) to use the following CPU instructions in performance-critical operations:  AVX2 FMA
To enable them in other operations, rebuild TensorFlow with the appropriate compiler flags.
2024-06-17 01:29:53.433879: I tensorflow/compiler/jit/xla_gpu_device.cc:99] Not creating XLA devices, tf_xla_enable_xla_devices not set
INFO:tensorflow:Restoring parameters from /global/cfs/cdirs/desi/users/jqzou/dla_finder/prediction/model/train_midsnr/train_midsnr/current_99999.ckpt
2024-06-17 01:29:53.474146: I tensorflow/compiler/mlir/mlir_graph_optimization_pass.cc:196] None of the MLIR optimization passes are enabled (registered 0 passes)
2024-06-17 01:29:53.483670: E tensorflow/stream_executor/cuda/cuda_driver.cc:328] failed call to cuInit: CUDA_ERROR_NO_DEVICE: no CUDA-capable device is detected
2024-06-17 01:29:53.483735: I tensorflow/stream_executor/cuda/cuda_diagnostics.cc:156] kernel driver does not appear to be running on this host (nid005514): /proc/driver/nvidia/version does not exist
2024-06-17 01:29:53.485436: I tensorflow/core/platform/cpu_feature_guard.cc:142] This TensorFlow binary is optimized with oneAPI Deep Neural Network Library (oneDNN) to use the following CPU instructions in performance-critical operations:  AVX2 FMA
To enable them in other operations, rebuild TensorFlow with the appropriate compiler flags.
WARNING:tensorflow:From /global/cfs/cdirs/desi/users/jqzou/dla_finder/training/model.py:291: div (from tensorflow.python.ops.math_ops) is deprecated and will be removed in a future version.
Instructions for updating:
Deprecated in favor of operator or tf.math.divide.
2024-06-17 01:29:53.508250: I tensorflow/core/platform/profile_utils/cpu_utils.cc:112] CPU Frequency: 2445450000 Hz
2024-06-17 01:29:53.537875: I tensorflow/compiler/jit/xla_gpu_device.cc:99] Not creating XLA devices, tf_xla_enable_xla_devices not set
2024-06-17 01:29:53.601837: E tensorflow/stream_executor/cuda/cuda_driver.cc:328] failed call to cuInit: CUDA_ERROR_NO_DEVICE: no CUDA-capable device is detected
2024-06-17 01:29:53.602041: I tensorflow/stream_executor/cuda/cuda_diagnostics.cc:156] kernel driver does not appear to be running on this host (nid005514): /proc/driver/nvidia/version does not exist
2024-06-17 01:29:53.603828: I tensorflow/core/platform/cpu_feature_guard.cc:142] This TensorFlow binary is optimized with oneAPI Deep Neural Network Library (oneDNN) to use the following CPU instructions in performance-critical operations:  AVX2 FMA
To enable them in other operations, rebuild TensorFlow with the appropriate compiler flags.
2024-06-17 01:29:53.608041: I tensorflow/compiler/jit/xla_gpu_device.cc:99] Not creating XLA devices, tf_xla_enable_xla_devices not set
WARNING:tensorflow:From /global/cfs/cdirs/desi/users/jqzou/dla_finder/training/model.py:291: div (from tensorflow.python.ops.math_ops) is deprecated and will be removed in a future version.
Instructions for updating:
Deprecated in favor of operator or tf.math.divide.
2024-06-17 01:29:53.652976: E tensorflow/stream_executor/cuda/cuda_driver.cc:328] failed call to cuInit: CUDA_ERROR_NO_DEVICE: no CUDA-capable device is detected
2024-06-17 01:29:53.653151: I tensorflow/stream_executor/cuda/cuda_diagnostics.cc:156] kernel driver does not appear to be running on this host (nid005514): /proc/driver/nvidia/version does not exist
2024-06-17 01:29:53.654850: I tensorflow/core/platform/cpu_feature_guard.cc:142] This TensorFlow binary is optimized with oneAPI Deep Neural Network Library (oneDNN) to use the following CPU instructions in performance-critical operations:  AVX2 FMA
To enable them in other operations, rebuild TensorFlow with the appropriate compiler flags.
2024-06-17 01:29:53.658523: I tensorflow/compiler/jit/xla_gpu_device.cc:99] Not creating XLA devices, tf_xla_enable_xla_devices not set
2024-06-17 01:29:53.687521: E tensorflow/stream_executor/cuda/cuda_driver.cc:328] failed call to cuInit: CUDA_ERROR_NO_DEVICE: no CUDA-capable device is detected
2024-06-17 01:29:53.687792: I tensorflow/stream_executor/cuda/cuda_diagnostics.cc:156] kernel driver does not appear to be running on this host (nid005514): /proc/driver/nvidia/version does not exist
2024-06-17 01:29:53.689990: I tensorflow/core/platform/cpu_feature_guard.cc:142] This TensorFlow binary is optimized with oneAPI Deep Neural Network Library (oneDNN) to use the following CPU instructions in performance-critical operations:  AVX2 FMA
To enable them in other operations, rebuild TensorFlow with the appropriate compiler flags.
2024-06-17 01:29:53.692124: E tensorflow/stream_executor/cuda/cuda_driver.cc:328] failed call to cuInit: CUDA_ERROR_NO_DEVICE: no CUDA-capable device is detected
2024-06-17 01:29:53.692259: I tensorflow/stream_executor/cuda/cuda_diagnostics.cc:156] kernel driver does not appear to be running on this host (nid005514): /proc/driver/nvidia/version does not exist
2024-06-17 01:29:53.692290: E tensorflow/stream_executor/cuda/cuda_driver.cc:328] failed call to cuInit: CUDA_ERROR_NO_DEVICE: no CUDA-capable device is detected
2024-06-17 01:29:53.692888: I tensorflow/stream_executor/cuda/cuda_diagnostics.cc:156] kernel driver does not appear to be running on this host (nid005514): /proc/driver/nvidia/version does not exist
2024-06-17 01:29:53.694124: I tensorflow/core/platform/cpu_feature_guard.cc:142] This TensorFlow binary is optimized with oneAPI Deep Neural Network Library (oneDNN) to use the following CPU instructions in performance-critical operations:  AVX2 FMA
To enable them in other operations, rebuild TensorFlow with the appropriate compiler flags.
2024-06-17 01:29:53.694672: I tensorflow/core/platform/cpu_feature_guard.cc:142] This TensorFlow binary is optimized with oneAPI Deep Neural Network Library (oneDNN) to use the following CPU instructions in performance-critical operations:  AVX2 FMA
To enable them in other operations, rebuild TensorFlow with the appropriate compiler flags.
2024-06-17 01:29:53.699866: I tensorflow/compiler/jit/xla_gpu_device.cc:99] Not creating XLA devices, tf_xla_enable_xla_devices not set
2024-06-17 01:29:53.701230: I tensorflow/compiler/jit/xla_gpu_device.cc:99] Not creating XLA devices, tf_xla_enable_xla_devices not set
WARNING:tensorflow:From /global/cfs/cdirs/desi/users/jqzou/dla_finder/training/model.py:291: div (from tensorflow.python.ops.math_ops) is deprecated and will be removed in a future version.
Instructions for updating:
Deprecated in favor of operator or tf.math.divide.
INFO:tensorflow:Restoring parameters from /global/cfs/cdirs/desi/users/jqzou/dla_finder/prediction/model/train_midsnr/train_midsnr/current_99999.ckpt
INFO:tensorflow:Restoring parameters from /global/cfs/cdirs/desi/users/jqzou/dla_finder/prediction/model/train_midsnr/train_midsnr/current_99999.ckpt
2024-06-17 01:29:53.717112: I tensorflow/compiler/jit/xla_gpu_device.cc:99] Not creating XLA devices, tf_xla_enable_xla_devices not set
2024-06-17 01:29:53.725935: E tensorflow/stream_executor/cuda/cuda_driver.cc:328] failed call to cuInit: CUDA_ERROR_NO_DEVICE: no CUDA-capable device is detected
2024-06-17 01:29:53.726014: I tensorflow/stream_executor/cuda/cuda_diagnostics.cc:156] kernel driver does not appear to be running on this host (nid005514): /proc/driver/nvidia/version does not exist
2024-06-17 01:29:53.726106: I tensorflow/compiler/mlir/mlir_graph_optimization_pass.cc:196] None of the MLIR optimization passes are enabled (registered 0 passes)
2024-06-17 01:29:53.727726: I tensorflow/core/platform/cpu_feature_guard.cc:142] This TensorFlow binary is optimized with oneAPI Deep Neural Network Library (oneDNN) to use the following CPU instructions in performance-critical operations:  AVX2 FMA
To enable them in other operations, rebuild TensorFlow with the appropriate compiler flags.
2024-06-17 01:29:53.731763: I tensorflow/compiler/mlir/mlir_graph_optimization_pass.cc:196] None of the MLIR optimization passes are enabled (registered 0 passes)
2024-06-17 01:29:53.733838: I tensorflow/compiler/jit/xla_gpu_device.cc:99] Not creating XLA devices, tf_xla_enable_xla_devices not set
2024-06-17 01:29:53.738097: I tensorflow/core/platform/profile_utils/cpu_utils.cc:112] CPU Frequency: 2445450000 Hz
 53%|████████████████████████████████████████████████████████████████████████████████▋                                                                      | 31/58 [00:01<00:01, 20.48it/s]2024-06-17 01:29:53.747216: I tensorflow/core/platform/profile_utils/cpu_utils.cc:112] CPU Frequency: 2445450000 Hz
INFO:tensorflow:Restoring parameters from /global/cfs/cdirs/desi/users/jqzou/dla_finder/prediction/model/train_midsnr/train_midsnr/current_99999.ckpt
2024-06-17 01:29:53.764359: E tensorflow/stream_executor/cuda/cuda_driver.cc:328] failed call to cuInit: CUDA_ERROR_NO_DEVICE: no CUDA-capable device is detected
2024-06-17 01:29:53.764432: I tensorflow/stream_executor/cuda/cuda_diagnostics.cc:156] kernel driver does not appear to be running on this host (nid005514): /proc/driver/nvidia/version does not exist
2024-06-17 01:29:53.766568: I tensorflow/core/platform/cpu_feature_guard.cc:142] This TensorFlow binary is optimized with oneAPI Deep Neural Network Library (oneDNN) to use the following CPU instructions in performance-critical operations:  AVX2 FMA
To enable them in other operations, rebuild TensorFlow with the appropriate compiler flags.
INFO:tensorflow:Restoring parameters from /global/cfs/cdirs/desi/users/jqzou/dla_finder/prediction/model/train_midsnr/train_midsnr/current_99999.ckpt
2024-06-17 01:29:53.781451: I tensorflow/compiler/mlir/mlir_graph_optimization_pass.cc:196] None of the MLIR optimization passes are enabled (registered 0 passes)
2024-06-17 01:29:53.794798: I tensorflow/compiler/mlir/mlir_graph_optimization_pass.cc:196] None of the MLIR optimization passes are enabled (registered 0 passes)
INFO:tensorflow:Restoring parameters from /global/cfs/cdirs/desi/users/jqzou/dla_finder/prediction/model/train_midsnr/train_midsnr/current_99999.ckpt
INFO:tensorflow:Restoring parameters from /global/cfs/cdirs/desi/users/jqzou/dla_finder/prediction/model/train_midsnr/train_midsnr/current_99999.ckpt
2024-06-17 01:29:53.830611: I tensorflow/compiler/jit/xla_gpu_device.cc:99] Not creating XLA devices, tf_xla_enable_xla_devices not set
INFO:tensorflow:Restoring parameters from /global/cfs/cdirs/desi/users/jqzou/dla_finder/prediction/model/train_midsnr/train_midsnr/current_99999.ckpt
2024-06-17 01:29:53.837544: I tensorflow/core/platform/profile_utils/cpu_utils.cc:112] CPU Frequency: 2445450000 Hz
2024-06-17 01:29:53.850959: I tensorflow/compiler/mlir/mlir_graph_optimization_pass.cc:196] None of the MLIR optimization passes are enabled (registered 0 passes)
INFO:tensorflow:Restoring parameters from /global/cfs/cdirs/desi/users/jqzou/dla_finder/prediction/model/train_midsnr/train_midsnr/current_99999.ckpt
2024-06-17 01:29:53.852586: I tensorflow/compiler/mlir/mlir_graph_optimization_pass.cc:196] None of the MLIR optimization passes are enabled (registered 0 passes)
2024-06-17 01:29:53.854345: I tensorflow/core/platform/profile_utils/cpu_utils.cc:112] CPU Frequency: 2445450000 Hz
2024-06-17 01:29:53.857180: I tensorflow/compiler/mlir/mlir_graph_optimization_pass.cc:196] None of the MLIR optimization passes are enabled (registered 0 passes)
2024-06-17 01:29:53.867176: I tensorflow/core/platform/profile_utils/cpu_utils.cc:112] CPU Frequency: 2445450000 Hz
2024-06-17 01:29:53.869930: I tensorflow/core/platform/profile_utils/cpu_utils.cc:112] CPU Frequency: 2445450000 Hz
2024-06-17 01:29:53.875968: I tensorflow/core/platform/profile_utils/cpu_utils.cc:112] CPU Frequency: 2445450000 Hz
2024-06-17 01:29:53.876165: I tensorflow/compiler/mlir/mlir_graph_optimization_pass.cc:196] None of the MLIR optimization passes are enabled (registered 0 passes)
WARNING:tensorflow:From /global/cfs/cdirs/desi/users/jqzou/dla_finder/training/model.py:291: div (from tensorflow.python.ops.math_ops) is deprecated and will be removed in a future version.
Instructions for updating:
Deprecated in favor of operator or tf.math.divide.
2024-06-17 01:29:53.921566: I tensorflow/core/platform/profile_utils/cpu_utils.cc:112] CPU Frequency: 2445450000 Hz
 60%|███████████████████████████████████████████████████████████████████████████████████████████                                                            | 35/58 [00:01<00:01, 20.28it/s]INFO:tensorflow:Restoring parameters from /global/cfs/cdirs/desi/users/jqzou/dla_finder/prediction/model/train_midsnr/train_midsnr/current_99999.ckpt
2024-06-17 01:29:54.009817: I tensorflow/compiler/mlir/mlir_graph_optimization_pass.cc:196] None of the MLIR optimization passes are enabled (registered 0 passes)
2024-06-17 01:29:54.030989: I tensorflow/core/platform/profile_utils/cpu_utils.cc:112] CPU Frequency: 2445450000 Hz
WARNING:tensorflow:From /global/cfs/cdirs/desi/users/jqzou/dla_finder/training/model.py:291: div (from tensorflow.python.ops.math_ops) is deprecated and will be removed in a future version.
Instructions for updating:
Deprecated in favor of operator or tf.math.divide.
2024-06-17 01:29:54.373892: I tensorflow/compiler/jit/xla_cpu_device.cc:41] Not creating XLA devices, tf_xla_enable_xla_devices not set
2024-06-17 01:29:54.386227: I tensorflow/compiler/jit/xla_cpu_device.cc:41] Not creating XLA devices, tf_xla_enable_xla_devices not set
 64%|████████████████████████████████████████████████████████████████████████████████████████████████▎                                                      | 37/58 [00:02<00:01, 14.92it/s]2024-06-17 01:29:54.437009: I tensorflow/compiler/jit/xla_cpu_device.cc:41] Not creating XLA devices, tf_xla_enable_xla_devices not set
2024-06-17 01:29:54.439055: I tensorflow/compiler/jit/xla_cpu_device.cc:41] Not creating XLA devices, tf_xla_enable_xla_devices not set
2024-06-17 01:29:54.453362: I tensorflow/stream_executor/platform/default/dso_loader.cc:49] Successfully opened dynamic library libcuda.so.1
2024-06-17 01:29:54.474935: I tensorflow/stream_executor/platform/default/dso_loader.cc:49] Successfully opened dynamic library libcuda.so.1
2024-06-17 01:29:54.499504: I tensorflow/stream_executor/platform/default/dso_loader.cc:49] Successfully opened dynamic library libcuda.so.1
2024-06-17 01:29:54.505654: I tensorflow/compiler/jit/xla_cpu_device.cc:41] Not creating XLA devices, tf_xla_enable_xla_devices not set
2024-06-17 01:29:54.529120: I tensorflow/stream_executor/platform/default/dso_loader.cc:49] Successfully opened dynamic library libcuda.so.1
2024-06-17 01:29:54.529185: I tensorflow/stream_executor/platform/default/dso_loader.cc:49] Successfully opened dynamic library libcuda.so.1
WARNING:tensorflow:From /global/cfs/cdirs/desi/users/jqzou/dla_finder/training/model.py:291: div (from tensorflow.python.ops.math_ops) is deprecated and will be removed in a future version.
Instructions for updating:
Deprecated in favor of operator or tf.math.divide.
2024-06-17 01:29:54.672472: I tensorflow/compiler/jit/xla_cpu_device.cc:41] Not creating XLA devices, tf_xla_enable_xla_devices not set
2024-06-17 01:29:54.685439: I tensorflow/stream_executor/platform/default/dso_loader.cc:49] Successfully opened dynamic library libcuda.so.1
 67%|█████████████████████████████████████████████████████████████████████████████████████████████████████▌                                                 | 39/58 [00:02<00:01, 12.78it/s] 71%|██████████████████████████████████████████████████████████████████████████████████████████████████████████▋                                            | 41/58 [00:02<00:01, 13.00it/s]WARNING:tensorflow:From /global/cfs/cdirs/desi/users/jqzou/dla_finder/training/model.py:291: div (from tensorflow.python.ops.math_ops) is deprecated and will be removed in a future version.
Instructions for updating:
Deprecated in favor of operator or tf.math.divide.
2024-06-17 01:29:54.900241: I tensorflow/compiler/jit/xla_cpu_device.cc:41] Not creating XLA devices, tf_xla_enable_xla_devices not set
2024-06-17 01:29:54.902909: I tensorflow/stream_executor/platform/default/dso_loader.cc:49] Successfully opened dynamic library libcuda.so.1
2024-06-17 01:29:54.929950: I tensorflow/compiler/jit/xla_cpu_device.cc:41] Not creating XLA devices, tf_xla_enable_xla_devices not set
2024-06-17 01:29:54.932416: I tensorflow/stream_executor/platform/default/dso_loader.cc:49] Successfully opened dynamic library libcuda.so.1
2024-06-17 01:29:55.015714: I tensorflow/compiler/jit/xla_gpu_device.cc:99] Not creating XLA devices, tf_xla_enable_xla_devices not set
2024-06-17 01:29:55.049336: E tensorflow/stream_executor/cuda/cuda_driver.cc:328] failed call to cuInit: CUDA_ERROR_NO_DEVICE: no CUDA-capable device is detected
2024-06-17 01:29:55.049379: I tensorflow/stream_executor/cuda/cuda_diagnostics.cc:156] kernel driver does not appear to be running on this host (nid005514): /proc/driver/nvidia/version does not exist
2024-06-17 01:29:55.050680: I tensorflow/core/platform/cpu_feature_guard.cc:142] This TensorFlow binary is optimized with oneAPI Deep Neural Network Library (oneDNN) to use the following CPU instructions in performance-critical operations:  AVX2 FMA
To enable them in other operations, rebuild TensorFlow with the appropriate compiler flags.
2024-06-17 01:29:55.052225: E tensorflow/stream_executor/cuda/cuda_driver.cc:328] failed call to cuInit: CUDA_ERROR_NO_DEVICE: no CUDA-capable device is detected
2024-06-17 01:29:55.052288: I tensorflow/stream_executor/cuda/cuda_diagnostics.cc:156] kernel driver does not appear to be running on this host (nid005514): /proc/driver/nvidia/version does not exist
2024-06-17 01:29:55.053798: I tensorflow/core/platform/cpu_feature_guard.cc:142] This TensorFlow binary is optimized with oneAPI Deep Neural Network Library (oneDNN) to use the following CPU instructions in performance-critical operations:  AVX2 FMA
To enable them in other operations, rebuild TensorFlow with the appropriate compiler flags.
2024-06-17 01:29:55.054996: I tensorflow/compiler/jit/xla_gpu_device.cc:99] Not creating XLA devices, tf_xla_enable_xla_devices not set
2024-06-17 01:29:55.059408: I tensorflow/compiler/jit/xla_gpu_device.cc:99] Not creating XLA devices, tf_xla_enable_xla_devices not set
INFO:tensorflow:Restoring parameters from /global/cfs/cdirs/desi/users/jqzou/dla_finder/prediction/model/train_midsnr/train_midsnr/current_99999.ckpt
2024-06-17 01:29:55.073649: E tensorflow/stream_executor/cuda/cuda_driver.cc:328] failed call to cuInit: CUDA_ERROR_NO_DEVICE: no CUDA-capable device is detected
2024-06-17 01:29:55.073700: I tensorflow/stream_executor/cuda/cuda_diagnostics.cc:156] kernel driver does not appear to be running on this host (nid005514): /proc/driver/nvidia/version does not exist
2024-06-17 01:29:55.075114: I tensorflow/core/platform/cpu_feature_guard.cc:142] This TensorFlow binary is optimized with oneAPI Deep Neural Network Library (oneDNN) to use the following CPU instructions in performance-critical operations:  AVX2 FMA
To enable them in other operations, rebuild TensorFlow with the appropriate compiler flags.
2024-06-17 01:29:55.080579: I tensorflow/compiler/jit/xla_gpu_device.cc:99] Not creating XLA devices, tf_xla_enable_xla_devices not set
2024-06-17 01:29:55.095904: E tensorflow/stream_executor/cuda/cuda_driver.cc:328] failed call to cuInit: CUDA_ERROR_NO_DEVICE: no CUDA-capable device is detected
2024-06-17 01:29:55.095958: I tensorflow/stream_executor/cuda/cuda_diagnostics.cc:156] kernel driver does not appear to be running on this host (nid005514): /proc/driver/nvidia/version does not exist
2024-06-17 01:29:55.097220: I tensorflow/core/platform/cpu_feature_guard.cc:142] This TensorFlow binary is optimized with oneAPI Deep Neural Network Library (oneDNN) to use the following CPU instructions in performance-critical operations:  AVX2 FMA
To enable them in other operations, rebuild TensorFlow with the appropriate compiler flags.
2024-06-17 01:29:55.101251: I tensorflow/compiler/jit/xla_gpu_device.cc:99] Not creating XLA devices, tf_xla_enable_xla_devices not set
INFO:tensorflow:Restoring parameters from /global/cfs/cdirs/desi/users/jqzou/dla_finder/prediction/model/train_lowsnr/train_lowsnr/current_99999.ckpt
2024-06-17 01:29:55.120097: I tensorflow/compiler/mlir/mlir_graph_optimization_pass.cc:196] None of the MLIR optimization passes are enabled (registered 0 passes)
2024-06-17 01:29:55.126077: E tensorflow/stream_executor/cuda/cuda_driver.cc:328] failed call to cuInit: CUDA_ERROR_NO_DEVICE: no CUDA-capable device is detected
2024-06-17 01:29:55.126137: I tensorflow/stream_executor/cuda/cuda_diagnostics.cc:156] kernel driver does not appear to be running on this host (nid005514): /proc/driver/nvidia/version does not exist
2024-06-17 01:29:55.127644: I tensorflow/core/platform/cpu_feature_guard.cc:142] This TensorFlow binary is optimized with oneAPI Deep Neural Network Library (oneDNN) to use the following CPU instructions in performance-critical operations:  AVX2 FMA
To enable them in other operations, rebuild TensorFlow with the appropriate compiler flags.
INFO:tensorflow:Restoring parameters from /global/cfs/cdirs/desi/users/jqzou/dla_finder/prediction/model/train_lowsnr/train_lowsnr/current_99999.ckpt
2024-06-17 01:29:55.133322: I tensorflow/compiler/jit/xla_gpu_device.cc:99] Not creating XLA devices, tf_xla_enable_xla_devices not set
2024-06-17 01:29:55.136439: I tensorflow/compiler/jit/xla_gpu_device.cc:99] Not creating XLA devices, tf_xla_enable_xla_devices not set
2024-06-17 01:29:55.137008: I tensorflow/compiler/mlir/mlir_graph_optimization_pass.cc:196] None of the MLIR optimization passes are enabled (registered 0 passes)
2024-06-17 01:29:55.144123: I tensorflow/core/platform/profile_utils/cpu_utils.cc:112] CPU Frequency: 2445450000 Hz
2024-06-17 01:29:55.147308: E tensorflow/stream_executor/cuda/cuda_driver.cc:328] failed call to cuInit: CUDA_ERROR_NO_DEVICE: no CUDA-capable device is detected
2024-06-17 01:29:55.147346: I tensorflow/stream_executor/cuda/cuda_diagnostics.cc:156] kernel driver does not appear to be running on this host (nid005514): /proc/driver/nvidia/version does not exist
2024-06-17 01:29:55.148720: I tensorflow/core/platform/cpu_feature_guard.cc:142] This TensorFlow binary is optimized with oneAPI Deep Neural Network Library (oneDNN) to use the following CPU instructions in performance-critical operations:  AVX2 FMA
To enable them in other operations, rebuild TensorFlow with the appropriate compiler flags.
2024-06-17 01:29:55.152968: I tensorflow/compiler/jit/xla_gpu_device.cc:99] Not creating XLA devices, tf_xla_enable_xla_devices not set
INFO:tensorflow:Restoring parameters from /global/cfs/cdirs/desi/users/jqzou/dla_finder/prediction/model/train_lowsnr/train_lowsnr/current_99999.ckpt
INFO:tensorflow:Restoring parameters from /global/cfs/cdirs/desi/users/jqzou/dla_finder/prediction/model/train_lowsnr/train_lowsnr/current_99999.ckpt
2024-06-17 01:29:55.162300: I tensorflow/compiler/mlir/mlir_graph_optimization_pass.cc:196] None of the MLIR optimization passes are enabled (registered 0 passes)
2024-06-17 01:29:55.164102: I tensorflow/core/platform/profile_utils/cpu_utils.cc:112] CPU Frequency: 2445450000 Hz
2024-06-17 01:29:55.166819: I tensorflow/compiler/mlir/mlir_graph_optimization_pass.cc:196] None of the MLIR optimization passes are enabled (registered 0 passes)
WARNING:tensorflow:From /global/cfs/cdirs/desi/users/jqzou/dla_finder/training/model.py:291: div (from tensorflow.python.ops.math_ops) is deprecated and will be removed in a future version.
Instructions for updating:
Deprecated in favor of operator or tf.math.divide.
2024-06-17 01:29:55.187787: I tensorflow/core/platform/profile_utils/cpu_utils.cc:112] CPU Frequency: 2445450000 Hz
2024-06-17 01:29:55.191531: I tensorflow/compiler/jit/xla_gpu_device.cc:99] Not creating XLA devices, tf_xla_enable_xla_devices not set
2024-06-17 01:29:55.196191: I tensorflow/core/platform/profile_utils/cpu_utils.cc:112] CPU Frequency: 2445450000 Hz
INFO:tensorflow:Restoring parameters from /global/cfs/cdirs/desi/users/jqzou/dla_finder/prediction/model/train_midsnr/train_midsnr/current_99999.ckpt
2024-06-17 01:29:55.216819: E tensorflow/stream_executor/cuda/cuda_driver.cc:328] failed call to cuInit: CUDA_ERROR_NO_DEVICE: no CUDA-capable device is detected
2024-06-17 01:29:55.217014: I tensorflow/stream_executor/cuda/cuda_diagnostics.cc:156] kernel driver does not appear to be running on this host (nid005514): /proc/driver/nvidia/version does not exist
2024-06-17 01:29:55.218896: I tensorflow/core/platform/cpu_feature_guard.cc:142] This TensorFlow binary is optimized with oneAPI Deep Neural Network Library (oneDNN) to use the following CPU instructions in performance-critical operations:  AVX2 FMA
To enable them in other operations, rebuild TensorFlow with the appropriate compiler flags.
WARNING:tensorflow:From /global/cfs/cdirs/desi/users/jqzou/dla_finder/training/model.py:291: div (from tensorflow.python.ops.math_ops) is deprecated and will be removed in a future version.
Instructions for updating:
Deprecated in favor of operator or tf.math.divide.
2024-06-17 01:29:55.222877: I tensorflow/compiler/jit/xla_gpu_device.cc:99] Not creating XLA devices, tf_xla_enable_xla_devices not set
INFO:tensorflow:Restoring parameters from /global/cfs/cdirs/desi/users/jqzou/dla_finder/prediction/model/train_lowsnr/train_lowsnr/current_99999.ckpt
2024-06-17 01:29:55.226825: E tensorflow/stream_executor/cuda/cuda_driver.cc:328] failed call to cuInit: CUDA_ERROR_NO_DEVICE: no CUDA-capable device is detected
2024-06-17 01:29:55.227007: I tensorflow/stream_executor/cuda/cuda_diagnostics.cc:156] kernel driver does not appear to be running on this host (nid005514): /proc/driver/nvidia/version does not exist
2024-06-17 01:29:55.228765: I tensorflow/core/platform/cpu_feature_guard.cc:142] This TensorFlow binary is optimized with oneAPI Deep Neural Network Library (oneDNN) to use the following CPU instructions in performance-critical operations:  AVX2 FMA
To enable them in other operations, rebuild TensorFlow with the appropriate compiler flags.
2024-06-17 01:29:55.232276: I tensorflow/compiler/jit/xla_gpu_device.cc:99] Not creating XLA devices, tf_xla_enable_xla_devices not set
INFO:tensorflow:Restoring parameters from /global/cfs/cdirs/desi/users/jqzou/dla_finder/prediction/model/train_lowsnr/train_lowsnr/current_99999.ckpt
2024-06-17 01:29:55.245724: I tensorflow/compiler/mlir/mlir_graph_optimization_pass.cc:196] None of the MLIR optimization passes are enabled (registered 0 passes)
2024-06-17 01:29:55.255527: I tensorflow/compiler/mlir/mlir_graph_optimization_pass.cc:196] None of the MLIR optimization passes are enabled (registered 0 passes)
INFO:tensorflow:Restoring parameters from /global/cfs/cdirs/desi/users/jqzou/dla_finder/prediction/model/train_midsnr/train_midsnr/current_99999.ckpt
 79%|███████████████████████████████████████████████████████████████████████████████████████████████████████████████████████▊                               | 46/58 [00:03<00:00, 12.64it/s]2024-06-17 01:29:55.288163: I tensorflow/core/platform/profile_utils/cpu_utils.cc:112] CPU Frequency: 2445450000 Hz
2024-06-17 01:29:55.292123: I tensorflow/core/platform/profile_utils/cpu_utils.cc:112] CPU Frequency: 2445450000 Hz
INFO:tensorflow:Restoring parameters from /global/cfs/cdirs/desi/users/jqzou/dla_finder/prediction/model/train_lowsnr/train_lowsnr/current_99999.ckpt
2024-06-17 01:29:55.315939: I tensorflow/compiler/mlir/mlir_graph_optimization_pass.cc:196] None of the MLIR optimization passes are enabled (registered 0 passes)
2024-06-17 01:29:55.327633: I tensorflow/core/platform/profile_utils/cpu_utils.cc:112] CPU Frequency: 2445450000 Hz
INFO:tensorflow:Restoring parameters from /global/cfs/cdirs/desi/users/jqzou/dla_finder/prediction/model/train_lowsnr/train_lowsnr/current_99999.ckpt
2024-06-17 01:29:55.346715: I tensorflow/compiler/jit/xla_cpu_device.cc:41] Not creating XLA devices, tf_xla_enable_xla_devices not set
2024-06-17 01:29:55.353229: I tensorflow/stream_executor/platform/default/dso_loader.cc:49] Successfully opened dynamic library libcuda.so.1
2024-06-17 01:29:55.359073: I tensorflow/compiler/mlir/mlir_graph_optimization_pass.cc:196] None of the MLIR optimization passes are enabled (registered 0 passes)
2024-06-17 01:29:55.400212: I tensorflow/core/platform/profile_utils/cpu_utils.cc:112] CPU Frequency: 2445450000 Hz
2024-06-17 01:29:55.580130: I tensorflow/compiler/jit/xla_gpu_device.cc:99] Not creating XLA devices, tf_xla_enable_xla_devices not set
2024-06-17 01:29:55.647978: I tensorflow/compiler/jit/xla_gpu_device.cc:99] Not creating XLA devices, tf_xla_enable_xla_devices not set
INFO:tensorflow:Restoring parameters from /global/cfs/cdirs/desi/users/jqzou/dla_finder/prediction/model/train_midsnr/train_midsnr/current_99999.ckpt
WARNING:tensorflow:From /global/cfs/cdirs/desi/users/jqzou/dla_finder/training/model.py:291: div (from tensorflow.python.ops.math_ops) is deprecated and will be removed in a future version.
Instructions for updating:
Deprecated in favor of operator or tf.math.divide.
2024-06-17 01:29:55.718094: I tensorflow/compiler/jit/xla_cpu_device.cc:41] Not creating XLA devices, tf_xla_enable_xla_devices not set
2024-06-17 01:29:55.735859: I tensorflow/compiler/jit/xla_gpu_device.cc:99] Not creating XLA devices, tf_xla_enable_xla_devices not set
INFO:tensorflow:Restoring parameters from /global/cfs/cdirs/desi/users/jqzou/dla_finder/prediction/model/train_midsnr/train_midsnr/current_99999.ckpt
2024-06-17 01:29:55.769859: I tensorflow/compiler/jit/xla_gpu_device.cc:99] Not creating XLA devices, tf_xla_enable_xla_devices not set
2024-06-17 01:29:55.791763: I tensorflow/stream_executor/platform/default/dso_loader.cc:49] Successfully opened dynamic library libcuda.so.1
 83%|████████████████████████████████████████████████████████████████████████████████████████████████████████████████████████████▉                          | 48/58 [00:03<00:01,  8.85it/s]INFO:tensorflow:Restoring parameters from /global/cfs/cdirs/desi/users/jqzou/dla_finder/prediction/model/train_midsnr/train_midsnr/current_99999.ckpt
INFO:tensorflow:Restoring parameters from /global/cfs/cdirs/desi/users/jqzou/dla_finder/prediction/model/train_midsnr/train_midsnr/current_99999.ckpt
 86%|██████████████████████████████████████████████████████████████████████████████████████████████████████████████████████████████████▏                    | 50/58 [00:03<00:00,  9.35it/s]WARNING:tensorflow:From /global/cfs/cdirs/desi/users/jqzou/dla_finder/training/model.py:291: div (from tensorflow.python.ops.math_ops) is deprecated and will be removed in a future version.
Instructions for updating:
Deprecated in favor of operator or tf.math.divide.
WARNING:tensorflow:From /global/cfs/cdirs/desi/users/jqzou/dla_finder/training/model.py:291: div (from tensorflow.python.ops.math_ops) is deprecated and will be removed in a future version.
Instructions for updating:
Deprecated in favor of operator or tf.math.divide.
 90%|███████████████████████████████████████████████████████████████████████████████████████████████████████████████████████████████████████▍               | 52/58 [00:03<00:00,  9.36it/s]2024-06-17 01:29:56.284019: E tensorflow/stream_executor/cuda/cuda_driver.cc:328] failed call to cuInit: CUDA_ERROR_NO_DEVICE: no CUDA-capable device is detected
2024-06-17 01:29:56.284376: I tensorflow/stream_executor/cuda/cuda_diagnostics.cc:156] kernel driver does not appear to be running on this host (nid005514): /proc/driver/nvidia/version does not exist
2024-06-17 01:29:56.287224: I tensorflow/core/platform/cpu_feature_guard.cc:142] This TensorFlow binary is optimized with oneAPI Deep Neural Network Library (oneDNN) to use the following CPU instructions in performance-critical operations:  AVX2 FMA
To enable them in other operations, rebuild TensorFlow with the appropriate compiler flags.
2024-06-17 01:29:56.293792: I tensorflow/compiler/jit/xla_gpu_device.cc:99] Not creating XLA devices, tf_xla_enable_xla_devices not set
2024-06-17 01:29:56.311534: I tensorflow/compiler/jit/xla_cpu_device.cc:41] Not creating XLA devices, tf_xla_enable_xla_devices not set
2024-06-17 01:29:56.343609: I tensorflow/stream_executor/platform/default/dso_loader.cc:49] Successfully opened dynamic library libcuda.so.1
 93%|████████████████████████████████████████████████████████████████████████████████████████████████████████████████████████████████████████████▌          | 54/58 [00:04<00:00,  9.96it/s]2024-06-17 01:29:56.399710: I tensorflow/compiler/jit/xla_cpu_device.cc:41] Not creating XLA devices, tf_xla_enable_xla_devices not set
2024-06-17 01:29:56.423364: I tensorflow/stream_executor/platform/default/dso_loader.cc:49] Successfully opened dynamic library libcuda.so.1
INFO:tensorflow:Restoring parameters from /global/cfs/cdirs/desi/users/jqzou/dla_finder/prediction/model/train_lowsnr/train_lowsnr/current_99999.ckpt
 97%|█████████████████████████████████████████████████████████████████████████████████████████████████████████████████████████████████████████████████▊     | 56/58 [00:04<00:00, 10.85it/s]2024-06-17 01:29:56.525721: I tensorflow/compiler/mlir/mlir_graph_optimization_pass.cc:196] None of the MLIR optimization passes are enabled (registered 0 passes)
2024-06-17 01:29:56.547526: I tensorflow/core/platform/profile_utils/cpu_utils.cc:112] CPU Frequency: 2445450000 Hz
100%|███████████████████████████████████████████████████████████████████████████████████████████████████████████████████████████████████████████████████████| 58/58 [00:04<00:00, 13.39it/s]2024-06-17 01:29:56.615528: I tensorflow/compiler/jit/xla_cpu_device.cc:41] Not creating XLA devices, tf_xla_enable_xla_devices not set
2024-06-17 01:29:56.640216: I tensorflow/stream_executor/platform/default/dso_loader.cc:49] Successfully opened dynamic library libcuda.so.1
2024-06-17 01:29:56.656477: E tensorflow/stream_executor/cuda/cuda_driver.cc:328] failed call to cuInit: CUDA_ERROR_NO_DEVICE: no CUDA-capable device is detected
2024-06-17 01:29:56.656672: I tensorflow/stream_executor/cuda/cuda_diagnostics.cc:156] kernel driver does not appear to be running on this host (nid005514): /proc/driver/nvidia/version does not exist
2024-06-17 01:29:56.658325: I tensorflow/core/platform/cpu_feature_guard.cc:142] This TensorFlow binary is optimized with oneAPI Deep Neural Network Library (oneDNN) to use the following CPU instructions in performance-critical operations:  AVX2 FMA
To enable them in other operations, rebuild TensorFlow with the appropriate compiler flags.
2024-06-17 01:29:56.663768: I tensorflow/compiler/jit/xla_gpu_device.cc:99] Not creating XLA devices, tf_xla_enable_xla_devices not set
INFO:tensorflow:Restoring parameters from /global/cfs/cdirs/desi/users/jqzou/dla_finder/prediction/model/train_lowsnr/train_lowsnr/current_99999.ckpt
2024-06-17 01:29:56.735871: I tensorflow/compiler/mlir/mlir_graph_optimization_pass.cc:196] None of the MLIR optimization passes are enabled (registered 0 passes)
2024-06-17 01:29:56.749769: I tensorflow/core/platform/profile_utils/cpu_utils.cc:112] CPU Frequency: 2445450000 Hz
2024-06-17 01:29:56.793542: E tensorflow/stream_executor/cuda/cuda_driver.cc:328] failed call to cuInit: CUDA_ERROR_NO_DEVICE: no CUDA-capable device is detected
2024-06-17 01:29:56.793738: I tensorflow/stream_executor/cuda/cuda_diagnostics.cc:156] kernel driver does not appear to be running on this host (nid005514): /proc/driver/nvidia/version does not exist
2024-06-17 01:29:56.795368: I tensorflow/core/platform/cpu_feature_guard.cc:142] This TensorFlow binary is optimized with oneAPI Deep Neural Network Library (oneDNN) to use the following CPU instructions in performance-critical operations:  AVX2 FMA
To enable them in other operations, rebuild TensorFlow with the appropriate compiler flags.
2024-06-17 01:29:56.798952: I tensorflow/compiler/jit/xla_gpu_device.cc:99] Not creating XLA devices, tf_xla_enable_xla_devices not set
2024-06-17 01:29:56.833193: E tensorflow/stream_executor/cuda/cuda_driver.cc:328] failed call to cuInit: CUDA_ERROR_NO_DEVICE: no CUDA-capable device is detected
2024-06-17 01:29:56.833268: I tensorflow/stream_executor/cuda/cuda_diagnostics.cc:156] kernel driver does not appear to be running on this host (nid005514): /proc/driver/nvidia/version does not exist
2024-06-17 01:29:56.834906: I tensorflow/core/platform/cpu_feature_guard.cc:142] This TensorFlow binary is optimized with oneAPI Deep Neural Network Library (oneDNN) to use the following CPU instructions in performance-critical operations:  AVX2 FMA
To enable them in other operations, rebuild TensorFlow with the appropriate compiler flags.
2024-06-17 01:29:56.838547: I tensorflow/compiler/jit/xla_gpu_device.cc:99] Not creating XLA devices, tf_xla_enable_xla_devices not set
2024-06-17 01:29:56.935419: I tensorflow/compiler/jit/xla_gpu_device.cc:99] Not creating XLA devices, tf_xla_enable_xla_devices not set
INFO:tensorflow:Restoring parameters from /global/cfs/cdirs/desi/users/jqzou/dla_finder/prediction/model/train_lowsnr/train_lowsnr/current_99999.ckpt
2024-06-17 01:29:56.952697: I tensorflow/compiler/jit/xla_cpu_device.cc:41] Not creating XLA devices, tf_xla_enable_xla_devices not set
INFO:tensorflow:Restoring parameters from /global/cfs/cdirs/desi/users/jqzou/dla_finder/prediction/model/train_lowsnr/train_lowsnr/current_99999.ckpt
2024-06-17 01:29:56.963930: I tensorflow/compiler/mlir/mlir_graph_optimization_pass.cc:196] None of the MLIR optimization passes are enabled (registered 0 passes)
2024-06-17 01:29:56.965483: I tensorflow/stream_executor/platform/default/dso_loader.cc:49] Successfully opened dynamic library libcuda.so.1
2024-06-17 01:29:56.985399: I tensorflow/compiler/mlir/mlir_graph_optimization_pass.cc:196] None of the MLIR optimization passes are enabled (registered 0 passes)
2024-06-17 01:29:56.987383: E tensorflow/stream_executor/cuda/cuda_driver.cc:328] failed call to cuInit: CUDA_ERROR_NO_DEVICE: no CUDA-capable device is detected
2024-06-17 01:29:56.987526: I tensorflow/stream_executor/cuda/cuda_diagnostics.cc:156] kernel driver does not appear to be running on this host (nid005514): /proc/driver/nvidia/version does not exist
2024-06-17 01:29:56.989401: I tensorflow/core/platform/cpu_feature_guard.cc:142] This TensorFlow binary is optimized with oneAPI Deep Neural Network Library (oneDNN) to use the following CPU instructions in performance-critical operations:  AVX2 FMA
To enable them in other operations, rebuild TensorFlow with the appropriate compiler flags.
2024-06-17 01:29:56.994208: I tensorflow/compiler/jit/xla_gpu_device.cc:99] Not creating XLA devices, tf_xla_enable_xla_devices not set
INFO:tensorflow:Restoring parameters from /global/cfs/cdirs/desi/users/jqzou/dla_finder/prediction/model/train_midsnr/train_midsnr/current_99999.ckpt
2024-06-17 01:29:57.012196: I tensorflow/core/platform/profile_utils/cpu_utils.cc:112] CPU Frequency: 2445450000 Hz
2024-06-17 01:29:57.024287: I tensorflow/core/platform/profile_utils/cpu_utils.cc:112] CPU Frequency: 2445450000 Hz
2024-06-17 01:29:57.067036: I tensorflow/compiler/jit/xla_gpu_device.cc:99] Not creating XLA devices, tf_xla_enable_xla_devices not set
2024-06-17 01:29:57.075517: I tensorflow/compiler/jit/xla_cpu_device.cc:41] Not creating XLA devices, tf_xla_enable_xla_devices not set
2024-06-17 01:29:57.078850: I tensorflow/stream_executor/platform/default/dso_loader.cc:49] Successfully opened dynamic library libcuda.so.1
INFO:tensorflow:Restoring parameters from /global/cfs/cdirs/desi/users/jqzou/dla_finder/prediction/model/train_lowsnr/train_lowsnr/current_99999.ckpt
2024-06-17 01:29:57.142227: I tensorflow/compiler/mlir/mlir_graph_optimization_pass.cc:196] None of the MLIR optimization passes are enabled (registered 0 passes)
INFO:tensorflow:Restoring parameters from /global/cfs/cdirs/desi/users/jqzou/dla_finder/prediction/model/train_midsnr/train_midsnr/current_99999.ckpt
2024-06-17 01:29:57.148490: I tensorflow/compiler/jit/xla_gpu_device.cc:99] Not creating XLA devices, tf_xla_enable_xla_devices not set
2024-06-17 01:29:57.150167: I tensorflow/core/platform/profile_utils/cpu_utils.cc:112] CPU Frequency: 2445450000 Hz
2024-06-17 01:29:57.168385: I tensorflow/compiler/jit/xla_gpu_device.cc:99] Not creating XLA devices, tf_xla_enable_xla_devices not set
INFO:tensorflow:Restoring parameters from /global/cfs/cdirs/desi/users/jqzou/dla_finder/prediction/model/train_lowsnr/train_lowsnr/current_99999.ckpt
INFO:tensorflow:Restoring parameters from /global/cfs/cdirs/desi/users/jqzou/dla_finder/prediction/model/train_lowsnr/train_lowsnr/current_99999.ckpt
2024-06-17 01:29:57.428194: I tensorflow/compiler/jit/xla_gpu_device.cc:99] Not creating XLA devices, tf_xla_enable_xla_devices not set
2024-06-17 01:29:57.473722: I tensorflow/compiler/jit/xla_gpu_device.cc:99] Not creating XLA devices, tf_xla_enable_xla_devices not set
2024-06-17 01:29:57.568002: E tensorflow/stream_executor/cuda/cuda_driver.cc:328] failed call to cuInit: CUDA_ERROR_NO_DEVICE: no CUDA-capable device is detected
2024-06-17 01:29:57.568290: I tensorflow/stream_executor/cuda/cuda_diagnostics.cc:156] kernel driver does not appear to be running on this host (nid005514): /proc/driver/nvidia/version does not exist
2024-06-17 01:29:57.570855: I tensorflow/core/platform/cpu_feature_guard.cc:142] This TensorFlow binary is optimized with oneAPI Deep Neural Network Library (oneDNN) to use the following CPU instructions in performance-critical operations:  AVX2 FMA
To enable them in other operations, rebuild TensorFlow with the appropriate compiler flags.
2024-06-17 01:29:57.576465: I tensorflow/compiler/jit/xla_gpu_device.cc:99] Not creating XLA devices, tf_xla_enable_xla_devices not set
INFO:tensorflow:Restoring parameters from /global/cfs/cdirs/desi/users/jqzou/dla_finder/prediction/model/train_lowsnr/train_lowsnr/current_99999.ckpt
INFO:tensorflow:Restoring parameters from /global/cfs/cdirs/desi/users/jqzou/dla_finder/prediction/model/train_midsnr/train_midsnr/current_99999.ckpt
INFO:tensorflow:Restoring parameters from /global/cfs/cdirs/desi/users/jqzou/dla_finder/prediction/model/train_lowsnr/train_lowsnr/current_99999.ckpt
2024-06-17 01:29:57.828393: E tensorflow/stream_executor/cuda/cuda_driver.cc:328] failed call to cuInit: CUDA_ERROR_NO_DEVICE: no CUDA-capable device is detected
2024-06-17 01:29:57.828611: I tensorflow/stream_executor/cuda/cuda_diagnostics.cc:156] kernel driver does not appear to be running on this host (nid005514): /proc/driver/nvidia/version does not exist
2024-06-17 01:29:57.830312: I tensorflow/core/platform/cpu_feature_guard.cc:142] This TensorFlow binary is optimized with oneAPI Deep Neural Network Library (oneDNN) to use the following CPU instructions in performance-critical operations:  AVX2 FMA
To enable them in other operations, rebuild TensorFlow with the appropriate compiler flags.
2024-06-17 01:29:57.834327: I tensorflow/compiler/jit/xla_gpu_device.cc:99] Not creating XLA devices, tf_xla_enable_xla_devices not set
2024-06-17 01:29:57.854699: I tensorflow/compiler/jit/xla_gpu_device.cc:99] Not creating XLA devices, tf_xla_enable_xla_devices not set
2024-06-17 01:29:57.871889: I tensorflow/compiler/mlir/mlir_graph_optimization_pass.cc:196] None of the MLIR optimization passes are enabled (registered 0 passes)
2024-06-17 01:29:57.889903: I tensorflow/compiler/jit/xla_gpu_device.cc:99] Not creating XLA devices, tf_xla_enable_xla_devices not set
2024-06-17 01:29:57.903179: I tensorflow/core/platform/profile_utils/cpu_utils.cc:112] CPU Frequency: 2445450000 Hz
INFO:tensorflow:Restoring parameters from /global/cfs/cdirs/desi/users/jqzou/dla_finder/prediction/model/train_lowsnr/train_lowsnr/current_99999.ckpt
INFO:tensorflow:Restoring parameters from /global/cfs/cdirs/desi/users/jqzou/dla_finder/prediction/model/train_lowsnr/train_lowsnr/current_99999.ckpt
INFO:tensorflow:Restoring parameters from /global/cfs/cdirs/desi/users/jqzou/dla_finder/prediction/model/train_lowsnr/train_lowsnr/current_99999.ckpt
2024-06-17 01:29:58.010551: I tensorflow/compiler/mlir/mlir_graph_optimization_pass.cc:196] None of the MLIR optimization passes are enabled (registered 0 passes)
2024-06-17 01:29:58.027108: I tensorflow/core/platform/profile_utils/cpu_utils.cc:112] CPU Frequency: 2445450000 Hz
2024-06-17 01:29:58.294516: I tensorflow/compiler/jit/xla_gpu_device.cc:99] Not creating XLA devices, tf_xla_enable_xla_devices not set
INFO:tensorflow:Restoring parameters from /global/cfs/cdirs/desi/users/jqzou/dla_finder/prediction/model/train_lowsnr/train_lowsnr/current_99999.ckpt
2024-06-17 01:29:58.419328: I tensorflow/compiler/jit/xla_gpu_device.cc:99] Not creating XLA devices, tf_xla_enable_xla_devices not set
INFO:tensorflow:Restoring parameters from /global/cfs/cdirs/desi/users/jqzou/dla_finder/prediction/model/train_lowsnr/train_lowsnr/current_99999.ckpt
2024-06-17 01:29:58.974425: I tensorflow/compiler/jit/xla_gpu_device.cc:99] Not creating XLA devices, tf_xla_enable_xla_devices not set
2024-06-17 01:29:58.986256: I tensorflow/compiler/jit/xla_gpu_device.cc:99] Not creating XLA devices, tf_xla_enable_xla_devices not set
INFO:tensorflow:Restoring parameters from /global/cfs/cdirs/desi/users/jqzou/dla_finder/prediction/model/train_lowsnr/train_lowsnr/current_99999.ckpt
INFO:tensorflow:Restoring parameters from /global/cfs/cdirs/desi/users/jqzou/dla_finder/prediction/model/train_lowsnr/train_lowsnr/current_99999.ckpt
2024-06-17 01:29:59.150953: I tensorflow/compiler/jit/xla_gpu_device.cc:99] Not creating XLA devices, tf_xla_enable_xla_devices not set
INFO:tensorflow:Restoring parameters from /global/cfs/cdirs/desi/users/jqzou/dla_finder/prediction/model/train_lowsnr/train_lowsnr/current_99999.ckpt
2024-06-17 01:29:59.519791: I tensorflow/compiler/jit/xla_gpu_device.cc:99] Not creating XLA devices, tf_xla_enable_xla_devices not set
2024-06-17 01:29:59.572217: I tensorflow/compiler/jit/xla_gpu_device.cc:99] Not creating XLA devices, tf_xla_enable_xla_devices not set
2024-06-17 01:29:59.582476: I tensorflow/compiler/jit/xla_gpu_device.cc:99] Not creating XLA devices, tf_xla_enable_xla_devices not set
INFO:tensorflow:Restoring parameters from /global/cfs/cdirs/desi/users/jqzou/dla_finder/prediction/model/train_lowsnr/train_lowsnr/current_99999.ckpt
INFO:tensorflow:Restoring parameters from /global/cfs/cdirs/desi/users/jqzou/dla_finder/prediction/model/train_lowsnr/train_lowsnr/current_99999.ckpt
2024-06-17 01:29:59.618830: I tensorflow/compiler/jit/xla_gpu_device.cc:99] Not creating XLA devices, tf_xla_enable_xla_devices not set
INFO:tensorflow:Restoring parameters from /global/cfs/cdirs/desi/users/jqzou/dla_finder/prediction/model/train_lowsnr/train_lowsnr/current_99999.ckpt
INFO:tensorflow:Restoring parameters from /global/cfs/cdirs/desi/users/jqzou/dla_finder/prediction/model/train_lowsnr/train_lowsnr/current_99999.ckpt
2024-06-17 01:30:00.061586: I tensorflow/compiler/jit/xla_gpu_device.cc:99] Not creating XLA devices, tf_xla_enable_xla_devices not set
INFO:tensorflow:Restoring parameters from /global/cfs/cdirs/desi/users/jqzou/dla_finder/prediction/model/train_lowsnr/train_lowsnr/current_99999.ckpt
2024-06-17 01:30:00.539700: I tensorflow/compiler/jit/xla_gpu_device.cc:99] Not creating XLA devices, tf_xla_enable_xla_devices not set
INFO:tensorflow:Restoring parameters from /global/cfs/cdirs/desi/users/jqzou/dla_finder/prediction/model/train_lowsnr/train_lowsnr/current_99999.ckpt
2024-06-17 01:30:00.627899: I tensorflow/compiler/jit/xla_gpu_device.cc:99] Not creating XLA devices, tf_xla_enable_xla_devices not set
INFO:tensorflow:Restoring parameters from /global/cfs/cdirs/desi/users/jqzou/dla_finder/prediction/model/train_lowsnr/train_lowsnr/current_99999.ckpt
2024-06-17 01:30:00.770272: I tensorflow/compiler/jit/xla_gpu_device.cc:99] Not creating XLA devices, tf_xla_enable_xla_devices not set
INFO:tensorflow:Restoring parameters from /global/cfs/cdirs/desi/users/jqzou/dla_finder/prediction/model/train_lowsnr/train_lowsnr/current_99999.ckpt

  0%|                                                                                                                                                                | 0/58 [00:00<?, ?it/s]  3%|█████▏                                                                                                                                                  | 2/58 [00:00<00:01, 46.84it/s]
Traceback (most recent call last):
  File "/global/u1/t/tanting/DESI_analysis/desi-dlas/desi_mock_iron1.py", line 86, in <module>
    dla_tbl=save_pred(sightlines,pred,filename=dlacat_loc)
  File "/global/u1/t/tanting/DESI_analysis/desi-dlas/desidlas/prediction/pred_sightline.py", line 37, in save_pred
    pred_abs=vstack((pred_abs,analyze_pred(sightline,classifier,conf,offset,coldensity,PEAK_THRESH,lam_analyse)))
  File "/global/u1/t/tanting/DESI_analysis/desi-dlas/desidlas/prediction/analyze_prediction.py", line 106, in analyze_pred
    absorber_type =  "DLA" if mean_col_density_prediction >= 20.3 else "LYB" if sightline.is_lyb(peak) else "SUBDLA"
TypeError: is_lyb() missing 1 required positional argument: 'lam_analyse'
srun: error: nid005514: task 0: Exited with exit code 1
srun: Terminating StepId=26871198.1
