(1029,)
/global/cfs/cdirs/desi/users/tingtan/DLA_finder/mocks/iron_ihio/sightlines/2/295/sightlines-295.npy /global/cfs/cdirs/desi/users/tingtan/DLA_finder/mocks/iron_ihio/sightlines/2/295/sightlines-295-pred.npy /global/cfs/cdirs/desi/users/tingtan/DLA_finder/mocks/iron_ihio/sightlines/2/295/dlacat-295.fits
(1029,)
/global/cfs/cdirs/desi/users/tingtan/DLA_finder/mocks/iron_ihio/sightlines/2/295/sightlines-295.npy /global/cfs/cdirs/desi/users/tingtan/DLA_finder/mocks/iron_ihio/sightlines/2/295/sightlines-295-pred.npy /global/cfs/cdirs/desi/users/tingtan/DLA_finder/mocks/iron_ihio/sightlines/2/295/dlacat-295.fits
(1029,)
/global/cfs/cdirs/desi/users/tingtan/DLA_finder/mocks/iron_ihio/sightlines/2/295/sightlines-295.npy /global/cfs/cdirs/desi/users/tingtan/DLA_finder/mocks/iron_ihio/sightlines/2/295/sightlines-295-pred.npy /global/cfs/cdirs/desi/users/tingtan/DLA_finder/mocks/iron_ihio/sightlines/2/295/dlacat-295.fits
(1029,)
/global/cfs/cdirs/desi/users/tingtan/DLA_finder/mocks/iron_ihio/sightlines/2/295/sightlines-295.npy /global/cfs/cdirs/desi/users/tingtan/DLA_finder/mocks/iron_ihio/sightlines/2/295/sightlines-295-pred.npy /global/cfs/cdirs/desi/users/tingtan/DLA_finder/mocks/iron_ihio/sightlines/2/295/dlacat-295.fits
(1029,)
/global/cfs/cdirs/desi/users/tingtan/DLA_finder/mocks/iron_ihio/sightlines/2/295/sightlines-295.npy /global/cfs/cdirs/desi/users/tingtan/DLA_finder/mocks/iron_ihio/sightlines/2/295/sightlines-295-pred.npy /global/cfs/cdirs/desi/users/tingtan/DLA_finder/mocks/iron_ihio/sightlines/2/295/dlacat-295.fits
(1029,)
/global/cfs/cdirs/desi/users/tingtan/DLA_finder/mocks/iron_ihio/sightlines/2/295/sightlines-295.npy /global/cfs/cdirs/desi/users/tingtan/DLA_finder/mocks/iron_ihio/sightlines/2/295/sightlines-295-pred.npy /global/cfs/cdirs/desi/users/tingtan/DLA_finder/mocks/iron_ihio/sightlines/2/295/dlacat-295.fits
(1029,)
/global/cfs/cdirs/desi/users/tingtan/DLA_finder/mocks/iron_ihio/sightlines/2/295/sightlines-295.npy /global/cfs/cdirs/desi/users/tingtan/DLA_finder/mocks/iron_ihio/sightlines/2/295/sightlines-295-pred.npy /global/cfs/cdirs/desi/users/tingtan/DLA_finder/mocks/iron_ihio/sightlines/2/295/dlacat-295.fits
(1029,)
/global/cfs/cdirs/desi/users/tingtan/DLA_finder/mocks/iron_ihio/sightlines/2/295/sightlines-295.npy /global/cfs/cdirs/desi/users/tingtan/DLA_finder/mocks/iron_ihio/sightlines/2/295/sightlines-295-pred.npy /global/cfs/cdirs/desi/users/tingtan/DLA_finder/mocks/iron_ihio/sightlines/2/295/dlacat-295.fits
(1029,)
/global/cfs/cdirs/desi/users/tingtan/DLA_finder/mocks/iron_ihio/sightlines/2/295/sightlines-295.npy /global/cfs/cdirs/desi/users/tingtan/DLA_finder/mocks/iron_ihio/sightlines/2/295/sightlines-295-pred.npy /global/cfs/cdirs/desi/users/tingtan/DLA_finder/mocks/iron_ihio/sightlines/2/295/dlacat-295.fits
(1029,)
/global/cfs/cdirs/desi/users/tingtan/DLA_finder/mocks/iron_ihio/sightlines/2/295/sightlines-295.npy /global/cfs/cdirs/desi/users/tingtan/DLA_finder/mocks/iron_ihio/sightlines/2/295/sightlines-295-pred.npy /global/cfs/cdirs/desi/users/tingtan/DLA_finder/mocks/iron_ihio/sightlines/2/295/dlacat-295.fits
Predicting sightlines time: 76.60690879821777 seconds
Predicting sightlines time: 76.17440366744995 seconds
Predicting sightlines time: 76.76601195335388 seconds
Predicting sightlines time: 77.1553246974945 seconds
Predicting sightlines time: 75.96817445755005 seconds
Predicting sightlines time: 76.57559323310852 seconds
Predicting sightlines time: 77.69224333763123 seconds
Localize Model processed 2697 samples in chunks of 4000 in 3.7 seconds
Localize Model processed 2548 samples in chunks of 4000 in 1.6 seconds
Localize Model processed 1295 samples in chunks of 4000 in 1.7 seconds
Localize Model processed 2072 samples in chunks of 4000 in 2.6 seconds
Localize Model processed 1818 samples in chunks of 4000 in 1.9 seconds
Localize Model processed 1116 samples in chunks of 4000 in 2.6 seconds
Localize Model processed 2697 samples in chunks of 4000 in 2.4 seconds
Localize Model processed 2696 samples in chunks of 4000 in 2.0 seconds
Localize Model processed 1597 samples in chunks of 4000 in 1.4 seconds
Localize Model processed 1151 samples in chunks of 4000 in 1.6 seconds
Localize Model processed 1467 samples in chunks of 4000 in 2.8 seconds
Localize Model processed 2697 samples in chunks of 4000 in 3.3 seconds
Localize Model processed 2114 samples in chunks of 4000 in 2.9 seconds
Localize Model processed 2308 samples in chunks of 4000 in 2.9 seconds
Localize Model processed 1835 samples in chunks of 4000 in 2.9 seconds
Localize Model processed 2697 samples in chunks of 4000 in 3.6 seconds
Localize Model processed 1535 samples in chunks of 4000 in 2.0 seconds
Localize Model processed 1067 samples in chunks of 4000 in 2.1 seconds
Localize Model processed 1706 samples in chunks of 4000 in 1.9 seconds
Localize Model processed 1187 samples in chunks of 4000 in 2.6 seconds
Localize Model processed 1279 samples in chunks of 4000 in 2.1 seconds
Localize Model processed 1091 samples in chunks of 4000 in 1.8 seconds
Localize Model processed 1813 samples in chunks of 4000 in 2.6 seconds
Localize Model processed 2698 samples in chunks of 4000 in 2.7 seconds
Localize Model processed 2238 samples in chunks of 4000 in 1.7 seconds
Localize Model processed 2335 samples in chunks of 4000 in 3.7 seconds
Localize Model processed 2189 samples in chunks of 4000 in 2.9 seconds
Localize Model processed 1152 samples in chunks of 4000 in 2.0 seconds
Localize Model processed 1600 samples in chunks of 4000 in 1.6 seconds
Localize Model processed 2262 samples in chunks of 4000 in 2.7 seconds
Localize Model processed 2697 samples in chunks of 4000 in 3.1 seconds
Localize Model processed 2251 samples in chunks of 4000 in 2.3 seconds
Localize Model processed 2343 samples in chunks of 4000 in 2.6 seconds
Localize Model processed 2698 samples in chunks of 4000 in 2.4 seconds
Localize Model processed 1196 samples in chunks of 4000 in 1.6 seconds
Localize Model processed 1613 samples in chunks of 4000 in 2.3 seconds
Localize Model processed 1554 samples in chunks of 4000 in 2.4 seconds
Localize Model processed 2697 samples in chunks of 4000 in 2.7 seconds
Localize Model processed 1796 samples in chunks of 4000 in 1.6 seconds
Localize Model processed 2091 samples in chunks of 4000 in 2.1 seconds
Localize Model processed 2698 samples in chunks of 4000 in 2.4 seconds
Localize Model processed 1175 samples in chunks of 4000 in 1.6 seconds
Localize Model processed 1477 samples in chunks of 4000 in 2.3 seconds
Localize Model processed 2698 samples in chunks of 4000 in 1.7 seconds
Localize Model processed 2469 samples in chunks of 4000 in 1.9 seconds
Localize Model processed 1625 samples in chunks of 4000 in 2.6 seconds
Localize Model processed 2686 samples in chunks of 4000 in 1.9 seconds
Localize Model processed 1269 samples in chunks of 4000 in 2.1 seconds
Localize Model processed 2069 samples in chunks of 4000 in 2.5 seconds
Localize Model processed 2282 samples in chunks of 4000 in 2.8 seconds
Localize Model processed 2133 samples in chunks of 4000 in 3.0 seconds
Localize Model processed 1974 samples in chunks of 4000 in 2.5 seconds
Localize Model processed 2697 samples in chunks of 4000 in 2.8 seconds
Localize Model processed 1769 samples in chunks of 4000 in 2.8 seconds
Localize Model processed 2698 samples in chunks of 4000 in 2.5 seconds
Localize Model processed 2698 samples in chunks of 4000 in 3.3 seconds
Localize Model processed 1146 samples in chunks of 4000 in 2.1 seconds
Localize Model processed 1926 samples in chunks of 4000 in 2.2 seconds
Localize Model processed 1216 samples in chunks of 4000 in 1.5 seconds
Localize Model processed 2698 samples in chunks of 4000 in 1.8 seconds
Localize Model processed 1865 samples in chunks of 4000 in 2.5 seconds
Localize Model processed 1076 samples in chunks of 4000 in 2.4 seconds
Localize Model processed 1751 samples in chunks of 4000 in 1.9 seconds
Localize Model processed 1814 samples in chunks of 4000 in 1.5 seconds
Localize Model processed 1705 samples in chunks of 4000 in 2.4 seconds
Localize Model processed 1531 samples in chunks of 4000 in 2.1 seconds
Localize Model processed 1918 samples in chunks of 4000 in 1.9 seconds
Localize Model processed 2563 samples in chunks of 4000 in 1.6 seconds
Localize Model processed 2151 samples in chunks of 4000 in 2.1 seconds
Localize Model processed 2697 samples in chunks of 4000 in 3.0 seconds
Localize Model processed 1647 samples in chunks of 4000 in 2.8 seconds
Localize Model processed 1704 samples in chunks of 4000 in 1.7 seconds
Localize Model processed 1868 samples in chunks of 4000 in 2.1 seconds
Localize Model processed 2419 samples in chunks of 4000 in 3.3 seconds
Localize Model processed 1471 samples in chunks of 4000 in 1.7 seconds
Localize Model processed 1241 samples in chunks of 4000 in 2.0 seconds
Localize Model processed 1646 samples in chunks of 4000 in 1.7 seconds
Localize Model processed 1077 samples in chunks of 4000 in 1.7 seconds
Localize Model processed 2665 samples in chunks of 4000 in 2.6 seconds
Localize Model processed 2243 samples in chunks of 4000 in 2.2 seconds
Localize Model processed 1537 samples in chunks of 4000 in 2.2 seconds
Localize Model processed 1665 samples in chunks of 4000 in 1.5 seconds
Localize Model processed 1948 samples in chunks of 4000 in 2.3 seconds
Localize Model processed 2482 samples in chunks of 4000 in 1.6 seconds
Localize Model processed 1888 samples in chunks of 4000 in 2.9 seconds
Localize Model processed 1997 samples in chunks of 4000 in 3.5 seconds
Localize Model processed 2697 samples in chunks of 4000 in 3.2 seconds
Localize Model processed 1723 samples in chunks of 4000 in 2.5 seconds
Localize Model processed 2264 samples in chunks of 4000 in 2.9 seconds
Localize Model processed 1172 samples in chunks of 4000 in 1.3 seconds
Localize Model processed 1884 samples in chunks of 4000 in 2.5 seconds
Localize Model processed 2488 samples in chunks of 4000 in 1.7 seconds
Localize Model processed 2496 samples in chunks of 4000 in 1.7 seconds
Localize Model processed 1766 samples in chunks of 4000 in 2.2 seconds
Localize Model processed 1786 samples in chunks of 4000 in 1.9 seconds
Localize Model processed 1415 samples in chunks of 4000 in 2.2 seconds
Localize Model processed 1206 samples in chunks of 4000 in 3.2 seconds
Localize Model processed 1603 samples in chunks of 4000 in 3.2 seconds
Localize Model processed 2698 samples in chunks of 4000 in 2.5 seconds
Localize Model processed 2331 samples in chunks of 4000 in 2.5 seconds
Localize Model processed 2546 samples in chunks of 4000 in 3.3 seconds
Localize Model processed 2698 samples in chunks of 4000 in 2.4 seconds
Localize Model processed 1352 samples in chunks of 4000 in 1.7 seconds
Localize Model processed 2698 samples in chunks of 4000 in 3.0 seconds
Localize Model processed 1218 samples in chunks of 4000 in 1.6 seconds
Localize Model processed 1317 samples in chunks of 4000 in 2.3 seconds
Localize Model processed 1433 samples in chunks of 4000 in 2.3 seconds
Localize Model processed 2032 samples in chunks of 4000 in 3.2 seconds
Localize Model processed 2698 samples in chunks of 4000 in 2.4 seconds
Localize Model processed 1427 samples in chunks of 4000 in 1.4 seconds
Localize Model processed 2285 samples in chunks of 4000 in 2.5 seconds
Localize Model processed 1464 samples in chunks of 4000 in 2.4 seconds
Localize Model processed 2297 samples in chunks of 4000 in 1.8 seconds
Localize Model processed 1159 samples in chunks of 4000 in 1.9 seconds
Localize Model processed 1116 samples in chunks of 4000 in 1.5 seconds
Localize Model processed 2697 samples in chunks of 4000 in 3.5 seconds
Localize Model processed 1132 samples in chunks of 4000 in 2.7 seconds
Localize Model processed 2516 samples in chunks of 4000 in 2.7 seconds
Localize Model processed 1253 samples in chunks of 4000 in 2.3 seconds
Localize Model processed 2318 samples in chunks of 4000 in 1.7 seconds
Localize Model processed 2697 samples in chunks of 4000 in 3.7 seconds
Localize Model processed 1251 samples in chunks of 4000 in 1.9 seconds
Localize Model processed 1616 samples in chunks of 4000 in 1.9 seconds
Localize Model processed 1958 samples in chunks of 4000 in 2.5 seconds
Localize Model processed 1772 samples in chunks of 4000 in 1.6 seconds
Localize Model processed 2098 samples in chunks of 4000 in 2.5 seconds
Localize Model processed 2067 samples in chunks of 4000 in 1.5 seconds
Localize Model processed 2168 samples in chunks of 4000 in 2.1 seconds
Localize Model processed 1427 samples in chunks of 4000 in 1.4 seconds
Localize Model processed 2632 samples in chunks of 4000 in 2.2 seconds
Localize Model processed 1846 samples in chunks of 4000 in 1.8 seconds
Localize Model processed 1134 samples in chunks of 4000 in 2.7 seconds
Localize Model processed 2178 samples in chunks of 4000 in 2.8 seconds
Localize Model processed 1622 samples in chunks of 4000 in 2.8 seconds
Localize Model processed 1992 samples in chunks of 4000 in 1.6 seconds
Localize Model processed 2698 samples in chunks of 4000 in 4.1 seconds
Localize Model processed 1227 samples in chunks of 4000 in 1.5 seconds
Localize Model processed 1941 samples in chunks of 4000 in 1.8 seconds
Localize Model processed 2213 samples in chunks of 4000 in 1.8 seconds
Localize Model processed 1961 samples in chunks of 4000 in 2.0 seconds
Localize Model processed 2528 samples in chunks of 4000 in 2.8 seconds
Localize Model processed 2698 samples in chunks of 4000 in 1.8 seconds
Localize Model processed 1920 samples in chunks of 4000 in 2.7 seconds
Localize Model processed 2698 samples in chunks of 4000 in 1.8 seconds
Localize Model processed 2188 samples in chunks of 4000 in 1.6 seconds
Localize Model processed 2697 samples in chunks of 4000 in 1.8 seconds
Localize Model processed 1480 samples in chunks of 4000 in 2.4 seconds
Localize Model processed 1295 samples in chunks of 4000 in 2.3 seconds
Localize Model processed 1274 samples in chunks of 4000 in 2.5 seconds
Localize Model processed 1190 samples in chunks of 4000 in 1.7 seconds
Localize Model processed 1371 samples in chunks of 4000 in 2.1 seconds
Localize Model processed 2482 samples in chunks of 4000 in 1.7 seconds
Localize Model processed 1490 samples in chunks of 4000 in 2.3 seconds
Localize Model processed 2697 samples in chunks of 4000 in 2.5 seconds
Localize Model processed 1289 samples in chunks of 4000 in 1.7 seconds
Localize Model processed 2448 samples in chunks of 4000 in 2.8 seconds
Localize Model processed 2112 samples in chunks of 4000 in 2.3 seconds
Localize Model processed 1934 samples in chunks of 4000 in 1.4 seconds
Localize Model processed 1906 samples in chunks of 4000 in 3.3 seconds
Localize Model processed 2698 samples in chunks of 4000 in 2.6 seconds
Localize Model processed 2697 samples in chunks of 4000 in 2.8 seconds
Localize Model processed 2698 samples in chunks of 4000 in 2.6 seconds
Localize Model processed 2323 samples in chunks of 4000 in 2.3 seconds
Localize Model processed 1116 samples in chunks of 4000 in 1.7 seconds
Localize Model processed 1148 samples in chunks of 4000 in 1.4 seconds
Localize Model processed 1328 samples in chunks of 4000 in 2.4 seconds
Localize Model processed 2697 samples in chunks of 4000 in 1.8 seconds
Localize Model processed 1178 samples in chunks of 4000 in 2.3 seconds
Localize Model processed 1630 samples in chunks of 4000 in 1.6 seconds
Localize Model processed 2698 samples in chunks of 4000 in 2.1 seconds
Localize Model processed 2508 samples in chunks of 4000 in 3.4 seconds
Localize Model processed 1937 samples in chunks of 4000 in 2.0 seconds
Localize Model processed 1719 samples in chunks of 4000 in 2.1 seconds
Localize Model processed 1486 samples in chunks of 4000 in 2.0 seconds
Localize Model processed 2688 samples in chunks of 4000 in 2.6 seconds
Localize Model processed 2698 samples in chunks of 4000 in 3.5 seconds
Localize Model processed 2595 samples in chunks of 4000 in 1.7 seconds
Localize Model processed 2698 samples in chunks of 4000 in 2.0 seconds
Localize Model processed 1956 samples in chunks of 4000 in 1.9 seconds
Localize Model processed 1843 samples in chunks of 4000 in 1.3 seconds
Localize Model processed 1370 samples in chunks of 4000 in 2.5 seconds
Localize Model processed 1509 samples in chunks of 4000 in 1.6 seconds
Localize Model processed 2697 samples in chunks of 4000 in 2.9 seconds
Localize Model processed 1222 samples in chunks of 4000 in 1.6 seconds
Localize Model processed 2698 samples in chunks of 4000 in 2.3 seconds
Localize Model processed 1611 samples in chunks of 4000 in 2.3 seconds
Localize Model processed 1817 samples in chunks of 4000 in 2.6 seconds
Localize Model processed 2698 samples in chunks of 4000 in 3.6 seconds
Localize Model processed 2641 samples in chunks of 4000 in 2.5 seconds
Localize Model processed 2697 samples in chunks of 4000 in 2.1 seconds
Localize Model processed 2652 samples in chunks of 4000 in 3.3 seconds
Localize Model processed 1241 samples in chunks of 4000 in 1.6 seconds
Localize Model processed 2697 samples in chunks of 4000 in 3.2 seconds
Localize Model processed 2697 samples in chunks of 4000 in 2.2 seconds
Localize Model processed 1631 samples in chunks of 4000 in 1.2 seconds
Localize Model processed 1104 samples in chunks of 4000 in 2.0 seconds
Localize Model processed 1172 samples in chunks of 4000 in 1.8 seconds
Localize Model processed 2098 samples in chunks of 4000 in 1.9 seconds
Localize Model processed 2279 samples in chunks of 4000 in 1.9 seconds
Localize Model processed 1993 samples in chunks of 4000 in 1.7 seconds
Localize Model processed 1486 samples in chunks of 4000 in 2.4 seconds
Localize Model processed 2653 samples in chunks of 4000 in 2.0 seconds
Localize Model processed 2679 samples in chunks of 4000 in 3.1 seconds
Localize Model processed 1169 samples in chunks of 4000 in 1.7 seconds
Localize Model processed 1293 samples in chunks of 4000 in 2.8 seconds
Localize Model processed 1922 samples in chunks of 4000 in 2.3 seconds
Localize Model processed 1234 samples in chunks of 4000 in 2.4 seconds
Localize Model processed 1721 samples in chunks of 4000 in 2.4 seconds
Localize Model processed 1550 samples in chunks of 4000 in 1.5 seconds
Localize Model processed 2698 samples in chunks of 4000 in 1.6 seconds
Localize Model processed 1148 samples in chunks of 4000 in 2.6 seconds
Localize Model processed 1126 samples in chunks of 4000 in 1.7 seconds
Localize Model processed 1239 samples in chunks of 4000 in 2.5 seconds
Localize Model processed 1166 samples in chunks of 4000 in 1.5 seconds
Localize Model processed 1187 samples in chunks of 4000 in 1.3 seconds
Localize Model processed 2172 samples in chunks of 4000 in 3.1 seconds
Localize Model processed 1054 samples in chunks of 4000 in 1.6 seconds
Localize Model processed 1674 samples in chunks of 4000 in 2.6 seconds
Localize Model processed 1815 samples in chunks of 4000 in 2.0 seconds
Localize Model processed 1859 samples in chunks of 4000 in 2.5 seconds
Localize Model processed 1412 samples in chunks of 4000 in 2.1 seconds
Localize Model processed 2697 samples in chunks of 4000 in 2.5 seconds
Localize Model processed 1910 samples in chunks of 4000 in 2.0 seconds
Localize Model processed 1851 samples in chunks of 4000 in 2.0 seconds
Localize Model processed 2051 samples in chunks of 4000 in 2.5 seconds
Localize Model processed 1972 samples in chunks of 4000 in 3.3 seconds
Localize Model processed 2698 samples in chunks of 4000 in 2.6 seconds
Localize Model processed 2697 samples in chunks of 4000 in 2.3 seconds
Localize Model processed 1449 samples in chunks of 4000 in 1.5 seconds
Localize Model processed 1694 samples in chunks of 4000 in 1.4 seconds
Localize Model processed 2698 samples in chunks of 4000 in 3.4 seconds
Localize Model processed 2698 samples in chunks of 4000 in 3.3 seconds
Localize Model processed 2648 samples in chunks of 4000 in 2.9 seconds
Localize Model processed 2697 samples in chunks of 4000 in 2.6 seconds
Localize Model processed 2249 samples in chunks of 4000 in 2.2 seconds
Localize Model processed 2252 samples in chunks of 4000 in 2.3 seconds
Localize Model processed 1581 samples in chunks of 4000 in 1.9 seconds
Localize Model processed 1157 samples in chunks of 4000 in 2.2 seconds
Localize Model processed 2698 samples in chunks of 4000 in 1.7 seconds
Localize Model processed 1819 samples in chunks of 4000 in 2.4 seconds
Localize Model processed 1789 samples in chunks of 4000 in 2.4 seconds
Localize Model processed 1938 samples in chunks of 4000 in 2.1 seconds
Localize Model processed 1645 samples in chunks of 4000 in 2.3 seconds
Localize Model processed 2697 samples in chunks of 4000 in 1.4 seconds
Localize Model processed 1148 samples in chunks of 4000 in 1.3 seconds
Localize Model processed 1699 samples in chunks of 4000 in 2.0 seconds
Localize Model processed 1711 samples in chunks of 4000 in 2.2 seconds
Localize Model processed 2135 samples in chunks of 4000 in 2.2 seconds
Localize Model processed 1598 samples in chunks of 4000 in 2.2 seconds
Localize Model processed 1114 samples in chunks of 4000 in 2.0 seconds
Localize Model processed 1285 samples in chunks of 4000 in 2.7 seconds
Localize Model processed 2698 samples in chunks of 4000 in 2.2 seconds
Localize Model processed 1440 samples in chunks of 4000 in 2.4 seconds
Localize Model processed 1115 samples in chunks of 4000 in 1.5 seconds
Localize Model processed 1519 samples in chunks of 4000 in 2.4 seconds
Localize Model processed 1107 samples in chunks of 4000 in 1.7 seconds
Localize Model processed 1340 samples in chunks of 4000 in 2.1 seconds
Localize Model processed 1174 samples in chunks of 4000 in 2.2 seconds
Localize Model processed 1814 samples in chunks of 4000 in 2.0 seconds
Localize Model processed 2113 samples in chunks of 4000 in 2.4 seconds
Localize Model processed 1092 samples in chunks of 4000 in 2.7 seconds
Localize Model processed 2382 samples in chunks of 4000 in 2.4 seconds
Localize Model processed 1838 samples in chunks of 4000 in 2.0 seconds
Localize Model processed 1565 samples in chunks of 4000 in 1.3 seconds
Localize Model processed 1165 samples in chunks of 4000 in 1.4 seconds
Localize Model processed 1047 samples in chunks of 4000 in 1.8 seconds
Localize Model processed 2581 samples in chunks of 4000 in 2.2 seconds
Localize Model processed 1182 samples in chunks of 4000 in 1.7 seconds
Localize Model processed 2697 samples in chunks of 4000 in 2.2 seconds
Localize Model processed 2697 samples in chunks of 4000 in 2.5 seconds
Localize Model processed 1466 samples in chunks of 4000 in 2.6 seconds
Localize Model processed 1600 samples in chunks of 4000 in 1.5 seconds
Localize Model processed 2698 samples in chunks of 4000 in 2.2 seconds
Localize Model processed 1454 samples in chunks of 4000 in 1.6 seconds
Localize Model processed 1386 samples in chunks of 4000 in 1.7 seconds
Localize Model processed 1631 samples in chunks of 4000 in 2.1 seconds
Localize Model processed 2317 samples in chunks of 4000 in 1.5 seconds
Localize Model processed 2302 samples in chunks of 4000 in 2.2 seconds
Localize Model processed 1220 samples in chunks of 4000 in 1.3 seconds
Localize Model processed 1227 samples in chunks of 4000 in 2.2 seconds
Localize Model processed 1843 samples in chunks of 4000 in 2.7 seconds
Localize Model processed 2035 samples in chunks of 4000 in 1.6 seconds
Localize Model processed 1182 samples in chunks of 4000 in 2.6 seconds
Localize Model processed 1113 samples in chunks of 4000 in 1.4 seconds
Localize Model processed 2697 samples in chunks of 4000 in 1.5 seconds
Localize Model processed 2271 samples in chunks of 4000 in 3.8 seconds
Localize Model processed 2698 samples in chunks of 4000 in 3.0 seconds
Localize Model processed 2409 samples in chunks of 4000 in 2.5 seconds
Localize Model processed 2698 samples in chunks of 4000 in 1.9 seconds
Localize Model processed 2232 samples in chunks of 4000 in 2.1 seconds
Localize Model processed 2590 samples in chunks of 4000 in 2.7 seconds
Localize Model processed 1097 samples in chunks of 4000 in 2.0 seconds
Localize Model processed 1531 samples in chunks of 4000 in 1.6 seconds
Localize Model processed 2697 samples in chunks of 4000 in 2.9 seconds
Localize Model processed 2697 samples in chunks of 4000 in 3.5 seconds
Localize Model processed 2698 samples in chunks of 4000 in 2.1 seconds
Localize Model processed 1760 samples in chunks of 4000 in 1.7 seconds
Localize Model processed 2698 samples in chunks of 4000 in 2.1 seconds
Localize Model processed 1097 samples in chunks of 4000 in 1.6 seconds
Localize Model processed 2012 samples in chunks of 4000 in 1.5 seconds
Localize Model processed 1645 samples in chunks of 4000 in 2.6 seconds
Localize Model processed 1756 samples in chunks of 4000 in 1.7 seconds
Localize Model processed 1527 samples in chunks of 4000 in 2.1 seconds
Localize Model processed 2697 samples in chunks of 4000 in 2.4 seconds
Localize Model processed 1186 samples in chunks of 4000 in 1.8 seconds
Localize Model processed 2605 samples in chunks of 4000 in 2.5 seconds
Localize Model processed 2127 samples in chunks of 4000 in 2.8 seconds
Localize Model processed 1053 samples in chunks of 4000 in 1.9 seconds
Localize Model processed 2087 samples in chunks of 4000 in 2.0 seconds
Localize Model processed 1881 samples in chunks of 4000 in 2.3 seconds
Localize Model processed 1151 samples in chunks of 4000 in 1.6 seconds
Localize Model processed 1482 samples in chunks of 4000 in 2.1 seconds
Localize Model processed 1058 samples in chunks of 4000 in 1.6 seconds
Localize Model processed 1226 samples in chunks of 4000 in 2.2 seconds
Localize Model processed 1327 samples in chunks of 4000 in 1.9 seconds
Localize Model processed 1177 samples in chunks of 4000 in 1.8 seconds
Localize Model processed 2697 samples in chunks of 4000 in 1.5 seconds
Localize Model processed 1177 samples in chunks of 4000 in 1.8 seconds
Localize Model processed 1692 samples in chunks of 4000 in 2.5 seconds
Localize Model processed 1475 samples in chunks of 4000 in 1.5 seconds
Localize Model processed 2698 samples in chunks of 4000 in 2.0 seconds
Localize Model processed 1503 samples in chunks of 4000 in 2.0 seconds
Localize Model processed 1882 samples in chunks of 4000 in 1.9 seconds
Localize Model processed 1078 samples in chunks of 4000 in 3.1 seconds
Localize Model processed 1619 samples in chunks of 4000 in 2.1 seconds
Localize Model processed 1245 samples in chunks of 4000 in 1.9 seconds
Localize Model processed 1788 samples in chunks of 4000 in 2.0 seconds
Localize Model processed 1118 samples in chunks of 4000 in 2.2 seconds
Localize Model processed 2631 samples in chunks of 4000 in 3.1 seconds
Localize Model processed 1146 samples in chunks of 4000 in 1.5 seconds
Localize Model processed 2505 samples in chunks of 4000 in 2.4 seconds
Localize Model processed 2067 samples in chunks of 4000 in 1.7 seconds
Localize Model processed 2263 samples in chunks of 4000 in 3.2 seconds
Localize Model processed 1332 samples in chunks of 4000 in 2.6 seconds
Localize Model processed 2257 samples in chunks of 4000 in 1.4 seconds
Localize Model processed 1658 samples in chunks of 4000 in 2.2 seconds
Localize Model processed 2562 samples in chunks of 4000 in 1.4 seconds
Localize Model processed 2698 samples in chunks of 4000 in 1.3 seconds
Localize Model processed 1199 samples in chunks of 4000 in 1.7 seconds
Localize Model processed 1696 samples in chunks of 4000 in 2.1 seconds
Localize Model processed 1285 samples in chunks of 4000 in 2.5 seconds
Localize Model processed 1095 samples in chunks of 4000 in 1.5 seconds
Localize Model processed 2116 samples in chunks of 4000 in 2.3 seconds
Localize Model processed 1202 samples in chunks of 4000 in 1.8 seconds
Localize Model processed 1241 samples in chunks of 4000 in 1.9 seconds
Localize Model processed 1739 samples in chunks of 4000 in 2.0 seconds
Localize Model processed 1486 samples in chunks of 4000 in 2.1 seconds
Localize Model processed 2649 samples in chunks of 4000 in 2.2 seconds
Localize Model processed 2697 samples in chunks of 4000 in 2.7 seconds
Localize Model processed 2698 samples in chunks of 4000 in 2.8 seconds
Localize Model processed 1230 samples in chunks of 4000 in 2.2 seconds
Localize Model processed 1856 samples in chunks of 4000 in 1.9 seconds
Localize Model processed 2391 samples in chunks of 4000 in 2.6 seconds
Localize Model processed 1049 samples in chunks of 4000 in 2.0 seconds
Localize Model processed 1637 samples in chunks of 4000 in 2.5 seconds
Localize Model processed 2698 samples in chunks of 4000 in 3.0 seconds
Localize Model processed 2317 samples in chunks of 4000 in 1.4 seconds
Localize Model processed 1807 samples in chunks of 4000 in 1.3 seconds
Localize Model processed 1467 samples in chunks of 4000 in 2.5 seconds
Localize Model processed 2697 samples in chunks of 4000 in 2.4 seconds
Localize Model processed 1455 samples in chunks of 4000 in 2.1 seconds
Localize Model processed 1613 samples in chunks of 4000 in 2.2 seconds
Localize Model processed 2108 samples in chunks of 4000 in 1.6 seconds
Localize Model processed 1694 samples in chunks of 4000 in 2.3 seconds
Localize Model processed 2469 samples in chunks of 4000 in 2.1 seconds
Localize Model processed 1606 samples in chunks of 4000 in 2.6 seconds
Localize Model processed 1106 samples in chunks of 4000 in 1.7 seconds
Localize Model processed 1653 samples in chunks of 4000 in 2.1 seconds
Localize Model processed 2534 samples in chunks of 4000 in 3.6 seconds
Localize Model processed 1694 samples in chunks of 4000 in 2.3 seconds
Localize Model processed 2697 samples in chunks of 4000 in 2.7 seconds
Localize Model processed 1120 samples in chunks of 4000 in 1.7 seconds
Localize Model processed 2304 samples in chunks of 4000 in 2.1 seconds
Localize Model processed 1122 samples in chunks of 4000 in 2.1 seconds
Localize Model processed 1463 samples in chunks of 4000 in 1.5 seconds
Localize Model processed 2474 samples in chunks of 4000 in 1.9 seconds
Localize Model processed 1146 samples in chunks of 4000 in 1.1 seconds
Localize Model processed 2472 samples in chunks of 4000 in 1.0 seconds
Localize Model processed 2178 samples in chunks of 4000 in 1.8 seconds
Localize Model processed 1789 samples in chunks of 4000 in 2.8 seconds
Localize Model processed 2698 samples in chunks of 4000 in 2.3 seconds
Localize Model processed 2698 samples in chunks of 4000 in 2.7 seconds
Localize Model processed 2317 samples in chunks of 4000 in 2.7 seconds
Localize Model processed 1406 samples in chunks of 4000 in 2.1 seconds
Localize Model processed 1682 samples in chunks of 4000 in 1.8 seconds
Localize Model processed 1320 samples in chunks of 4000 in 1.7 seconds
Localize Model processed 1153 samples in chunks of 4000 in 1.9 seconds
Localize Model processed 2187 samples in chunks of 4000 in 1.4 seconds
Localize Model processed 1406 samples in chunks of 4000 in 3.0 seconds
Localize Model processed 1221 samples in chunks of 4000 in 1.3 seconds
Localize Model processed 1166 samples in chunks of 4000 in 1.9 seconds
Localize Model processed 2697 samples in chunks of 4000 in 2.9 seconds
Localize Model processed 1776 samples in chunks of 4000 in 2.6 seconds
Localize Model processed 2697 samples in chunks of 4000 in 3.0 seconds
Localize Model processed 1163 samples in chunks of 4000 in 1.4 seconds
Localize Model processed 2209 samples in chunks of 4000 in 2.1 seconds
Localize Model processed 1180 samples in chunks of 4000 in 1.5 seconds
Localize Model processed 1678 samples in chunks of 4000 in 1.0 seconds
Localize Model processed 1330 samples in chunks of 4000 in 2.0 seconds
Localize Model processed 1341 samples in chunks of 4000 in 2.0 seconds
Localize Model processed 1923 samples in chunks of 4000 in 2.0 seconds
Localize Model processed 2238 samples in chunks of 4000 in 1.6 seconds
Localize Model processed 1340 samples in chunks of 4000 in 2.3 seconds
Localize Model processed 2549 samples in chunks of 4000 in 2.5 seconds
Localize Model processed 2655 samples in chunks of 4000 in 2.6 seconds
Localize Model processed 1230 samples in chunks of 4000 in 1.7 seconds
Localize Model processed 1456 samples in chunks of 4000 in 2.2 seconds
Localize Model processed 1091 samples in chunks of 4000 in 1.8 seconds
Localize Model processed 1166 samples in chunks of 4000 in 2.4 seconds
Localize Model processed 1975 samples in chunks of 4000 in 1.9 seconds
Localize Model processed 1243 samples in chunks of 4000 in 2.7 seconds
Localize Model processed 1728 samples in chunks of 4000 in 2.3 seconds
Localize Model processed 1138 samples in chunks of 4000 in 2.0 seconds
Localize Model processed 1750 samples in chunks of 4000 in 1.4 seconds
Localize Model processed 1620 samples in chunks of 4000 in 1.9 seconds
Localize Model processed 2409 samples in chunks of 4000 in 1.9 seconds
Localize Model processed 1747 samples in chunks of 4000 in 1.4 seconds
Localize Model processed 1552 samples in chunks of 4000 in 1.0 seconds
Localize Model processed 1681 samples in chunks of 4000 in 2.8 seconds
Localize Model processed 1078 samples in chunks of 4000 in 2.6 seconds
Localize Model processed 2698 samples in chunks of 4000 in 3.2 seconds
Localize Model processed 1516 samples in chunks of 4000 in 1.9 seconds
Localize Model processed 1351 samples in chunks of 4000 in 2.1 seconds
Localize Model processed 1373 samples in chunks of 4000 in 2.1 seconds
Localize Model processed 2698 samples in chunks of 4000 in 2.1 seconds
Localize Model processed 2698 samples in chunks of 4000 in 2.1 seconds
Localize Model processed 2217 samples in chunks of 4000 in 2.7 seconds
Localize Model processed 1728 samples in chunks of 4000 in 1.3 seconds
Localize Model processed 1855 samples in chunks of 4000 in 2.5 seconds
Localize Model processed 1257 samples in chunks of 4000 in 3.2 seconds
Localize Model processed 1449 samples in chunks of 4000 in 1.9 seconds
Localize Model processed 2199 samples in chunks of 4000 in 2.6 seconds
Localize Model processed 1465 samples in chunks of 4000 in 2.3 seconds
Localize Model processed 1171 samples in chunks of 4000 in 1.6 seconds
Localize Model processed 1154 samples in chunks of 4000 in 1.5 seconds
Localize Model processed 1491 samples in chunks of 4000 in 1.9 seconds
Localize Model processed 1100 samples in chunks of 4000 in 1.1 seconds
Localize Model processed 1389 samples in chunks of 4000 in 1.1 seconds
Localize Model processed 2460 samples in chunks of 4000 in 1.9 seconds
Localize Model processed 1084 samples in chunks of 4000 in 1.5 seconds
Localize Model processed 2079 samples in chunks of 4000 in 1.6 seconds
Localize Model processed 1434 samples in chunks of 4000 in 1.9 seconds
Localize Model processed 1147 samples in chunks of 4000 in 1.8 seconds
Localize Model processed 1474 samples in chunks of 4000 in 2.2 seconds
Localize Model processed 1785 samples in chunks of 4000 in 1.5 seconds
Localize Model processed 1425 samples in chunks of 4000 in 1.9 seconds
Localize Model processed 1765 samples in chunks of 4000 in 2.9 seconds
Localize Model processed 2403 samples in chunks of 4000 in 2.9 seconds
Localize Model processed 2220 samples in chunks of 4000 in 2.7 seconds
Localize Model processed 1445 samples in chunks of 4000 in 1.2 seconds
Localize Model processed 1667 samples in chunks of 4000 in 1.5 seconds
Localize Model processed 2698 samples in chunks of 4000 in 1.9 seconds
Localize Model processed 1201 samples in chunks of 4000 in 1.9 seconds
Localize Model processed 2464 samples in chunks of 4000 in 2.9 seconds
Localize Model processed 1073 samples in chunks of 4000 in 1.5 seconds
Localize Model processed 2163 samples in chunks of 4000 in 1.5 seconds
Localize Model processed 1138 samples in chunks of 4000 in 1.2 seconds
Localize Model processed 2323 samples in chunks of 4000 in 1.1 seconds
Localize Model processed 1481 samples in chunks of 4000 in 1.7 seconds
Localize Model processed 2698 samples in chunks of 4000 in 2.5 seconds
Localize Model processed 2625 samples in chunks of 4000 in 2.5 seconds
Localize Model processed 2698 samples in chunks of 4000 in 1.9 seconds
Localize Model processed 1102 samples in chunks of 4000 in 2.4 seconds
Localize Model processed 1310 samples in chunks of 4000 in 2.4 seconds
Localize Model processed 2697 samples in chunks of 4000 in 2.1 seconds
Localize Model processed 2697 samples in chunks of 4000 in 2.0 seconds
Localize Model processed 1518 samples in chunks of 4000 in 1.8 seconds
Localize Model processed 1225 samples in chunks of 4000 in 1.7 seconds
Localize Model processed 2697 samples in chunks of 4000 in 2.0 seconds
Localize Model processed 1264 samples in chunks of 4000 in 2.2 seconds
Localize Model processed 2698 samples in chunks of 4000 in 2.7 seconds
Localize Model processed 1907 samples in chunks of 4000 in 1.7 seconds
Localize Model processed 2256 samples in chunks of 4000 in 1.8 seconds
Localize Model processed 2245 samples in chunks of 4000 in 2.2 seconds
Localize Model processed 1060 samples in chunks of 4000 in 1.7 seconds
Localize Model processed 1611 samples in chunks of 4000 in 1.9 seconds
Localize Model processed 2697 samples in chunks of 4000 in 1.2 seconds
Localize Model processed 1478 samples in chunks of 4000 in 1.0 seconds
Localize Model processed 1143 samples in chunks of 4000 in 1.6 seconds
Localize Model processed 2154 samples in chunks of 4000 in 2.5 seconds
Localize Model processed 2547 samples in chunks of 4000 in 2.7 seconds
Localize Model processed 1220 samples in chunks of 4000 in 1.9 seconds
Localize Model processed 2235 samples in chunks of 4000 in 1.4 seconds
Localize Model processed 2452 samples in chunks of 4000 in 2.8 seconds
Localize Model processed 2697 samples in chunks of 4000 in 2.0 seconds
Localize Model processed 1235 samples in chunks of 4000 in 1.6 seconds
Localize Model processed 1602 samples in chunks of 4000 in 2.5 seconds
Localize Model processed 1628 samples in chunks of 4000 in 2.2 seconds
Localize Model processed 2698 samples in chunks of 4000 in 2.6 seconds
Localize Model processed 1885 samples in chunks of 4000 in 1.6 seconds
Localize Model processed 1102 samples in chunks of 4000 in 2.0 seconds
Localize Model processed 2697 samples in chunks of 4000 in 2.3 seconds
Localize Model processed 2389 samples in chunks of 4000 in 1.6 seconds
Localize Model processed 2697 samples in chunks of 4000 in 2.4 seconds
Localize Model processed 1505 samples in chunks of 4000 in 1.5 seconds
Localize Model processed 2474 samples in chunks of 4000 in 2.0 seconds
Localize Model processed 2400 samples in chunks of 4000 in 1.0 seconds
Localize Model processed 2698 samples in chunks of 4000 in 0.9 seconds
Localize Model processed 1564 samples in chunks of 4000 in 1.6 seconds
Localize Model processed 1959 samples in chunks of 4000 in 2.0 seconds
Localize Model processed 1989 samples in chunks of 4000 in 1.9 seconds
Localize Model processed 1495 samples in chunks of 4000 in 2.7 seconds
Localize Model processed 1396 samples in chunks of 4000 in 1.6 seconds
Localize Model processed 1382 samples in chunks of 4000 in 2.4 seconds
Localize Model processed 2697 samples in chunks of 4000 in 2.3 seconds
Localize Model processed 1898 samples in chunks of 4000 in 2.3 seconds
Localize Model processed 2430 samples in chunks of 4000 in 2.7 seconds
Localize Model processed 1580 samples in chunks of 4000 in 1.9 seconds
Localize Model processed 2697 samples in chunks of 4000 in 1.6 seconds
Localize Model processed 1571 samples in chunks of 4000 in 3.4 seconds
Localize Model processed 2036 samples in chunks of 4000 in 3.3 seconds
Localize Model processed 1211 samples in chunks of 4000 in 2.6 seconds
Localize Model processed 1948 samples in chunks of 4000 in 3.1 seconds
Localize Model processed 2697 samples in chunks of 4000 in 1.6 seconds
Localize Model processed 2697 samples in chunks of 4000 in 1.5 seconds
Localize Model processed 1727 samples in chunks of 4000 in 1.4 seconds
Localize Model processed 2389 samples in chunks of 4000 in 0.9 seconds
Localize Model processed 1599 samples in chunks of 4000 in 0.8 seconds
Predicting sightlines time: 77.05578112602234 seconds
Localize Model processed 2172 samples in chunks of 4000 in 2.9 seconds
Localize Model processed 1054 samples in chunks of 4000 in 1.7 seconds
Localize Model processed 1674 samples in chunks of 4000 in 3.4 seconds
Localize Model processed 1815 samples in chunks of 4000 in 1.5 seconds
Localize Model processed 1859 samples in chunks of 4000 in 2.2 seconds
Localize Model processed 2133 samples in chunks of 4000 in 2.5 seconds
Localize Model processed 1974 samples in chunks of 4000 in 2.1 seconds
Localize Model processed 2697 samples in chunks of 4000 in 1.7 seconds
Localize Model processed 1769 samples in chunks of 4000 in 2.3 seconds
Localize Model processed 2698 samples in chunks of 4000 in 2.6 seconds
Localize Model processed 2335 samples in chunks of 4000 in 2.4 seconds
Localize Model processed 2189 samples in chunks of 4000 in 2.9 seconds
Localize Model processed 1152 samples in chunks of 4000 in 2.2 seconds
Localize Model processed 1600 samples in chunks of 4000 in 2.2 seconds
Localize Model processed 1330 samples in chunks of 4000 in 2.0 seconds
Localize Model processed 1341 samples in chunks of 4000 in 1.8 seconds
Localize Model processed 1923 samples in chunks of 4000 in 2.4 seconds
Localize Model processed 2238 samples in chunks of 4000 in 1.7 seconds
Localize Model processed 1340 samples in chunks of 4000 in 2.3 seconds
Localize Model processed 2133 samples in chunks of 4000 in 2.9 seconds
Localize Model processed 1974 samples in chunks of 4000 in 2.0 seconds
Localize Model processed 2697 samples in chunks of 4000 in 2.2 seconds
Localize Model processed 1769 samples in chunks of 4000 in 2.3 seconds
Localize Model processed 2698 samples in chunks of 4000 in 3.0 seconds
Localize Model processed 1151 samples in chunks of 4000 in 1.5 seconds
Localize Model processed 1482 samples in chunks of 4000 in 2.1 seconds
Localize Model processed 1058 samples in chunks of 4000 in 1.6 seconds
Localize Model processed 1226 samples in chunks of 4000 in 2.0 seconds
Localize Model processed 1645 samples in chunks of 4000 in 2.3 seconds
Localize Model processed 1756 samples in chunks of 4000 in 1.8 seconds
Localize Model processed 1527 samples in chunks of 4000 in 2.8 seconds
Localize Model processed 2697 samples in chunks of 4000 in 2.7 seconds
Localize Model processed 1186 samples in chunks of 4000 in 1.5 seconds
Localize Model processed 1373 samples in chunks of 4000 in 2.0 seconds
Localize Model processed 2698 samples in chunks of 4000 in 2.8 seconds
Localize Model processed 2698 samples in chunks of 4000 in 2.6 seconds
Localize Model processed 2217 samples in chunks of 4000 in 2.0 seconds
Localize Model processed 1728 samples in chunks of 4000 in 1.5 seconds
Localize Model processed 1855 samples in chunks of 4000 in 2.8 seconds
Localize Model processed 1257 samples in chunks of 4000 in 2.4 seconds
Localize Model processed 1449 samples in chunks of 4000 in 2.4 seconds
Localize Model processed 2199 samples in chunks of 4000 in 2.8 seconds
Localize Model processed 1047 samples in chunks of 4000 in 1.6 seconds
Localize Model processed 2581 samples in chunks of 4000 in 3.3 seconds
Localize Model processed 1182 samples in chunks of 4000 in 1.6 seconds
Localize Model processed 2697 samples in chunks of 4000 in 3.1 seconds
Localize Model processed 2697 samples in chunks of 4000 in 2.0 seconds
Localize Model processed 1285 samples in chunks of 4000 in 2.3 seconds
Localize Model processed 2698 samples in chunks of 4000 in 3.0 seconds
Localize Model processed 1440 samples in chunks of 4000 in 2.4 seconds
Localize Model processed 1115 samples in chunks of 4000 in 1.8 seconds
Localize Model processed 1519 samples in chunks of 4000 in 2.0 seconds
Localize Model processed 2534 samples in chunks of 4000 in 3.0 seconds
Localize Model processed 1694 samples in chunks of 4000 in 2.3 seconds
Localize Model processed 2697 samples in chunks of 4000 in 3.2 seconds
Localize Model processed 1120 samples in chunks of 4000 in 1.3 seconds
Localize Model processed 1143 samples in chunks of 4000 in 1.7 seconds
Localize Model processed 2154 samples in chunks of 4000 in 2.5 seconds
Localize Model processed 2547 samples in chunks of 4000 in 2.4 seconds
Localize Model processed 1220 samples in chunks of 4000 in 1.5 seconds
Localize Model processed 2235 samples in chunks of 4000 in 1.6 seconds
Localize Model processed 1486 samples in chunks of 4000 in 2.9 seconds
Localize Model processed 2653 samples in chunks of 4000 in 2.2 seconds
Localize Model processed 2679 samples in chunks of 4000 in 2.0 seconds
Localize Model processed 1169 samples in chunks of 4000 in 1.8 seconds
Localize Model processed 1293 samples in chunks of 4000 in 1.5 seconds
Localize Model processed 2697 samples in chunks of 4000 in 2.5 seconds
Localize Model processed 1571 samples in chunks of 4000 in 2.4 seconds
Localize Model processed 2036 samples in chunks of 4000 in 3.1 seconds
Localize Model processed 1211 samples in chunks of 4000 in 2.1 seconds
Localize Model processed 1047 samples in chunks of 4000 in 1.9 seconds
Localize Model processed 2581 samples in chunks of 4000 in 2.4 seconds
Localize Model processed 1182 samples in chunks of 4000 in 1.5 seconds
Localize Model processed 2697 samples in chunks of 4000 in 2.7 seconds
Localize Model processed 2697 samples in chunks of 4000 in 2.1 seconds
Localize Model processed 1382 samples in chunks of 4000 in 2.1 seconds
Localize Model processed 2697 samples in chunks of 4000 in 1.8 seconds
Localize Model processed 1898 samples in chunks of 4000 in 2.0 seconds
Localize Model processed 2430 samples in chunks of 4000 in 2.4 seconds
Localize Model processed 1580 samples in chunks of 4000 in 2.2 seconds
Localize Model processed 2697 samples in chunks of 4000 in 2.9 seconds
Localize Model processed 1571 samples in chunks of 4000 in 2.1 seconds
Localize Model processed 2036 samples in chunks of 4000 in 2.3 seconds
Localize Model processed 1211 samples in chunks of 4000 in 1.9 seconds
Localize Model processed 2262 samples in chunks of 4000 in 2.1 seconds
Localize Model processed 2697 samples in chunks of 4000 in 3.7 seconds
Localize Model processed 1535 samples in chunks of 4000 in 1.8 seconds
Localize Model processed 1067 samples in chunks of 4000 in 2.3 seconds
Localize Model processed 1706 samples in chunks of 4000 in 1.9 seconds
Localize Model processed 1187 samples in chunks of 4000 in 2.2 seconds
Localize Model processed 2605 samples in chunks of 4000 in 2.7 seconds
Localize Model processed 2127 samples in chunks of 4000 in 1.9 seconds
Localize Model processed 1053 samples in chunks of 4000 in 1.7 seconds
Localize Model processed 2087 samples in chunks of 4000 in 2.5 seconds
Localize Model processed 1881 samples in chunks of 4000 in 1.4 seconds
Localize Model processed 2335 samples in chunks of 4000 in 3.4 seconds
Localize Model processed 2189 samples in chunks of 4000 in 3.1 seconds
Localize Model processed 1152 samples in chunks of 4000 in 1.9 seconds
Localize Model processed 1600 samples in chunks of 4000 in 1.6 seconds
Localize Model processed 1327 samples in chunks of 4000 in 1.7 seconds
Localize Model processed 1199 samples in chunks of 4000 in 1.7 seconds
Localize Model processed 1696 samples in chunks of 4000 in 2.7 seconds
Localize Model processed 1285 samples in chunks of 4000 in 1.9 seconds
Localize Model processed 1095 samples in chunks of 4000 in 1.8 seconds
Localize Model processed 2116 samples in chunks of 4000 in 2.2 seconds
Localize Model processed 2549 samples in chunks of 4000 in 3.6 seconds
Localize Model processed 2655 samples in chunks of 4000 in 2.1 seconds
Localize Model processed 1230 samples in chunks of 4000 in 2.1 seconds
Localize Model processed 1456 samples in chunks of 4000 in 2.3 seconds
Localize Model processed 1091 samples in chunks of 4000 in 1.4 seconds
Localize Model processed 2697 samples in chunks of 4000 in 3.3 seconds
Localize Model processed 1264 samples in chunks of 4000 in 1.6 seconds
Localize Model processed 2698 samples in chunks of 4000 in 1.7 seconds
Localize Model processed 1199 samples in chunks of 4000 in 2.4 seconds
Localize Model processed 1696 samples in chunks of 4000 in 2.1 seconds
Localize Model processed 1285 samples in chunks of 4000 in 2.6 seconds
Localize Model processed 1095 samples in chunks of 4000 in 2.1 seconds
Localize Model processed 2116 samples in chunks of 4000 in 1.5 seconds
Localize Model processed 1373 samples in chunks of 4000 in 1.9 seconds
Localize Model processed 2698 samples in chunks of 4000 in 2.4 seconds
Localize Model processed 2698 samples in chunks of 4000 in 2.7 seconds
Localize Model processed 2217 samples in chunks of 4000 in 2.8 seconds
Localize Model processed 1728 samples in chunks of 4000 in 1.7 seconds
Localize Model processed 1855 samples in chunks of 4000 in 2.6 seconds
Localize Model processed 1257 samples in chunks of 4000 in 2.4 seconds
Localize Model processed 1449 samples in chunks of 4000 in 1.7 seconds
Localize Model processed 2199 samples in chunks of 4000 in 2.1 seconds
Localize Model processed 1465 samples in chunks of 4000 in 2.1 seconds
Localize Model processed 2304 samples in chunks of 4000 in 3.1 seconds
Localize Model processed 1467 samples in chunks of 4000 in 2.3 seconds
Localize Model processed 2697 samples in chunks of 4000 in 1.8 seconds
Localize Model processed 1455 samples in chunks of 4000 in 2.8 seconds
Localize Model processed 1613 samples in chunks of 4000 in 1.7 seconds
Localize Model processed 2108 samples in chunks of 4000 in 2.3 seconds
Localize Model processed 2605 samples in chunks of 4000 in 2.3 seconds
Localize Model processed 2127 samples in chunks of 4000 in 2.2 seconds
Localize Model processed 1053 samples in chunks of 4000 in 2.5 seconds
Localize Model processed 2087 samples in chunks of 4000 in 2.2 seconds
Localize Model processed 1881 samples in chunks of 4000 in 2.5 seconds
Localize Model processed 1151 samples in chunks of 4000 in 2.2 seconds
Localize Model processed 1482 samples in chunks of 4000 in 2.1 seconds
Localize Model processed 1058 samples in chunks of 4000 in 2.7 seconds
Localize Model processed 1948 samples in chunks of 4000 in 2.4 seconds
Localize Model processed 1370 samples in chunks of 4000 in 2.8 seconds
Localize Model processed 1509 samples in chunks of 4000 in 1.9 seconds
Localize Model processed 2697 samples in chunks of 4000 in 2.1 seconds
Localize Model processed 1222 samples in chunks of 4000 in 1.7 seconds
Localize Model processed 2698 samples in chunks of 4000 in 1.7 seconds
Localize Model processed 1279 samples in chunks of 4000 in 2.1 seconds
Localize Model processed 1091 samples in chunks of 4000 in 1.6 seconds
Localize Model processed 1813 samples in chunks of 4000 in 2.4 seconds
Localize Model processed 2698 samples in chunks of 4000 in 2.6 seconds
Localize Model processed 2238 samples in chunks of 4000 in 2.1 seconds
Localize Model processed 1151 samples in chunks of 4000 in 2.3 seconds
Localize Model processed 1482 samples in chunks of 4000 in 1.9 seconds
Localize Model processed 1058 samples in chunks of 4000 in 2.3 seconds
Localize Model processed 1948 samples in chunks of 4000 in 2.9 seconds
Localize Model processed 1317 samples in chunks of 4000 in 1.7 seconds
Localize Model processed 1433 samples in chunks of 4000 in 2.4 seconds
Localize Model processed 2032 samples in chunks of 4000 in 2.5 seconds
Localize Model processed 2698 samples in chunks of 4000 in 2.8 seconds
Localize Model processed 1427 samples in chunks of 4000 in 1.7 seconds
Localize Model processed 2508 samples in chunks of 4000 in 2.3 seconds
Localize Model processed 1937 samples in chunks of 4000 in 1.7 seconds
Localize Model processed 1719 samples in chunks of 4000 in 1.4 seconds
Localize Model processed 1486 samples in chunks of 4000 in 2.6 seconds
Localize Model processed 2688 samples in chunks of 4000 in 2.3 seconds
Localize Model processed 1151 samples in chunks of 4000 in 1.9 seconds
Localize Model processed 1482 samples in chunks of 4000 in 1.7 seconds
Localize Model processed 1058 samples in chunks of 4000 in 2.5 seconds
Localize Model processed 1699 samples in chunks of 4000 in 1.8 seconds
Localize Model processed 1711 samples in chunks of 4000 in 2.5 seconds
Localize Model processed 2135 samples in chunks of 4000 in 2.3 seconds
Localize Model processed 1598 samples in chunks of 4000 in 1.7 seconds
Localize Model processed 1114 samples in chunks of 4000 in 1.7 seconds
Localize Model processed 1474 samples in chunks of 4000 in 2.0 seconds
Localize Model processed 1785 samples in chunks of 4000 in 1.8 seconds
Localize Model processed 1425 samples in chunks of 4000 in 2.2 seconds
Localize Model processed 1765 samples in chunks of 4000 in 2.2 seconds
Localize Model processed 2403 samples in chunks of 4000 in 2.6 seconds
Localize Model processed 2697 samples in chunks of 4000 in 3.9 seconds
Localize Model processed 1571 samples in chunks of 4000 in 2.1 seconds
Localize Model processed 2036 samples in chunks of 4000 in 2.0 seconds
Localize Model processed 1211 samples in chunks of 4000 in 2.0 seconds
Localize Model processed 2262 samples in chunks of 4000 in 2.1 seconds
Localize Model processed 1907 samples in chunks of 4000 in 2.3 seconds
Localize Model processed 2256 samples in chunks of 4000 in 2.0 seconds
Localize Model processed 1465 samples in chunks of 4000 in 2.1 seconds
Localize Model processed 1199 samples in chunks of 4000 in 2.1 seconds
Localize Model processed 1696 samples in chunks of 4000 in 1.5 seconds
Localize Model processed 1285 samples in chunks of 4000 in 1.7 seconds
Localize Model processed 1095 samples in chunks of 4000 in 1.5 seconds
Localize Model processed 2116 samples in chunks of 4000 in 2.7 seconds
Localize Model processed 1279 samples in chunks of 4000 in 2.0 seconds
Localize Model processed 1091 samples in chunks of 4000 in 2.0 seconds
Localize Model processed 1813 samples in chunks of 4000 in 2.1 seconds
Localize Model processed 2698 samples in chunks of 4000 in 3.3 seconds
Localize Model processed 2238 samples in chunks of 4000 in 2.5 seconds
Localize Model processed 1151 samples in chunks of 4000 in 1.8 seconds
Localize Model processed 1482 samples in chunks of 4000 in 2.0 seconds
Localize Model processed 1058 samples in chunks of 4000 in 2.2 seconds
Localize Model processed 1226 samples in chunks of 4000 in 1.4 seconds
Localize Model processed 1226 samples in chunks of 4000 in 1.5 seconds
Localize Model processed 1327 samples in chunks of 4000 in 2.1 seconds
Localize Model processed 1226 samples in chunks of 4000 in 1.7 seconds
Localize Model processed 1327 samples in chunks of 4000 in 2.2 seconds
Localize Model processed 1226 samples in chunks of 4000 in 1.7 seconds
Localize Model processed 1327 samples in chunks of 4000 in 2.1 seconds
Localize Model processed 1948 samples in chunks of 4000 in 1.9 seconds
Localize Model processed 1370 samples in chunks of 4000 in 1.9 seconds
Localize Model processed 1509 samples in chunks of 4000 in 3.0 seconds
Localize Model processed 2697 samples in chunks of 4000 in 2.3 seconds
Localize Model processed 1222 samples in chunks of 4000 in 1.9 seconds
Localize Model processed 2698 samples in chunks of 4000 in 2.1 seconds
Localize Model processed 1694 samples in chunks of 4000 in 3.0 seconds
Localize Model processed 2469 samples in chunks of 4000 in 1.7 seconds
Localize Model processed 1606 samples in chunks of 4000 in 2.4 seconds
Localize Model processed 1106 samples in chunks of 4000 in 1.6 seconds
Localize Model processed 1653 samples in chunks of 4000 in 1.7 seconds
Localize Model processed 2697 samples in chunks of 4000 in 2.7 seconds
Localize Model processed 1132 samples in chunks of 4000 in 2.0 seconds
Localize Model processed 2516 samples in chunks of 4000 in 2.7 seconds
Localize Model processed 1253 samples in chunks of 4000 in 1.4 seconds
Localize Model processed 2697 samples in chunks of 4000 in 3.6 seconds
Localize Model processed 2251 samples in chunks of 4000 in 3.2 seconds
Localize Model processed 2343 samples in chunks of 4000 in 2.8 seconds
Localize Model processed 2698 samples in chunks of 4000 in 2.6 seconds
Localize Model processed 1196 samples in chunks of 4000 in 1.7 seconds
Localize Model processed 2285 samples in chunks of 4000 in 2.5 seconds
Localize Model processed 1464 samples in chunks of 4000 in 2.2 seconds
Localize Model processed 2297 samples in chunks of 4000 in 1.9 seconds
Localize Model processed 1159 samples in chunks of 4000 in 2.0 seconds
Localize Model processed 1116 samples in chunks of 4000 in 1.3 seconds
Localize Model processed 2697 samples in chunks of 4000 in 1.8 seconds
Localize Model processed 1132 samples in chunks of 4000 in 2.3 seconds
Localize Model processed 2516 samples in chunks of 4000 in 2.6 seconds
Localize Model processed 1253 samples in chunks of 4000 in 1.6 seconds
Localize Model processed 1467 samples in chunks of 4000 in 2.7 seconds
Localize Model processed 2697 samples in chunks of 4000 in 2.7 seconds
Localize Model processed 1455 samples in chunks of 4000 in 1.4 seconds
Localize Model processed 1613 samples in chunks of 4000 in 2.1 seconds
Localize Model processed 2108 samples in chunks of 4000 in 1.8 seconds
Localize Model processed 2508 samples in chunks of 4000 in 2.7 seconds
Localize Model processed 1937 samples in chunks of 4000 in 1.8 seconds
Localize Model processed 1719 samples in chunks of 4000 in 2.1 seconds
Localize Model processed 1486 samples in chunks of 4000 in 2.3 seconds
Localize Model processed 2688 samples in chunks of 4000 in 2.1 seconds
Localize Model processed 1151 samples in chunks of 4000 in 2.5 seconds
Localize Model processed 1482 samples in chunks of 4000 in 2.4 seconds
Localize Model processed 1058 samples in chunks of 4000 in 1.9 seconds
Localize Model processed 1226 samples in chunks of 4000 in 2.0 seconds
Localize Model processed 1327 samples in chunks of 4000 in 2.1 seconds
Localize Model processed 1370 samples in chunks of 4000 in 1.7 seconds
Localize Model processed 1509 samples in chunks of 4000 in 2.3 seconds
Localize Model processed 2697 samples in chunks of 4000 in 2.6 seconds
Localize Model processed 1222 samples in chunks of 4000 in 1.6 seconds
Localize Model processed 2698 samples in chunks of 4000 in 2.6 seconds
Localize Model processed 1412 samples in chunks of 4000 in 2.1 seconds
Localize Model processed 2697 samples in chunks of 4000 in 2.0 seconds
Localize Model processed 1910 samples in chunks of 4000 in 2.3 seconds
Localize Model processed 1851 samples in chunks of 4000 in 2.6 seconds
Localize Model processed 2051 samples in chunks of 4000 in 2.2 seconds
Localize Model processed 1647 samples in chunks of 4000 in 2.7 seconds
Localize Model processed 1704 samples in chunks of 4000 in 2.4 seconds
Localize Model processed 1868 samples in chunks of 4000 in 2.6 seconds
Localize Model processed 2419 samples in chunks of 4000 in 2.3 seconds
Localize Model processed 1884 samples in chunks of 4000 in 3.0 seconds
Localize Model processed 2488 samples in chunks of 4000 in 1.5 seconds
Localize Model processed 2496 samples in chunks of 4000 in 1.5 seconds
Localize Model processed 1766 samples in chunks of 4000 in 3.0 seconds
Localize Model processed 1786 samples in chunks of 4000 in 1.9 seconds
Localize Model processed 2285 samples in chunks of 4000 in 2.4 seconds
Localize Model processed 1464 samples in chunks of 4000 in 2.0 seconds
Localize Model processed 2297 samples in chunks of 4000 in 2.1 seconds
Localize Model processed 1159 samples in chunks of 4000 in 1.8 seconds
Localize Model processed 1116 samples in chunks of 4000 in 1.5 seconds
Localize Model processed 2697 samples in chunks of 4000 in 2.7 seconds
Localize Model processed 1132 samples in chunks of 4000 in 1.4 seconds
Localize Model processed 2516 samples in chunks of 4000 in 2.5 seconds
Localize Model processed 1253 samples in chunks of 4000 in 1.9 seconds
Localize Model processed 1884 samples in chunks of 4000 in 3.4 seconds
Localize Model processed 2488 samples in chunks of 4000 in 2.6 seconds
Localize Model processed 2496 samples in chunks of 4000 in 2.8 seconds
Localize Model processed 1766 samples in chunks of 4000 in 1.8 seconds
Localize Model processed 1786 samples in chunks of 4000 in 2.0 seconds
Localize Model processed 1415 samples in chunks of 4000 in 2.0 seconds
Localize Model processed 1206 samples in chunks of 4000 in 1.4 seconds
Localize Model processed 1603 samples in chunks of 4000 in 2.6 seconds
Localize Model processed 2698 samples in chunks of 4000 in 2.0 seconds
Localize Model processed 2331 samples in chunks of 4000 in 1.5 seconds
Localize Model processed 1647 samples in chunks of 4000 in 2.2 seconds
Localize Model processed 1704 samples in chunks of 4000 in 2.0 seconds
Localize Model processed 1868 samples in chunks of 4000 in 2.3 seconds
Localize Model processed 2419 samples in chunks of 4000 in 2.7 seconds
Localize Model processed 2697 samples in chunks of 4000 in 3.5 seconds
Localize Model processed 1251 samples in chunks of 4000 in 1.5 seconds
Localize Model processed 1616 samples in chunks of 4000 in 2.3 seconds
Localize Model processed 1958 samples in chunks of 4000 in 2.4 seconds
Localize Model processed 1772 samples in chunks of 4000 in 1.7 seconds
Localize Model processed 2448 samples in chunks of 4000 in 3.0 seconds
Localize Model processed 2112 samples in chunks of 4000 in 1.7 seconds
Localize Model processed 1934 samples in chunks of 4000 in 1.6 seconds
Localize Model processed 1906 samples in chunks of 4000 in 2.1 seconds
Localize Model processed 2698 samples in chunks of 4000 in 3.4 seconds
Localize Model processed 1151 samples in chunks of 4000 in 1.4 seconds
Localize Model processed 1482 samples in chunks of 4000 in 2.5 seconds
Localize Model processed 1058 samples in chunks of 4000 in 2.0 seconds
Localize Model processed 1226 samples in chunks of 4000 in 1.9 seconds
Localize Model processed 2318 samples in chunks of 4000 in 1.9 seconds
Localize Model processed 2318 samples in chunks of 4000 in 1.9 seconds
Localize Model processed 1681 samples in chunks of 4000 in 2.7 seconds
Localize Model processed 1078 samples in chunks of 4000 in 2.2 seconds
Localize Model processed 2698 samples in chunks of 4000 in 2.6 seconds
Localize Model processed 1516 samples in chunks of 4000 in 1.8 seconds
Localize Model processed 1351 samples in chunks of 4000 in 2.5 seconds
Localize Model processed 1412 samples in chunks of 4000 in 1.9 seconds
Localize Model processed 2697 samples in chunks of 4000 in 2.3 seconds
Localize Model processed 1910 samples in chunks of 4000 in 2.1 seconds
Localize Model processed 1851 samples in chunks of 4000 in 2.3 seconds
Localize Model processed 2051 samples in chunks of 4000 in 2.4 seconds
Localize Model processed 2698 samples in chunks of 4000 in 2.5 seconds
Localize Model processed 1146 samples in chunks of 4000 in 1.7 seconds
Localize Model processed 1926 samples in chunks of 4000 in 2.9 seconds
Localize Model processed 1327 samples in chunks of 4000 in 2.2 seconds
Localize Model processed 2697 samples in chunks of 4000 in 3.8 seconds
Localize Model processed 1251 samples in chunks of 4000 in 1.7 seconds
Localize Model processed 1616 samples in chunks of 4000 in 2.4 seconds
Localize Model processed 1958 samples in chunks of 4000 in 2.5 seconds
Localize Model processed 1772 samples in chunks of 4000 in 1.7 seconds
Localize Model processed 1415 samples in chunks of 4000 in 2.1 seconds
Localize Model processed 1206 samples in chunks of 4000 in 2.2 seconds
Localize Model processed 1603 samples in chunks of 4000 in 2.3 seconds
Localize Model processed 2698 samples in chunks of 4000 in 3.0 seconds
Localize Model processed 2331 samples in chunks of 4000 in 2.5 seconds
Localize Model processed 2698 samples in chunks of 4000 in 2.3 seconds
Localize Model processed 1146 samples in chunks of 4000 in 1.9 seconds
Localize Model processed 1926 samples in chunks of 4000 in 2.6 seconds
Localize Model processed 1216 samples in chunks of 4000 in 2.3 seconds
Localize Model processed 1471 samples in chunks of 4000 in 1.6 seconds
Localize Model processed 2318 samples in chunks of 4000 in 1.9 seconds
Localize Model processed 1471 samples in chunks of 4000 in 2.1 seconds
Localize Model processed 1327 samples in chunks of 4000 in 2.2 seconds
Localize Model processed 2698 samples in chunks of 4000 in 3.9 seconds
Localize Model processed 1227 samples in chunks of 4000 in 1.8 seconds
Localize Model processed 1941 samples in chunks of 4000 in 1.6 seconds
Localize Model processed 2213 samples in chunks of 4000 in 1.7 seconds
Localize Model processed 1961 samples in chunks of 4000 in 2.0 seconds
Localize Model processed 1412 samples in chunks of 4000 in 2.4 seconds
Localize Model processed 2697 samples in chunks of 4000 in 2.4 seconds
Localize Model processed 1910 samples in chunks of 4000 in 2.1 seconds
Localize Model processed 1851 samples in chunks of 4000 in 1.9 seconds
Localize Model processed 2051 samples in chunks of 4000 in 3.1 seconds
Localize Model processed 1647 samples in chunks of 4000 in 2.4 seconds
Localize Model processed 1704 samples in chunks of 4000 in 1.5 seconds
Localize Model processed 1868 samples in chunks of 4000 in 2.4 seconds
Localize Model processed 2419 samples in chunks of 4000 in 2.3 seconds
Localize Model processed 1625 samples in chunks of 4000 in 2.4 seconds
Localize Model processed 2686 samples in chunks of 4000 in 1.7 seconds
Localize Model processed 1269 samples in chunks of 4000 in 1.9 seconds
Localize Model processed 2069 samples in chunks of 4000 in 2.4 seconds
Localize Model processed 2282 samples in chunks of 4000 in 2.8 seconds
Localize Model processed 1202 samples in chunks of 4000 in 1.8 seconds
Localize Model processed 1241 samples in chunks of 4000 in 1.9 seconds
Localize Model processed 1739 samples in chunks of 4000 in 2.0 seconds
Localize Model processed 1486 samples in chunks of 4000 in 1.7 seconds
Localize Model processed 2649 samples in chunks of 4000 in 2.7 seconds
Localize Model processed 2697 samples in chunks of 4000 in 2.9 seconds
Localize Model processed 1571 samples in chunks of 4000 in 1.9 seconds
Localize Model processed 2036 samples in chunks of 4000 in 2.2 seconds
Localize Model processed 1211 samples in chunks of 4000 in 2.7 seconds
Localize Model processed 1216 samples in chunks of 4000 in 2.1 seconds
Localize Model processed 2698 samples in chunks of 4000 in 2.2 seconds
Localize Model processed 2271 samples in chunks of 4000 in 2.8 seconds
Localize Model processed 2698 samples in chunks of 4000 in 2.0 seconds
Localize Model processed 2409 samples in chunks of 4000 in 1.4 seconds
Localize Model processed 2698 samples in chunks of 4000 in 2.2 seconds
Localize Model processed 2232 samples in chunks of 4000 in 2.0 seconds
Localize Model processed 1415 samples in chunks of 4000 in 2.4 seconds
Localize Model processed 1206 samples in chunks of 4000 in 2.2 seconds
Localize Model processed 1603 samples in chunks of 4000 in 1.5 seconds
Localize Model processed 2698 samples in chunks of 4000 in 3.2 seconds
Localize Model processed 2331 samples in chunks of 4000 in 2.3 seconds
Localize Model processed 1647 samples in chunks of 4000 in 2.0 seconds
Localize Model processed 1704 samples in chunks of 4000 in 2.2 seconds
Localize Model processed 1868 samples in chunks of 4000 in 2.4 seconds
Localize Model processed 2419 samples in chunks of 4000 in 2.1 seconds
Localize Model processed 2698 samples in chunks of 4000 in 1.4 seconds
Localize Model processed 1330 samples in chunks of 4000 in 2.4 seconds
Localize Model processed 1341 samples in chunks of 4000 in 2.2 seconds
Localize Model processed 1923 samples in chunks of 4000 in 3.2 seconds
Localize Model processed 2238 samples in chunks of 4000 in 3.0 seconds
Localize Model processed 1340 samples in chunks of 4000 in 1.5 seconds
Localize Model processed 2508 samples in chunks of 4000 in 3.4 seconds
Localize Model processed 1937 samples in chunks of 4000 in 1.4 seconds
Localize Model processed 1719 samples in chunks of 4000 in 2.1 seconds
Localize Model processed 1486 samples in chunks of 4000 in 2.8 seconds
Localize Model processed 2688 samples in chunks of 4000 in 3.2 seconds
Localize Model processed 2698 samples in chunks of 4000 in 2.6 seconds
Localize Model processed 1146 samples in chunks of 4000 in 2.6 seconds
Localize Model processed 1926 samples in chunks of 4000 in 2.5 seconds
Localize Model processed 1216 samples in chunks of 4000 in 1.5 seconds
Localize Model processed 1645 samples in chunks of 4000 in 2.5 seconds
Localize Model processed 1756 samples in chunks of 4000 in 1.9 seconds
Localize Model processed 1527 samples in chunks of 4000 in 2.6 seconds
Localize Model processed 2697 samples in chunks of 4000 in 3.4 seconds
Localize Model processed 1186 samples in chunks of 4000 in 1.8 seconds
Localize Model processed 1412 samples in chunks of 4000 in 2.1 seconds
Localize Model processed 2697 samples in chunks of 4000 in 2.2 seconds
Localize Model processed 1910 samples in chunks of 4000 in 2.6 seconds
Localize Model processed 1851 samples in chunks of 4000 in 2.0 seconds
Localize Model processed 2051 samples in chunks of 4000 in 2.3 seconds
Localize Model processed 2698 samples in chunks of 4000 in 2.3 seconds
Localize Model processed 1146 samples in chunks of 4000 in 2.1 seconds
Localize Model processed 1926 samples in chunks of 4000 in 1.9 seconds
Localize Model processed 1216 samples in chunks of 4000 in 2.4 seconds
Localize Model processed 1370 samples in chunks of 4000 in 2.5 seconds
Localize Model processed 1509 samples in chunks of 4000 in 1.7 seconds
Localize Model processed 2697 samples in chunks of 4000 in 1.8 seconds
Localize Model processed 1222 samples in chunks of 4000 in 2.3 seconds
Localize Model processed 2698 samples in chunks of 4000 in 2.1 seconds
Localize Model processed 2285 samples in chunks of 4000 in 2.4 seconds
Localize Model processed 1464 samples in chunks of 4000 in 1.7 seconds
Localize Model processed 2297 samples in chunks of 4000 in 2.0 seconds
Localize Model processed 1159 samples in chunks of 4000 in 2.0 seconds
Localize Model processed 1116 samples in chunks of 4000 in 1.5 seconds
Localize Model processed 2697 samples in chunks of 4000 in 2.8 seconds
Localize Model processed 1132 samples in chunks of 4000 in 1.7 seconds
Localize Model processed 2516 samples in chunks of 4000 in 3.1 seconds
Localize Model processed 1253 samples in chunks of 4000 in 1.4 seconds
Localize Model processed 1884 samples in chunks of 4000 in 2.6 seconds
Localize Model processed 2488 samples in chunks of 4000 in 1.7 seconds
Localize Model processed 2496 samples in chunks of 4000 in 1.9 seconds
Localize Model processed 1766 samples in chunks of 4000 in 2.9 seconds
Localize Model processed 1786 samples in chunks of 4000 in 2.9 seconds
Localize Model processed 1415 samples in chunks of 4000 in 2.1 seconds
Localize Model processed 1206 samples in chunks of 4000 in 1.8 seconds
Localize Model processed 1603 samples in chunks of 4000 in 3.0 seconds
Localize Model processed 2698 samples in chunks of 4000 in 1.4 seconds
Localize Model processed 2331 samples in chunks of 4000 in 2.7 seconds
Localize Model processed 2698 samples in chunks of 4000 in 3.5 seconds
Localize Model processed 1146 samples in chunks of 4000 in 1.4 seconds
Localize Model processed 1926 samples in chunks of 4000 in 2.7 seconds
Localize Model processed 1216 samples in chunks of 4000 in 2.0 seconds
Localize Model processed 1471 samples in chunks of 4000 in 1.5 seconds
Localize Model processed 1948 samples in chunks of 4000 in 1.7 seconds
Localize Model processed 2271 samples in chunks of 4000 in 3.1 seconds
Localize Model processed 2698 samples in chunks of 4000 in 2.2 seconds
Localize Model processed 2409 samples in chunks of 4000 in 1.6 seconds
Localize Model processed 2698 samples in chunks of 4000 in 2.5 seconds
Localize Model processed 2232 samples in chunks of 4000 in 3.2 seconds
Localize Model processed 2590 samples in chunks of 4000 in 2.3 seconds
Localize Model processed 1097 samples in chunks of 4000 in 2.1 seconds
Localize Model processed 1531 samples in chunks of 4000 in 2.0 seconds
Localize Model processed 2697 samples in chunks of 4000 in 1.7 seconds
Localize Model processed 2697 samples in chunks of 4000 in 1.7 seconds
Localize Model processed 2698 samples in chunks of 4000 in 2.8 seconds
Localize Model processed 1175 samples in chunks of 4000 in 1.5 seconds
Localize Model processed 1477 samples in chunks of 4000 in 2.1 seconds
Localize Model processed 2698 samples in chunks of 4000 in 1.7 seconds
Localize Model processed 1471 samples in chunks of 4000 in 1.8 seconds
Localize Model processed 2172 samples in chunks of 4000 in 2.6 seconds
Localize Model processed 1054 samples in chunks of 4000 in 1.4 seconds
Localize Model processed 1674 samples in chunks of 4000 in 3.1 seconds
Localize Model processed 1815 samples in chunks of 4000 in 1.9 seconds
Localize Model processed 1859 samples in chunks of 4000 in 2.1 seconds
Localize Model processed 1531 samples in chunks of 4000 in 2.1 seconds
Localize Model processed 1918 samples in chunks of 4000 in 1.6 seconds
Localize Model processed 2563 samples in chunks of 4000 in 2.2 seconds
Localize Model processed 2151 samples in chunks of 4000 in 2.8 seconds
Localize Model processed 2697 samples in chunks of 4000 in 2.4 seconds
Localize Model processed 1647 samples in chunks of 4000 in 2.5 seconds
Localize Model processed 1704 samples in chunks of 4000 in 2.8 seconds
Localize Model processed 1868 samples in chunks of 4000 in 2.4 seconds
Localize Model processed 2419 samples in chunks of 4000 in 2.0 seconds
Localize Model processed 2698 samples in chunks of 4000 in 1.8 seconds
Localize Model processed 2698 samples in chunks of 4000 in 1.7 seconds
Localize Model processed 2318 samples in chunks of 4000 in 1.7 seconds
Localize Model processed 2697 samples in chunks of 4000 in 3.3 seconds
Localize Model processed 2251 samples in chunks of 4000 in 2.9 seconds
Localize Model processed 2343 samples in chunks of 4000 in 2.2 seconds
Localize Model processed 2698 samples in chunks of 4000 in 2.6 seconds
Localize Model processed 1196 samples in chunks of 4000 in 1.7 seconds
Localize Model processed 1613 samples in chunks of 4000 in 2.2 seconds
Localize Model processed 1554 samples in chunks of 4000 in 2.4 seconds
Localize Model processed 2697 samples in chunks of 4000 in 2.6 seconds
Localize Model processed 1796 samples in chunks of 4000 in 1.6 seconds
Localize Model processed 2091 samples in chunks of 4000 in 2.7 seconds
Localize Model processed 1846 samples in chunks of 4000 in 2.1 seconds
Localize Model processed 1134 samples in chunks of 4000 in 1.7 seconds
Localize Model processed 2178 samples in chunks of 4000 in 2.1 seconds
Localize Model processed 2698 samples in chunks of 4000 in 1.9 seconds
Localize Model processed 1317 samples in chunks of 4000 in 2.4 seconds
Localize Model processed 1433 samples in chunks of 4000 in 2.1 seconds
Localize Model processed 2032 samples in chunks of 4000 in 2.8 seconds
Localize Model processed 2698 samples in chunks of 4000 in 2.7 seconds
Localize Model processed 1427 samples in chunks of 4000 in 1.5 seconds
Localize Model processed 2448 samples in chunks of 4000 in 2.3 seconds
Localize Model processed 2112 samples in chunks of 4000 in 2.3 seconds
Localize Model processed 1934 samples in chunks of 4000 in 2.7 seconds
Localize Model processed 1906 samples in chunks of 4000 in 2.3 seconds
Localize Model processed 2698 samples in chunks of 4000 in 2.7 seconds
Localize Model processed 1151 samples in chunks of 4000 in 1.6 seconds
Localize Model processed 1482 samples in chunks of 4000 in 2.7 seconds
Localize Model processed 1058 samples in chunks of 4000 in 2.7 seconds
Localize Model processed 1226 samples in chunks of 4000 in 2.5 seconds
Localize Model processed 2697 samples in chunks of 4000 in 3.8 seconds
Localize Model processed 1535 samples in chunks of 4000 in 2.0 seconds
Localize Model processed 1067 samples in chunks of 4000 in 2.0 seconds
Localize Model processed 1706 samples in chunks of 4000 in 2.1 seconds
Localize Model processed 1187 samples in chunks of 4000 in 1.9 seconds
Localize Model processed 1279 samples in chunks of 4000 in 2.2 seconds
Localize Model processed 1091 samples in chunks of 4000 in 2.3 seconds
Localize Model processed 1813 samples in chunks of 4000 in 2.0 seconds
Localize Model processed 2698 samples in chunks of 4000 in 2.2 seconds
Localize Model processed 2238 samples in chunks of 4000 in 2.5 seconds
Localize Model processed 1151 samples in chunks of 4000 in 2.1 seconds
Localize Model processed 1482 samples in chunks of 4000 in 2.6 seconds
Localize Model processed 1058 samples in chunks of 4000 in 2.3 seconds
Localize Model processed 1226 samples in chunks of 4000 in 2.0 seconds
Localize Model processed 2469 samples in chunks of 4000 in 2.3 seconds
Localize Model processed 1884 samples in chunks of 4000 in 2.7 seconds
Localize Model processed 2488 samples in chunks of 4000 in 2.1 seconds
Localize Model processed 2496 samples in chunks of 4000 in 1.8 seconds
Localize Model processed 1766 samples in chunks of 4000 in 1.9 seconds
Localize Model processed 1786 samples in chunks of 4000 in 2.1 seconds
Localize Model processed 2590 samples in chunks of 4000 in 2.6 seconds
Localize Model processed 1097 samples in chunks of 4000 in 2.2 seconds
Localize Model processed 1531 samples in chunks of 4000 in 2.0 seconds
Localize Model processed 2697 samples in chunks of 4000 in 3.1 seconds
Localize Model processed 2697 samples in chunks of 4000 in 2.3 seconds
Localize Model processed 2698 samples in chunks of 4000 in 3.4 seconds
Localize Model processed 1146 samples in chunks of 4000 in 1.9 seconds
Localize Model processed 1926 samples in chunks of 4000 in 2.5 seconds
Localize Model processed 1216 samples in chunks of 4000 in 1.9 seconds
Localize Model processed 1471 samples in chunks of 4000 in 1.6 seconds
Localize Model processed 2697 samples in chunks of 4000 in 3.7 seconds
Localize Model processed 2251 samples in chunks of 4000 in 2.7 seconds
Localize Model processed 2343 samples in chunks of 4000 in 2.5 seconds
Localize Model processed 2698 samples in chunks of 4000 in 2.1 seconds
Localize Model processed 1196 samples in chunks of 4000 in 1.7 seconds
Localize Model processed 2285 samples in chunks of 4000 in 2.4 seconds
Localize Model processed 1464 samples in chunks of 4000 in 2.2 seconds
Localize Model processed 2297 samples in chunks of 4000 in 1.6 seconds
Localize Model processed 1159 samples in chunks of 4000 in 1.7 seconds
Localize Model processed 1116 samples in chunks of 4000 in 1.7 seconds
Localize Model processed 1997 samples in chunks of 4000 in 3.0 seconds
Localize Model processed 2697 samples in chunks of 4000 in 2.1 seconds
Localize Model processed 1723 samples in chunks of 4000 in 2.6 seconds
Localize Model processed 2178 samples in chunks of 4000 in 1.9 seconds
Localize Model processed 1789 samples in chunks of 4000 in 3.1 seconds
Localize Model processed 2698 samples in chunks of 4000 in 2.8 seconds
Localize Model processed 2698 samples in chunks of 4000 in 2.6 seconds
Localize Model processed 2317 samples in chunks of 4000 in 2.0 seconds
Localize Model processed 1694 samples in chunks of 4000 in 2.4 seconds
Localize Model processed 2469 samples in chunks of 4000 in 2.0 seconds
Localize Model processed 1606 samples in chunks of 4000 in 2.1 seconds
Localize Model processed 1106 samples in chunks of 4000 in 1.8 seconds
Localize Model processed 1653 samples in chunks of 4000 in 2.2 seconds
Localize Model processed 2697 samples in chunks of 4000 in 2.9 seconds
Localize Model processed 1132 samples in chunks of 4000 in 2.1 seconds
Localize Model processed 2516 samples in chunks of 4000 in 3.2 seconds
Localize Model processed 1253 samples in chunks of 4000 in 1.8 seconds
Localize Model processed 2172 samples in chunks of 4000 in 2.6 seconds
Localize Model processed 1054 samples in chunks of 4000 in 1.8 seconds
Localize Model processed 1674 samples in chunks of 4000 in 3.2 seconds
Localize Model processed 1815 samples in chunks of 4000 in 1.7 seconds
Localize Model processed 1859 samples in chunks of 4000 in 2.6 seconds
Localize Model processed 1531 samples in chunks of 4000 in 2.3 seconds
Localize Model processed 1918 samples in chunks of 4000 in 2.7 seconds
Localize Model processed 2563 samples in chunks of 4000 in 1.7 seconds
Localize Model processed 2151 samples in chunks of 4000 in 2.4 seconds
Localize Model processed 2697 samples in chunks of 4000 in 2.5 seconds
Localize Model processed 1647 samples in chunks of 4000 in 2.6 seconds
Localize Model processed 1704 samples in chunks of 4000 in 2.4 seconds
Localize Model processed 1868 samples in chunks of 4000 in 2.0 seconds
Localize Model processed 2419 samples in chunks of 4000 in 2.4 seconds
Localize Model processed 1622 samples in chunks of 4000 in 1.9 seconds
Localize Model processed 1992 samples in chunks of 4000 in 1.7 seconds
Localize Model processed 2697 samples in chunks of 4000 in 3.3 seconds
Localize Model processed 2548 samples in chunks of 4000 in 1.8 seconds
Localize Model processed 1295 samples in chunks of 4000 in 1.7 seconds
Localize Model processed 2072 samples in chunks of 4000 in 2.7 seconds
Localize Model processed 1818 samples in chunks of 4000 in 3.0 seconds
Localize Model processed 1285 samples in chunks of 4000 in 2.4 seconds
Localize Model processed 2698 samples in chunks of 4000 in 2.5 seconds
Localize Model processed 1440 samples in chunks of 4000 in 1.5 seconds
Localize Model processed 1115 samples in chunks of 4000 in 1.5 seconds
Localize Model processed 1519 samples in chunks of 4000 in 1.5 seconds
Localize Model processed 2697 samples in chunks of 4000 in 2.8 seconds
Localize Model processed 1132 samples in chunks of 4000 in 2.1 seconds
Localize Model processed 2516 samples in chunks of 4000 in 2.8 seconds
Localize Model processed 1253 samples in chunks of 4000 in 2.1 seconds
Localize Model processed 1327 samples in chunks of 4000 in 1.8 seconds
Localize Model processed 1327 samples in chunks of 4000 in 2.5 seconds
Localize Model processed 1317 samples in chunks of 4000 in 2.5 seconds
Localize Model processed 1433 samples in chunks of 4000 in 2.2 seconds
Localize Model processed 2032 samples in chunks of 4000 in 2.9 seconds
Localize Model processed 2698 samples in chunks of 4000 in 2.7 seconds
Localize Model processed 1427 samples in chunks of 4000 in 1.8 seconds
Localize Model processed 2448 samples in chunks of 4000 in 4.1 seconds
Localize Model processed 2112 samples in chunks of 4000 in 2.0 seconds
Localize Model processed 1934 samples in chunks of 4000 in 2.2 seconds
Localize Model processed 1906 samples in chunks of 4000 in 2.2 seconds
Localize Model processed 2698 samples in chunks of 4000 in 2.3 seconds
Localize Model processed 2546 samples in chunks of 4000 in 4.0 seconds
Localize Model processed 2698 samples in chunks of 4000 in 2.1 seconds
Localize Model processed 1352 samples in chunks of 4000 in 1.7 seconds
Localize Model processed 2698 samples in chunks of 4000 in 2.0 seconds
Localize Model processed 2698 samples in chunks of 4000 in 2.2 seconds
Localize Model processed 2264 samples in chunks of 4000 in 2.0 seconds
Localize Model processed 1172 samples in chunks of 4000 in 1.4 seconds
Localize Model processed 2318 samples in chunks of 4000 in 1.5 seconds
Localize Model processed 1471 samples in chunks of 4000 in 1.4 seconds
Localize Model processed 1645 samples in chunks of 4000 in 2.7 seconds
Localize Model processed 1756 samples in chunks of 4000 in 2.1 seconds
Localize Model processed 1527 samples in chunks of 4000 in 2.8 seconds
Localize Model processed 2697 samples in chunks of 4000 in 2.5 seconds
Localize Model processed 1186 samples in chunks of 4000 in 1.9 seconds
Localize Model processed 1412 samples in chunks of 4000 in 3.0 seconds
Localize Model processed 2697 samples in chunks of 4000 in 3.0 seconds
Localize Model processed 1910 samples in chunks of 4000 in 1.9 seconds
Localize Model processed 1851 samples in chunks of 4000 in 1.5 seconds
Localize Model processed 2051 samples in chunks of 4000 in 2.9 seconds
Localize Model processed 2698 samples in chunks of 4000 in 3.2 seconds
Localize Model processed 1146 samples in chunks of 4000 in 1.9 seconds
Localize Model processed 1926 samples in chunks of 4000 in 2.5 seconds
Localize Model processed 1216 samples in chunks of 4000 in 1.7 seconds
Localize Model processed 2318 samples in chunks of 4000 in 2.3 seconds
Localize Model processed 1199 samples in chunks of 4000 in 1.8 seconds
Localize Model processed 1696 samples in chunks of 4000 in 2.8 seconds
Localize Model processed 1285 samples in chunks of 4000 in 1.4 seconds
Localize Model processed 1095 samples in chunks of 4000 in 1.8 seconds
Localize Model processed 2116 samples in chunks of 4000 in 3.0 seconds
Localize Model processed 2549 samples in chunks of 4000 in 2.7 seconds
Localize Model processed 2655 samples in chunks of 4000 in 2.0 seconds
Localize Model processed 1230 samples in chunks of 4000 in 2.3 seconds
Localize Model processed 1456 samples in chunks of 4000 in 2.4 seconds
Localize Model processed 1091 samples in chunks of 4000 in 1.5 seconds
Localize Model processed 1997 samples in chunks of 4000 in 3.2 seconds
Localize Model processed 2697 samples in chunks of 4000 in 2.9 seconds
Localize Model processed 1723 samples in chunks of 4000 in 2.4 seconds
Localize Model processed 2264 samples in chunks of 4000 in 2.5 seconds
Localize Model processed 1481 samples in chunks of 4000 in 1.7 seconds
Localize Model processed 2698 samples in chunks of 4000 in 2.3 seconds
Localize Model processed 2625 samples in chunks of 4000 in 2.9 seconds
Localize Model processed 2698 samples in chunks of 4000 in 2.2 seconds
Localize Model processed 1102 samples in chunks of 4000 in 1.8 seconds
Localize Model processed 1531 samples in chunks of 4000 in 2.1 seconds
Localize Model processed 1918 samples in chunks of 4000 in 2.8 seconds
Localize Model processed 2563 samples in chunks of 4000 in 1.9 seconds
Localize Model processed 2151 samples in chunks of 4000 in 2.3 seconds
Localize Model processed 2697 samples in chunks of 4000 in 2.5 seconds
Localize Model processed 2698 samples in chunks of 4000 in 3.1 seconds
Localize Model processed 1146 samples in chunks of 4000 in 1.7 seconds
Localize Model processed 1926 samples in chunks of 4000 in 2.2 seconds
Localize Model processed 1216 samples in chunks of 4000 in 2.0 seconds
Localize Model processed 1218 samples in chunks of 4000 in 1.9 seconds
Localize Model processed 1645 samples in chunks of 4000 in 2.4 seconds
Localize Model processed 1756 samples in chunks of 4000 in 2.1 seconds
Localize Model processed 1527 samples in chunks of 4000 in 2.9 seconds
Localize Model processed 2697 samples in chunks of 4000 in 2.7 seconds
Localize Model processed 1186 samples in chunks of 4000 in 1.8 seconds
Localize Model processed 2549 samples in chunks of 4000 in 3.3 seconds
Localize Model processed 2655 samples in chunks of 4000 in 2.5 seconds
Localize Model processed 1230 samples in chunks of 4000 in 1.4 seconds
Localize Model processed 1456 samples in chunks of 4000 in 2.9 seconds
Localize Model processed 1091 samples in chunks of 4000 in 1.6 seconds
Localize Model processed 2697 samples in chunks of 4000 in 2.9 seconds
Localize Model processed 1132 samples in chunks of 4000 in 2.1 seconds
Localize Model processed 2516 samples in chunks of 4000 in 2.9 seconds
Localize Model processed 1253 samples in chunks of 4000 in 1.9 seconds
Localize Model processed 1143 samples in chunks of 4000 in 1.8 seconds
Localize Model processed 2154 samples in chunks of 4000 in 3.0 seconds
Localize Model processed 2547 samples in chunks of 4000 in 2.5 seconds
Localize Model processed 1220 samples in chunks of 4000 in 1.8 seconds
Localize Model processed 2235 samples in chunks of 4000 in 2.2 seconds
Localize Model processed 1285 samples in chunks of 4000 in 1.8 seconds
Localize Model processed 2698 samples in chunks of 4000 in 2.5 seconds
Localize Model processed 1440 samples in chunks of 4000 in 2.5 seconds
Localize Model processed 1115 samples in chunks of 4000 in 1.6 seconds
Localize Model processed 1519 samples in chunks of 4000 in 2.5 seconds
Localize Model processed 2697 samples in chunks of 4000 in 2.5 seconds
Localize Model processed 1132 samples in chunks of 4000 in 2.2 seconds
Localize Model processed 2516 samples in chunks of 4000 in 2.9 seconds
Localize Model processed 1253 samples in chunks of 4000 in 1.9 seconds
Localize Model processed 1645 samples in chunks of 4000 in 2.8 seconds
Localize Model processed 1756 samples in chunks of 4000 in 2.0 seconds
Localize Model processed 1527 samples in chunks of 4000 in 3.1 seconds
Localize Model processed 2697 samples in chunks of 4000 in 3.1 seconds
Localize Model processed 1186 samples in chunks of 4000 in 1.8 seconds
Localize Model processed 1373 samples in chunks of 4000 in 2.0 seconds
Localize Model processed 2698 samples in chunks of 4000 in 2.5 seconds
Localize Model processed 2698 samples in chunks of 4000 in 1.4 seconds
Localize Model processed 2217 samples in chunks of 4000 in 2.2 seconds
Localize Model processed 1728 samples in chunks of 4000 in 2.1 seconds
Localize Model processed 1997 samples in chunks of 4000 in 2.7 seconds
Localize Model processed 2697 samples in chunks of 4000 in 2.4 seconds
Localize Model processed 1723 samples in chunks of 4000 in 2.9 seconds
Localize Model processed 2264 samples in chunks of 4000 in 2.9 seconds
Localize Model processed 2178 samples in chunks of 4000 in 1.8 seconds
Localize Model processed 1789 samples in chunks of 4000 in 2.6 seconds
Localize Model processed 2698 samples in chunks of 4000 in 3.0 seconds
Localize Model processed 2698 samples in chunks of 4000 in 3.4 seconds
Localize Model processed 2317 samples in chunks of 4000 in 2.0 seconds
Localize Model processed 1694 samples in chunks of 4000 in 2.3 seconds
Localize Model processed 2469 samples in chunks of 4000 in 2.5 seconds
Localize Model processed 1606 samples in chunks of 4000 in 1.8 seconds
Localize Model processed 1106 samples in chunks of 4000 in 1.6 seconds
Localize Model processed 1653 samples in chunks of 4000 in 1.5 seconds
Localize Model processed 1997 samples in chunks of 4000 in 2.5 seconds
Localize Model processed 2697 samples in chunks of 4000 in 2.3 seconds
Localize Model processed 1723 samples in chunks of 4000 in 2.5 seconds
Localize Model processed 2264 samples in chunks of 4000 in 2.2 seconds
Localize Model processed 2698 samples in chunks of 4000 in 1.7 seconds
Localize Model processed 1241 samples in chunks of 4000 in 1.7 seconds
Localize Model processed 1646 samples in chunks of 4000 in 1.6 seconds
Localize Model processed 1077 samples in chunks of 4000 in 2.1 seconds
Localize Model processed 2665 samples in chunks of 4000 in 2.8 seconds
Localize Model processed 2243 samples in chunks of 4000 in 2.3 seconds
Localize Model processed 1466 samples in chunks of 4000 in 2.0 seconds
Localize Model processed 1600 samples in chunks of 4000 in 1.7 seconds
Localize Model processed 2698 samples in chunks of 4000 in 2.9 seconds
Localize Model processed 1454 samples in chunks of 4000 in 1.6 seconds
Localize Model processed 1386 samples in chunks of 4000 in 1.8 seconds
Localize Model processed 1997 samples in chunks of 4000 in 3.3 seconds
Localize Model processed 2697 samples in chunks of 4000 in 2.6 seconds
Localize Model processed 1723 samples in chunks of 4000 in 2.1 seconds
Localize Model processed 2264 samples in chunks of 4000 in 2.1 seconds
Localize Model processed 1172 samples in chunks of 4000 in 1.8 seconds
Localize Model processed 2698 samples in chunks of 4000 in 2.3 seconds
Localize Model processed 1467 samples in chunks of 4000 in 2.2 seconds
Localize Model processed 2697 samples in chunks of 4000 in 1.7 seconds
Localize Model processed 1455 samples in chunks of 4000 in 2.3 seconds
Localize Model processed 1613 samples in chunks of 4000 in 1.8 seconds
Localize Model processed 2108 samples in chunks of 4000 in 2.2 seconds
Localize Model processed 1310 samples in chunks of 4000 in 2.1 seconds
Localize Model processed 2697 samples in chunks of 4000 in 1.9 seconds
Localize Model processed 2697 samples in chunks of 4000 in 2.5 seconds
Localize Model processed 1518 samples in chunks of 4000 in 2.0 seconds
Localize Model processed 1225 samples in chunks of 4000 in 1.6 seconds
Localize Model processed 1997 samples in chunks of 4000 in 2.7 seconds
Localize Model processed 2697 samples in chunks of 4000 in 1.7 seconds
Localize Model processed 1723 samples in chunks of 4000 in 2.6 seconds
Localize Model processed 2264 samples in chunks of 4000 in 2.1 seconds
Localize Model processed 2318 samples in chunks of 4000 in 1.8 seconds
Localize Model processed 2318 samples in chunks of 4000 in 1.5 seconds
Localize Model processed 1172 samples in chunks of 4000 in 1.8 seconds
Localize Model processed 1172 samples in chunks of 4000 in 1.7 seconds
Localize Model processed 2178 samples in chunks of 4000 in 1.9 seconds
Localize Model processed 1789 samples in chunks of 4000 in 2.7 seconds
Localize Model processed 2698 samples in chunks of 4000 in 3.0 seconds
Localize Model processed 2698 samples in chunks of 4000 in 2.8 seconds
Localize Model processed 2317 samples in chunks of 4000 in 1.8 seconds
Localize Model processed 1611 samples in chunks of 4000 in 2.4 seconds
Localize Model processed 1817 samples in chunks of 4000 in 1.6 seconds
Localize Model processed 2698 samples in chunks of 4000 in 2.2 seconds
Localize Model processed 2641 samples in chunks of 4000 in 1.6 seconds
Localize Model processed 2697 samples in chunks of 4000 in 2.1 seconds
Localize Model processed 2698 samples in chunks of 4000 in 2.6 seconds
Localize Model processed 1175 samples in chunks of 4000 in 2.0 seconds
Localize Model processed 1477 samples in chunks of 4000 in 1.7 seconds
Localize Model processed 2698 samples in chunks of 4000 in 2.4 seconds
Localize Model processed 1172 samples in chunks of 4000 in 2.1 seconds
Localize Model processed 2460 samples in chunks of 4000 in 1.8 seconds
Localize Model processed 1084 samples in chunks of 4000 in 1.8 seconds
Localize Model processed 2079 samples in chunks of 4000 in 1.5 seconds
Localize Model processed 1434 samples in chunks of 4000 in 1.9 seconds
Localize Model processed 1147 samples in chunks of 4000 in 2.6 seconds
Localize Model processed 1531 samples in chunks of 4000 in 1.9 seconds
Localize Model processed 1918 samples in chunks of 4000 in 1.9 seconds
Localize Model processed 2563 samples in chunks of 4000 in 2.0 seconds
Localize Model processed 2151 samples in chunks of 4000 in 2.4 seconds
Localize Model processed 2697 samples in chunks of 4000 in 3.3 seconds
Localize Model processed 2546 samples in chunks of 4000 in 3.3 seconds
Localize Model processed 2698 samples in chunks of 4000 in 2.6 seconds
Localize Model processed 1352 samples in chunks of 4000 in 1.6 seconds
Localize Model processed 1865 samples in chunks of 4000 in 2.7 seconds
Localize Model processed 1076 samples in chunks of 4000 in 2.2 seconds
Localize Model processed 1751 samples in chunks of 4000 in 1.8 seconds
Localize Model processed 1814 samples in chunks of 4000 in 2.0 seconds
Localize Model processed 1705 samples in chunks of 4000 in 2.1 seconds
Localize Model processed 1531 samples in chunks of 4000 in 2.4 seconds
Localize Model processed 1918 samples in chunks of 4000 in 2.0 seconds
Localize Model processed 2563 samples in chunks of 4000 in 2.1 seconds
Localize Model processed 2151 samples in chunks of 4000 in 2.1 seconds
Localize Model processed 2697 samples in chunks of 4000 in 2.7 seconds
Localize Model processed 2698 samples in chunks of 4000 in 3.6 seconds
Localize Model processed 1146 samples in chunks of 4000 in 1.4 seconds
Localize Model processed 1926 samples in chunks of 4000 in 3.0 seconds
Localize Model processed 1216 samples in chunks of 4000 in 1.8 seconds
Localize Model processed 1467 samples in chunks of 4000 in 2.1 seconds
Localize Model processed 2697 samples in chunks of 4000 in 2.1 seconds
Localize Model processed 1455 samples in chunks of 4000 in 2.8 seconds
Localize Model processed 1613 samples in chunks of 4000 in 2.3 seconds
Localize Model processed 2108 samples in chunks of 4000 in 2.3 seconds
Localize Model processed 2133 samples in chunks of 4000 in 2.5 seconds
Localize Model processed 1974 samples in chunks of 4000 in 2.3 seconds
Localize Model processed 2697 samples in chunks of 4000 in 2.6 seconds
Localize Model processed 1769 samples in chunks of 4000 in 1.9 seconds
Localize Model processed 2698 samples in chunks of 4000 in 2.7 seconds
Localize Model processed 1647 samples in chunks of 4000 in 2.5 seconds
Localize Model processed 1704 samples in chunks of 4000 in 1.7 seconds
Localize Model processed 1868 samples in chunks of 4000 in 2.5 seconds
Localize Model processed 2419 samples in chunks of 4000 in 2.6 seconds
Localize Model processed 1172 samples in chunks of 4000 in 1.7 seconds
Localize Model processed 2697 samples in chunks of 4000 in 4.3 seconds
Localize Model processed 1251 samples in chunks of 4000 in 2.3 seconds
Localize Model processed 1616 samples in chunks of 4000 in 1.7 seconds
Localize Model processed 1958 samples in chunks of 4000 in 2.4 seconds
Localize Model processed 1772 samples in chunks of 4000 in 2.3 seconds
Localize Model processed 1415 samples in chunks of 4000 in 2.5 seconds
Localize Model processed 1206 samples in chunks of 4000 in 1.9 seconds
Localize Model processed 1603 samples in chunks of 4000 in 2.3 seconds
Localize Model processed 2698 samples in chunks of 4000 in 2.4 seconds
Localize Model processed 2331 samples in chunks of 4000 in 1.9 seconds
Localize Model processed 1647 samples in chunks of 4000 in 2.7 seconds
Localize Model processed 1704 samples in chunks of 4000 in 1.9 seconds
Localize Model processed 1868 samples in chunks of 4000 in 3.1 seconds
Localize Model processed 2697 samples in chunks of 4000 in 3.7 seconds
Localize Model processed 1251 samples in chunks of 4000 in 1.5 seconds
Localize Model processed 1616 samples in chunks of 4000 in 2.4 seconds
Localize Model processed 1958 samples in chunks of 4000 in 2.3 seconds
Localize Model processed 1772 samples in chunks of 4000 in 1.8 seconds
Localize Model processed 1613 samples in chunks of 4000 in 2.7 seconds
Localize Model processed 1554 samples in chunks of 4000 in 2.2 seconds
Localize Model processed 2697 samples in chunks of 4000 in 3.2 seconds
Localize Model processed 1796 samples in chunks of 4000 in 1.3 seconds
Localize Model processed 2091 samples in chunks of 4000 in 2.3 seconds
Localize Model processed 1846 samples in chunks of 4000 in 2.2 seconds
Localize Model processed 1134 samples in chunks of 4000 in 2.0 seconds
Localize Model processed 2178 samples in chunks of 4000 in 2.7 seconds
Localize Model processed 1622 samples in chunks of 4000 in 1.8 seconds
Localize Model processed 1370 samples in chunks of 4000 in 2.3 seconds
Localize Model processed 1509 samples in chunks of 4000 in 1.9 seconds
Localize Model processed 2697 samples in chunks of 4000 in 2.4 seconds
Localize Model processed 1222 samples in chunks of 4000 in 1.7 seconds
Localize Model processed 2698 samples in chunks of 4000 in 1.8 seconds
Localize Model processed 1412 samples in chunks of 4000 in 2.6 seconds
Localize Model processed 2697 samples in chunks of 4000 in 2.2 seconds
Localize Model processed 1910 samples in chunks of 4000 in 1.6 seconds
Localize Model processed 1851 samples in chunks of 4000 in 2.0 seconds
Localize Model processed 2051 samples in chunks of 4000 in 3.1 seconds
Localize Model processed 2546 samples in chunks of 4000 in 3.9 seconds
Localize Model processed 2698 samples in chunks of 4000 in 1.7 seconds
Localize Model processed 1352 samples in chunks of 4000 in 1.8 seconds
Localize Model processed 2698 samples in chunks of 4000 in 2.2 seconds
Localize Model processed 1884 samples in chunks of 4000 in 2.5 seconds
Localize Model processed 2488 samples in chunks of 4000 in 2.1 seconds
Localize Model processed 2496 samples in chunks of 4000 in 2.2 seconds
Localize Model processed 1766 samples in chunks of 4000 in 2.4 seconds
Localize Model processed 1786 samples in chunks of 4000 in 2.1 seconds
Localize Model processed 1415 samples in chunks of 4000 in 2.7 seconds
Localize Model processed 1206 samples in chunks of 4000 in 2.4 seconds
Localize Model processed 1603 samples in chunks of 4000 in 1.9 seconds
Localize Model processed 2698 samples in chunks of 4000 in 2.7 seconds
Localize Model processed 2331 samples in chunks of 4000 in 2.8 seconds
Localize Model processed 2546 samples in chunks of 4000 in 2.9 seconds
Localize Model processed 2698 samples in chunks of 4000 in 2.8 seconds
Localize Model processed 1352 samples in chunks of 4000 in 1.9 seconds
Localize Model processed 2698 samples in chunks of 4000 in 2.5 seconds
Localize Model processed 2697 samples in chunks of 4000 in 3.4 seconds
Localize Model processed 1535 samples in chunks of 4000 in 2.1 seconds
Localize Model processed 1067 samples in chunks of 4000 in 2.0 seconds
Localize Model processed 1706 samples in chunks of 4000 in 1.4 seconds
Localize Model processed 1187 samples in chunks of 4000 in 2.7 seconds
Localize Model processed 2605 samples in chunks of 4000 in 2.7 seconds
Localize Model processed 2127 samples in chunks of 4000 in 1.8 seconds
Localize Model processed 1053 samples in chunks of 4000 in 2.0 seconds
Localize Model processed 2087 samples in chunks of 4000 in 2.3 seconds
Localize Model processed 1881 samples in chunks of 4000 in 2.4 seconds
Localize Model processed 2697 samples in chunks of 4000 in 2.4 seconds
Localize Model processed 2698 samples in chunks of 4000 in 1.9 seconds
Localize Model processed 2323 samples in chunks of 4000 in 2.1 seconds
Localize Model processed 1116 samples in chunks of 4000 in 2.0 seconds
Localize Model processed 2469 samples in chunks of 4000 in 1.7 seconds
Localize Model processed 2698 samples in chunks of 4000 in 2.0 seconds
Localize Model processed 1218 samples in chunks of 4000 in 2.1 seconds
Localize Model processed 2697 samples in chunks of 4000 in 4.1 seconds
Localize Model processed 2251 samples in chunks of 4000 in 3.0 seconds
Localize Model processed 2343 samples in chunks of 4000 in 2.9 seconds
Localize Model processed 2698 samples in chunks of 4000 in 2.2 seconds
Localize Model processed 1196 samples in chunks of 4000 in 1.2 seconds
Localize Model processed 2098 samples in chunks of 4000 in 2.5 seconds
Localize Model processed 2067 samples in chunks of 4000 in 1.8 seconds
Localize Model processed 2168 samples in chunks of 4000 in 2.5 seconds
Localize Model processed 1427 samples in chunks of 4000 in 1.3 seconds
Localize Model processed 2632 samples in chunks of 4000 in 2.3 seconds
Localize Model processed 1846 samples in chunks of 4000 in 2.2 seconds
Localize Model processed 1134 samples in chunks of 4000 in 1.4 seconds
Localize Model processed 2698 samples in chunks of 4000 in 2.0 seconds
Localize Model processed 1471 samples in chunks of 4000 in 1.3 seconds
Localize Model processed 2419 samples in chunks of 4000 in 2.7 seconds
Localize Model processed 1471 samples in chunks of 4000 in 2.4 seconds
Localize Model processed 1992 samples in chunks of 4000 in 1.7 seconds
Localize Model processed 1218 samples in chunks of 4000 in 1.7 seconds
Localize Model processed 1148 samples in chunks of 4000 in 2.0 seconds
Localize Model processed 1467 samples in chunks of 4000 in 2.4 seconds
Localize Model processed 2697 samples in chunks of 4000 in 1.4 seconds
Localize Model processed 1455 samples in chunks of 4000 in 2.1 seconds
Localize Model processed 1613 samples in chunks of 4000 in 2.5 seconds
Localize Model processed 2108 samples in chunks of 4000 in 1.9 seconds
Localize Model processed 2133 samples in chunks of 4000 in 2.7 seconds
Localize Model processed 1974 samples in chunks of 4000 in 2.8 seconds
Localize Model processed 2697 samples in chunks of 4000 in 2.7 seconds
Localize Model processed 1769 samples in chunks of 4000 in 1.9 seconds
Localize Model processed 2698 samples in chunks of 4000 in 2.4 seconds
Localize Model processed 2546 samples in chunks of 4000 in 2.6 seconds
Localize Model processed 2698 samples in chunks of 4000 in 2.4 seconds
Localize Model processed 1352 samples in chunks of 4000 in 2.2 seconds
Localize Model processed 2698 samples in chunks of 4000 in 2.8 seconds
Localize Model processed 2178 samples in chunks of 4000 in 1.6 seconds
Localize Model processed 1622 samples in chunks of 4000 in 2.2 seconds
Localize Model processed 1992 samples in chunks of 4000 in 1.9 seconds
Localize Model processed 2698 samples in chunks of 4000 in 3.9 seconds
Localize Model processed 1227 samples in chunks of 4000 in 1.5 seconds
Localize Model processed 1941 samples in chunks of 4000 in 1.3 seconds
Localize Model processed 2213 samples in chunks of 4000 in 2.0 seconds
Localize Model processed 1961 samples in chunks of 4000 in 2.2 seconds
Localize Model processed 2508 samples in chunks of 4000 in 2.6 seconds
Localize Model processed 1937 samples in chunks of 4000 in 2.3 seconds
Localize Model processed 1719 samples in chunks of 4000 in 1.5 seconds
Localize Model processed 1486 samples in chunks of 4000 in 2.2 seconds
Localize Model processed 2688 samples in chunks of 4000 in 3.0 seconds
Localize Model processed 2697 samples in chunks of 4000 in 3.0 seconds
Localize Model processed 2271 samples in chunks of 4000 in 2.9 seconds
Localize Model processed 2698 samples in chunks of 4000 in 2.0 seconds
Localize Model processed 2409 samples in chunks of 4000 in 2.0 seconds
Localize Model processed 2698 samples in chunks of 4000 in 1.8 seconds
Localize Model processed 2232 samples in chunks of 4000 in 2.6 seconds
Localize Model processed 2590 samples in chunks of 4000 in 2.6 seconds
Localize Model processed 1097 samples in chunks of 4000 in 1.8 seconds
Localize Model processed 1531 samples in chunks of 4000 in 1.8 seconds
Localize Model processed 2697 samples in chunks of 4000 in 1.6 seconds
Localize Model processed 2697 samples in chunks of 4000 in 1.9 seconds
Localize Model processed 1846 samples in chunks of 4000 in 2.2 seconds
Localize Model processed 1134 samples in chunks of 4000 in 2.1 seconds
Localize Model processed 2178 samples in chunks of 4000 in 2.7 seconds
Localize Model processed 1622 samples in chunks of 4000 in 2.5 seconds
Localize Model processed 2178 samples in chunks of 4000 in 1.7 seconds
Localize Model processed 1789 samples in chunks of 4000 in 2.3 seconds
Localize Model processed 2698 samples in chunks of 4000 in 2.8 seconds
Localize Model processed 2698 samples in chunks of 4000 in 2.3 seconds
Localize Model processed 2317 samples in chunks of 4000 in 2.0 seconds
Localize Model processed 2549 samples in chunks of 4000 in 2.9 seconds
Localize Model processed 2655 samples in chunks of 4000 in 2.1 seconds
Localize Model processed 1230 samples in chunks of 4000 in 1.9 seconds
Localize Model processed 1456 samples in chunks of 4000 in 2.7 seconds
Localize Model processed 1091 samples in chunks of 4000 in 1.6 seconds
Localize Model processed 2697 samples in chunks of 4000 in 2.5 seconds
Localize Model processed 1132 samples in chunks of 4000 in 2.1 seconds
Localize Model processed 2516 samples in chunks of 4000 in 2.3 seconds
Localize Model processed 1253 samples in chunks of 4000 in 1.9 seconds
Localize Model processed 1371 samples in chunks of 4000 in 2.6 seconds
Localize Model processed 2482 samples in chunks of 4000 in 1.8 seconds
Localize Model processed 1490 samples in chunks of 4000 in 2.3 seconds
Localize Model processed 2697 samples in chunks of 4000 in 2.7 seconds
Localize Model processed 1289 samples in chunks of 4000 in 1.8 seconds
Localize Model processed 1613 samples in chunks of 4000 in 2.6 seconds
Localize Model processed 1554 samples in chunks of 4000 in 1.4 seconds
Localize Model processed 2697 samples in chunks of 4000 in 2.9 seconds
Localize Model processed 1796 samples in chunks of 4000 in 2.2 seconds
Localize Model processed 2091 samples in chunks of 4000 in 1.5 seconds
Localize Model processed 1846 samples in chunks of 4000 in 2.3 seconds
Localize Model processed 1134 samples in chunks of 4000 in 2.3 seconds
Localize Model processed 2178 samples in chunks of 4000 in 2.8 seconds
Localize Model processed 1622 samples in chunks of 4000 in 1.8 seconds
Localize Model processed 1699 samples in chunks of 4000 in 1.7 seconds
Localize Model processed 1711 samples in chunks of 4000 in 2.4 seconds
Localize Model processed 2135 samples in chunks of 4000 in 3.6 seconds
Localize Model processed 1598 samples in chunks of 4000 in 2.0 seconds
Localize Model processed 1114 samples in chunks of 4000 in 2.6 seconds
Localize Model processed 1531 samples in chunks of 4000 in 1.8 seconds
Localize Model processed 1918 samples in chunks of 4000 in 1.8 seconds
Localize Model processed 2563 samples in chunks of 4000 in 2.6 seconds
Localize Model processed 2151 samples in chunks of 4000 in 3.4 seconds
Localize Model processed 2697 samples in chunks of 4000 in 2.8 seconds
Localize Model processed 2546 samples in chunks of 4000 in 3.5 seconds
Localize Model processed 2698 samples in chunks of 4000 in 2.0 seconds
Localize Model processed 1352 samples in chunks of 4000 in 2.0 seconds
Localize Model processed 2698 samples in chunks of 4000 in 2.4 seconds
Localize Model processed 2698 samples in chunks of 4000 in 3.9 seconds
Localize Model processed 2698 samples in chunks of 4000 in 3.1 seconds
Localize Model processed 2648 samples in chunks of 4000 in 2.6 seconds
Localize Model processed 2697 samples in chunks of 4000 in 2.1 seconds
Localize Model processed 2249 samples in chunks of 4000 in 1.9 seconds
Localize Model processed 2252 samples in chunks of 4000 in 1.9 seconds
Localize Model processed 1581 samples in chunks of 4000 in 2.3 seconds
Localize Model processed 1157 samples in chunks of 4000 in 1.3 seconds
Localize Model processed 2698 samples in chunks of 4000 in 2.1 seconds
Localize Model processed 1819 samples in chunks of 4000 in 1.4 seconds
Localize Model processed 2652 samples in chunks of 4000 in 2.2 seconds
Localize Model processed 1241 samples in chunks of 4000 in 2.0 seconds
Localize Model processed 2697 samples in chunks of 4000 in 1.5 seconds
Localize Model processed 2697 samples in chunks of 4000 in 2.4 seconds
Localize Model processed 1467 samples in chunks of 4000 in 2.3 seconds
Localize Model processed 2697 samples in chunks of 4000 in 1.5 seconds
Localize Model processed 1455 samples in chunks of 4000 in 2.1 seconds
Localize Model processed 1613 samples in chunks of 4000 in 2.6 seconds
Localize Model processed 2108 samples in chunks of 4000 in 2.7 seconds
Localize Model processed 2133 samples in chunks of 4000 in 2.3 seconds
Localize Model processed 1974 samples in chunks of 4000 in 2.2 seconds
Localize Model processed 2697 samples in chunks of 4000 in 2.1 seconds
Localize Model processed 1769 samples in chunks of 4000 in 2.5 seconds
Localize Model processed 2698 samples in chunks of 4000 in 2.7 seconds
Localize Model processed 2546 samples in chunks of 4000 in 3.1 seconds
Localize Model processed 2698 samples in chunks of 4000 in 2.3 seconds
Localize Model processed 1352 samples in chunks of 4000 in 2.4 seconds
Localize Model processed 2698 samples in chunks of 4000 in 2.5 seconds
Localize Model processed 1218 samples in chunks of 4000 in 1.5 seconds
Localize Model processed 2698 samples in chunks of 4000 in 2.7 seconds
Localize Model processed 1992 samples in chunks of 4000 in 2.2 seconds
Localize Model processed 2318 samples in chunks of 4000 in 1.6 seconds
Localize Model processed 1992 samples in chunks of 4000 in 1.9 seconds
Localize Model processed 1218 samples in chunks of 4000 in 1.5 seconds
Localize Model processed 1631 samples in chunks of 4000 in 2.0 seconds
Localize Model processed 1218 samples in chunks of 4000 in 1.6 seconds
Localize Model processed 1481 samples in chunks of 4000 in 1.8 seconds
Localize Model processed 2698 samples in chunks of 4000 in 2.3 seconds
Localize Model processed 2625 samples in chunks of 4000 in 2.8 seconds
Localize Model processed 2698 samples in chunks of 4000 in 1.6 seconds
Localize Model processed 1102 samples in chunks of 4000 in 2.5 seconds
Localize Model processed 1310 samples in chunks of 4000 in 2.4 seconds
Localize Model processed 2697 samples in chunks of 4000 in 2.4 seconds
Localize Model processed 2697 samples in chunks of 4000 in 1.6 seconds
Localize Model processed 1518 samples in chunks of 4000 in 2.1 seconds
Localize Model processed 1225 samples in chunks of 4000 in 1.8 seconds
Localize Model processed 1997 samples in chunks of 4000 in 3.6 seconds
Localize Model processed 2697 samples in chunks of 4000 in 2.1 seconds
Localize Model processed 1723 samples in chunks of 4000 in 2.3 seconds
Localize Model processed 2264 samples in chunks of 4000 in 3.0 seconds
Localize Model processed 2323 samples in chunks of 4000 in 2.3 seconds
Localize Model processed 1116 samples in chunks of 4000 in 1.5 seconds
Localize Model processed 1148 samples in chunks of 4000 in 1.1 seconds
Localize Model processed 1884 samples in chunks of 4000 in 2.6 seconds
Localize Model processed 2488 samples in chunks of 4000 in 2.1 seconds
Localize Model processed 2496 samples in chunks of 4000 in 2.4 seconds
Localize Model processed 1766 samples in chunks of 4000 in 2.4 seconds
Localize Model processed 1786 samples in chunks of 4000 in 2.1 seconds
Localize Model processed 1415 samples in chunks of 4000 in 2.5 seconds
Localize Model processed 1206 samples in chunks of 4000 in 2.2 seconds
Localize Model processed 1603 samples in chunks of 4000 in 2.0 seconds
Localize Model processed 2698 samples in chunks of 4000 in 2.1 seconds
Localize Model processed 2331 samples in chunks of 4000 in 3.1 seconds
Localize Model processed 2546 samples in chunks of 4000 in 3.7 seconds
Localize Model processed 2698 samples in chunks of 4000 in 2.5 seconds
Localize Model processed 1352 samples in chunks of 4000 in 2.1 seconds
Localize Model processed 2698 samples in chunks of 4000 in 2.1 seconds
Localize Model processed 1681 samples in chunks of 4000 in 2.6 seconds
Localize Model processed 1078 samples in chunks of 4000 in 2.2 seconds
Localize Model processed 2698 samples in chunks of 4000 in 3.5 seconds
Localize Model processed 1516 samples in chunks of 4000 in 2.6 seconds
Localize Model processed 1351 samples in chunks of 4000 in 1.7 seconds
Localize Model processed 2508 samples in chunks of 4000 in 3.3 seconds
Localize Model processed 1937 samples in chunks of 4000 in 2.1 seconds
Localize Model processed 1719 samples in chunks of 4000 in 2.5 seconds
Localize Model processed 1486 samples in chunks of 4000 in 2.0 seconds
Localize Model processed 2688 samples in chunks of 4000 in 3.0 seconds
Localize Model processed 2546 samples in chunks of 4000 in 3.2 seconds
Localize Model processed 2698 samples in chunks of 4000 in 2.3 seconds
Localize Model processed 1352 samples in chunks of 4000 in 1.7 seconds
Localize Model processed 2698 samples in chunks of 4000 in 1.7 seconds
Localize Model processed 1645 samples in chunks of 4000 in 2.1 seconds
Localize Model processed 1756 samples in chunks of 4000 in 2.5 seconds
Localize Model processed 1527 samples in chunks of 4000 in 2.6 seconds
Localize Model processed 2697 samples in chunks of 4000 in 2.5 seconds
Localize Model processed 1186 samples in chunks of 4000 in 2.8 seconds
Localize Model processed 2528 samples in chunks of 4000 in 2.7 seconds
Localize Model processed 2698 samples in chunks of 4000 in 2.0 seconds
Localize Model processed 1920 samples in chunks of 4000 in 2.3 seconds
Localize Model processed 2698 samples in chunks of 4000 in 2.7 seconds
Localize Model processed 2188 samples in chunks of 4000 in 1.7 seconds
Localize Model processed 2697 samples in chunks of 4000 in 2.1 seconds
Localize Model processed 1480 samples in chunks of 4000 in 2.1 seconds
Localize Model processed 1295 samples in chunks of 4000 in 1.4 seconds
Localize Model processed 1274 samples in chunks of 4000 in 2.1 seconds
Localize Model processed 1564 samples in chunks of 4000 in 1.7 seconds
Localize Model processed 1959 samples in chunks of 4000 in 1.9 seconds
Localize Model processed 1989 samples in chunks of 4000 in 1.9 seconds
Localize Model processed 1495 samples in chunks of 4000 in 2.3 seconds
Localize Model processed 1396 samples in chunks of 4000 in 1.4 seconds
Localize Model processed 1078 samples in chunks of 4000 in 2.3 seconds
Localize Model processed 1619 samples in chunks of 4000 in 2.0 seconds
Localize Model processed 1245 samples in chunks of 4000 in 1.8 seconds
Localize Model processed 1788 samples in chunks of 4000 in 2.3 seconds
Localize Model processed 1118 samples in chunks of 4000 in 1.4 seconds
Localize Model processed 2252 samples in chunks of 4000 in 1.9 seconds
Localize Model processed 1581 samples in chunks of 4000 in 2.5 seconds
Localize Model processed 1157 samples in chunks of 4000 in 1.3 seconds
Localize Model processed 2698 samples in chunks of 4000 in 2.3 seconds
Localize Model processed 1328 samples in chunks of 4000 in 2.6 seconds
Localize Model processed 2697 samples in chunks of 4000 in 2.0 seconds
Localize Model processed 1178 samples in chunks of 4000 in 2.3 seconds
Localize Model processed 1630 samples in chunks of 4000 in 2.0 seconds
Localize Model processed 2698 samples in chunks of 4000 in 1.6 seconds
Localize Model processed 1613 samples in chunks of 4000 in 2.5 seconds
Localize Model processed 1554 samples in chunks of 4000 in 3.0 seconds
Localize Model processed 2697 samples in chunks of 4000 in 2.5 seconds
Localize Model processed 1796 samples in chunks of 4000 in 2.0 seconds
Localize Model processed 2091 samples in chunks of 4000 in 1.7 seconds
Localize Model processed 1846 samples in chunks of 4000 in 3.0 seconds
Localize Model processed 1134 samples in chunks of 4000 in 1.6 seconds
Localize Model processed 2178 samples in chunks of 4000 in 2.8 seconds
Localize Model processed 1622 samples in chunks of 4000 in 1.9 seconds
Localize Model processed 2271 samples in chunks of 4000 in 2.7 seconds
Localize Model processed 2698 samples in chunks of 4000 in 2.5 seconds
Localize Model processed 2409 samples in chunks of 4000 in 1.5 seconds
Localize Model processed 2698 samples in chunks of 4000 in 2.1 seconds
Localize Model processed 2232 samples in chunks of 4000 in 1.8 seconds
Localize Model processed 2590 samples in chunks of 4000 in 2.9 seconds
Localize Model processed 1097 samples in chunks of 4000 in 1.6 seconds
Localize Model processed 1531 samples in chunks of 4000 in 2.9 seconds
Localize Model processed 2697 samples in chunks of 4000 in 1.5 seconds
Localize Model processed 2697 samples in chunks of 4000 in 2.0 seconds
Localize Model processed 2698 samples in chunks of 4000 in 2.2 seconds
Localize Model processed 1175 samples in chunks of 4000 in 2.4 seconds
Localize Model processed 1477 samples in chunks of 4000 in 2.0 seconds
Localize Model processed 2698 samples in chunks of 4000 in 2.0 seconds
Localize Model processed 1172 samples in chunks of 4000 in 1.8 seconds
Localize Model processed 1467 samples in chunks of 4000 in 2.3 seconds
Localize Model processed 2697 samples in chunks of 4000 in 1.9 seconds
Localize Model processed 1455 samples in chunks of 4000 in 2.1 seconds
Localize Model processed 1613 samples in chunks of 4000 in 1.9 seconds
Localize Model processed 2108 samples in chunks of 4000 in 2.2 seconds
Localize Model processed 1279 samples in chunks of 4000 in 2.0 seconds
Localize Model processed 1091 samples in chunks of 4000 in 2.4 seconds
Localize Model processed 1813 samples in chunks of 4000 in 2.6 seconds
Localize Model processed 2698 samples in chunks of 4000 in 2.7 seconds
Localize Model processed 2238 samples in chunks of 4000 in 3.1 seconds
Localize Model processed 1972 samples in chunks of 4000 in 2.5 seconds
Localize Model processed 2698 samples in chunks of 4000 in 1.7 seconds
Localize Model processed 2697 samples in chunks of 4000 in 2.5 seconds
Localize Model processed 1449 samples in chunks of 4000 in 1.8 seconds
Localize Model processed 1218 samples in chunks of 4000 in 2.0 seconds
Localize Model processed 1218 samples in chunks of 4000 in 1.9 seconds
Localize Model processed 1190 samples in chunks of 4000 in 1.6 seconds
Localize Model processed 1819 samples in chunks of 4000 in 1.6 seconds
Localize Model processed 2652 samples in chunks of 4000 in 1.4 seconds
Localize Model processed 1241 samples in chunks of 4000 in 2.7 seconds
Localize Model processed 2697 samples in chunks of 4000 in 2.1 seconds
Localize Model processed 2697 samples in chunks of 4000 in 2.6 seconds
Localize Model processed 1631 samples in chunks of 4000 in 2.2 seconds
Localize Model processed 1992 samples in chunks of 4000 in 1.8 seconds
Localize Model processed 2469 samples in chunks of 4000 in 2.0 seconds
Localize Model processed 1199 samples in chunks of 4000 in 2.1 seconds
Localize Model processed 1696 samples in chunks of 4000 in 2.1 seconds
Localize Model processed 1285 samples in chunks of 4000 in 3.4 seconds
Localize Model processed 1095 samples in chunks of 4000 in 1.5 seconds
Localize Model processed 2116 samples in chunks of 4000 in 2.0 seconds
Localize Model processed 2528 samples in chunks of 4000 in 2.5 seconds
Localize Model processed 2698 samples in chunks of 4000 in 2.3 seconds
Localize Model processed 1920 samples in chunks of 4000 in 2.7 seconds
Localize Model processed 2698 samples in chunks of 4000 in 2.6 seconds
Localize Model processed 2188 samples in chunks of 4000 in 2.0 seconds
Localize Model processed 2652 samples in chunks of 4000 in 2.7 seconds
Localize Model processed 1241 samples in chunks of 4000 in 1.8 seconds
Localize Model processed 2697 samples in chunks of 4000 in 2.4 seconds
Localize Model processed 2697 samples in chunks of 4000 in 2.4 seconds
Localize Model processed 1694 samples in chunks of 4000 in 1.1 seconds
Localize Model processed 2172 samples in chunks of 4000 in 2.7 seconds
Localize Model processed 1054 samples in chunks of 4000 in 1.8 seconds
Localize Model processed 1674 samples in chunks of 4000 in 2.8 seconds
Localize Model processed 1815 samples in chunks of 4000 in 1.7 seconds
Localize Model processed 1859 samples in chunks of 4000 in 2.7 seconds
Localize Model processed 1279 samples in chunks of 4000 in 1.9 seconds
Localize Model processed 1091 samples in chunks of 4000 in 1.9 seconds
Localize Model processed 1813 samples in chunks of 4000 in 2.0 seconds
Localize Model processed 2698 samples in chunks of 4000 in 2.8 seconds
Localize Model processed 2238 samples in chunks of 4000 in 1.9 seconds
Localize Model processed 2697 samples in chunks of 4000 in 2.2 seconds
Localize Model processed 2698 samples in chunks of 4000 in 2.1 seconds
Localize Model processed 2323 samples in chunks of 4000 in 1.9 seconds
Localize Model processed 1116 samples in chunks of 4000 in 1.8 seconds
Localize Model processed 1241 samples in chunks of 4000 in 1.8 seconds
Localize Model processed 1646 samples in chunks of 4000 in 1.7 seconds
Localize Model processed 1077 samples in chunks of 4000 in 2.0 seconds
Localize Model processed 2665 samples in chunks of 4000 in 3.0 seconds
Localize Model processed 2243 samples in chunks of 4000 in 2.2 seconds
Localize Model processed 1537 samples in chunks of 4000 in 2.1 seconds
Localize Model processed 1665 samples in chunks of 4000 in 2.1 seconds
Localize Model processed 1948 samples in chunks of 4000 in 2.7 seconds
Localize Model processed 2482 samples in chunks of 4000 in 2.0 seconds
Localize Model processed 1888 samples in chunks of 4000 in 2.1 seconds
Localize Model processed 1997 samples in chunks of 4000 in 2.8 seconds
Localize Model processed 2697 samples in chunks of 4000 in 2.4 seconds
Localize Model processed 1723 samples in chunks of 4000 in 2.8 seconds
Localize Model processed 2264 samples in chunks of 4000 in 2.6 seconds
Localize Model processed 2178 samples in chunks of 4000 in 2.0 seconds
Localize Model processed 1789 samples in chunks of 4000 in 2.0 seconds
Localize Model processed 2698 samples in chunks of 4000 in 2.5 seconds
Localize Model processed 2698 samples in chunks of 4000 in 2.8 seconds
Localize Model processed 2317 samples in chunks of 4000 in 2.9 seconds
Localize Model processed 1611 samples in chunks of 4000 in 3.0 seconds
Localize Model processed 1817 samples in chunks of 4000 in 1.8 seconds
Localize Model processed 2698 samples in chunks of 4000 in 2.4 seconds
Localize Model processed 2641 samples in chunks of 4000 in 2.1 seconds
Localize Model processed 2697 samples in chunks of 4000 in 2.1 seconds
Localize Model processed 2652 samples in chunks of 4000 in 2.3 seconds
Localize Model processed 1241 samples in chunks of 4000 in 2.0 seconds
Localize Model processed 2697 samples in chunks of 4000 in 1.4 seconds
Localize Model processed 2697 samples in chunks of 4000 in 2.5 seconds
Localize Model processed 2697 samples in chunks of 4000 in 3.8 seconds
Localize Model processed 2548 samples in chunks of 4000 in 1.8 seconds
Localize Model processed 1295 samples in chunks of 4000 in 1.5 seconds
Localize Model processed 2072 samples in chunks of 4000 in 3.2 seconds
Localize Model processed 1818 samples in chunks of 4000 in 3.5 seconds
Localize Model processed 1310 samples in chunks of 4000 in 2.0 seconds
Localize Model processed 2697 samples in chunks of 4000 in 2.1 seconds
Localize Model processed 2697 samples in chunks of 4000 in 2.4 seconds
Localize Model processed 1518 samples in chunks of 4000 in 3.0 seconds
Localize Model processed 1225 samples in chunks of 4000 in 1.5 seconds
Localize Model processed 1997 samples in chunks of 4000 in 3.0 seconds
Localize Model processed 2697 samples in chunks of 4000 in 2.5 seconds
Localize Model processed 1723 samples in chunks of 4000 in 2.4 seconds
Localize Model processed 2264 samples in chunks of 4000 in 2.3 seconds
Localize Model processed 2271 samples in chunks of 4000 in 2.5 seconds
Localize Model processed 2698 samples in chunks of 4000 in 2.1 seconds
Localize Model processed 2409 samples in chunks of 4000 in 1.6 seconds
Localize Model processed 2698 samples in chunks of 4000 in 1.7 seconds
Localize Model processed 2232 samples in chunks of 4000 in 1.9 seconds
Localize Model processed 2590 samples in chunks of 4000 in 3.0 seconds
Localize Model processed 1097 samples in chunks of 4000 in 1.6 seconds
Localize Model processed 1531 samples in chunks of 4000 in 2.1 seconds
Localize Model processed 2697 samples in chunks of 4000 in 1.5 seconds
Localize Model processed 2697 samples in chunks of 4000 in 2.2 seconds
Localize Model processed 2698 samples in chunks of 4000 in 2.2 seconds
Localize Model processed 1175 samples in chunks of 4000 in 2.0 seconds
Localize Model processed 1477 samples in chunks of 4000 in 1.8 seconds
Localize Model processed 2698 samples in chunks of 4000 in 2.1 seconds
Localize Model processed 1371 samples in chunks of 4000 in 1.9 seconds
Localize Model processed 2482 samples in chunks of 4000 in 1.8 seconds
Localize Model processed 1490 samples in chunks of 4000 in 2.9 seconds
Localize Model processed 2697 samples in chunks of 4000 in 3.4 seconds
Localize Model processed 1289 samples in chunks of 4000 in 1.7 seconds
Localize Model processed 1613 samples in chunks of 4000 in 2.8 seconds
Localize Model processed 1554 samples in chunks of 4000 in 2.1 seconds
Localize Model processed 2697 samples in chunks of 4000 in 2.6 seconds
Localize Model processed 1796 samples in chunks of 4000 in 2.2 seconds
Localize Model processed 2091 samples in chunks of 4000 in 2.1 seconds
Localize Model processed 1846 samples in chunks of 4000 in 1.9 seconds
Localize Model processed 1134 samples in chunks of 4000 in 2.3 seconds
Localize Model processed 2178 samples in chunks of 4000 in 2.8 seconds
Localize Model processed 1622 samples in chunks of 4000 in 2.2 seconds
Localize Model processed 1631 samples in chunks of 4000 in 1.6 seconds
Localize Model processed 1104 samples in chunks of 4000 in 2.0 seconds
Localize Model processed 1172 samples in chunks of 4000 in 1.5 seconds
Localize Model processed 2098 samples in chunks of 4000 in 2.1 seconds
Localize Model processed 2279 samples in chunks of 4000 in 1.3 seconds
Localize Model processed 1993 samples in chunks of 4000 in 1.7 seconds
Localize Model processed 1078 samples in chunks of 4000 in 2.3 seconds
Localize Model processed 1619 samples in chunks of 4000 in 1.9 seconds
Localize Model processed 1245 samples in chunks of 4000 in 1.9 seconds
Localize Model processed 1788 samples in chunks of 4000 in 2.1 seconds
Localize Model processed 1118 samples in chunks of 4000 in 1.8 seconds
Localize Model processed 2590 samples in chunks of 4000 in 2.3 seconds
Localize Model processed 1097 samples in chunks of 4000 in 2.3 seconds
Localize Model processed 1531 samples in chunks of 4000 in 1.4 seconds
Localize Model processed 1865 samples in chunks of 4000 in 2.7 seconds
Localize Model processed 1076 samples in chunks of 4000 in 2.1 seconds
Localize Model processed 1751 samples in chunks of 4000 in 2.8 seconds
Localize Model processed 1814 samples in chunks of 4000 in 1.9 seconds
Localize Model processed 1705 samples in chunks of 4000 in 1.8 seconds
Localize Model processed 2528 samples in chunks of 4000 in 2.6 seconds
Localize Model processed 2698 samples in chunks of 4000 in 2.8 seconds
Localize Model processed 1920 samples in chunks of 4000 in 2.5 seconds
Localize Model processed 2698 samples in chunks of 4000 in 3.1 seconds
Localize Model processed 2188 samples in chunks of 4000 in 2.5 seconds
Localize Model processed 2697 samples in chunks of 4000 in 2.7 seconds
Localize Model processed 1480 samples in chunks of 4000 in 2.2 seconds
Localize Model processed 1295 samples in chunks of 4000 in 2.1 seconds
Localize Model processed 1274 samples in chunks of 4000 in 1.6 seconds
Localize Model processed 1148 samples in chunks of 4000 in 2.0 seconds
Localize Model processed 1172 samples in chunks of 4000 in 1.6 seconds
Localize Model processed 1631 samples in chunks of 4000 in 1.3 seconds
Localize Model processed 1172 samples in chunks of 4000 in 2.2 seconds
Localize Model processed 2469 samples in chunks of 4000 in 2.2 seconds
Localize Model processed 1992 samples in chunks of 4000 in 1.8 seconds
Localize Model processed 2697 samples in chunks of 4000 in 2.4 seconds
Localize Model processed 2697 samples in chunks of 4000 in 1.8 seconds
Localize Model processed 2697 samples in chunks of 4000 in 2.1 seconds
Localize Model processed 1480 samples in chunks of 4000 in 1.9 seconds
Localize Model processed 1295 samples in chunks of 4000 in 2.4 seconds
Localize Model processed 1274 samples in chunks of 4000 in 1.4 seconds
Localize Model processed 1190 samples in chunks of 4000 in 1.7 seconds
Localize Model processed 1190 samples in chunks of 4000 in 1.1 seconds
Localize Model processed 2697 samples in chunks of 4000 in 3.9 seconds
Localize Model processed 1251 samples in chunks of 4000 in 1.7 seconds
Localize Model processed 1616 samples in chunks of 4000 in 1.6 seconds
Localize Model processed 1958 samples in chunks of 4000 in 2.6 seconds
Localize Model processed 1772 samples in chunks of 4000 in 1.5 seconds
Localize Model processed 1613 samples in chunks of 4000 in 2.6 seconds
Localize Model processed 1554 samples in chunks of 4000 in 2.2 seconds
Localize Model processed 2697 samples in chunks of 4000 in 3.0 seconds
Localize Model processed 1796 samples in chunks of 4000 in 1.5 seconds
Localize Model processed 2091 samples in chunks of 4000 in 1.9 seconds
Localize Model processed 2698 samples in chunks of 4000 in 2.7 seconds
Localize Model processed 1175 samples in chunks of 4000 in 2.0 seconds
Localize Model processed 1477 samples in chunks of 4000 in 1.6 seconds
Localize Model processed 2698 samples in chunks of 4000 in 2.4 seconds
Localize Model processed 1328 samples in chunks of 4000 in 1.9 seconds
Localize Model processed 2697 samples in chunks of 4000 in 2.4 seconds
Localize Model processed 1178 samples in chunks of 4000 in 2.5 seconds
Localize Model processed 1630 samples in chunks of 4000 in 2.5 seconds
Localize Model processed 2698 samples in chunks of 4000 in 1.7 seconds
Localize Model processed 1613 samples in chunks of 4000 in 2.7 seconds
Localize Model processed 1554 samples in chunks of 4000 in 1.9 seconds
Localize Model processed 2697 samples in chunks of 4000 in 2.7 seconds
Localize Model processed 1796 samples in chunks of 4000 in 2.1 seconds
Localize Model processed 2091 samples in chunks of 4000 in 2.0 seconds
Localize Model processed 1846 samples in chunks of 4000 in 2.1 seconds
Localize Model processed 1134 samples in chunks of 4000 in 2.2 seconds
Localize Model processed 2178 samples in chunks of 4000 in 2.4 seconds
Localize Model processed 1622 samples in chunks of 4000 in 2.2 seconds
Localize Model processed 1241 samples in chunks of 4000 in 2.0 seconds
Localize Model processed 1646 samples in chunks of 4000 in 1.8 seconds
Localize Model processed 1077 samples in chunks of 4000 in 2.0 seconds
Localize Model processed 2665 samples in chunks of 4000 in 2.0 seconds
Localize Model processed 2243 samples in chunks of 4000 in 3.3 seconds
Localize Model processed 1531 samples in chunks of 4000 in 2.0 seconds
Localize Model processed 1918 samples in chunks of 4000 in 1.8 seconds
Localize Model processed 2563 samples in chunks of 4000 in 2.1 seconds
Localize Model processed 2151 samples in chunks of 4000 in 2.4 seconds
Localize Model processed 2697 samples in chunks of 4000 in 2.0 seconds
Localize Model processed 2698 samples in chunks of 4000 in 2.7 seconds
Localize Model processed 2595 samples in chunks of 4000 in 2.0 seconds
Localize Model processed 2698 samples in chunks of 4000 in 2.1 seconds
Localize Model processed 1956 samples in chunks of 4000 in 2.1 seconds
Localize Model processed 2178 samples in chunks of 4000 in 2.0 seconds
Localize Model processed 1789 samples in chunks of 4000 in 2.7 seconds
Localize Model processed 2698 samples in chunks of 4000 in 3.4 seconds
Localize Model processed 2698 samples in chunks of 4000 in 2.6 seconds
Localize Model processed 2317 samples in chunks of 4000 in 1.9 seconds
Localize Model processed 1694 samples in chunks of 4000 in 3.7 seconds
Localize Model processed 2469 samples in chunks of 4000 in 2.2 seconds
Localize Model processed 1606 samples in chunks of 4000 in 2.4 seconds
Localize Model processed 1106 samples in chunks of 4000 in 3.1 seconds
Localize Model processed 1653 samples in chunks of 4000 in 1.5 seconds
Localize Model processed 2697 samples in chunks of 4000 in 2.5 seconds
Localize Model processed 2698 samples in chunks of 4000 in 1.9 seconds
Localize Model processed 2323 samples in chunks of 4000 in 2.1 seconds
Localize Model processed 1116 samples in chunks of 4000 in 1.8 seconds
Localize Model processed 1884 samples in chunks of 4000 in 2.7 seconds
Localize Model processed 2488 samples in chunks of 4000 in 2.1 seconds
Localize Model processed 2496 samples in chunks of 4000 in 1.9 seconds
Localize Model processed 1766 samples in chunks of 4000 in 2.1 seconds
Localize Model processed 1786 samples in chunks of 4000 in 1.8 seconds
Localize Model processed 2098 samples in chunks of 4000 in 2.2 seconds
Localize Model processed 2067 samples in chunks of 4000 in 1.4 seconds
Localize Model processed 2168 samples in chunks of 4000 in 2.5 seconds
Localize Model processed 1427 samples in chunks of 4000 in 1.9 seconds
Localize Model processed 2632 samples in chunks of 4000 in 1.5 seconds
Localize Model processed 2697 samples in chunks of 4000 in 2.2 seconds
Localize Model processed 1480 samples in chunks of 4000 in 2.4 seconds
Localize Model processed 1295 samples in chunks of 4000 in 1.9 seconds
Localize Model processed 1274 samples in chunks of 4000 in 2.3 seconds
Localize Model processed 2697 samples in chunks of 4000 in 4.0 seconds
Localize Model processed 2251 samples in chunks of 4000 in 2.2 seconds
Localize Model processed 2343 samples in chunks of 4000 in 3.0 seconds
Localize Model processed 2698 samples in chunks of 4000 in 2.0 seconds
Localize Model processed 1196 samples in chunks of 4000 in 1.6 seconds
Localize Model processed 2098 samples in chunks of 4000 in 2.9 seconds
Localize Model processed 2067 samples in chunks of 4000 in 1.6 seconds
Localize Model processed 2168 samples in chunks of 4000 in 2.6 seconds
Localize Model processed 1427 samples in chunks of 4000 in 2.0 seconds
Localize Model processed 2632 samples in chunks of 4000 in 2.1 seconds
Localize Model processed 2652 samples in chunks of 4000 in 2.7 seconds
Localize Model processed 1241 samples in chunks of 4000 in 2.0 seconds
Localize Model processed 2697 samples in chunks of 4000 in 2.3 seconds
Localize Model processed 2697 samples in chunks of 4000 in 2.1 seconds
Localize Model processed 1865 samples in chunks of 4000 in 2.3 seconds
Localize Model processed 1076 samples in chunks of 4000 in 2.5 seconds
Localize Model processed 1751 samples in chunks of 4000 in 2.1 seconds
Localize Model processed 1814 samples in chunks of 4000 in 1.6 seconds
Localize Model processed 1705 samples in chunks of 4000 in 2.1 seconds
Localize Model processed 1531 samples in chunks of 4000 in 2.4 seconds
Localize Model processed 1918 samples in chunks of 4000 in 2.2 seconds
Localize Model processed 2563 samples in chunks of 4000 in 2.2 seconds
Localize Model processed 2151 samples in chunks of 4000 in 2.1 seconds
Localize Model processed 2697 samples in chunks of 4000 in 1.9 seconds
Localize Model processed 2698 samples in chunks of 4000 in 2.7 seconds
Localize Model processed 2595 samples in chunks of 4000 in 2.3 seconds
Localize Model processed 2698 samples in chunks of 4000 in 1.7 seconds
Localize Model processed 1956 samples in chunks of 4000 in 2.0 seconds
Localize Model processed 1330 samples in chunks of 4000 in 1.9 seconds
Localize Model processed 1341 samples in chunks of 4000 in 2.1 seconds
Localize Model processed 1923 samples in chunks of 4000 in 2.2 seconds
Localize Model processed 2238 samples in chunks of 4000 in 1.8 seconds
Localize Model processed 1340 samples in chunks of 4000 in 1.7 seconds
Localize Model processed 1412 samples in chunks of 4000 in 1.6 seconds
Localize Model processed 2697 samples in chunks of 4000 in 2.5 seconds
Localize Model processed 1910 samples in chunks of 4000 in 1.9 seconds
Localize Model processed 1851 samples in chunks of 4000 in 2.8 seconds
Localize Model processed 2051 samples in chunks of 4000 in 3.4 seconds
Localize Model processed 2698 samples in chunks of 4000 in 3.3 seconds
Localize Model processed 2595 samples in chunks of 4000 in 2.0 seconds
Localize Model processed 2698 samples in chunks of 4000 in 2.6 seconds
Localize Model processed 1956 samples in chunks of 4000 in 2.0 seconds
Localize Model processed 2469 samples in chunks of 4000 in 2.2 seconds
Localize Model processed 1992 samples in chunks of 4000 in 1.7 seconds
Localize Model processed 1843 samples in chunks of 4000 in 1.2 seconds
Localize Model processed 1148 samples in chunks of 4000 in 2.6 seconds
Localize Model processed 1190 samples in chunks of 4000 in 2.0 seconds
Localize Model processed 1631 samples in chunks of 4000 in 1.8 seconds
Localize Model processed 1843 samples in chunks of 4000 in 1.4 seconds
Localize Model processed 1843 samples in chunks of 4000 in 1.5 seconds
Localize Model processed 2697 samples in chunks of 4000 in 4.1 seconds
Localize Model processed 2251 samples in chunks of 4000 in 1.8 seconds
Localize Model processed 2343 samples in chunks of 4000 in 2.1 seconds
Localize Model processed 2698 samples in chunks of 4000 in 2.7 seconds
Localize Model processed 1196 samples in chunks of 4000 in 1.3 seconds
Localize Model processed 1611 samples in chunks of 4000 in 2.9 seconds
Localize Model processed 1817 samples in chunks of 4000 in 2.0 seconds
Localize Model processed 2698 samples in chunks of 4000 in 3.1 seconds
Localize Model processed 2641 samples in chunks of 4000 in 2.7 seconds
Localize Model processed 2697 samples in chunks of 4000 in 2.8 seconds
Localize Model processed 2652 samples in chunks of 4000 in 2.6 seconds
Localize Model processed 1241 samples in chunks of 4000 in 2.2 seconds
Localize Model processed 2697 samples in chunks of 4000 in 2.1 seconds
Localize Model processed 2697 samples in chunks of 4000 in 2.0 seconds
Localize Model processed 2698 samples in chunks of 4000 in 3.1 seconds
Localize Model processed 2698 samples in chunks of 4000 in 2.7 seconds
Localize Model processed 2648 samples in chunks of 4000 in 2.3 seconds
Localize Model processed 2697 samples in chunks of 4000 in 1.9 seconds
Localize Model processed 2249 samples in chunks of 4000 in 1.4 seconds
Localize Model processed 2252 samples in chunks of 4000 in 2.7 seconds
Localize Model processed 1581 samples in chunks of 4000 in 2.2 seconds
Localize Model processed 1157 samples in chunks of 4000 in 1.3 seconds
Localize Model processed 2698 samples in chunks of 4000 in 2.0 seconds
Localize Model processed 1819 samples in chunks of 4000 in 1.4 seconds
Localize Model processed 2652 samples in chunks of 4000 in 2.5 seconds
Localize Model processed 1241 samples in chunks of 4000 in 2.1 seconds
Localize Model processed 2697 samples in chunks of 4000 in 2.0 seconds
Localize Model processed 2697 samples in chunks of 4000 in 2.4 seconds
Localize Model processed 1692 samples in chunks of 4000 in 2.5 seconds
Localize Model processed 1475 samples in chunks of 4000 in 1.8 seconds
Localize Model processed 2698 samples in chunks of 4000 in 2.4 seconds
Localize Model processed 1503 samples in chunks of 4000 in 1.5 seconds
Localize Model processed 1882 samples in chunks of 4000 in 1.6 seconds
Localize Model processed 1486 samples in chunks of 4000 in 2.3 seconds
Localize Model processed 2653 samples in chunks of 4000 in 3.2 seconds
Localize Model processed 2679 samples in chunks of 4000 in 2.0 seconds
Localize Model processed 1169 samples in chunks of 4000 in 1.8 seconds
Localize Model processed 1293 samples in chunks of 4000 in 2.2 seconds
Localize Model processed 1922 samples in chunks of 4000 in 1.8 seconds
Localize Model processed 1234 samples in chunks of 4000 in 2.7 seconds
Localize Model processed 1721 samples in chunks of 4000 in 1.7 seconds
Localize Model processed 1550 samples in chunks of 4000 in 1.7 seconds
Localize Model processed 1370 samples in chunks of 4000 in 2.3 seconds
Localize Model processed 1509 samples in chunks of 4000 in 2.0 seconds
Localize Model processed 2697 samples in chunks of 4000 in 2.7 seconds
Localize Model processed 1222 samples in chunks of 4000 in 1.5 seconds
Localize Model processed 2698 samples in chunks of 4000 in 2.2 seconds
Localize Model processed 1279 samples in chunks of 4000 in 2.0 seconds
Localize Model processed 1091 samples in chunks of 4000 in 2.2 seconds
Localize Model processed 1813 samples in chunks of 4000 in 2.5 seconds
Localize Model processed 2698 samples in chunks of 4000 in 3.1 seconds
Localize Model processed 2238 samples in chunks of 4000 in 2.0 seconds
Localize Model processed 1972 samples in chunks of 4000 in 2.0 seconds
Localize Model processed 2698 samples in chunks of 4000 in 1.7 seconds
Localize Model processed 2697 samples in chunks of 4000 in 2.1 seconds
Localize Model processed 1449 samples in chunks of 4000 in 1.8 seconds
Localize Model processed 1681 samples in chunks of 4000 in 1.8 seconds
Localize Model processed 1078 samples in chunks of 4000 in 1.9 seconds
Localize Model processed 2698 samples in chunks of 4000 in 1.9 seconds
Localize Model processed 1516 samples in chunks of 4000 in 1.8 seconds
Localize Model processed 1351 samples in chunks of 4000 in 2.4 seconds
Localize Model processed 2605 samples in chunks of 4000 in 3.1 seconds
Localize Model processed 2127 samples in chunks of 4000 in 2.3 seconds
Localize Model processed 1053 samples in chunks of 4000 in 1.3 seconds
Localize Model processed 2087 samples in chunks of 4000 in 2.5 seconds
Localize Model processed 1881 samples in chunks of 4000 in 1.9 seconds
Localize Model processed 2697 samples in chunks of 4000 in 3.1 seconds
Localize Model processed 2698 samples in chunks of 4000 in 3.0 seconds
Localize Model processed 2323 samples in chunks of 4000 in 2.3 seconds
Localize Model processed 1116 samples in chunks of 4000 in 1.4 seconds
Localize Model processed 1330 samples in chunks of 4000 in 2.9 seconds
Localize Model processed 1341 samples in chunks of 4000 in 2.0 seconds
Localize Model processed 1923 samples in chunks of 4000 in 2.8 seconds
Localize Model processed 2238 samples in chunks of 4000 in 3.2 seconds
Localize Model processed 1340 samples in chunks of 4000 in 1.7 seconds
Localize Model processed 1611 samples in chunks of 4000 in 2.2 seconds
Localize Model processed 1817 samples in chunks of 4000 in 2.3 seconds
Localize Model processed 2698 samples in chunks of 4000 in 2.3 seconds
Localize Model processed 2641 samples in chunks of 4000 in 2.3 seconds
Localize Model processed 2697 samples in chunks of 4000 in 1.9 seconds
Localize Model processed 2697 samples in chunks of 4000 in 2.7 seconds
Localize Model processed 1480 samples in chunks of 4000 in 1.9 seconds
Localize Model processed 1295 samples in chunks of 4000 in 2.1 seconds
Localize Model processed 1274 samples in chunks of 4000 in 1.5 seconds
Localize Model processed 1631 samples in chunks of 4000 in 1.1 seconds
Localize Model processed 1631 samples in chunks of 4000 in 1.8 seconds
Localize Model processed 2698 samples in chunks of 4000 in 1.8 seconds
Localize Model processed 1148 samples in chunks of 4000 in 2.2 seconds
Localize Model processed 1126 samples in chunks of 4000 in 1.8 seconds
Localize Model processed 1239 samples in chunks of 4000 in 2.2 seconds
Localize Model processed 1166 samples in chunks of 4000 in 1.9 seconds
Localize Model processed 1187 samples in chunks of 4000 in 1.2 seconds
Localize Model processed 1694 samples in chunks of 4000 in 1.8 seconds
Localize Model processed 1148 samples in chunks of 4000 in 1.7 seconds
Localize Model processed 1190 samples in chunks of 4000 in 1.4 seconds
Localize Model processed 1467 samples in chunks of 4000 in 2.6 seconds
Localize Model processed 2697 samples in chunks of 4000 in 1.5 seconds
Localize Model processed 1455 samples in chunks of 4000 in 2.8 seconds
Localize Model processed 1613 samples in chunks of 4000 in 1.8 seconds
Localize Model processed 2108 samples in chunks of 4000 in 2.8 seconds
Localize Model processed 2528 samples in chunks of 4000 in 3.1 seconds
Localize Model processed 2698 samples in chunks of 4000 in 2.2 seconds
Localize Model processed 1920 samples in chunks of 4000 in 2.5 seconds
Localize Model processed 2698 samples in chunks of 4000 in 3.6 seconds
Localize Model processed 2188 samples in chunks of 4000 in 2.0 seconds
Localize Model processed 2697 samples in chunks of 4000 in 3.2 seconds
Localize Model processed 1480 samples in chunks of 4000 in 2.5 seconds
Localize Model processed 1295 samples in chunks of 4000 in 1.7 seconds
Localize Model processed 1274 samples in chunks of 4000 in 1.6 seconds
Localize Model processed 2271 samples in chunks of 4000 in 2.7 seconds
Localize Model processed 2698 samples in chunks of 4000 in 2.2 seconds
Localize Model processed 2409 samples in chunks of 4000 in 2.5 seconds
Localize Model processed 2698 samples in chunks of 4000 in 1.6 seconds
Localize Model processed 2232 samples in chunks of 4000 in 2.7 seconds
Localize Model processed 2590 samples in chunks of 4000 in 2.5 seconds
Localize Model processed 1097 samples in chunks of 4000 in 2.2 seconds
Localize Model processed 1531 samples in chunks of 4000 in 1.8 seconds
Localize Model processed 2697 samples in chunks of 4000 in 2.0 seconds
Localize Model processed 2697 samples in chunks of 4000 in 2.1 seconds
Localize Model processed 2697 samples in chunks of 4000 in 2.7 seconds
Localize Model processed 1480 samples in chunks of 4000 in 2.0 seconds
Localize Model processed 1295 samples in chunks of 4000 in 1.8 seconds
Localize Model processed 1274 samples in chunks of 4000 in 2.2 seconds
Localize Model processed 1328 samples in chunks of 4000 in 2.5 seconds
Localize Model processed 2697 samples in chunks of 4000 in 1.8 seconds
Localize Model processed 1178 samples in chunks of 4000 in 2.3 seconds
Localize Model processed 1630 samples in chunks of 4000 in 1.6 seconds
Localize Model processed 2698 samples in chunks of 4000 in 1.7 seconds
Localize Model processed 2508 samples in chunks of 4000 in 2.8 seconds
Localize Model processed 1937 samples in chunks of 4000 in 2.1 seconds
Localize Model processed 1719 samples in chunks of 4000 in 2.0 seconds
Localize Model processed 1486 samples in chunks of 4000 in 2.1 seconds
Localize Model processed 2688 samples in chunks of 4000 in 2.5 seconds
Localize Model processed 1972 samples in chunks of 4000 in 2.8 seconds
Localize Model processed 2698 samples in chunks of 4000 in 2.7 seconds
Localize Model processed 2697 samples in chunks of 4000 in 2.2 seconds
Localize Model processed 1449 samples in chunks of 4000 in 1.9 seconds
Localize Model processed 2698 samples in chunks of 4000 in 3.8 seconds
Localize Model processed 1227 samples in chunks of 4000 in 2.0 seconds
Localize Model processed 1941 samples in chunks of 4000 in 1.5 seconds
Localize Model processed 2213 samples in chunks of 4000 in 1.6 seconds
Localize Model processed 1961 samples in chunks of 4000 in 2.0 seconds
Localize Model processed 2133 samples in chunks of 4000 in 3.5 seconds
Localize Model processed 1974 samples in chunks of 4000 in 2.7 seconds
Localize Model processed 2697 samples in chunks of 4000 in 3.8 seconds
Localize Model processed 1769 samples in chunks of 4000 in 1.5 seconds
Localize Model processed 2698 samples in chunks of 4000 in 2.6 seconds
Localize Model processed 2698 samples in chunks of 4000 in 3.0 seconds
Localize Model processed 1175 samples in chunks of 4000 in 1.5 seconds
Localize Model processed 1477 samples in chunks of 4000 in 1.8 seconds
Localize Model processed 2698 samples in chunks of 4000 in 1.9 seconds
Localize Model processed 2460 samples in chunks of 4000 in 2.1 seconds
Localize Model processed 1084 samples in chunks of 4000 in 1.9 seconds
Localize Model processed 2079 samples in chunks of 4000 in 2.0 seconds
Localize Model processed 1434 samples in chunks of 4000 in 1.3 seconds
Localize Model processed 1147 samples in chunks of 4000 in 1.9 seconds
Localize Model processed 1382 samples in chunks of 4000 in 1.8 seconds
Localize Model processed 2697 samples in chunks of 4000 in 2.9 seconds
Localize Model processed 1898 samples in chunks of 4000 in 2.1 seconds
Localize Model processed 2430 samples in chunks of 4000 in 2.2 seconds
Localize Model processed 1580 samples in chunks of 4000 in 1.7 seconds
Localize Model processed 1631 samples in chunks of 4000 in 1.7 seconds
Localize Model processed 2317 samples in chunks of 4000 in 1.7 seconds
Localize Model processed 2302 samples in chunks of 4000 in 1.9 seconds
Localize Model processed 1220 samples in chunks of 4000 in 2.4 seconds
Localize Model processed 1317 samples in chunks of 4000 in 1.8 seconds
Localize Model processed 1433 samples in chunks of 4000 in 2.1 seconds
Localize Model processed 2032 samples in chunks of 4000 in 2.7 seconds
Localize Model processed 2698 samples in chunks of 4000 in 3.0 seconds
Localize Model processed 1427 samples in chunks of 4000 in 1.7 seconds
Localize Model processed 2508 samples in chunks of 4000 in 3.1 seconds
Localize Model processed 1937 samples in chunks of 4000 in 2.2 seconds
Localize Model processed 1719 samples in chunks of 4000 in 2.3 seconds
Localize Model processed 1486 samples in chunks of 4000 in 2.3 seconds
Localize Model processed 2688 samples in chunks of 4000 in 3.1 seconds
Localize Model processed 2698 samples in chunks of 4000 in 2.8 seconds
Localize Model processed 2595 samples in chunks of 4000 in 1.8 seconds
Localize Model processed 2698 samples in chunks of 4000 in 2.3 seconds
Localize Model processed 1956 samples in chunks of 4000 in 1.8 seconds
Localize Model processed 1190 samples in chunks of 4000 in 1.0 seconds
Localize Model processed 1190 samples in chunks of 4000 in 1.4 seconds
Localize Model processed 1694 samples in chunks of 4000 in 1.2 seconds
Localize Model processed 2469 samples in chunks of 4000 in 2.5 seconds
Localize Model processed 1227 samples in chunks of 4000 in 1.7 seconds
Localize Model processed 1148 samples in chunks of 4000 in 2.3 seconds
Localize Model processed 1126 samples in chunks of 4000 in 1.3 seconds
Localize Model processed 1239 samples in chunks of 4000 in 2.7 seconds
Localize Model processed 1166 samples in chunks of 4000 in 1.6 seconds
Localize Model processed 1187 samples in chunks of 4000 in 1.2 seconds
Localize Model processed 1843 samples in chunks of 4000 in 1.3 seconds
Localize Model processed 2178 samples in chunks of 4000 in 1.9 seconds
Localize Model processed 1789 samples in chunks of 4000 in 2.7 seconds
Localize Model processed 2698 samples in chunks of 4000 in 3.1 seconds
Localize Model processed 2698 samples in chunks of 4000 in 3.1 seconds
Localize Model processed 2317 samples in chunks of 4000 in 1.7 seconds
Localize Model processed 2508 samples in chunks of 4000 in 2.9 seconds
Localize Model processed 1937 samples in chunks of 4000 in 2.1 seconds
Localize Model processed 1719 samples in chunks of 4000 in 1.4 seconds
Localize Model processed 1486 samples in chunks of 4000 in 2.6 seconds
Localize Model processed 2688 samples in chunks of 4000 in 3.6 seconds
Localize Model processed 2698 samples in chunks of 4000 in 3.8 seconds
Localize Model processed 2595 samples in chunks of 4000 in 2.4 seconds
Localize Model processed 2698 samples in chunks of 4000 in 3.0 seconds
Localize Model processed 1956 samples in chunks of 4000 in 2.1 seconds
Localize Model processed 1884 samples in chunks of 4000 in 2.7 seconds
Localize Model processed 2488 samples in chunks of 4000 in 2.1 seconds
Localize Model processed 2496 samples in chunks of 4000 in 2.6 seconds
Localize Model processed 1766 samples in chunks of 4000 in 2.4 seconds
Localize Model processed 1786 samples in chunks of 4000 in 2.0 seconds
Localize Model processed 1415 samples in chunks of 4000 in 2.4 seconds
Localize Model processed 1206 samples in chunks of 4000 in 1.9 seconds
Localize Model processed 1603 samples in chunks of 4000 in 1.8 seconds
Localize Model processed 2698 samples in chunks of 4000 in 2.2 seconds
Localize Model processed 2331 samples in chunks of 4000 in 2.9 seconds
Localize Model processed 2698 samples in chunks of 4000 in 3.2 seconds
Localize Model processed 2595 samples in chunks of 4000 in 2.3 seconds
Localize Model processed 2698 samples in chunks of 4000 in 2.1 seconds
Localize Model processed 1956 samples in chunks of 4000 in 2.0 seconds
Localize Model processed 1481 samples in chunks of 4000 in 1.9 seconds
Localize Model processed 2698 samples in chunks of 4000 in 2.4 seconds
Localize Model processed 2625 samples in chunks of 4000 in 2.7 seconds
Localize Model processed 2698 samples in chunks of 4000 in 1.9 seconds
Localize Model processed 1102 samples in chunks of 4000 in 2.8 seconds
Localize Model processed 2605 samples in chunks of 4000 in 3.3 seconds
Localize Model processed 2127 samples in chunks of 4000 in 1.8 seconds
Localize Model processed 1053 samples in chunks of 4000 in 1.4 seconds
Localize Model processed 2087 samples in chunks of 4000 in 2.2 seconds
Localize Model processed 1881 samples in chunks of 4000 in 2.3 seconds
Localize Model processed 2697 samples in chunks of 4000 in 2.9 seconds
Localize Model processed 2698 samples in chunks of 4000 in 3.2 seconds
Localize Model processed 2323 samples in chunks of 4000 in 3.2 seconds
Localize Model processed 1116 samples in chunks of 4000 in 1.4 seconds
Localize Model processed 1218 samples in chunks of 4000 in 1.7 seconds
Localize Model processed 1865 samples in chunks of 4000 in 2.8 seconds
Localize Model processed 1076 samples in chunks of 4000 in 3.2 seconds
Localize Model processed 1751 samples in chunks of 4000 in 2.9 seconds
Localize Model processed 1814 samples in chunks of 4000 in 1.9 seconds
Localize Model processed 1705 samples in chunks of 4000 in 2.0 seconds
Localize Model processed 2528 samples in chunks of 4000 in 2.9 seconds
Localize Model processed 2698 samples in chunks of 4000 in 2.2 seconds
Localize Model processed 1920 samples in chunks of 4000 in 2.4 seconds
Localize Model processed 2698 samples in chunks of 4000 in 2.3 seconds
Localize Model processed 2188 samples in chunks of 4000 in 1.8 seconds
Localize Model processed 1789 samples in chunks of 4000 in 2.4 seconds
Localize Model processed 1938 samples in chunks of 4000 in 1.9 seconds
Localize Model processed 1645 samples in chunks of 4000 in 1.8 seconds
Localize Model processed 2697 samples in chunks of 4000 in 2.0 seconds
Localize Model processed 1843 samples in chunks of 4000 in 1.3 seconds
Localize Model processed 1843 samples in chunks of 4000 in 1.5 seconds
Localize Model processed 1148 samples in chunks of 4000 in 1.3 seconds
Localize Model processed 2697 samples in chunks of 4000 in 4.2 seconds
Localize Model processed 1251 samples in chunks of 4000 in 2.0 seconds
Localize Model processed 1616 samples in chunks of 4000 in 1.6 seconds
Localize Model processed 1958 samples in chunks of 4000 in 2.7 seconds
Localize Model processed 1772 samples in chunks of 4000 in 1.9 seconds
Localize Model processed 1613 samples in chunks of 4000 in 3.0 seconds
Localize Model processed 1554 samples in chunks of 4000 in 1.9 seconds
Localize Model processed 2697 samples in chunks of 4000 in 2.1 seconds
Localize Model processed 1796 samples in chunks of 4000 in 2.0 seconds
Localize Model processed 2091 samples in chunks of 4000 in 1.9 seconds
Localize Model processed 1846 samples in chunks of 4000 in 2.8 seconds
Localize Model processed 1134 samples in chunks of 4000 in 1.8 seconds
Localize Model processed 2178 samples in chunks of 4000 in 3.0 seconds
Localize Model processed 1622 samples in chunks of 4000 in 2.7 seconds
Localize Model processed 1148 samples in chunks of 4000 in 1.2 seconds
Localize Model processed 1370 samples in chunks of 4000 in 2.5 seconds
Localize Model processed 1509 samples in chunks of 4000 in 2.4 seconds
Localize Model processed 2697 samples in chunks of 4000 in 2.7 seconds
Localize Model processed 1222 samples in chunks of 4000 in 2.1 seconds
Localize Model processed 2698 samples in chunks of 4000 in 2.0 seconds
Localize Model processed 1611 samples in chunks of 4000 in 2.6 seconds
Localize Model processed 1817 samples in chunks of 4000 in 2.0 seconds
Localize Model processed 2698 samples in chunks of 4000 in 2.0 seconds
Localize Model processed 2641 samples in chunks of 4000 in 1.5 seconds
Localize Model processed 2697 samples in chunks of 4000 in 2.1 seconds
Localize Model processed 2698 samples in chunks of 4000 in 2.5 seconds
Localize Model processed 1175 samples in chunks of 4000 in 2.4 seconds
Localize Model processed 1477 samples in chunks of 4000 in 1.9 seconds
Localize Model processed 2698 samples in chunks of 4000 in 2.2 seconds
Localize Model processed 1992 samples in chunks of 4000 in 1.8 seconds
Localize Model processed 1199 samples in chunks of 4000 in 2.3 seconds
Localize Model processed 1696 samples in chunks of 4000 in 1.9 seconds
Localize Model processed 1285 samples in chunks of 4000 in 1.9 seconds
Localize Model processed 1095 samples in chunks of 4000 in 1.6 seconds
Localize Model processed 2116 samples in chunks of 4000 in 2.7 seconds
Localize Model processed 1202 samples in chunks of 4000 in 1.9 seconds
Localize Model processed 1241 samples in chunks of 4000 in 1.5 seconds
Localize Model processed 1739 samples in chunks of 4000 in 2.5 seconds
Localize Model processed 1486 samples in chunks of 4000 in 2.0 seconds
Localize Model processed 2649 samples in chunks of 4000 in 2.2 seconds
Localize Model processed 2697 samples in chunks of 4000 in 2.6 seconds
Localize Model processed 2698 samples in chunks of 4000 in 2.5 seconds
Localize Model processed 1230 samples in chunks of 4000 in 1.4 seconds
Localize Model processed 1856 samples in chunks of 4000 in 2.1 seconds
Localize Model processed 2469 samples in chunks of 4000 in 1.7 seconds
Localize Model processed 2271 samples in chunks of 4000 in 2.6 seconds
Localize Model processed 2698 samples in chunks of 4000 in 2.1 seconds
Localize Model processed 2409 samples in chunks of 4000 in 2.2 seconds
Localize Model processed 2698 samples in chunks of 4000 in 2.1 seconds
Localize Model processed 2232 samples in chunks of 4000 in 2.7 seconds
Localize Model processed 2590 samples in chunks of 4000 in 2.7 seconds
Localize Model processed 1097 samples in chunks of 4000 in 1.7 seconds
Localize Model processed 1531 samples in chunks of 4000 in 2.0 seconds
Localize Model processed 2697 samples in chunks of 4000 in 1.4 seconds
Localize Model processed 2697 samples in chunks of 4000 in 2.6 seconds
Localize Model processed 2698 samples in chunks of 4000 in 2.6 seconds
Localize Model processed 1175 samples in chunks of 4000 in 2.3 seconds
Localize Model processed 1477 samples in chunks of 4000 in 1.6 seconds
Localize Model processed 2698 samples in chunks of 4000 in 2.4 seconds
Localize Model processed 2391 samples in chunks of 4000 in 1.7 seconds
Localize Model processed 1148 samples in chunks of 4000 in 1.7 seconds
Localize Model processed 1126 samples in chunks of 4000 in 1.9 seconds
Localize Model processed 1239 samples in chunks of 4000 in 2.3 seconds
Localize Model processed 1166 samples in chunks of 4000 in 1.6 seconds
Localize Model processed 1187 samples in chunks of 4000 in 1.3 seconds
Localize Model processed 2697 samples in chunks of 4000 in 3.6 seconds
Localize Model processed 1251 samples in chunks of 4000 in 1.9 seconds
Localize Model processed 1616 samples in chunks of 4000 in 2.3 seconds
Localize Model processed 1958 samples in chunks of 4000 in 2.5 seconds
Localize Model processed 1772 samples in chunks of 4000 in 1.9 seconds
Localize Model processed 1415 samples in chunks of 4000 in 3.0 seconds
Localize Model processed 1206 samples in chunks of 4000 in 2.0 seconds
Localize Model processed 1603 samples in chunks of 4000 in 1.9 seconds
Localize Model processed 2698 samples in chunks of 4000 in 2.9 seconds
Localize Model processed 1227 samples in chunks of 4000 in 1.9 seconds
Localize Model processed 1941 samples in chunks of 4000 in 2.8 seconds
Localize Model processed 2213 samples in chunks of 4000 in 2.4 seconds
Localize Model processed 1961 samples in chunks of 4000 in 1.8 seconds
Localize Model processed 1412 samples in chunks of 4000 in 2.5 seconds
Localize Model processed 2697 samples in chunks of 4000 in 2.1 seconds
Localize Model processed 1910 samples in chunks of 4000 in 2.0 seconds
Localize Model processed 1851 samples in chunks of 4000 in 2.1 seconds
Localize Model processed 2051 samples in chunks of 4000 in 2.3 seconds
Localize Model processed 1972 samples in chunks of 4000 in 2.2 seconds
Localize Model processed 2698 samples in chunks of 4000 in 2.0 seconds
Localize Model processed 2697 samples in chunks of 4000 in 2.2 seconds
Localize Model processed 1449 samples in chunks of 4000 in 1.7 seconds
Localize Model processed 2469 samples in chunks of 4000 in 2.1 seconds
Localize Model processed 2698 samples in chunks of 4000 in 3.8 seconds
Localize Model processed 2698 samples in chunks of 4000 in 2.5 seconds
Localize Model processed 2648 samples in chunks of 4000 in 1.8 seconds
Localize Model processed 2697 samples in chunks of 4000 in 1.6 seconds
Localize Model processed 2249 samples in chunks of 4000 in 2.5 seconds
Localize Model processed 2252 samples in chunks of 4000 in 2.7 seconds
Localize Model processed 1581 samples in chunks of 4000 in 1.9 seconds
Localize Model processed 1157 samples in chunks of 4000 in 1.5 seconds
Localize Model processed 2698 samples in chunks of 4000 in 2.7 seconds
Localize Model processed 1819 samples in chunks of 4000 in 1.8 seconds
Localize Model processed 2697 samples in chunks of 4000 in 2.0 seconds
Localize Model processed 1480 samples in chunks of 4000 in 2.2 seconds
Localize Model processed 1295 samples in chunks of 4000 in 2.4 seconds
Localize Model processed 2698 samples in chunks of 4000 in 2.9 seconds
Localize Model processed 2331 samples in chunks of 4000 in 2.2 seconds
Localize Model processed 1972 samples in chunks of 4000 in 1.8 seconds
Localize Model processed 2698 samples in chunks of 4000 in 2.1 seconds
Localize Model processed 2697 samples in chunks of 4000 in 1.7 seconds
Localize Model processed 1449 samples in chunks of 4000 in 1.8 seconds
Localize Model processed 1694 samples in chunks of 4000 in 1.4 seconds
Localize Model processed 1694 samples in chunks of 4000 in 1.5 seconds
Localize Model processed 1274 samples in chunks of 4000 in 1.7 seconds
Localize Model processed 1190 samples in chunks of 4000 in 1.9 seconds
Localize Model processed 1328 samples in chunks of 4000 in 1.7 seconds
Localize Model processed 2697 samples in chunks of 4000 in 2.4 seconds
Localize Model processed 1178 samples in chunks of 4000 in 2.8 seconds
Localize Model processed 1630 samples in chunks of 4000 in 1.8 seconds
Localize Model processed 2698 samples in chunks of 4000 in 2.1 seconds
Localize Model processed 1373 samples in chunks of 4000 in 1.8 seconds
Localize Model processed 2698 samples in chunks of 4000 in 2.3 seconds
Localize Model processed 2698 samples in chunks of 4000 in 2.3 seconds
Localize Model processed 2217 samples in chunks of 4000 in 2.4 seconds
Localize Model processed 1728 samples in chunks of 4000 in 2.6 seconds
Localize Model processed 2335 samples in chunks of 4000 in 3.0 seconds
Localize Model processed 2189 samples in chunks of 4000 in 2.8 seconds
Localize Model processed 1152 samples in chunks of 4000 in 1.8 seconds
Localize Model processed 1600 samples in chunks of 4000 in 1.9 seconds
Localize Model processed 2172 samples in chunks of 4000 in 2.7 seconds
Localize Model processed 1054 samples in chunks of 4000 in 1.8 seconds
Localize Model processed 1674 samples in chunks of 4000 in 2.3 seconds
Localize Model processed 1815 samples in chunks of 4000 in 1.8 seconds
Localize Model processed 1859 samples in chunks of 4000 in 2.7 seconds
Localize Model processed 2605 samples in chunks of 4000 in 2.7 seconds
Localize Model processed 2127 samples in chunks of 4000 in 2.1 seconds
Localize Model processed 1053 samples in chunks of 4000 in 1.9 seconds
Localize Model processed 2087 samples in chunks of 4000 in 2.3 seconds
Localize Model processed 1881 samples in chunks of 4000 in 2.3 seconds
Localize Model processed 2697 samples in chunks of 4000 in 2.5 seconds
Localize Model processed 2698 samples in chunks of 4000 in 2.8 seconds
Localize Model processed 2323 samples in chunks of 4000 in 2.3 seconds
Localize Model processed 1116 samples in chunks of 4000 in 1.9 seconds
Localize Model processed 1328 samples in chunks of 4000 in 2.3 seconds
Localize Model processed 2697 samples in chunks of 4000 in 1.9 seconds
Localize Model processed 1178 samples in chunks of 4000 in 3.3 seconds
Localize Model processed 1630 samples in chunks of 4000 in 2.1 seconds
Localize Model processed 2698 samples in chunks of 4000 in 1.9 seconds
Localize Model processed 2448 samples in chunks of 4000 in 2.6 seconds
Localize Model processed 2112 samples in chunks of 4000 in 1.5 seconds
Localize Model processed 1934 samples in chunks of 4000 in 2.0 seconds
Localize Model processed 1906 samples in chunks of 4000 in 2.2 seconds
Localize Model processed 2698 samples in chunks of 4000 in 2.4 seconds
Localize Model processed 2697 samples in chunks of 4000 in 2.5 seconds
Localize Model processed 2698 samples in chunks of 4000 in 3.0 seconds
Localize Model processed 2323 samples in chunks of 4000 in 2.4 seconds
Localize Model processed 1116 samples in chunks of 4000 in 1.6 seconds
Localize Model processed 2262 samples in chunks of 4000 in 1.8 seconds
Localize Model processed 1177 samples in chunks of 4000 in 2.0 seconds
Localize Model processed 2697 samples in chunks of 4000 in 1.4 seconds
Localize Model processed 1177 samples in chunks of 4000 in 1.7 seconds
Localize Model processed 1148 samples in chunks of 4000 in 1.4 seconds
Localize Model processed 1148 samples in chunks of 4000 in 1.4 seconds
Localize Model processed 1692 samples in chunks of 4000 in 2.9 seconds
Localize Model processed 1475 samples in chunks of 4000 in 1.9 seconds
Localize Model processed 2698 samples in chunks of 4000 in 2.2 seconds
Localize Model processed 1503 samples in chunks of 4000 in 1.7 seconds
Localize Model processed 1882 samples in chunks of 4000 in 2.0 seconds
Localize Model processed 1116 samples in chunks of 4000 in 1.9 seconds
Localize Model processed 2697 samples in chunks of 4000 in 2.2 seconds
Localize Model processed 2696 samples in chunks of 4000 in 1.7 seconds
Localize Model processed 1597 samples in chunks of 4000 in 2.1 seconds
Localize Model processed 1151 samples in chunks of 4000 in 1.8 seconds
Localize Model processed 1406 samples in chunks of 4000 in 2.8 seconds
Localize Model processed 1221 samples in chunks of 4000 in 1.8 seconds
Localize Model processed 1166 samples in chunks of 4000 in 1.9 seconds
Localize Model processed 2697 samples in chunks of 4000 in 2.6 seconds
Localize Model processed 2697 samples in chunks of 4000 in 3.2 seconds
Localize Model processed 2548 samples in chunks of 4000 in 2.3 seconds
Localize Model processed 1295 samples in chunks of 4000 in 1.8 seconds
Localize Model processed 2072 samples in chunks of 4000 in 3.5 seconds
Localize Model processed 1818 samples in chunks of 4000 in 2.5 seconds
Localize Model processed 1466 samples in chunks of 4000 in 1.8 seconds
Localize Model processed 1600 samples in chunks of 4000 in 1.8 seconds
Localize Model processed 2698 samples in chunks of 4000 in 2.6 seconds
Localize Model processed 1454 samples in chunks of 4000 in 2.1 seconds
Localize Model processed 1386 samples in chunks of 4000 in 1.9 seconds
Localize Model processed 1922 samples in chunks of 4000 in 2.3 seconds
Localize Model processed 1234 samples in chunks of 4000 in 2.2 seconds
Localize Model processed 1721 samples in chunks of 4000 in 2.0 seconds
Localize Model processed 1550 samples in chunks of 4000 in 1.9 seconds
Localize Model processed 1199 samples in chunks of 4000 in 2.8 seconds
Localize Model processed 1696 samples in chunks of 4000 in 1.9 seconds
Localize Model processed 1285 samples in chunks of 4000 in 3.1 seconds
Localize Model processed 1095 samples in chunks of 4000 in 1.8 seconds
Localize Model processed 2116 samples in chunks of 4000 in 2.5 seconds
Localize Model processed 2528 samples in chunks of 4000 in 2.7 seconds
Localize Model processed 2698 samples in chunks of 4000 in 2.6 seconds
Localize Model processed 1920 samples in chunks of 4000 in 2.1 seconds
Localize Model processed 2698 samples in chunks of 4000 in 2.5 seconds
Localize Model processed 2188 samples in chunks of 4000 in 1.8 seconds
Localize Model processed 2652 samples in chunks of 4000 in 3.2 seconds
Localize Model processed 1241 samples in chunks of 4000 in 1.8 seconds
Localize Model processed 2697 samples in chunks of 4000 in 2.7 seconds
Localize Model processed 2697 samples in chunks of 4000 in 1.7 seconds
Localize Model processed 1776 samples in chunks of 4000 in 2.3 seconds
Localize Model processed 1092 samples in chunks of 4000 in 2.3 seconds
Localize Model processed 2382 samples in chunks of 4000 in 2.2 seconds
Localize Model processed 1838 samples in chunks of 4000 in 2.2 seconds
Localize Model processed 1565 samples in chunks of 4000 in 1.4 seconds
Localize Model processed 1165 samples in chunks of 4000 in 1.3 seconds
Localize Model processed 2698 samples in chunks of 4000 in 1.9 seconds
Localize Model processed 1148 samples in chunks of 4000 in 2.5 seconds
Localize Model processed 1126 samples in chunks of 4000 in 1.5 seconds
Localize Model processed 1239 samples in chunks of 4000 in 2.8 seconds
Localize Model processed 1166 samples in chunks of 4000 in 1.5 seconds
Localize Model processed 1187 samples in chunks of 4000 in 1.4 seconds
Localize Model processed 1631 samples in chunks of 4000 in 1.2 seconds
Localize Model processed 1481 samples in chunks of 4000 in 1.9 seconds
Localize Model processed 2698 samples in chunks of 4000 in 2.6 seconds
Localize Model processed 2625 samples in chunks of 4000 in 2.5 seconds
Localize Model processed 2698 samples in chunks of 4000 in 2.2 seconds
Localize Model processed 1102 samples in chunks of 4000 in 2.4 seconds
Localize Model processed 1531 samples in chunks of 4000 in 2.0 seconds
Localize Model processed 1918 samples in chunks of 4000 in 3.1 seconds
Localize Model processed 2563 samples in chunks of 4000 in 2.3 seconds
Localize Model processed 2151 samples in chunks of 4000 in 2.1 seconds
Localize Model processed 2697 samples in chunks of 4000 in 2.6 seconds
Localize Model processed 2698 samples in chunks of 4000 in 2.8 seconds
Localize Model processed 2595 samples in chunks of 4000 in 2.7 seconds
Localize Model processed 2698 samples in chunks of 4000 in 2.1 seconds
Localize Model processed 1330 samples in chunks of 4000 in 2.1 seconds
Localize Model processed 1341 samples in chunks of 4000 in 2.2 seconds
Localize Model processed 1923 samples in chunks of 4000 in 2.1 seconds
Localize Model processed 2238 samples in chunks of 4000 in 2.7 seconds
Localize Model processed 1340 samples in chunks of 4000 in 1.6 seconds
Localize Model processed 2528 samples in chunks of 4000 in 3.4 seconds
Localize Model processed 2698 samples in chunks of 4000 in 2.0 seconds
Localize Model processed 1920 samples in chunks of 4000 in 1.9 seconds
Localize Model processed 2698 samples in chunks of 4000 in 2.9 seconds
Localize Model processed 2188 samples in chunks of 4000 in 1.7 seconds
Localize Model processed 1332 samples in chunks of 4000 in 2.3 seconds
Localize Model processed 2257 samples in chunks of 4000 in 2.2 seconds
Localize Model processed 1658 samples in chunks of 4000 in 2.1 seconds
Localize Model processed 2562 samples in chunks of 4000 in 1.6 seconds
Localize Model processed 1956 samples in chunks of 4000 in 1.8 seconds
Localize Model processed 1843 samples in chunks of 4000 in 1.1 seconds
Localize Model processed 2698 samples in chunks of 4000 in 1.3 seconds
Localize Model processed 2697 samples in chunks of 4000 in 3.5 seconds
Localize Model processed 1535 samples in chunks of 4000 in 2.0 seconds
Localize Model processed 1067 samples in chunks of 4000 in 2.1 seconds
Localize Model processed 1706 samples in chunks of 4000 in 2.2 seconds
Localize Model processed 1187 samples in chunks of 4000 in 2.5 seconds
Localize Model processed 2133 samples in chunks of 4000 in 2.3 seconds
Localize Model processed 1974 samples in chunks of 4000 in 2.2 seconds
Localize Model processed 2697 samples in chunks of 4000 in 2.4 seconds
Localize Model processed 1769 samples in chunks of 4000 in 2.3 seconds
Localize Model processed 2698 samples in chunks of 4000 in 2.6 seconds
Localize Model processed 1972 samples in chunks of 4000 in 2.6 seconds
Localize Model processed 2698 samples in chunks of 4000 in 2.9 seconds
Localize Model processed 2697 samples in chunks of 4000 in 2.4 seconds
Localize Model processed 1449 samples in chunks of 4000 in 1.5 seconds
Localize Model processed 2697 samples in chunks of 4000 in 3.9 seconds
Localize Model processed 1251 samples in chunks of 4000 in 2.1 seconds
Localize Model processed 1616 samples in chunks of 4000 in 2.0 seconds
Localize Model processed 1958 samples in chunks of 4000 in 2.4 seconds
Localize Model processed 1772 samples in chunks of 4000 in 1.9 seconds
Localize Model processed 2098 samples in chunks of 4000 in 2.9 seconds
Localize Model processed 2067 samples in chunks of 4000 in 1.6 seconds
Localize Model processed 2168 samples in chunks of 4000 in 2.3 seconds
Localize Model processed 1427 samples in chunks of 4000 in 2.0 seconds
Localize Model processed 2632 samples in chunks of 4000 in 1.7 seconds
Localize Model processed 1789 samples in chunks of 4000 in 3.1 seconds
Localize Model processed 1938 samples in chunks of 4000 in 2.8 seconds
Localize Model processed 1645 samples in chunks of 4000 in 1.7 seconds
Localize Model processed 2697 samples in chunks of 4000 in 1.4 seconds
Localize Model processed 1694 samples in chunks of 4000 in 1.5 seconds
Localize Model processed 1148 samples in chunks of 4000 in 1.3 seconds
Localize Model processed 2697 samples in chunks of 4000 in 3.6 seconds
Localize Model processed 2548 samples in chunks of 4000 in 2.0 seconds
Localize Model processed 1295 samples in chunks of 4000 in 1.7 seconds
Localize Model processed 2072 samples in chunks of 4000 in 3.1 seconds
Localize Model processed 1818 samples in chunks of 4000 in 2.2 seconds
Localize Model processed 1466 samples in chunks of 4000 in 1.9 seconds
Localize Model processed 1600 samples in chunks of 4000 in 1.7 seconds
Localize Model processed 2698 samples in chunks of 4000 in 2.8 seconds
Localize Model processed 1454 samples in chunks of 4000 in 2.1 seconds
Localize Model processed 1386 samples in chunks of 4000 in 2.2 seconds
Localize Model processed 1922 samples in chunks of 4000 in 2.3 seconds
Localize Model processed 1234 samples in chunks of 4000 in 2.2 seconds
Localize Model processed 1721 samples in chunks of 4000 in 2.2 seconds
Localize Model processed 1550 samples in chunks of 4000 in 1.7 seconds
Localize Model processed 1047 samples in chunks of 4000 in 1.7 seconds
Localize Model processed 2581 samples in chunks of 4000 in 2.5 seconds
Localize Model processed 1182 samples in chunks of 4000 in 1.5 seconds
Localize Model processed 2697 samples in chunks of 4000 in 2.2 seconds
Localize Model processed 2697 samples in chunks of 4000 in 2.9 seconds
Localize Model processed 1285 samples in chunks of 4000 in 2.4 seconds
Localize Model processed 2698 samples in chunks of 4000 in 2.7 seconds
Localize Model processed 1440 samples in chunks of 4000 in 1.7 seconds
Localize Model processed 1115 samples in chunks of 4000 in 1.6 seconds
Localize Model processed 1519 samples in chunks of 4000 in 2.3 seconds
Localize Model processed 1107 samples in chunks of 4000 in 2.1 seconds
Localize Model processed 1340 samples in chunks of 4000 in 1.7 seconds
Localize Model processed 1174 samples in chunks of 4000 in 1.9 seconds
Localize Model processed 1814 samples in chunks of 4000 in 1.9 seconds
Localize Model processed 2698 samples in chunks of 4000 in 1.8 seconds
Localize Model processed 1148 samples in chunks of 4000 in 2.5 seconds
Localize Model processed 1126 samples in chunks of 4000 in 1.4 seconds
Localize Model processed 1239 samples in chunks of 4000 in 2.4 seconds
Localize Model processed 1166 samples in chunks of 4000 in 1.8 seconds
Localize Model processed 1187 samples in chunks of 4000 in 1.5 seconds
Localize Model processed 2113 samples in chunks of 4000 in 2.6 seconds
Localize Model processed 1092 samples in chunks of 4000 in 2.1 seconds
Localize Model processed 2382 samples in chunks of 4000 in 2.4 seconds
Localize Model processed 1838 samples in chunks of 4000 in 1.8 seconds
Localize Model processed 1565 samples in chunks of 4000 in 1.4 seconds
Localize Model processed 1165 samples in chunks of 4000 in 1.4 seconds
Localize Model processed 1371 samples in chunks of 4000 in 2.1 seconds
Localize Model processed 2482 samples in chunks of 4000 in 2.3 seconds
Localize Model processed 1490 samples in chunks of 4000 in 2.8 seconds
Localize Model processed 2697 samples in chunks of 4000 in 2.5 seconds
Localize Model processed 1289 samples in chunks of 4000 in 1.8 seconds
Localize Model processed 2285 samples in chunks of 4000 in 2.5 seconds
Localize Model processed 1464 samples in chunks of 4000 in 1.9 seconds
Localize Model processed 2297 samples in chunks of 4000 in 2.1 seconds
Localize Model processed 1159 samples in chunks of 4000 in 2.0 seconds
Localize Model processed 1116 samples in chunks of 4000 in 1.3 seconds
Localize Model processed 1855 samples in chunks of 4000 in 2.5 seconds
Localize Model processed 1257 samples in chunks of 4000 in 1.6 seconds
Localize Model processed 1449 samples in chunks of 4000 in 2.3 seconds
Localize Model processed 2199 samples in chunks of 4000 in 2.2 seconds
Localize Model processed 1465 samples in chunks of 4000 in 1.9 seconds
Localize Model processed 1177 samples in chunks of 4000 in 2.2 seconds
Localize Model processed 2697 samples in chunks of 4000 in 1.3 seconds
Localize Model processed 1177 samples in chunks of 4000 in 1.9 seconds
Localize Model processed 1104 samples in chunks of 4000 in 1.8 seconds
Localize Model processed 1172 samples in chunks of 4000 in 1.6 seconds
Localize Model processed 2098 samples in chunks of 4000 in 2.2 seconds
Localize Model processed 2279 samples in chunks of 4000 in 2.2 seconds
Localize Model processed 1993 samples in chunks of 4000 in 2.4 seconds
Localize Model processed 1078 samples in chunks of 4000 in 2.2 seconds
Localize Model processed 1619 samples in chunks of 4000 in 1.8 seconds
Localize Model processed 1245 samples in chunks of 4000 in 1.8 seconds
Localize Model processed 1788 samples in chunks of 4000 in 2.2 seconds
Localize Model processed 1118 samples in chunks of 4000 in 1.6 seconds
Localize Model processed 2631 samples in chunks of 4000 in 2.4 seconds
Localize Model processed 1146 samples in chunks of 4000 in 2.0 seconds
Localize Model processed 2505 samples in chunks of 4000 in 2.7 seconds
Localize Model processed 2067 samples in chunks of 4000 in 1.8 seconds
Localize Model processed 2263 samples in chunks of 4000 in 2.9 seconds
Localize Model processed 1843 samples in chunks of 4000 in 2.6 seconds
Localize Model processed 2035 samples in chunks of 4000 in 1.7 seconds
Localize Model processed 1182 samples in chunks of 4000 in 2.6 seconds
Localize Model processed 1113 samples in chunks of 4000 in 1.5 seconds
Localize Model processed 2697 samples in chunks of 4000 in 1.5 seconds
Localize Model processed 1645 samples in chunks of 4000 in 2.9 seconds
Localize Model processed 1756 samples in chunks of 4000 in 2.0 seconds
Localize Model processed 1527 samples in chunks of 4000 in 3.2 seconds
Localize Model processed 2697 samples in chunks of 4000 in 2.2 seconds
Localize Model processed 1186 samples in chunks of 4000 in 2.1 seconds
Localize Model processed 1406 samples in chunks of 4000 in 2.0 seconds
Localize Model processed 1682 samples in chunks of 4000 in 2.2 seconds
Localize Model processed 1320 samples in chunks of 4000 in 1.9 seconds
Localize Model processed 1153 samples in chunks of 4000 in 1.7 seconds
Localize Model processed 2187 samples in chunks of 4000 in 2.0 seconds
Localize Model processed 2698 samples in chunks of 4000 in 2.9 seconds
Localize Model processed 1885 samples in chunks of 4000 in 1.5 seconds
Localize Model processed 1102 samples in chunks of 4000 in 2.3 seconds
Localize Model processed 2697 samples in chunks of 4000 in 2.5 seconds
Localize Model processed 2389 samples in chunks of 4000 in 2.8 seconds
Localize Model processed 1049 samples in chunks of 4000 in 1.3 seconds
Localize Model processed 1637 samples in chunks of 4000 in 1.8 seconds
Localize Model processed 2698 samples in chunks of 4000 in 3.0 seconds
Localize Model processed 2317 samples in chunks of 4000 in 1.7 seconds
Localize Model processed 1807 samples in chunks of 4000 in 1.3 seconds
Localize Model processed 1699 samples in chunks of 4000 in 1.9 seconds
Localize Model processed 1711 samples in chunks of 4000 in 1.8 seconds
Localize Model processed 2135 samples in chunks of 4000 in 2.3 seconds
Localize Model processed 1598 samples in chunks of 4000 in 1.4 seconds
Localize Model processed 1114 samples in chunks of 4000 in 2.0 seconds
Localize Model processed 1382 samples in chunks of 4000 in 2.2 seconds
Localize Model processed 2697 samples in chunks of 4000 in 2.7 seconds
Localize Model processed 1898 samples in chunks of 4000 in 2.4 seconds
Localize Model processed 2430 samples in chunks of 4000 in 1.8 seconds
Localize Model processed 1580 samples in chunks of 4000 in 2.0 seconds
Localize Model processed 1631 samples in chunks of 4000 in 2.4 seconds
Localize Model processed 2317 samples in chunks of 4000 in 1.6 seconds
Localize Model processed 2302 samples in chunks of 4000 in 2.0 seconds
Localize Model processed 1220 samples in chunks of 4000 in 1.5 seconds
Localize Model processed 1227 samples in chunks of 4000 in 2.3 seconds
Localize Model processed 2698 samples in chunks of 4000 in 1.9 seconds
Localize Model processed 1760 samples in chunks of 4000 in 1.7 seconds
Localize Model processed 2698 samples in chunks of 4000 in 2.5 seconds
Localize Model processed 1097 samples in chunks of 4000 in 1.5 seconds
Localize Model processed 2012 samples in chunks of 4000 in 1.4 seconds
Localize Model processed 1865 samples in chunks of 4000 in 2.9 seconds
Localize Model processed 1076 samples in chunks of 4000 in 2.3 seconds
Localize Model processed 1751 samples in chunks of 4000 in 2.6 seconds
Localize Model processed 1814 samples in chunks of 4000 in 2.6 seconds
Localize Model processed 1705 samples in chunks of 4000 in 1.7 seconds
Localize Model processed 1373 samples in chunks of 4000 in 1.9 seconds
Localize Model processed 2698 samples in chunks of 4000 in 2.6 seconds
Localize Model processed 2698 samples in chunks of 4000 in 2.3 seconds
Localize Model processed 2217 samples in chunks of 4000 in 2.2 seconds
Localize Model processed 1728 samples in chunks of 4000 in 1.3 seconds
Localize Model processed 2697 samples in chunks of 4000 in 2.6 seconds
Localize Model processed 1264 samples in chunks of 4000 in 1.7 seconds
Localize Model processed 2698 samples in chunks of 4000 in 2.4 seconds
Localize Model processed 1907 samples in chunks of 4000 in 1.7 seconds
Localize Model processed 2256 samples in chunks of 4000 in 2.2 seconds
Localize Model processed 1122 samples in chunks of 4000 in 1.6 seconds
Localize Model processed 1463 samples in chunks of 4000 in 1.9 seconds
Localize Model processed 2474 samples in chunks of 4000 in 2.0 seconds
Localize Model processed 1146 samples in chunks of 4000 in 1.1 seconds
Localize Model processed 2472 samples in chunks of 4000 in 1.1 seconds
Localize Model processed 1317 samples in chunks of 4000 in 2.2 seconds
Localize Model processed 1433 samples in chunks of 4000 in 2.2 seconds
Localize Model processed 2032 samples in chunks of 4000 in 2.0 seconds
Localize Model processed 2698 samples in chunks of 4000 in 2.8 seconds
Localize Model processed 1427 samples in chunks of 4000 in 1.6 seconds
Localize Model processed 1694 samples in chunks of 4000 in 2.2 seconds
Localize Model processed 2469 samples in chunks of 4000 in 2.3 seconds
Localize Model processed 1606 samples in chunks of 4000 in 2.0 seconds
Localize Model processed 1106 samples in chunks of 4000 in 2.4 seconds
Localize Model processed 1653 samples in chunks of 4000 in 2.2 seconds
Localize Model processed 2534 samples in chunks of 4000 in 2.9 seconds
Localize Model processed 1694 samples in chunks of 4000 in 2.0 seconds
Localize Model processed 2697 samples in chunks of 4000 in 2.0 seconds
Localize Model processed 1120 samples in chunks of 4000 in 2.3 seconds
Localize Model processed 2304 samples in chunks of 4000 in 1.9 seconds
Localize Model processed 1171 samples in chunks of 4000 in 1.8 seconds
Localize Model processed 1154 samples in chunks of 4000 in 1.9 seconds
Localize Model processed 1491 samples in chunks of 4000 in 1.7 seconds
Localize Model processed 1100 samples in chunks of 4000 in 1.3 seconds
Localize Model processed 1389 samples in chunks of 4000 in 1.0 seconds
Localize Model processed 2460 samples in chunks of 4000 in 2.0 seconds
Localize Model processed 1084 samples in chunks of 4000 in 1.5 seconds
Localize Model processed 2079 samples in chunks of 4000 in 1.8 seconds
Localize Model processed 1434 samples in chunks of 4000 in 2.2 seconds
Localize Model processed 1147 samples in chunks of 4000 in 2.1 seconds
Localize Model processed 1116 samples in chunks of 4000 in 2.0 seconds
Localize Model processed 2697 samples in chunks of 4000 in 2.8 seconds
Localize Model processed 2696 samples in chunks of 4000 in 1.8 seconds
Localize Model processed 1597 samples in chunks of 4000 in 1.6 seconds
Localize Model processed 1151 samples in chunks of 4000 in 2.1 seconds
Localize Model processed 1467 samples in chunks of 4000 in 2.1 seconds
Localize Model processed 2697 samples in chunks of 4000 in 2.2 seconds
Localize Model processed 2114 samples in chunks of 4000 in 1.9 seconds
Localize Model processed 2308 samples in chunks of 4000 in 2.5 seconds
Localize Model processed 1835 samples in chunks of 4000 in 2.6 seconds
Localize Model processed 2697 samples in chunks of 4000 in 2.4 seconds
Localize Model processed 1163 samples in chunks of 4000 in 1.4 seconds
Localize Model processed 2209 samples in chunks of 4000 in 1.9 seconds
Localize Model processed 1180 samples in chunks of 4000 in 1.1 seconds
Localize Model processed 1678 samples in chunks of 4000 in 0.9 seconds
Localize Model processed 1692 samples in chunks of 4000 in 2.4 seconds
Localize Model processed 1475 samples in chunks of 4000 in 2.0 seconds
Localize Model processed 2698 samples in chunks of 4000 in 1.7 seconds
Localize Model processed 1503 samples in chunks of 4000 in 2.6 seconds
Localize Model processed 1882 samples in chunks of 4000 in 2.1 seconds
Localize Model processed 1486 samples in chunks of 4000 in 2.3 seconds
Localize Model processed 2653 samples in chunks of 4000 in 2.9 seconds
Localize Model processed 2679 samples in chunks of 4000 in 1.9 seconds
Localize Model processed 1169 samples in chunks of 4000 in 1.9 seconds
Localize Model processed 1293 samples in chunks of 4000 in 1.9 seconds
Localize Model processed 2220 samples in chunks of 4000 in 3.1 seconds
Localize Model processed 1445 samples in chunks of 4000 in 2.0 seconds
Localize Model processed 1667 samples in chunks of 4000 in 1.7 seconds
Localize Model processed 2698 samples in chunks of 4000 in 2.9 seconds
Localize Model processed 1201 samples in chunks of 4000 in 1.7 seconds
Localize Model processed 1750 samples in chunks of 4000 in 1.9 seconds
Localize Model processed 1620 samples in chunks of 4000 in 1.7 seconds
Localize Model processed 2409 samples in chunks of 4000 in 2.0 seconds
Localize Model processed 1747 samples in chunks of 4000 in 1.1 seconds
Localize Model processed 1552 samples in chunks of 4000 in 0.9 seconds
Localize Model processed 1199 samples in chunks of 4000 in 1.6 seconds
Localize Model processed 1696 samples in chunks of 4000 in 2.4 seconds
Localize Model processed 1285 samples in chunks of 4000 in 1.9 seconds
Localize Model processed 1095 samples in chunks of 4000 in 1.7 seconds
Localize Model processed 2116 samples in chunks of 4000 in 2.0 seconds
Localize Model processed 1310 samples in chunks of 4000 in 1.8 seconds
Localize Model processed 2697 samples in chunks of 4000 in 2.1 seconds
Localize Model processed 2697 samples in chunks of 4000 in 1.8 seconds
Localize Model processed 1518 samples in chunks of 4000 in 2.3 seconds
Localize Model processed 1225 samples in chunks of 4000 in 1.8 seconds
Localize Model processed 1166 samples in chunks of 4000 in 2.4 seconds
Localize Model processed 1975 samples in chunks of 4000 in 1.9 seconds
Localize Model processed 1243 samples in chunks of 4000 in 2.5 seconds
Localize Model processed 1728 samples in chunks of 4000 in 2.5 seconds
Localize Model processed 1138 samples in chunks of 4000 in 1.6 seconds
Localize Model processed 2245 samples in chunks of 4000 in 2.4 seconds
Localize Model processed 1060 samples in chunks of 4000 in 1.3 seconds
Localize Model processed 1611 samples in chunks of 4000 in 1.7 seconds
Localize Model processed 2697 samples in chunks of 4000 in 1.2 seconds
Localize Model processed 1478 samples in chunks of 4000 in 0.9 seconds
Localize Model processed 1143 samples in chunks of 4000 in 1.9 seconds
Localize Model processed 2154 samples in chunks of 4000 in 2.4 seconds
Localize Model processed 2547 samples in chunks of 4000 in 2.9 seconds
Localize Model processed 1220 samples in chunks of 4000 in 1.5 seconds
Localize Model processed 2235 samples in chunks of 4000 in 2.5 seconds
Localize Model processed 1474 samples in chunks of 4000 in 2.3 seconds
Localize Model processed 1785 samples in chunks of 4000 in 1.3 seconds
Localize Model processed 1425 samples in chunks of 4000 in 2.2 seconds
Localize Model processed 1765 samples in chunks of 4000 in 2.1 seconds
Localize Model processed 2403 samples in chunks of 4000 in 2.4 seconds
Localize Model processed 2697 samples in chunks of 4000 in 2.9 seconds
Localize Model processed 2698 samples in chunks of 4000 in 2.0 seconds
Localize Model processed 1230 samples in chunks of 4000 in 1.9 seconds
Localize Model processed 1856 samples in chunks of 4000 in 2.0 seconds
Localize Model processed 2391 samples in chunks of 4000 in 2.6 seconds
Localize Model processed 2464 samples in chunks of 4000 in 2.3 seconds
Localize Model processed 1073 samples in chunks of 4000 in 1.7 seconds
Localize Model processed 2163 samples in chunks of 4000 in 1.7 seconds
Localize Model processed 1138 samples in chunks of 4000 in 1.1 seconds
Localize Model processed 2323 samples in chunks of 4000 in 1.1 seconds
Localize Model processed 1564 samples in chunks of 4000 in 1.7 seconds
Localize Model processed 1959 samples in chunks of 4000 in 1.7 seconds
Localize Model processed 1989 samples in chunks of 4000 in 2.3 seconds
Localize Model processed 1495 samples in chunks of 4000 in 2.3 seconds
Localize Model processed 1396 samples in chunks of 4000 in 2.0 seconds
Localize Model processed 2452 samples in chunks of 4000 in 2.8 seconds
Localize Model processed 2697 samples in chunks of 4000 in 2.2 seconds
Localize Model processed 1235 samples in chunks of 4000 in 2.2 seconds
Localize Model processed 1602 samples in chunks of 4000 in 1.9 seconds
Localize Model processed 1628 samples in chunks of 4000 in 2.1 seconds
Localize Model processed 1406 samples in chunks of 4000 in 2.6 seconds
Localize Model processed 1221 samples in chunks of 4000 in 1.3 seconds
Localize Model processed 1166 samples in chunks of 4000 in 2.5 seconds
Localize Model processed 2697 samples in chunks of 4000 in 2.0 seconds
Localize Model processed 1776 samples in chunks of 4000 in 2.7 seconds
Localize Model processed 2697 samples in chunks of 4000 in 2.1 seconds
Localize Model processed 1505 samples in chunks of 4000 in 1.7 seconds
Localize Model processed 2474 samples in chunks of 4000 in 1.7 seconds
Localize Model processed 2400 samples in chunks of 4000 in 1.1 seconds
Localize Model processed 2698 samples in chunks of 4000 in 0.8 seconds
