(1029,)
/global/cfs/cdirs/desi/users/tingtan/DLA_finder/mocks/iron_ihio/sightlines/7/725/sightlines-725.npy /global/cfs/cdirs/desi/users/tingtan/DLA_finder/mocks/iron_ihio/sightlines/7/725/sightlines-725-pred.npy /global/cfs/cdirs/desi/users/tingtan/DLA_finder/mocks/iron_ihio/sightlines/7/725/dlacat-725.fits
Predicting sightlines time: 10.658272981643677 seconds
/global/cfs/cdirs/desi/users/tingtan/DLA_finder/mocks/iron_ihio/sightlines/7/793/sightlines-793.npy /global/cfs/cdirs/desi/users/tingtan/DLA_finder/mocks/iron_ihio/sightlines/7/793/sightlines-793-pred.npy /global/cfs/cdirs/desi/users/tingtan/DLA_finder/mocks/iron_ihio/sightlines/7/793/dlacat-793.fits
Predicting sightlines time: 3.7886464595794678 seconds
/global/cfs/cdirs/desi/users/tingtan/DLA_finder/mocks/iron_ihio/sightlines/7/726/sightlines-726.npy /global/cfs/cdirs/desi/users/tingtan/DLA_finder/mocks/iron_ihio/sightlines/7/726/sightlines-726-pred.npy /global/cfs/cdirs/desi/users/tingtan/DLA_finder/mocks/iron_ihio/sightlines/7/726/dlacat-726.fits
Predicting sightlines time: 6.475581884384155 seconds
/global/cfs/cdirs/desi/users/tingtan/DLA_finder/mocks/iron_ihio/sightlines/7/768/sightlines-768.npy /global/cfs/cdirs/desi/users/tingtan/DLA_finder/mocks/iron_ihio/sightlines/7/768/sightlines-768-pred.npy /global/cfs/cdirs/desi/users/tingtan/DLA_finder/mocks/iron_ihio/sightlines/7/768/dlacat-768.fits
Predicting sightlines time: 94.53044724464417 seconds
/global/cfs/cdirs/desi/users/tingtan/DLA_finder/mocks/iron_ihio/sightlines/7/790/sightlines-790.npy /global/cfs/cdirs/desi/users/tingtan/DLA_finder/mocks/iron_ihio/sightlines/7/790/sightlines-790-pred.npy /global/cfs/cdirs/desi/users/tingtan/DLA_finder/mocks/iron_ihio/sightlines/7/790/dlacat-790.fits
Predicting sightlines time: 22.815983295440674 seconds
/global/cfs/cdirs/desi/users/tingtan/DLA_finder/mocks/iron_ihio/sightlines/7/770/sightlines-770.npy /global/cfs/cdirs/desi/users/tingtan/DLA_finder/mocks/iron_ihio/sightlines/7/770/sightlines-770-pred.npy /global/cfs/cdirs/desi/users/tingtan/DLA_finder/mocks/iron_ihio/sightlines/7/770/dlacat-770.fits
Predicting sightlines time: 51.85535025596619 seconds
/global/cfs/cdirs/desi/users/tingtan/DLA_finder/mocks/iron_ihio/sightlines/7/769/sightlines-769.npy /global/cfs/cdirs/desi/users/tingtan/DLA_finder/mocks/iron_ihio/sightlines/7/769/sightlines-769-pred.npy /global/cfs/cdirs/desi/users/tingtan/DLA_finder/mocks/iron_ihio/sightlines/7/769/dlacat-769.fits
Predicting sightlines time: 114.30204224586487 seconds
/global/cfs/cdirs/desi/users/tingtan/DLA_finder/mocks/iron_ihio/sightlines/7/799/sightlines-799.npy /global/cfs/cdirs/desi/users/tingtan/DLA_finder/mocks/iron_ihio/sightlines/7/799/sightlines-799-pred.npy /global/cfs/cdirs/desi/users/tingtan/DLA_finder/mocks/iron_ihio/sightlines/7/799/dlacat-799.fits
Predicting sightlines time: 8.839924335479736 seconds
/global/cfs/cdirs/desi/users/tingtan/DLA_finder/mocks/iron_ihio/sightlines/7/771/sightlines-771.npy /global/cfs/cdirs/desi/users/tingtan/DLA_finder/mocks/iron_ihio/sightlines/7/771/sightlines-771-pred.npy /global/cfs/cdirs/desi/users/tingtan/DLA_finder/mocks/iron_ihio/sightlines/7/771/dlacat-771.fits
Predicting sightlines time: 74.19816565513611 seconds
/global/cfs/cdirs/desi/users/tingtan/DLA_finder/mocks/iron_ihio/sightlines/7/704/sightlines-704.npy /global/cfs/cdirs/desi/users/tingtan/DLA_finder/mocks/iron_ihio/sightlines/7/704/sightlines-704-pred.npy /global/cfs/cdirs/desi/users/tingtan/DLA_finder/mocks/iron_ihio/sightlines/7/704/dlacat-704.fits
Predicting sightlines time: 35.991037368774414 seconds
Localize Model processed 1170 samples in chunks of 4000 in 2.8 seconds
Localize Model processed 1167 samples in chunks of 4000 in 2.1 seconds
Localize Model processed 1062 samples in chunks of 4000 in 4.3 seconds
Localize Model processed 1530 samples in chunks of 4000 in 2.6 seconds
Localize Model processed 2698 samples in chunks of 4000 in 2.8 seconds
Localize Model processed 1829 samples in chunks of 4000 in 1.8 seconds
Localize Model processed 2258 samples in chunks of 4000 in 5.2 seconds
Localize Model processed 1796 samples in chunks of 4000 in 2.5 seconds
Localize Model processed 1055 samples in chunks of 4000 in 2.4 seconds
Localize Model processed 1743 samples in chunks of 4000 in 2.9 seconds
Localize Model processed 1250 samples in chunks of 4000 in 2.8 seconds
Localize Model processed 1207 samples in chunks of 4000 in 1.3 seconds
Localize Model processed 2680 samples in chunks of 4000 in 5.3 seconds
Localize Model processed 1621 samples in chunks of 4000 in 2.7 seconds
Localize Model processed 1464 samples in chunks of 4000 in 4.2 seconds
Localize Model processed 2697 samples in chunks of 4000 in 3.2 seconds
Localize Model processed 1462 samples in chunks of 4000 in 1.8 seconds
Localize Model processed 1467 samples in chunks of 4000 in 1.6 seconds
Localize Model processed 2233 samples in chunks of 4000 in 4.6 seconds
Localize Model processed 1842 samples in chunks of 4000 in 2.7 seconds
Localize Model processed 1061 samples in chunks of 4000 in 2.2 seconds
Localize Model processed 1625 samples in chunks of 4000 in 2.8 seconds
Localize Model processed 2697 samples in chunks of 4000 in 4.0 seconds
Localize Model processed 1446 samples in chunks of 4000 in 2.2 seconds
Localize Model processed 2443 samples in chunks of 4000 in 2.2 seconds
Localize Model processed 1080 samples in chunks of 4000 in 2.2 seconds
Localize Model processed 2549 samples in chunks of 4000 in 4.5 seconds
Localize Model processed 1433 samples in chunks of 4000 in 2.9 seconds
Localize Model processed 2697 samples in chunks of 4000 in 3.5 seconds
Localize Model processed 2269 samples in chunks of 4000 in 3.3 seconds
Localize Model processed 2367 samples in chunks of 4000 in 5.0 seconds
Localize Model processed 1481 samples in chunks of 4000 in 3.1 seconds
Localize Model processed 1224 samples in chunks of 4000 in 3.2 seconds
Localize Model processed 1279 samples in chunks of 4000 in 2.9 seconds
Localize Model processed 1205 samples in chunks of 4000 in 2.7 seconds
Localize Model processed 1525 samples in chunks of 4000 in 3.1 seconds
Localize Model processed 1598 samples in chunks of 4000 in 3.1 seconds
Localize Model processed 2698 samples in chunks of 4000 in 2.7 seconds
Localize Model processed 1738 samples in chunks of 4000 in 3.1 seconds
Localize Model processed 1222 samples in chunks of 4000 in 2.3 seconds
Localize Model processed 2697 samples in chunks of 4000 in 3.7 seconds
Localize Model processed 2604 samples in chunks of 4000 in 3.8 seconds
Localize Model processed 1642 samples in chunks of 4000 in 3.4 seconds
Localize Model processed 1643 samples in chunks of 4000 in 3.1 seconds
Localize Model processed 1099 samples in chunks of 4000 in 2.9 seconds
Localize Model processed 2697 samples in chunks of 4000 in 3.5 seconds
Localize Model processed 2697 samples in chunks of 4000 in 2.6 seconds
Localize Model processed 1124 samples in chunks of 4000 in 3.4 seconds
Localize Model processed 1656 samples in chunks of 4000 in 3.1 seconds
Localize Model processed 1664 samples in chunks of 4000 in 2.2 seconds
Localize Model processed 2255 samples in chunks of 4000 in 2.5 seconds
Localize Model processed 2698 samples in chunks of 4000 in 2.8 seconds
Localize Model processed 2273 samples in chunks of 4000 in 3.0 seconds
Localize Model processed 2559 samples in chunks of 4000 in 4.3 seconds
Localize Model processed 2001 samples in chunks of 4000 in 4.6 seconds
Localize Model processed 2387 samples in chunks of 4000 in 2.9 seconds
Localize Model processed 1442 samples in chunks of 4000 in 2.5 seconds
Localize Model processed 1169 samples in chunks of 4000 in 2.8 seconds
Localize Model processed 1662 samples in chunks of 4000 in 3.3 seconds
Localize Model processed 2135 samples in chunks of 4000 in 3.4 seconds
Localize Model processed 2058 samples in chunks of 4000 in 2.0 seconds
Localize Model processed 2010 samples in chunks of 4000 in 2.0 seconds
Localize Model processed 2698 samples in chunks of 4000 in 3.7 seconds
Localize Model processed 1210 samples in chunks of 4000 in 1.9 seconds
Localize Model processed 2628 samples in chunks of 4000 in 4.5 seconds
Localize Model processed 2697 samples in chunks of 4000 in 4.4 seconds
Localize Model processed 1355 samples in chunks of 4000 in 2.5 seconds
Localize Model processed 2698 samples in chunks of 4000 in 2.6 seconds
Localize Model processed 1691 samples in chunks of 4000 in 3.0 seconds
Localize Model processed 2613 samples in chunks of 4000 in 2.5 seconds
Localize Model processed 2639 samples in chunks of 4000 in 2.2 seconds
Localize Model processed 1537 samples in chunks of 4000 in 3.6 seconds
Localize Model processed 1591 samples in chunks of 4000 in 3.5 seconds
Localize Model processed 2698 samples in chunks of 4000 in 3.6 seconds
Localize Model processed 2697 samples in chunks of 4000 in 3.2 seconds
Localize Model processed 1989 samples in chunks of 4000 in 3.2 seconds
Localize Model processed 1684 samples in chunks of 4000 in 2.0 seconds
Localize Model processed 1100 samples in chunks of 4000 in 2.2 seconds
Localize Model processed 1170 samples in chunks of 4000 in 2.6 seconds
Localize Model processed 1768 samples in chunks of 4000 in 3.0 seconds
Localize Model processed 1536 samples in chunks of 4000 in 3.8 seconds
Localize Model processed 2006 samples in chunks of 4000 in 2.0 seconds
Localize Model processed 2698 samples in chunks of 4000 in 1.9 seconds
Localize Model processed 1990 samples in chunks of 4000 in 3.4 seconds
Localize Model processed 1748 samples in chunks of 4000 in 2.1 seconds
Localize Model processed 2533 samples in chunks of 4000 in 3.5 seconds
Localize Model processed 2224 samples in chunks of 4000 in 4.7 seconds
Localize Model processed 2064 samples in chunks of 4000 in 2.5 seconds
Localize Model processed 2537 samples in chunks of 4000 in 3.6 seconds
Localize Model processed 1515 samples in chunks of 4000 in 3.1 seconds
Localize Model processed 1140 samples in chunks of 4000 in 1.6 seconds
Localize Model processed 2649 samples in chunks of 4000 in 2.6 seconds
Localize Model processed 1817 samples in chunks of 4000 in 5.0 seconds
Localize Model processed 1249 samples in chunks of 4000 in 2.8 seconds
Localize Model processed 1789 samples in chunks of 4000 in 3.2 seconds
Localize Model processed 2612 samples in chunks of 4000 in 4.1 seconds
Localize Model processed 2698 samples in chunks of 4000 in 2.7 seconds
Localize Model processed 1491 samples in chunks of 4000 in 2.1 seconds
Localize Model processed 1919 samples in chunks of 4000 in 5.0 seconds
Localize Model processed 1925 samples in chunks of 4000 in 2.5 seconds
Localize Model processed 2698 samples in chunks of 4000 in 3.7 seconds
Localize Model processed 1760 samples in chunks of 4000 in 3.1 seconds
Localize Model processed 1204 samples in chunks of 4000 in 1.9 seconds
Localize Model processed 1898 samples in chunks of 4000 in 1.6 seconds
Localize Model processed 1156 samples in chunks of 4000 in 2.2 seconds
Localize Model processed 2345 samples in chunks of 4000 in 2.6 seconds
Localize Model processed 1683 samples in chunks of 4000 in 3.6 seconds
Localize Model processed 1147 samples in chunks of 4000 in 2.5 seconds
Localize Model processed 1400 samples in chunks of 4000 in 2.2 seconds
Localize Model processed 1840 samples in chunks of 4000 in 3.3 seconds
Localize Model processed 1852 samples in chunks of 4000 in 3.0 seconds
Localize Model processed 2697 samples in chunks of 4000 in 2.1 seconds
Localize Model processed 1519 samples in chunks of 4000 in 3.6 seconds
Localize Model processed 1908 samples in chunks of 4000 in 2.1 seconds
Localize Model processed 1454 samples in chunks of 4000 in 2.4 seconds
Localize Model processed 1716 samples in chunks of 4000 in 2.5 seconds
Localize Model processed 2534 samples in chunks of 4000 in 2.6 seconds
Localize Model processed 2204 samples in chunks of 4000 in 1.8 seconds
Localize Model processed 1516 samples in chunks of 4000 in 2.6 seconds
Localize Model processed 1377 samples in chunks of 4000 in 1.7 seconds
Localize Model processed 1547 samples in chunks of 4000 in 3.4 seconds
Localize Model processed 1313 samples in chunks of 4000 in 2.5 seconds
Localize Model processed 1863 samples in chunks of 4000 in 2.5 seconds
Localize Model processed 1077 samples in chunks of 4000 in 2.3 seconds
Localize Model processed 1333 samples in chunks of 4000 in 2.2 seconds
Localize Model processed 2096 samples in chunks of 4000 in 2.7 seconds
Localize Model processed 1391 samples in chunks of 4000 in 3.5 seconds
Localize Model processed 2697 samples in chunks of 4000 in 2.3 seconds
Localize Model processed 1651 samples in chunks of 4000 in 3.5 seconds
Localize Model processed 2697 samples in chunks of 4000 in 3.6 seconds
Localize Model processed 2670 samples in chunks of 4000 in 4.4 seconds
Localize Model processed 2158 samples in chunks of 4000 in 3.6 seconds
Localize Model processed 1392 samples in chunks of 4000 in 3.5 seconds
Localize Model processed 1708 samples in chunks of 4000 in 2.1 seconds
Localize Model processed 2023 samples in chunks of 4000 in 2.1 seconds
Localize Model processed 2280 samples in chunks of 4000 in 2.2 seconds
Localize Model processed 1407 samples in chunks of 4000 in 2.8 seconds
Localize Model processed 1800 samples in chunks of 4000 in 2.2 seconds
Localize Model processed 2697 samples in chunks of 4000 in 3.0 seconds
Localize Model processed 2531 samples in chunks of 4000 in 2.7 seconds
Localize Model processed 1576 samples in chunks of 4000 in 1.8 seconds
Localize Model processed 2484 samples in chunks of 4000 in 1.9 seconds
Localize Model processed 2654 samples in chunks of 4000 in 5.8 seconds
Localize Model processed 1985 samples in chunks of 4000 in 3.3 seconds
Localize Model processed 2341 samples in chunks of 4000 in 3.6 seconds
Localize Model processed 1097 samples in chunks of 4000 in 2.7 seconds
Localize Model processed 1709 samples in chunks of 4000 in 1.9 seconds
Localize Model processed 1969 samples in chunks of 4000 in 1.7 seconds
Localize Model processed 1279 samples in chunks of 4000 in 3.4 seconds
Localize Model processed 2284 samples in chunks of 4000 in 3.1 seconds
Localize Model processed 2698 samples in chunks of 4000 in 2.9 seconds
Localize Model processed 2587 samples in chunks of 4000 in 3.6 seconds
Localize Model processed 1126 samples in chunks of 4000 in 1.9 seconds
Localize Model processed 2698 samples in chunks of 4000 in 1.8 seconds
Localize Model processed 1192 samples in chunks of 4000 in 1.8 seconds
Localize Model processed 1480 samples in chunks of 4000 in 2.4 seconds
Localize Model processed 1495 samples in chunks of 4000 in 2.9 seconds
Localize Model processed 2698 samples in chunks of 4000 in 2.8 seconds
Localize Model processed 2697 samples in chunks of 4000 in 4.0 seconds
Localize Model processed 1713 samples in chunks of 4000 in 2.5 seconds
Localize Model processed 1506 samples in chunks of 4000 in 3.0 seconds
Localize Model processed 1867 samples in chunks of 4000 in 1.1 seconds
Localize Model processed 2291 samples in chunks of 4000 in 2.1 seconds
Localize Model processed 1901 samples in chunks of 4000 in 3.4 seconds
Localize Model processed 2697 samples in chunks of 4000 in 2.6 seconds
Localize Model processed 1352 samples in chunks of 4000 in 2.4 seconds
Localize Model processed 1802 samples in chunks of 4000 in 1.8 seconds
Localize Model processed 1487 samples in chunks of 4000 in 3.0 seconds
Localize Model processed 1109 samples in chunks of 4000 in 3.5 seconds
Localize Model processed 2391 samples in chunks of 4000 in 1.2 seconds
Localize Model processed 2697 samples in chunks of 4000 in 2.1 seconds
Localize Model processed 1376 samples in chunks of 4000 in 3.5 seconds
Localize Model processed 1470 samples in chunks of 4000 in 3.4 seconds
Localize Model processed 1529 samples in chunks of 4000 in 2.7 seconds
Localize Model processed 1503 samples in chunks of 4000 in 2.2 seconds
Localize Model processed 1452 samples in chunks of 4000 in 3.0 seconds
Localize Model processed 2669 samples in chunks of 4000 in 3.8 seconds
Localize Model processed 1450 samples in chunks of 4000 in 1.1 seconds
Localize Model processed 2311 samples in chunks of 4000 in 5.0 seconds
Localize Model processed 2395 samples in chunks of 4000 in 2.5 seconds
Localize Model processed 2237 samples in chunks of 4000 in 2.3 seconds
Localize Model processed 1697 samples in chunks of 4000 in 2.4 seconds
Localize Model processed 1443 samples in chunks of 4000 in 2.5 seconds
Localize Model processed 1494 samples in chunks of 4000 in 2.8 seconds
Localize Model processed 1884 samples in chunks of 4000 in 3.5 seconds
Localize Model processed 1569 samples in chunks of 4000 in 1.3 seconds
Localize Model processed 1163 samples in chunks of 4000 in 2.1 seconds
Localize Model processed 1228 samples in chunks of 4000 in 3.2 seconds
Localize Model processed 1506 samples in chunks of 4000 in 2.8 seconds
Localize Model processed 2697 samples in chunks of 4000 in 3.0 seconds
Localize Model processed 1776 samples in chunks of 4000 in 2.7 seconds
Localize Model processed 1556 samples in chunks of 4000 in 3.0 seconds
Localize Model processed 1537 samples in chunks of 4000 in 3.1 seconds
Localize Model processed 2698 samples in chunks of 4000 in 1.3 seconds
Localize Model processed 2047 samples in chunks of 4000 in 2.1 seconds
Localize Model processed 2626 samples in chunks of 4000 in 3.5 seconds
Localize Model processed 1974 samples in chunks of 4000 in 3.5 seconds
Localize Model processed 1775 samples in chunks of 4000 in 2.1 seconds
Localize Model processed 1668 samples in chunks of 4000 in 2.9 seconds
Localize Model processed 1819 samples in chunks of 4000 in 3.0 seconds
Localize Model processed 1811 samples in chunks of 4000 in 3.8 seconds
Localize Model processed 2271 samples in chunks of 4000 in 1.3 seconds
Localize Model processed 1773 samples in chunks of 4000 in 3.6 seconds
Localize Model processed 1113 samples in chunks of 4000 in 1.9 seconds
Localize Model processed 1777 samples in chunks of 4000 in 3.2 seconds
Localize Model processed 1059 samples in chunks of 4000 in 3.1 seconds
Localize Model processed 1526 samples in chunks of 4000 in 2.5 seconds
Localize Model processed 2167 samples in chunks of 4000 in 3.4 seconds
Localize Model processed 1651 samples in chunks of 4000 in 2.2 seconds
Localize Model processed 2121 samples in chunks of 4000 in 2.4 seconds
Localize Model processed 1105 samples in chunks of 4000 in 2.5 seconds
Localize Model processed 2634 samples in chunks of 4000 in 2.5 seconds
Localize Model processed 1792 samples in chunks of 4000 in 2.2 seconds
Localize Model processed 2499 samples in chunks of 4000 in 3.4 seconds
Localize Model processed 1905 samples in chunks of 4000 in 3.4 seconds
Localize Model processed 2506 samples in chunks of 4000 in 2.7 seconds
Localize Model processed 1577 samples in chunks of 4000 in 1.9 seconds
Localize Model processed 1213 samples in chunks of 4000 in 3.7 seconds
Localize Model processed 2051 samples in chunks of 4000 in 2.1 seconds
Localize Model processed 2099 samples in chunks of 4000 in 2.4 seconds
Localize Model processed 1526 samples in chunks of 4000 in 2.8 seconds
Localize Model processed 1308 samples in chunks of 4000 in 2.2 seconds
Localize Model processed 1550 samples in chunks of 4000 in 2.7 seconds
Localize Model processed 1279 samples in chunks of 4000 in 3.2 seconds
Localize Model processed 1607 samples in chunks of 4000 in 2.7 seconds
Localize Model processed 1646 samples in chunks of 4000 in 3.9 seconds
Localize Model processed 1795 samples in chunks of 4000 in 3.2 seconds
Localize Model processed 1070 samples in chunks of 4000 in 3.0 seconds
Localize Model processed 2490 samples in chunks of 4000 in 3.0 seconds
Localize Model processed 1485 samples in chunks of 4000 in 3.6 seconds
Localize Model processed 1047 samples in chunks of 4000 in 2.2 seconds
Localize Model processed 2697 samples in chunks of 4000 in 3.9 seconds
Localize Model processed 2698 samples in chunks of 4000 in 2.8 seconds
Localize Model processed 2697 samples in chunks of 4000 in 3.4 seconds
Localize Model processed 1205 samples in chunks of 4000 in 2.5 seconds
Localize Model processed 1807 samples in chunks of 4000 in 4.1 seconds
Localize Model processed 1456 samples in chunks of 4000 in 2.8 seconds
Localize Model processed 1940 samples in chunks of 4000 in 3.3 seconds
Localize Model processed 2697 samples in chunks of 4000 in 5.8 seconds
Localize Model processed 2042 samples in chunks of 4000 in 2.2 seconds
Localize Model processed 2485 samples in chunks of 4000 in 2.5 seconds
Localize Model processed 2302 samples in chunks of 4000 in 3.4 seconds
Localize Model processed 2173 samples in chunks of 4000 in 3.5 seconds
Localize Model processed 1180 samples in chunks of 4000 in 1.6 seconds
Localize Model processed 2697 samples in chunks of 4000 in 2.9 seconds
Localize Model processed 1935 samples in chunks of 4000 in 2.5 seconds
Localize Model processed 1658 samples in chunks of 4000 in 2.5 seconds
Localize Model processed 2401 samples in chunks of 4000 in 3.7 seconds
Localize Model processed 1866 samples in chunks of 4000 in 2.9 seconds
Localize Model processed 1919 samples in chunks of 4000 in 3.3 seconds
Localize Model processed 2517 samples in chunks of 4000 in 5.5 seconds
Localize Model processed 2429 samples in chunks of 4000 in 2.6 seconds
Localize Model processed 2697 samples in chunks of 4000 in 4.0 seconds
Localize Model processed 1949 samples in chunks of 4000 in 2.6 seconds
Localize Model processed 1221 samples in chunks of 4000 in 2.9 seconds
Localize Model processed 1358 samples in chunks of 4000 in 2.0 seconds
Localize Model processed 1448 samples in chunks of 4000 in 2.4 seconds
Localize Model processed 1273 samples in chunks of 4000 in 2.4 seconds
Localize Model processed 2610 samples in chunks of 4000 in 3.2 seconds
Localize Model processed 1602 samples in chunks of 4000 in 3.3 seconds
Localize Model processed 1221 samples in chunks of 4000 in 2.4 seconds
Localize Model processed 2698 samples in chunks of 4000 in 3.4 seconds
Localize Model processed 1117 samples in chunks of 4000 in 1.8 seconds
Localize Model processed 2098 samples in chunks of 4000 in 3.1 seconds
Localize Model processed 1360 samples in chunks of 4000 in 1.9 seconds
Localize Model processed 2697 samples in chunks of 4000 in 3.7 seconds
Localize Model processed 1385 samples in chunks of 4000 in 2.3 seconds
Localize Model processed 2697 samples in chunks of 4000 in 3.5 seconds
Localize Model processed 2398 samples in chunks of 4000 in 3.1 seconds
Localize Model processed 2197 samples in chunks of 4000 in 2.9 seconds
Localize Model processed 2597 samples in chunks of 4000 in 2.0 seconds
Localize Model processed 2641 samples in chunks of 4000 in 3.0 seconds
Localize Model processed 1971 samples in chunks of 4000 in 2.5 seconds
Localize Model processed 1958 samples in chunks of 4000 in 3.2 seconds
Localize Model processed 2514 samples in chunks of 4000 in 5.8 seconds
Localize Model processed 1362 samples in chunks of 4000 in 2.2 seconds
Localize Model processed 2040 samples in chunks of 4000 in 2.6 seconds
Localize Model processed 1337 samples in chunks of 4000 in 3.4 seconds
Localize Model processed 2698 samples in chunks of 4000 in 3.3 seconds
Localize Model processed 1055 samples in chunks of 4000 in 1.4 seconds
Localize Model processed 1498 samples in chunks of 4000 in 3.1 seconds
Localize Model processed 1346 samples in chunks of 4000 in 1.9 seconds
Localize Model processed 2697 samples in chunks of 4000 in 1.9 seconds
Localize Model processed 2684 samples in chunks of 4000 in 4.2 seconds
Localize Model processed 2247 samples in chunks of 4000 in 2.2 seconds
Localize Model processed 1871 samples in chunks of 4000 in 3.1 seconds
Localize Model processed 1255 samples in chunks of 4000 in 2.7 seconds
Localize Model processed 2141 samples in chunks of 4000 in 2.7 seconds
Localize Model processed 2111 samples in chunks of 4000 in 2.4 seconds
Localize Model processed 1502 samples in chunks of 4000 in 2.8 seconds
Localize Model processed 2697 samples in chunks of 4000 in 2.4 seconds
Localize Model processed 2616 samples in chunks of 4000 in 1.8 seconds
Localize Model processed 2697 samples in chunks of 4000 in 2.8 seconds
Localize Model processed 1418 samples in chunks of 4000 in 3.1 seconds
Localize Model processed 2463 samples in chunks of 4000 in 3.0 seconds
Localize Model processed 1719 samples in chunks of 4000 in 2.8 seconds
Localize Model processed 1242 samples in chunks of 4000 in 3.0 seconds
Localize Model processed 2243 samples in chunks of 4000 in 2.6 seconds
Localize Model processed 2429 samples in chunks of 4000 in 4.9 seconds
Localize Model processed 2697 samples in chunks of 4000 in 2.7 seconds
Localize Model processed 2366 samples in chunks of 4000 in 2.2 seconds
Localize Model processed 2505 samples in chunks of 4000 in 3.9 seconds
Localize Model processed 1537 samples in chunks of 4000 in 2.7 seconds
Localize Model processed 2438 samples in chunks of 4000 in 2.4 seconds
Localize Model processed 2090 samples in chunks of 4000 in 3.2 seconds
Localize Model processed 1343 samples in chunks of 4000 in 2.8 seconds
Localize Model processed 2697 samples in chunks of 4000 in 2.0 seconds
Localize Model processed 2664 samples in chunks of 4000 in 3.7 seconds
Localize Model processed 1896 samples in chunks of 4000 in 3.0 seconds
Localize Model processed 1252 samples in chunks of 4000 in 2.4 seconds
Localize Model processed 2161 samples in chunks of 4000 in 5.1 seconds
Localize Model processed 2698 samples in chunks of 4000 in 3.0 seconds
Localize Model processed 1114 samples in chunks of 4000 in 3.2 seconds
Localize Model processed 1596 samples in chunks of 4000 in 2.5 seconds
Localize Model processed 1923 samples in chunks of 4000 in 3.5 seconds
Localize Model processed 2697 samples in chunks of 4000 in 4.0 seconds
Localize Model processed 1536 samples in chunks of 4000 in 1.7 seconds
Localize Model processed 1413 samples in chunks of 4000 in 2.0 seconds
Localize Model processed 2352 samples in chunks of 4000 in 2.5 seconds
Localize Model processed 1482 samples in chunks of 4000 in 3.0 seconds
Localize Model processed 2697 samples in chunks of 4000 in 3.5 seconds
Localize Model processed 1239 samples in chunks of 4000 in 2.0 seconds
Localize Model processed 1394 samples in chunks of 4000 in 1.7 seconds
Localize Model processed 1493 samples in chunks of 4000 in 3.8 seconds
Localize Model processed 1573 samples in chunks of 4000 in 2.5 seconds
Localize Model processed 2269 samples in chunks of 4000 in 2.8 seconds
Localize Model processed 2480 samples in chunks of 4000 in 2.4 seconds
Localize Model processed 2262 samples in chunks of 4000 in 3.8 seconds
Localize Model processed 1599 samples in chunks of 4000 in 2.2 seconds
Localize Model processed 1202 samples in chunks of 4000 in 3.0 seconds
Localize Model processed 2301 samples in chunks of 4000 in 3.2 seconds
Localize Model processed 1729 samples in chunks of 4000 in 2.5 seconds
Localize Model processed 1723 samples in chunks of 4000 in 1.9 seconds
Localize Model processed 1596 samples in chunks of 4000 in 2.3 seconds
Localize Model processed 1500 samples in chunks of 4000 in 2.3 seconds
Localize Model processed 1194 samples in chunks of 4000 in 2.7 seconds
Localize Model processed 2698 samples in chunks of 4000 in 3.9 seconds
Localize Model processed 1445 samples in chunks of 4000 in 2.0 seconds
Localize Model processed 1243 samples in chunks of 4000 in 1.8 seconds
Localize Model processed 1672 samples in chunks of 4000 in 1.5 seconds
Localize Model processed 1228 samples in chunks of 4000 in 2.8 seconds
Localize Model processed 1638 samples in chunks of 4000 in 2.4 seconds
Localize Model processed 1957 samples in chunks of 4000 in 2.3 seconds
Localize Model processed 1059 samples in chunks of 4000 in 2.8 seconds
Localize Model processed 2262 samples in chunks of 4000 in 3.0 seconds
Localize Model processed 2698 samples in chunks of 4000 in 3.3 seconds
Localize Model processed 1256 samples in chunks of 4000 in 2.6 seconds
Localize Model processed 2698 samples in chunks of 4000 in 4.3 seconds
Localize Model processed 2697 samples in chunks of 4000 in 2.8 seconds
Localize Model processed 1671 samples in chunks of 4000 in 2.7 seconds
Localize Model processed 1910 samples in chunks of 4000 in 3.0 seconds
Localize Model processed 1815 samples in chunks of 4000 in 2.1 seconds
Localize Model processed 1147 samples in chunks of 4000 in 3.2 seconds
Localize Model processed 1506 samples in chunks of 4000 in 2.0 seconds
Localize Model processed 2396 samples in chunks of 4000 in 5.7 seconds
Localize Model processed 2009 samples in chunks of 4000 in 2.2 seconds
Localize Model processed 1090 samples in chunks of 4000 in 2.1 seconds
Localize Model processed 1102 samples in chunks of 4000 in 3.5 seconds
Localize Model processed 1559 samples in chunks of 4000 in 2.7 seconds
Localize Model processed 1334 samples in chunks of 4000 in 2.2 seconds
Localize Model processed 2095 samples in chunks of 4000 in 2.4 seconds
Localize Model processed 1340 samples in chunks of 4000 in 1.9 seconds
Localize Model processed 1347 samples in chunks of 4000 in 3.5 seconds
Localize Model processed 1277 samples in chunks of 4000 in 3.0 seconds
Localize Model processed 2348 samples in chunks of 4000 in 2.5 seconds
Localize Model processed 2698 samples in chunks of 4000 in 3.7 seconds
Localize Model processed 1143 samples in chunks of 4000 in 1.5 seconds
Localize Model processed 1119 samples in chunks of 4000 in 1.5 seconds
Localize Model processed 2594 samples in chunks of 4000 in 1.9 seconds
Localize Model processed 1595 samples in chunks of 4000 in 3.8 seconds
Localize Model processed 1279 samples in chunks of 4000 in 2.4 seconds
Localize Model processed 2698 samples in chunks of 4000 in 3.1 seconds
Localize Model processed 2698 samples in chunks of 4000 in 3.2 seconds
Localize Model processed 1328 samples in chunks of 4000 in 1.9 seconds
Localize Model processed 2697 samples in chunks of 4000 in 2.5 seconds
Localize Model processed 2007 samples in chunks of 4000 in 2.6 seconds
Localize Model processed 2519 samples in chunks of 4000 in 3.3 seconds
Localize Model processed 1785 samples in chunks of 4000 in 2.9 seconds
Localize Model processed 1363 samples in chunks of 4000 in 2.2 seconds
Localize Model processed 1776 samples in chunks of 4000 in 2.7 seconds
Localize Model processed 1931 samples in chunks of 4000 in 2.5 seconds
Localize Model processed 1459 samples in chunks of 4000 in 2.2 seconds
Localize Model processed 1863 samples in chunks of 4000 in 2.5 seconds
Localize Model processed 1552 samples in chunks of 4000 in 1.4 seconds
Localize Model processed 1401 samples in chunks of 4000 in 2.8 seconds
Localize Model processed 2156 samples in chunks of 4000 in 1.9 seconds
Localize Model processed 1846 samples in chunks of 4000 in 2.9 seconds
Localize Model processed 1668 samples in chunks of 4000 in 3.1 seconds
Localize Model processed 1879 samples in chunks of 4000 in 3.2 seconds
Localize Model processed 2698 samples in chunks of 4000 in 1.7 seconds
Localize Model processed 1280 samples in chunks of 4000 in 2.7 seconds
Localize Model processed 1089 samples in chunks of 4000 in 1.9 seconds
Localize Model processed 2228 samples in chunks of 4000 in 2.9 seconds
Localize Model processed 2698 samples in chunks of 4000 in 3.8 seconds
Localize Model processed 2071 samples in chunks of 4000 in 2.7 seconds
Localize Model processed 2698 samples in chunks of 4000 in 2.1 seconds
Localize Model processed 2446 samples in chunks of 4000 in 3.6 seconds
Localize Model processed 1873 samples in chunks of 4000 in 2.8 seconds
Localize Model processed 1414 samples in chunks of 4000 in 1.9 seconds
Localize Model processed 1126 samples in chunks of 4000 in 1.3 seconds
Localize Model processed 1317 samples in chunks of 4000 in 2.6 seconds
Localize Model processed 2503 samples in chunks of 4000 in 2.5 seconds
Localize Model processed 1545 samples in chunks of 4000 in 2.2 seconds
Localize Model processed 2697 samples in chunks of 4000 in 4.2 seconds
Localize Model processed 2698 samples in chunks of 4000 in 3.9 seconds
Localize Model processed 2698 samples in chunks of 4000 in 3.0 seconds
Localize Model processed 2298 samples in chunks of 4000 in 2.9 seconds
Localize Model processed 1406 samples in chunks of 4000 in 1.4 seconds
Localize Model processed 2698 samples in chunks of 4000 in 3.2 seconds
Localize Model processed 1570 samples in chunks of 4000 in 2.9 seconds
Localize Model processed 2515 samples in chunks of 4000 in 3.6 seconds
Localize Model processed 2698 samples in chunks of 4000 in 1.5 seconds
Localize Model processed 1864 samples in chunks of 4000 in 3.5 seconds
Localize Model processed 2698 samples in chunks of 4000 in 3.3 seconds
Localize Model processed 2698 samples in chunks of 4000 in 3.7 seconds
Localize Model processed 2508 samples in chunks of 4000 in 3.7 seconds
Localize Model processed 1742 samples in chunks of 4000 in 2.6 seconds
Localize Model processed 1111 samples in chunks of 4000 in 2.6 seconds
Localize Model processed 2697 samples in chunks of 4000 in 3.0 seconds
Localize Model processed 1400 samples in chunks of 4000 in 2.1 seconds
Localize Model processed 1569 samples in chunks of 4000 in 2.8 seconds
Localize Model processed 2124 samples in chunks of 4000 in 3.6 seconds
Localize Model processed 1987 samples in chunks of 4000 in 2.9 seconds
Localize Model processed 2354 samples in chunks of 4000 in 1.7 seconds
Localize Model processed 1496 samples in chunks of 4000 in 1.7 seconds
Localize Model processed 1527 samples in chunks of 4000 in 2.9 seconds
Localize Model processed 2698 samples in chunks of 4000 in 2.6 seconds
Localize Model processed 1521 samples in chunks of 4000 in 3.4 seconds
Localize Model processed 1474 samples in chunks of 4000 in 2.5 seconds
Localize Model processed 1211 samples in chunks of 4000 in 2.8 seconds
Localize Model processed 1639 samples in chunks of 4000 in 2.3 seconds
Localize Model processed 1175 samples in chunks of 4000 in 2.7 seconds
Localize Model processed 1788 samples in chunks of 4000 in 2.6 seconds
Localize Model processed 1192 samples in chunks of 4000 in 3.0 seconds
Localize Model processed 1208 samples in chunks of 4000 in 2.1 seconds
Localize Model processed 2576 samples in chunks of 4000 in 2.2 seconds
Localize Model processed 2697 samples in chunks of 4000 in 2.7 seconds
Localize Model processed 2698 samples in chunks of 4000 in 3.3 seconds
Localize Model processed 2698 samples in chunks of 4000 in 1.5 seconds
Localize Model processed 1294 samples in chunks of 4000 in 1.3 seconds
Localize Model processed 2031 samples in chunks of 4000 in 3.6 seconds
Localize Model processed 1984 samples in chunks of 4000 in 2.7 seconds
Localize Model processed 2698 samples in chunks of 4000 in 2.6 seconds
Localize Model processed 1892 samples in chunks of 4000 in 3.2 seconds
Localize Model processed 1554 samples in chunks of 4000 in 3.8 seconds
Localize Model processed 1454 samples in chunks of 4000 in 2.1 seconds
Localize Model processed 1431 samples in chunks of 4000 in 2.3 seconds
Localize Model processed 1361 samples in chunks of 4000 in 2.9 seconds
Localize Model processed 1314 samples in chunks of 4000 in 2.4 seconds
Localize Model processed 1588 samples in chunks of 4000 in 3.1 seconds
Localize Model processed 1643 samples in chunks of 4000 in 3.0 seconds
Localize Model processed 1046 samples in chunks of 4000 in 2.3 seconds
Localize Model processed 2556 samples in chunks of 4000 in 2.5 seconds
Localize Model processed 2456 samples in chunks of 4000 in 3.2 seconds
Localize Model processed 1230 samples in chunks of 4000 in 1.8 seconds
Localize Model processed 1863 samples in chunks of 4000 in 1.4 seconds
Localize Model processed 2217 samples in chunks of 4000 in 4.5 seconds
Localize Model processed 2304 samples in chunks of 4000 in 2.2 seconds
Localize Model processed 1431 samples in chunks of 4000 in 3.1 seconds
Localize Model processed 1403 samples in chunks of 4000 in 3.1 seconds
Localize Model processed 1551 samples in chunks of 4000 in 3.1 seconds
Localize Model processed 2038 samples in chunks of 4000 in 3.0 seconds
Localize Model processed 2697 samples in chunks of 4000 in 1.6 seconds
Localize Model processed 2261 samples in chunks of 4000 in 3.0 seconds
Localize Model processed 1329 samples in chunks of 4000 in 2.7 seconds
Localize Model processed 1526 samples in chunks of 4000 in 2.8 seconds
Localize Model processed 1511 samples in chunks of 4000 in 2.1 seconds
Localize Model processed 2641 samples in chunks of 4000 in 3.3 seconds
Localize Model processed 1228 samples in chunks of 4000 in 2.0 seconds
Localize Model processed 1076 samples in chunks of 4000 in 3.2 seconds
Localize Model processed 2258 samples in chunks of 4000 in 1.6 seconds
Localize Model processed 1292 samples in chunks of 4000 in 1.1 seconds
Localize Model processed 2697 samples in chunks of 4000 in 2.0 seconds
Localize Model processed 2698 samples in chunks of 4000 in 3.0 seconds
Localize Model processed 2006 samples in chunks of 4000 in 2.8 seconds
Localize Model processed 2201 samples in chunks of 4000 in 3.5 seconds
Localize Model processed 1851 samples in chunks of 4000 in 1.5 seconds
Localize Model processed 1316 samples in chunks of 4000 in 2.3 seconds
Localize Model processed 1647 samples in chunks of 4000 in 2.2 seconds
Localize Model processed 1626 samples in chunks of 4000 in 2.4 seconds
Localize Model processed 2497 samples in chunks of 4000 in 2.0 seconds
Localize Model processed 1306 samples in chunks of 4000 in 3.2 seconds
Localize Model processed 2066 samples in chunks of 4000 in 2.7 seconds
Localize Model processed 2057 samples in chunks of 4000 in 2.9 seconds
Localize Model processed 1238 samples in chunks of 4000 in 2.0 seconds
Localize Model processed 2212 samples in chunks of 4000 in 3.1 seconds
Localize Model processed 2034 samples in chunks of 4000 in 1.4 seconds
Localize Model processed 1656 samples in chunks of 4000 in 1.2 seconds
Localize Model processed 1312 samples in chunks of 4000 in 1.9 seconds
Localize Model processed 2697 samples in chunks of 4000 in 2.4 seconds
Localize Model processed 1778 samples in chunks of 4000 in 2.6 seconds
Localize Model processed 1515 samples in chunks of 4000 in 3.4 seconds
Localize Model processed 2364 samples in chunks of 4000 in 2.5 seconds
Localize Model processed 1797 samples in chunks of 4000 in 4.4 seconds
Localize Model processed 1861 samples in chunks of 4000 in 2.8 seconds
Localize Model processed 1513 samples in chunks of 4000 in 2.7 seconds
Localize Model processed 2694 samples in chunks of 4000 in 2.7 seconds
Localize Model processed 1602 samples in chunks of 4000 in 3.6 seconds
Localize Model processed 1635 samples in chunks of 4000 in 2.8 seconds
Localize Model processed 1559 samples in chunks of 4000 in 1.8 seconds
Localize Model processed 2414 samples in chunks of 4000 in 3.6 seconds
Localize Model processed 2697 samples in chunks of 4000 in 3.1 seconds
Localize Model processed 1048 samples in chunks of 4000 in 1.3 seconds
Localize Model processed 2698 samples in chunks of 4000 in 1.6 seconds
Localize Model processed 2697 samples in chunks of 4000 in 5.3 seconds
Localize Model processed 1166 samples in chunks of 4000 in 2.1 seconds
Localize Model processed 2697 samples in chunks of 4000 in 3.0 seconds
Localize Model processed 2645 samples in chunks of 4000 in 4.2 seconds
Localize Model processed 2698 samples in chunks of 4000 in 3.6 seconds
Localize Model processed 1332 samples in chunks of 4000 in 2.1 seconds
Localize Model processed 1689 samples in chunks of 4000 in 3.0 seconds
Localize Model processed 1729 samples in chunks of 4000 in 2.3 seconds
Localize Model processed 1230 samples in chunks of 4000 in 2.6 seconds
Localize Model processed 1937 samples in chunks of 4000 in 2.7 seconds
Localize Model processed 1466 samples in chunks of 4000 in 3.0 seconds
Localize Model processed 2387 samples in chunks of 4000 in 2.7 seconds
Localize Model processed 1734 samples in chunks of 4000 in 3.2 seconds
Localize Model processed 1699 samples in chunks of 4000 in 2.1 seconds
Localize Model processed 1701 samples in chunks of 4000 in 1.7 seconds
Localize Model processed 2282 samples in chunks of 4000 in 1.7 seconds
Localize Model processed 1626 samples in chunks of 4000 in 1.9 seconds
Localize Model processed 1463 samples in chunks of 4000 in 2.6 seconds
Localize Model processed 1192 samples in chunks of 4000 in 2.4 seconds
Localize Model processed 2656 samples in chunks of 4000 in 2.7 seconds
Localize Model processed 2697 samples in chunks of 4000 in 2.7 seconds
Localize Model processed 1215 samples in chunks of 4000 in 1.9 seconds
Localize Model processed 1350 samples in chunks of 4000 in 3.4 seconds
Localize Model processed 1389 samples in chunks of 4000 in 1.6 seconds
Localize Model processed 2698 samples in chunks of 4000 in 2.7 seconds
Localize Model processed 2233 samples in chunks of 4000 in 3.4 seconds
Localize Model processed 1840 samples in chunks of 4000 in 3.1 seconds
Localize Model processed 1265 samples in chunks of 4000 in 2.4 seconds
Localize Model processed 2429 samples in chunks of 4000 in 3.2 seconds
Localize Model processed 1198 samples in chunks of 4000 in 1.7 seconds
Localize Model processed 2697 samples in chunks of 4000 in 1.3 seconds
Localize Model processed 1186 samples in chunks of 4000 in 1.4 seconds
Localize Model processed 2697 samples in chunks of 4000 in 5.6 seconds
Localize Model processed 1309 samples in chunks of 4000 in 2.1 seconds
Localize Model processed 1593 samples in chunks of 4000 in 2.2 seconds
Localize Model processed 1599 samples in chunks of 4000 in 3.2 seconds
Localize Model processed 2235 samples in chunks of 4000 in 3.4 seconds
Localize Model processed 2698 samples in chunks of 4000 in 2.4 seconds
Localize Model processed 1835 samples in chunks of 4000 in 4.0 seconds
Localize Model processed 1162 samples in chunks of 4000 in 3.1 seconds
Localize Model processed 2698 samples in chunks of 4000 in 2.5 seconds
Localize Model processed 2354 samples in chunks of 4000 in 3.1 seconds
Localize Model processed 1069 samples in chunks of 4000 in 2.2 seconds
Localize Model processed 1724 samples in chunks of 4000 in 2.6 seconds
Localize Model processed 2697 samples in chunks of 4000 in 3.9 seconds
Localize Model processed 1658 samples in chunks of 4000 in 2.0 seconds
Localize Model processed 1204 samples in chunks of 4000 in 1.3 seconds
Localize Model processed 1826 samples in chunks of 4000 in 1.5 seconds
Localize Model processed 1097 samples in chunks of 4000 in 2.0 seconds
Localize Model processed 2697 samples in chunks of 4000 in 3.0 seconds
Localize Model processed 1627 samples in chunks of 4000 in 2.7 seconds
Localize Model processed 2698 samples in chunks of 4000 in 3.9 seconds
Localize Model processed 2697 samples in chunks of 4000 in 3.6 seconds
Localize Model processed 1606 samples in chunks of 4000 in 2.4 seconds
Localize Model processed 2598 samples in chunks of 4000 in 2.4 seconds
Localize Model processed 1867 samples in chunks of 4000 in 2.5 seconds
Localize Model processed 1072 samples in chunks of 4000 in 2.4 seconds
Localize Model processed 2638 samples in chunks of 4000 in 2.7 seconds
Localize Model processed 2347 samples in chunks of 4000 in 2.7 seconds
Localize Model processed 1566 samples in chunks of 4000 in 2.1 seconds
Localize Model processed 2381 samples in chunks of 4000 in 2.7 seconds
Localize Model processed 2388 samples in chunks of 4000 in 1.3 seconds
Localize Model processed 2698 samples in chunks of 4000 in 1.5 seconds
Localize Model processed 1166 samples in chunks of 4000 in 1.2 seconds
Localize Model processed 1616 samples in chunks of 4000 in 3.4 seconds
Localize Model processed 1864 samples in chunks of 4000 in 3.2 seconds
Localize Model processed 2337 samples in chunks of 4000 in 2.3 seconds
Localize Model processed 1675 samples in chunks of 4000 in 2.7 seconds
Localize Model processed 2221 samples in chunks of 4000 in 3.4 seconds
Localize Model processed 2698 samples in chunks of 4000 in 5.1 seconds
Localize Model processed 2497 samples in chunks of 4000 in 3.0 seconds
Localize Model processed 1639 samples in chunks of 4000 in 2.0 seconds
Localize Model processed 1222 samples in chunks of 4000 in 2.2 seconds
Localize Model processed 2697 samples in chunks of 4000 in 3.9 seconds
Localize Model processed 1412 samples in chunks of 4000 in 2.1 seconds
Localize Model processed 2175 samples in chunks of 4000 in 2.7 seconds
Localize Model processed 1140 samples in chunks of 4000 in 3.4 seconds
Localize Model processed 1185 samples in chunks of 4000 in 1.2 seconds
Localize Model processed 1372 samples in chunks of 4000 in 1.2 seconds
Localize Model processed 2256 samples in chunks of 4000 in 1.2 seconds
Localize Model processed 1395 samples in chunks of 4000 in 2.3 seconds
Localize Model processed 1127 samples in chunks of 4000 in 2.8 seconds
Localize Model processed 2472 samples in chunks of 4000 in 2.5 seconds
Localize Model processed 2630 samples in chunks of 4000 in 2.7 seconds
Localize Model processed 2054 samples in chunks of 4000 in 3.1 seconds
Localize Model processed 1901 samples in chunks of 4000 in 3.0 seconds
Localize Model processed 1305 samples in chunks of 4000 in 1.8 seconds
Localize Model processed 1514 samples in chunks of 4000 in 2.5 seconds
Localize Model processed 1963 samples in chunks of 4000 in 2.3 seconds
Localize Model processed 2251 samples in chunks of 4000 in 2.4 seconds
Localize Model processed 2697 samples in chunks of 4000 in 2.5 seconds
Localize Model processed 1284 samples in chunks of 4000 in 2.5 seconds
Localize Model processed 2464 samples in chunks of 4000 in 3.2 seconds
Localize Model processed 2451 samples in chunks of 4000 in 1.6 seconds
Localize Model processed 2697 samples in chunks of 4000 in 1.3 seconds
Localize Model processed 2487 samples in chunks of 4000 in 1.0 seconds
Localize Model processed 1515 samples in chunks of 4000 in 2.9 seconds
Localize Model processed 2277 samples in chunks of 4000 in 2.9 seconds
Localize Model processed 1660 samples in chunks of 4000 in 2.2 seconds
Localize Model processed 2438 samples in chunks of 4000 in 3.4 seconds
Localize Model processed 2645 samples in chunks of 4000 in 3.0 seconds
Localize Model processed 2697 samples in chunks of 4000 in 2.8 seconds
Localize Model processed 2056 samples in chunks of 4000 in 3.1 seconds
Localize Model processed 1878 samples in chunks of 4000 in 3.1 seconds
Localize Model processed 2073 samples in chunks of 4000 in 3.2 seconds
Localize Model processed 2571 samples in chunks of 4000 in 3.6 seconds
Localize Model processed 2479 samples in chunks of 4000 in 2.6 seconds
Localize Model processed 1914 samples in chunks of 4000 in 2.8 seconds
Localize Model processed 2697 samples in chunks of 4000 in 2.8 seconds
Localize Model processed 2584 samples in chunks of 4000 in 1.7 seconds
Localize Model processed 2584 samples in chunks of 4000 in 1.2 seconds
Localize Model processed 2383 samples in chunks of 4000 in 1.0 seconds
Localize Model processed 1561 samples in chunks of 4000 in 2.8 seconds
Localize Model processed 1726 samples in chunks of 4000 in 2.9 seconds
Localize Model processed 1926 samples in chunks of 4000 in 1.9 seconds
Localize Model processed 2698 samples in chunks of 4000 in 3.3 seconds
Localize Model processed 1049 samples in chunks of 4000 in 3.2 seconds
Localize Model processed 2625 samples in chunks of 4000 in 1.7 seconds
Localize Model processed 1360 samples in chunks of 4000 in 2.8 seconds
Localize Model processed 2697 samples in chunks of 4000 in 3.1 seconds
Localize Model processed 2086 samples in chunks of 4000 in 2.7 seconds
Localize Model processed 2511 samples in chunks of 4000 in 2.8 seconds
Localize Model processed 1476 samples in chunks of 4000 in 2.7 seconds
Localize Model processed 1617 samples in chunks of 4000 in 2.6 seconds
Localize Model processed 1617 samples in chunks of 4000 in 3.3 seconds
Localize Model processed 1332 samples in chunks of 4000 in 1.5 seconds
Localize Model processed 2698 samples in chunks of 4000 in 1.6 seconds
Localize Model processed 2452 samples in chunks of 4000 in 0.9 seconds
Localize Model processed 1071 samples in chunks of 4000 in 2.4 seconds
Localize Model processed 1105 samples in chunks of 4000 in 2.5 seconds
Localize Model processed 1285 samples in chunks of 4000 in 2.5 seconds
Localize Model processed 2215 samples in chunks of 4000 in 2.2 seconds
Localize Model processed 1187 samples in chunks of 4000 in 1.6 seconds
Localize Model processed 1318 samples in chunks of 4000 in 2.4 seconds
Localize Model processed 1205 samples in chunks of 4000 in 1.4 seconds
Localize Model processed 1530 samples in chunks of 4000 in 2.7 seconds
Localize Model processed 1685 samples in chunks of 4000 in 3.2 seconds
Localize Model processed 1505 samples in chunks of 4000 in 3.1 seconds
Localize Model processed 1669 samples in chunks of 4000 in 3.1 seconds
Localize Model processed 1789 samples in chunks of 4000 in 3.2 seconds
Localize Model processed 2592 samples in chunks of 4000 in 4.1 seconds
Localize Model processed 2110 samples in chunks of 4000 in 4.6 seconds
Localize Model processed 1543 samples in chunks of 4000 in 2.3 seconds
Localize Model processed 1186 samples in chunks of 4000 in 3.2 seconds
Localize Model processed 2597 samples in chunks of 4000 in 4.3 seconds
Localize Model processed 1524 samples in chunks of 4000 in 2.2 seconds
Localize Model processed 1211 samples in chunks of 4000 in 3.7 seconds
Localize Model processed 2645 samples in chunks of 4000 in 4.6 seconds
Localize Model processed 2697 samples in chunks of 4000 in 4.6 seconds
Localize Model processed 2697 samples in chunks of 4000 in 4.6 seconds
Localize Model processed 1094 samples in chunks of 4000 in 2.1 seconds
Localize Model processed 1301 samples in chunks of 4000 in 2.8 seconds
Localize Model processed 1319 samples in chunks of 4000 in 2.3 seconds
Localize Model processed 1391 samples in chunks of 4000 in 3.5 seconds
Localize Model processed 2572 samples in chunks of 4000 in 2.3 seconds
Localize Model processed 1728 samples in chunks of 4000 in 3.3 seconds
Localize Model processed 2292 samples in chunks of 4000 in 5.1 seconds
Localize Model processed 1156 samples in chunks of 4000 in 2.5 seconds
Localize Model processed 2697 samples in chunks of 4000 in 4.9 seconds
Localize Model processed 2697 samples in chunks of 4000 in 5.0 seconds
Localize Model processed 2115 samples in chunks of 4000 in 2.2 seconds
Localize Model processed 2039 samples in chunks of 4000 in 3.3 seconds
Localize Model processed 1104 samples in chunks of 4000 in 2.3 seconds
Localize Model processed 1904 samples in chunks of 4000 in 3.2 seconds
Localize Model processed 2000 samples in chunks of 4000 in 2.3 seconds
Localize Model processed 2203 samples in chunks of 4000 in 2.8 seconds
Localize Model processed 1430 samples in chunks of 4000 in 2.4 seconds
Localize Model processed 1983 samples in chunks of 4000 in 2.0 seconds
Localize Model processed 2169 samples in chunks of 4000 in 2.5 seconds
Localize Model processed 2698 samples in chunks of 4000 in 2.4 seconds
Localize Model processed 1228 samples in chunks of 4000 in 2.8 seconds
Localize Model processed 1110 samples in chunks of 4000 in 2.7 seconds
Localize Model processed 2697 samples in chunks of 4000 in 3.4 seconds
Localize Model processed 2499 samples in chunks of 4000 in 3.9 seconds
Localize Model processed 2106 samples in chunks of 4000 in 3.5 seconds
Localize Model processed 2697 samples in chunks of 4000 in 3.4 seconds
Localize Model processed 2127 samples in chunks of 4000 in 2.3 seconds
Localize Model processed 1588 samples in chunks of 4000 in 2.0 seconds
Localize Model processed 2697 samples in chunks of 4000 in 2.6 seconds
Localize Model processed 2495 samples in chunks of 4000 in 2.9 seconds
Localize Model processed 1688 samples in chunks of 4000 in 4.2 seconds
Localize Model processed 1783 samples in chunks of 4000 in 2.4 seconds
Localize Model processed 1689 samples in chunks of 4000 in 1.8 seconds
Localize Model processed 1503 samples in chunks of 4000 in 3.7 seconds
Localize Model processed 1822 samples in chunks of 4000 in 2.7 seconds
Localize Model processed 2084 samples in chunks of 4000 in 2.5 seconds
Localize Model processed 1614 samples in chunks of 4000 in 3.2 seconds
Localize Model processed 1713 samples in chunks of 4000 in 1.9 seconds
Localize Model processed 1303 samples in chunks of 4000 in 2.9 seconds
Localize Model processed 1727 samples in chunks of 4000 in 3.4 seconds
Localize Model processed 1876 samples in chunks of 4000 in 1.8 seconds
Localize Model processed 1471 samples in chunks of 4000 in 2.3 seconds
Localize Model processed 2698 samples in chunks of 4000 in 3.9 seconds
Localize Model processed 1707 samples in chunks of 4000 in 3.8 seconds
Localize Model processed 1734 samples in chunks of 4000 in 3.4 seconds
Localize Model processed 1977 samples in chunks of 4000 in 1.8 seconds
Localize Model processed 2296 samples in chunks of 4000 in 3.3 seconds
Localize Model processed 2698 samples in chunks of 4000 in 2.6 seconds
Localize Model processed 2259 samples in chunks of 4000 in 2.7 seconds
Localize Model processed 2646 samples in chunks of 4000 in 4.0 seconds
Localize Model processed 1700 samples in chunks of 4000 in 2.7 seconds
Localize Model processed 2066 samples in chunks of 4000 in 2.9 seconds
Localize Model processed 2698 samples in chunks of 4000 in 3.0 seconds
Localize Model processed 1170 samples in chunks of 4000 in 3.1 seconds
Localize Model processed 1607 samples in chunks of 4000 in 2.4 seconds
Localize Model processed 1353 samples in chunks of 4000 in 2.6 seconds
Localize Model processed 1240 samples in chunks of 4000 in 2.7 seconds
Localize Model processed 1197 samples in chunks of 4000 in 2.8 seconds
Localize Model processed 1757 samples in chunks of 4000 in 2.2 seconds
Localize Model processed 1967 samples in chunks of 4000 in 1.8 seconds
Localize Model processed 1544 samples in chunks of 4000 in 2.7 seconds
Localize Model processed 1774 samples in chunks of 4000 in 2.8 seconds
Localize Model processed 1139 samples in chunks of 4000 in 2.2 seconds
Localize Model processed 2537 samples in chunks of 4000 in 2.5 seconds
Localize Model processed 1604 samples in chunks of 4000 in 2.3 seconds
Localize Model processed 2338 samples in chunks of 4000 in 1.9 seconds
Localize Model processed 2697 samples in chunks of 4000 in 2.8 seconds
Localize Model processed 2571 samples in chunks of 4000 in 3.7 seconds
Localize Model processed 1138 samples in chunks of 4000 in 2.1 seconds
Localize Model processed 1179 samples in chunks of 4000 in 2.3 seconds
Localize Model processed 1208 samples in chunks of 4000 in 1.9 seconds
Localize Model processed 1082 samples in chunks of 4000 in 1.7 seconds
Localize Model processed 2697 samples in chunks of 4000 in 2.2 seconds
Localize Model processed 1841 samples in chunks of 4000 in 3.8 seconds
Localize Model processed 1399 samples in chunks of 4000 in 2.3 seconds
Localize Model processed 2697 samples in chunks of 4000 in 2.8 seconds
Localize Model processed 2305 samples in chunks of 4000 in 2.4 seconds
Localize Model processed 1486 samples in chunks of 4000 in 2.8 seconds
Localize Model processed 1307 samples in chunks of 4000 in 2.4 seconds
Localize Model processed 1312 samples in chunks of 4000 in 2.7 seconds
Localize Model processed 1249 samples in chunks of 4000 in 2.9 seconds
Localize Model processed 2379 samples in chunks of 4000 in 4.5 seconds
Localize Model processed 2697 samples in chunks of 4000 in 3.0 seconds
Localize Model processed 2009 samples in chunks of 4000 in 2.0 seconds
Localize Model processed 2698 samples in chunks of 4000 in 3.9 seconds
Localize Model processed 1164 samples in chunks of 4000 in 2.0 seconds
Localize Model processed 1709 samples in chunks of 4000 in 2.4 seconds
Localize Model processed 2304 samples in chunks of 4000 in 3.7 seconds
Localize Model processed 1591 samples in chunks of 4000 in 2.9 seconds
Localize Model processed 2698 samples in chunks of 4000 in 2.8 seconds
Localize Model processed 2306 samples in chunks of 4000 in 2.7 seconds
Localize Model processed 1195 samples in chunks of 4000 in 2.9 seconds
Localize Model processed 2017 samples in chunks of 4000 in 3.2 seconds
Localize Model processed 2698 samples in chunks of 4000 in 2.9 seconds
Localize Model processed 1628 samples in chunks of 4000 in 1.9 seconds
Localize Model processed 1367 samples in chunks of 4000 in 2.3 seconds
Localize Model processed 1483 samples in chunks of 4000 in 2.8 seconds
Localize Model processed 1224 samples in chunks of 4000 in 3.5 seconds
Localize Model processed 2160 samples in chunks of 4000 in 2.4 seconds
Localize Model processed 1606 samples in chunks of 4000 in 3.2 seconds
Localize Model processed 1702 samples in chunks of 4000 in 1.9 seconds
Localize Model processed 2320 samples in chunks of 4000 in 3.5 seconds
Localize Model processed 1698 samples in chunks of 4000 in 2.9 seconds
Localize Model processed 1707 samples in chunks of 4000 in 2.6 seconds
Localize Model processed 2248 samples in chunks of 4000 in 2.0 seconds
Localize Model processed 1615 samples in chunks of 4000 in 3.3 seconds
Localize Model processed 1924 samples in chunks of 4000 in 2.0 seconds
Localize Model processed 2617 samples in chunks of 4000 in 3.0 seconds
Localize Model processed 1744 samples in chunks of 4000 in 2.4 seconds
Localize Model processed 2698 samples in chunks of 4000 in 3.3 seconds
Localize Model processed 1615 samples in chunks of 4000 in 3.2 seconds
Localize Model processed 2698 samples in chunks of 4000 in 2.1 seconds
Localize Model processed 1368 samples in chunks of 4000 in 2.5 seconds
Localize Model processed 2528 samples in chunks of 4000 in 2.4 seconds
Localize Model processed 2697 samples in chunks of 4000 in 1.7 seconds
Localize Model processed 1570 samples in chunks of 4000 in 4.2 seconds
Localize Model processed 2556 samples in chunks of 4000 in 3.7 seconds
Localize Model processed 1575 samples in chunks of 4000 in 2.5 seconds
Localize Model processed 1832 samples in chunks of 4000 in 3.3 seconds
Localize Model processed 1217 samples in chunks of 4000 in 2.7 seconds
Localize Model processed 1455 samples in chunks of 4000 in 2.8 seconds
Localize Model processed 2697 samples in chunks of 4000 in 3.2 seconds
Localize Model processed 1836 samples in chunks of 4000 in 2.9 seconds
Localize Model processed 2206 samples in chunks of 4000 in 5.1 seconds
Localize Model processed 1929 samples in chunks of 4000 in 2.5 seconds
Localize Model processed 1250 samples in chunks of 4000 in 2.1 seconds
Localize Model processed 2697 samples in chunks of 4000 in 3.4 seconds
Localize Model processed 2697 samples in chunks of 4000 in 2.8 seconds
Localize Model processed 2086 samples in chunks of 4000 in 2.8 seconds
Localize Model processed 2698 samples in chunks of 4000 in 4.1 seconds
Localize Model processed 1368 samples in chunks of 4000 in 2.8 seconds
Localize Model processed 2057 samples in chunks of 4000 in 3.3 seconds
Localize Model processed 1514 samples in chunks of 4000 in 3.0 seconds
Localize Model processed 1305 samples in chunks of 4000 in 3.3 seconds
Localize Model processed 2698 samples in chunks of 4000 in 2.8 seconds
Localize Model processed 1113 samples in chunks of 4000 in 2.4 seconds
Localize Model processed 2067 samples in chunks of 4000 in 2.4 seconds
Localize Model processed 2449 samples in chunks of 4000 in 3.6 seconds
Localize Model processed 2454 samples in chunks of 4000 in 2.7 seconds
Localize Model processed 1670 samples in chunks of 4000 in 4.0 seconds
Localize Model processed 1515 samples in chunks of 4000 in 2.6 seconds
Localize Model processed 1513 samples in chunks of 4000 in 2.2 seconds
Localize Model processed 2698 samples in chunks of 4000 in 3.1 seconds
Localize Model processed 2550 samples in chunks of 4000 in 2.0 seconds
Localize Model processed 1504 samples in chunks of 4000 in 4.1 seconds
Localize Model processed 1848 samples in chunks of 4000 in 2.4 seconds
Localize Model processed 2698 samples in chunks of 4000 in 4.2 seconds
Localize Model processed 1784 samples in chunks of 4000 in 3.2 seconds
Localize Model processed 1083 samples in chunks of 4000 in 2.7 seconds
Localize Model processed 2698 samples in chunks of 4000 in 3.8 seconds
Localize Model processed 1052 samples in chunks of 4000 in 3.7 seconds
Localize Model processed 1446 samples in chunks of 4000 in 3.2 seconds
Localize Model processed 1366 samples in chunks of 4000 in 2.9 seconds
Localize Model processed 1216 samples in chunks of 4000 in 2.8 seconds
Localize Model processed 1886 samples in chunks of 4000 in 2.7 seconds
Localize Model processed 1859 samples in chunks of 4000 in 2.8 seconds
Localize Model processed 1327 samples in chunks of 4000 in 2.6 seconds
Localize Model processed 2492 samples in chunks of 4000 in 3.7 seconds
Localize Model processed 1046 samples in chunks of 4000 in 2.4 seconds
Localize Model processed 1278 samples in chunks of 4000 in 2.3 seconds
Localize Model processed 1113 samples in chunks of 4000 in 2.3 seconds
Localize Model processed 2068 samples in chunks of 4000 in 2.5 seconds
Localize Model processed 1444 samples in chunks of 4000 in 2.4 seconds
Localize Model processed 1646 samples in chunks of 4000 in 2.9 seconds
Localize Model processed 2123 samples in chunks of 4000 in 1.8 seconds
Localize Model processed 1206 samples in chunks of 4000 in 2.8 seconds
Localize Model processed 1212 samples in chunks of 4000 in 2.7 seconds
Localize Model processed 2698 samples in chunks of 4000 in 3.3 seconds
Localize Model processed 1759 samples in chunks of 4000 in 2.8 seconds
Localize Model processed 1635 samples in chunks of 4000 in 2.3 seconds
Localize Model processed 1216 samples in chunks of 4000 in 3.5 seconds
Localize Model processed 2462 samples in chunks of 4000 in 2.8 seconds
Localize Model processed 1125 samples in chunks of 4000 in 2.0 seconds
Localize Model processed 1749 samples in chunks of 4000 in 3.2 seconds
Localize Model processed 1089 samples in chunks of 4000 in 2.0 seconds
Localize Model processed 2088 samples in chunks of 4000 in 2.7 seconds
Localize Model processed 1099 samples in chunks of 4000 in 2.6 seconds
Localize Model processed 1545 samples in chunks of 4000 in 2.8 seconds
Localize Model processed 2698 samples in chunks of 4000 in 2.9 seconds
Localize Model processed 2049 samples in chunks of 4000 in 2.2 seconds
Localize Model processed 2698 samples in chunks of 4000 in 3.4 seconds
Localize Model processed 1451 samples in chunks of 4000 in 3.7 seconds
Localize Model processed 1360 samples in chunks of 4000 in 1.7 seconds
Localize Model processed 1713 samples in chunks of 4000 in 1.9 seconds
Localize Model processed 1603 samples in chunks of 4000 in 2.7 seconds
Localize Model processed 1959 samples in chunks of 4000 in 2.5 seconds
Localize Model processed 2698 samples in chunks of 4000 in 3.5 seconds
Localize Model processed 2698 samples in chunks of 4000 in 3.5 seconds
Localize Model processed 1858 samples in chunks of 4000 in 2.1 seconds
Localize Model processed 2001 samples in chunks of 4000 in 4.7 seconds
Localize Model processed 1934 samples in chunks of 4000 in 2.8 seconds
Localize Model processed 1112 samples in chunks of 4000 in 1.9 seconds
Localize Model processed 1166 samples in chunks of 4000 in 4.3 seconds
Localize Model processed 1918 samples in chunks of 4000 in 3.3 seconds
Localize Model processed 1165 samples in chunks of 4000 in 2.7 seconds
Localize Model processed 1932 samples in chunks of 4000 in 3.8 seconds
Localize Model processed 2347 samples in chunks of 4000 in 3.7 seconds
Localize Model processed 1809 samples in chunks of 4000 in 3.2 seconds
Localize Model processed 2697 samples in chunks of 4000 in 3.1 seconds
Localize Model processed 2422 samples in chunks of 4000 in 3.6 seconds
Localize Model processed 2094 samples in chunks of 4000 in 2.6 seconds
Localize Model processed 2697 samples in chunks of 4000 in 3.9 seconds
Localize Model processed 2497 samples in chunks of 4000 in 2.9 seconds
Localize Model processed 2541 samples in chunks of 4000 in 3.0 seconds
Localize Model processed 1311 samples in chunks of 4000 in 1.7 seconds
Localize Model processed 2698 samples in chunks of 4000 in 3.4 seconds
Localize Model processed 2133 samples in chunks of 4000 in 2.3 seconds
Localize Model processed 1378 samples in chunks of 4000 in 1.9 seconds
Localize Model processed 1201 samples in chunks of 4000 in 2.6 seconds
Localize Model processed 1576 samples in chunks of 4000 in 1.8 seconds
Localize Model processed 2698 samples in chunks of 4000 in 3.0 seconds
Localize Model processed 2191 samples in chunks of 4000 in 3.0 seconds
Localize Model processed 1231 samples in chunks of 4000 in 2.8 seconds
Localize Model processed 2697 samples in chunks of 4000 in 3.6 seconds
Localize Model processed 1310 samples in chunks of 4000 in 1.7 seconds
Localize Model processed 1978 samples in chunks of 4000 in 3.5 seconds
Localize Model processed 1088 samples in chunks of 4000 in 3.2 seconds
Localize Model processed 1469 samples in chunks of 4000 in 3.5 seconds
Localize Model processed 1588 samples in chunks of 4000 in 2.5 seconds
Localize Model processed 2159 samples in chunks of 4000 in 2.6 seconds
Localize Model processed 1868 samples in chunks of 4000 in 2.7 seconds
Localize Model processed 2149 samples in chunks of 4000 in 2.0 seconds
Localize Model processed 2503 samples in chunks of 4000 in 2.7 seconds
Localize Model processed 2698 samples in chunks of 4000 in 3.8 seconds
Localize Model processed 1876 samples in chunks of 4000 in 2.5 seconds
Localize Model processed 1898 samples in chunks of 4000 in 2.4 seconds
Localize Model processed 2698 samples in chunks of 4000 in 2.3 seconds
Localize Model processed 1574 samples in chunks of 4000 in 1.8 seconds
Localize Model processed 1848 samples in chunks of 4000 in 3.4 seconds
Localize Model processed 1539 samples in chunks of 4000 in 3.3 seconds
Localize Model processed 1788 samples in chunks of 4000 in 2.2 seconds
Localize Model processed 1130 samples in chunks of 4000 in 2.5 seconds
Localize Model processed 1109 samples in chunks of 4000 in 2.9 seconds
Localize Model processed 1268 samples in chunks of 4000 in 1.9 seconds
Localize Model processed 2030 samples in chunks of 4000 in 3.0 seconds
Localize Model processed 1361 samples in chunks of 4000 in 2.0 seconds
Localize Model processed 2068 samples in chunks of 4000 in 3.1 seconds
Localize Model processed 2698 samples in chunks of 4000 in 3.1 seconds
Localize Model processed 1496 samples in chunks of 4000 in 3.6 seconds
Localize Model processed 2698 samples in chunks of 4000 in 2.5 seconds
Localize Model processed 2697 samples in chunks of 4000 in 2.9 seconds
Localize Model processed 1966 samples in chunks of 4000 in 2.3 seconds
Localize Model processed 1503 samples in chunks of 4000 in 2.7 seconds
Localize Model processed 1875 samples in chunks of 4000 in 3.2 seconds
Localize Model processed 2577 samples in chunks of 4000 in 3.2 seconds
Localize Model processed 2030 samples in chunks of 4000 in 2.4 seconds
Localize Model processed 2120 samples in chunks of 4000 in 2.0 seconds
Localize Model processed 1236 samples in chunks of 4000 in 3.0 seconds
Localize Model processed 2470 samples in chunks of 4000 in 2.8 seconds
Localize Model processed 1924 samples in chunks of 4000 in 2.5 seconds
Localize Model processed 1229 samples in chunks of 4000 in 2.4 seconds
Localize Model processed 1165 samples in chunks of 4000 in 1.8 seconds
Localize Model processed 2698 samples in chunks of 4000 in 2.3 seconds
Localize Model processed 2568 samples in chunks of 4000 in 3.0 seconds
Localize Model processed 1485 samples in chunks of 4000 in 2.2 seconds
Localize Model processed 1111 samples in chunks of 4000 in 2.1 seconds
Localize Model processed 1483 samples in chunks of 4000 in 3.1 seconds
Localize Model processed 1883 samples in chunks of 4000 in 2.0 seconds
Localize Model processed 1675 samples in chunks of 4000 in 3.2 seconds
Localize Model processed 2697 samples in chunks of 4000 in 2.9 seconds
Localize Model processed 1174 samples in chunks of 4000 in 2.6 seconds
Localize Model processed 1732 samples in chunks of 4000 in 3.1 seconds
Localize Model processed 1294 samples in chunks of 4000 in 2.5 seconds
Localize Model processed 1365 samples in chunks of 4000 in 2.7 seconds
Localize Model processed 1180 samples in chunks of 4000 in 1.7 seconds
Localize Model processed 2184 samples in chunks of 4000 in 3.6 seconds
Localize Model processed 1656 samples in chunks of 4000 in 1.9 seconds
Localize Model processed 1933 samples in chunks of 4000 in 3.3 seconds
Localize Model processed 1653 samples in chunks of 4000 in 3.1 seconds
Localize Model processed 2464 samples in chunks of 4000 in 2.2 seconds
Localize Model processed 2132 samples in chunks of 4000 in 3.4 seconds
Localize Model processed 2620 samples in chunks of 4000 in 4.5 seconds
Localize Model processed 1445 samples in chunks of 4000 in 2.6 seconds
Localize Model processed 1755 samples in chunks of 4000 in 3.5 seconds
Localize Model processed 2697 samples in chunks of 4000 in 2.3 seconds
Localize Model processed 1549 samples in chunks of 4000 in 2.8 seconds
Localize Model processed 1555 samples in chunks of 4000 in 2.6 seconds
Localize Model processed 1401 samples in chunks of 4000 in 3.2 seconds
Localize Model processed 1164 samples in chunks of 4000 in 1.8 seconds
Localize Model processed 1581 samples in chunks of 4000 in 2.1 seconds
Localize Model processed 1727 samples in chunks of 4000 in 3.0 seconds
Localize Model processed 2538 samples in chunks of 4000 in 3.1 seconds
Localize Model processed 1429 samples in chunks of 4000 in 2.9 seconds
Localize Model processed 2698 samples in chunks of 4000 in 2.8 seconds
Localize Model processed 1245 samples in chunks of 4000 in 2.4 seconds
Localize Model processed 1162 samples in chunks of 4000 in 1.3 seconds
Localize Model processed 1545 samples in chunks of 4000 in 3.2 seconds
Localize Model processed 1110 samples in chunks of 4000 in 2.5 seconds
Localize Model processed 1759 samples in chunks of 4000 in 2.0 seconds
Localize Model processed 1816 samples in chunks of 4000 in 2.6 seconds
Localize Model processed 2244 samples in chunks of 4000 in 2.0 seconds
Localize Model processed 1894 samples in chunks of 4000 in 2.9 seconds
Localize Model processed 1467 samples in chunks of 4000 in 2.4 seconds
Localize Model processed 1241 samples in chunks of 4000 in 3.0 seconds
Localize Model processed 2698 samples in chunks of 4000 in 3.9 seconds
Localize Model processed 1065 samples in chunks of 4000 in 3.7 seconds
Localize Model processed 2136 samples in chunks of 4000 in 2.2 seconds
Localize Model processed 2341 samples in chunks of 4000 in 3.3 seconds
Localize Model processed 1624 samples in chunks of 4000 in 2.4 seconds
Localize Model processed 2162 samples in chunks of 4000 in 3.5 seconds
Localize Model processed 2125 samples in chunks of 4000 in 1.9 seconds
Localize Model processed 1103 samples in chunks of 4000 in 2.9 seconds
Localize Model processed 1222 samples in chunks of 4000 in 1.8 seconds
Localize Model processed 2567 samples in chunks of 4000 in 4.6 seconds
Localize Model processed 1585 samples in chunks of 4000 in 1.8 seconds
Localize Model processed 1247 samples in chunks of 4000 in 2.7 seconds
Localize Model processed 1264 samples in chunks of 4000 in 2.7 seconds
Localize Model processed 1581 samples in chunks of 4000 in 3.5 seconds
Localize Model processed 2112 samples in chunks of 4000 in 3.7 seconds
Localize Model processed 1717 samples in chunks of 4000 in 2.8 seconds
Localize Model processed 1409 samples in chunks of 4000 in 1.9 seconds
Localize Model processed 1607 samples in chunks of 4000 in 2.7 seconds
Localize Model processed 1766 samples in chunks of 4000 in 3.2 seconds
Localize Model processed 1476 samples in chunks of 4000 in 2.8 seconds
Localize Model processed 2024 samples in chunks of 4000 in 2.4 seconds
Localize Model processed 2613 samples in chunks of 4000 in 3.3 seconds
Localize Model processed 1251 samples in chunks of 4000 in 3.1 seconds
Localize Model processed 1185 samples in chunks of 4000 in 1.5 seconds
Localize Model processed 1228 samples in chunks of 4000 in 3.5 seconds
Localize Model processed 2698 samples in chunks of 4000 in 3.8 seconds
Localize Model processed 2520 samples in chunks of 4000 in 3.6 seconds
Localize Model processed 1376 samples in chunks of 4000 in 2.6 seconds
Localize Model processed 2697 samples in chunks of 4000 in 3.5 seconds
Localize Model processed 1268 samples in chunks of 4000 in 2.1 seconds
Localize Model processed 2697 samples in chunks of 4000 in 2.8 seconds
Localize Model processed 1226 samples in chunks of 4000 in 2.6 seconds
Localize Model processed 2512 samples in chunks of 4000 in 2.1 seconds
Localize Model processed 1185 samples in chunks of 4000 in 3.2 seconds
Localize Model processed 1604 samples in chunks of 4000 in 2.1 seconds
Localize Model processed 1390 samples in chunks of 4000 in 2.4 seconds
Localize Model processed 1643 samples in chunks of 4000 in 2.5 seconds
Localize Model processed 1095 samples in chunks of 4000 in 2.1 seconds
Localize Model processed 1780 samples in chunks of 4000 in 2.6 seconds
Localize Model processed 1551 samples in chunks of 4000 in 2.4 seconds
Localize Model processed 1517 samples in chunks of 4000 in 2.8 seconds
Localize Model processed 1763 samples in chunks of 4000 in 4.2 seconds
Localize Model processed 1841 samples in chunks of 4000 in 2.3 seconds
Localize Model processed 2372 samples in chunks of 4000 in 4.2 seconds
Localize Model processed 2252 samples in chunks of 4000 in 2.6 seconds
Localize Model processed 2473 samples in chunks of 4000 in 2.9 seconds
Localize Model processed 2615 samples in chunks of 4000 in 2.7 seconds
Localize Model processed 1791 samples in chunks of 4000 in 2.7 seconds
Localize Model processed 1096 samples in chunks of 4000 in 2.6 seconds
Localize Model processed 1049 samples in chunks of 4000 in 3.3 seconds
Localize Model processed 2429 samples in chunks of 4000 in 2.3 seconds
Localize Model processed 1836 samples in chunks of 4000 in 3.1 seconds
Localize Model processed 1943 samples in chunks of 4000 in 2.6 seconds
Localize Model processed 1540 samples in chunks of 4000 in 2.2 seconds
Localize Model processed 1307 samples in chunks of 4000 in 2.4 seconds
Localize Model processed 1519 samples in chunks of 4000 in 2.4 seconds
Localize Model processed 1900 samples in chunks of 4000 in 2.4 seconds
Localize Model processed 1650 samples in chunks of 4000 in 2.1 seconds
Localize Model processed 2698 samples in chunks of 4000 in 2.1 seconds
Localize Model processed 2046 samples in chunks of 4000 in 2.3 seconds
Localize Model processed 1259 samples in chunks of 4000 in 2.8 seconds
Localize Model processed 2031 samples in chunks of 4000 in 2.0 seconds
Localize Model processed 2698 samples in chunks of 4000 in 1.9 seconds
Localize Model processed 1499 samples in chunks of 4000 in 2.3 seconds
Localize Model processed 1983 samples in chunks of 4000 in 2.1 seconds
Localize Model processed 2139 samples in chunks of 4000 in 2.4 seconds
Localize Model processed 2118 samples in chunks of 4000 in 3.1 seconds
Localize Model processed 2697 samples in chunks of 4000 in 3.2 seconds
Localize Model processed 2641 samples in chunks of 4000 in 3.0 seconds
Localize Model processed 2697 samples in chunks of 4000 in 3.4 seconds
Localize Model processed 1241 samples in chunks of 4000 in 1.6 seconds
Localize Model processed 1561 samples in chunks of 4000 in 2.7 seconds
Localize Model processed 1182 samples in chunks of 4000 in 2.2 seconds
Localize Model processed 1689 samples in chunks of 4000 in 3.7 seconds
Localize Model processed 1934 samples in chunks of 4000 in 3.0 seconds
Localize Model processed 1780 samples in chunks of 4000 in 3.3 seconds
Localize Model processed 1176 samples in chunks of 4000 in 2.1 seconds
Localize Model processed 1880 samples in chunks of 4000 in 2.7 seconds
Localize Model processed 1652 samples in chunks of 4000 in 2.1 seconds
Localize Model processed 2586 samples in chunks of 4000 in 3.3 seconds
Localize Model processed 2455 samples in chunks of 4000 in 1.5 seconds
Localize Model processed 1965 samples in chunks of 4000 in 2.0 seconds
Localize Model processed 1844 samples in chunks of 4000 in 2.1 seconds
Localize Model processed 2513 samples in chunks of 4000 in 2.0 seconds
Localize Model processed 1052 samples in chunks of 4000 in 3.5 seconds
Localize Model processed 1285 samples in chunks of 4000 in 2.2 seconds
Localize Model processed 1197 samples in chunks of 4000 in 2.9 seconds
Localize Model processed 1273 samples in chunks of 4000 in 2.2 seconds
Localize Model processed 1966 samples in chunks of 4000 in 2.4 seconds
Localize Model processed 2697 samples in chunks of 4000 in 3.0 seconds
Localize Model processed 1527 samples in chunks of 4000 in 2.6 seconds
Localize Model processed 1375 samples in chunks of 4000 in 3.5 seconds
Localize Model processed 2697 samples in chunks of 4000 in 2.4 seconds
Localize Model processed 1184 samples in chunks of 4000 in 2.8 seconds
Localize Model processed 2570 samples in chunks of 4000 in 3.0 seconds
Localize Model processed 2138 samples in chunks of 4000 in 3.8 seconds
Localize Model processed 1100 samples in chunks of 4000 in 2.2 seconds
Localize Model processed 2389 samples in chunks of 4000 in 3.6 seconds
Localize Model processed 1796 samples in chunks of 4000 in 3.1 seconds
Localize Model processed 2698 samples in chunks of 4000 in 3.5 seconds
Localize Model processed 1810 samples in chunks of 4000 in 3.2 seconds
Localize Model processed 1129 samples in chunks of 4000 in 1.4 seconds
Localize Model processed 2170 samples in chunks of 4000 in 3.4 seconds
Localize Model processed 1789 samples in chunks of 4000 in 2.6 seconds
Localize Model processed 1090 samples in chunks of 4000 in 1.8 seconds
Localize Model processed 1399 samples in chunks of 4000 in 2.9 seconds
Localize Model processed 1280 samples in chunks of 4000 in 2.2 seconds
Localize Model processed 1724 samples in chunks of 4000 in 1.9 seconds
Localize Model processed 2248 samples in chunks of 4000 in 4.0 seconds
Localize Model processed 2421 samples in chunks of 4000 in 2.7 seconds
Localize Model processed 1747 samples in chunks of 4000 in 2.5 seconds
Localize Model processed 2263 samples in chunks of 4000 in 3.1 seconds
Localize Model processed 1100 samples in chunks of 4000 in 2.1 seconds
Localize Model processed 1303 samples in chunks of 4000 in 2.3 seconds
Localize Model processed 1641 samples in chunks of 4000 in 2.4 seconds
Localize Model processed 2201 samples in chunks of 4000 in 4.1 seconds
Localize Model processed 1538 samples in chunks of 4000 in 2.3 seconds
Localize Model processed 1884 samples in chunks of 4000 in 2.5 seconds
Localize Model processed 1111 samples in chunks of 4000 in 2.5 seconds
Localize Model processed 2689 samples in chunks of 4000 in 2.8 seconds
Localize Model processed 1836 samples in chunks of 4000 in 1.8 seconds
Localize Model processed 2040 samples in chunks of 4000 in 4.3 seconds
Localize Model processed 1559 samples in chunks of 4000 in 1.9 seconds
Localize Model processed 1173 samples in chunks of 4000 in 2.3 seconds
Localize Model processed 1674 samples in chunks of 4000 in 2.6 seconds
Localize Model processed 1169 samples in chunks of 4000 in 2.0 seconds
Localize Model processed 1583 samples in chunks of 4000 in 3.3 seconds
Localize Model processed 2412 samples in chunks of 4000 in 3.6 seconds
Localize Model processed 1165 samples in chunks of 4000 in 1.3 seconds
Localize Model processed 2697 samples in chunks of 4000 in 5.6 seconds
Localize Model processed 1057 samples in chunks of 4000 in 1.7 seconds
Localize Model processed 2698 samples in chunks of 4000 in 3.3 seconds
Localize Model processed 2476 samples in chunks of 4000 in 3.3 seconds
Localize Model processed 1686 samples in chunks of 4000 in 2.3 seconds
Localize Model processed 1975 samples in chunks of 4000 in 3.5 seconds
Localize Model processed 1430 samples in chunks of 4000 in 2.2 seconds
Localize Model processed 1535 samples in chunks of 4000 in 2.9 seconds
Localize Model processed 1600 samples in chunks of 4000 in 2.2 seconds
Localize Model processed 1962 samples in chunks of 4000 in 3.1 seconds
Localize Model processed 1735 samples in chunks of 4000 in 3.2 seconds
Localize Model processed 1631 samples in chunks of 4000 in 2.8 seconds
Localize Model processed 2551 samples in chunks of 4000 in 2.9 seconds
Localize Model processed 1080 samples in chunks of 4000 in 2.9 seconds
Localize Model processed 1759 samples in chunks of 4000 in 2.1 seconds
Localize Model processed 1621 samples in chunks of 4000 in 3.3 seconds
Localize Model processed 2697 samples in chunks of 4000 in 3.8 seconds
Localize Model processed 2117 samples in chunks of 4000 in 3.2 seconds
Localize Model processed 1471 samples in chunks of 4000 in 2.2 seconds
Localize Model processed 1512 samples in chunks of 4000 in 2.6 seconds
Localize Model processed 2697 samples in chunks of 4000 in 2.3 seconds
Localize Model processed 2009 samples in chunks of 4000 in 3.3 seconds
Localize Model processed 2127 samples in chunks of 4000 in 3.1 seconds
Localize Model processed 1643 samples in chunks of 4000 in 1.7 seconds
Localize Model processed 2148 samples in chunks of 4000 in 4.7 seconds
Localize Model processed 1364 samples in chunks of 4000 in 1.8 seconds
Localize Model processed 1169 samples in chunks of 4000 in 3.4 seconds
Localize Model processed 2638 samples in chunks of 4000 in 4.6 seconds
Localize Model processed 1524 samples in chunks of 4000 in 3.9 seconds
Localize Model processed 1722 samples in chunks of 4000 in 3.7 seconds
Localize Model processed 1449 samples in chunks of 4000 in 1.8 seconds
Localize Model processed 1680 samples in chunks of 4000 in 2.4 seconds
Localize Model processed 2108 samples in chunks of 4000 in 2.4 seconds
Localize Model processed 1428 samples in chunks of 4000 in 2.8 seconds
Localize Model processed 1768 samples in chunks of 4000 in 2.9 seconds
Localize Model processed 1978 samples in chunks of 4000 in 3.1 seconds
Localize Model processed 1979 samples in chunks of 4000 in 3.0 seconds
Localize Model processed 1573 samples in chunks of 4000 in 2.2 seconds
Localize Model processed 1556 samples in chunks of 4000 in 3.4 seconds
Localize Model processed 1052 samples in chunks of 4000 in 2.3 seconds
Localize Model processed 1631 samples in chunks of 4000 in 2.9 seconds
Localize Model processed 2697 samples in chunks of 4000 in 3.5 seconds
Localize Model processed 1186 samples in chunks of 4000 in 2.1 seconds
Localize Model processed 1929 samples in chunks of 4000 in 2.1 seconds
Localize Model processed 1368 samples in chunks of 4000 in 2.5 seconds
Localize Model processed 1276 samples in chunks of 4000 in 2.5 seconds
Localize Model processed 2697 samples in chunks of 4000 in 3.0 seconds
Localize Model processed 1171 samples in chunks of 4000 in 1.2 seconds
Localize Model processed 2697 samples in chunks of 4000 in 5.5 seconds
Localize Model processed 1138 samples in chunks of 4000 in 1.7 seconds
Localize Model processed 2697 samples in chunks of 4000 in 2.9 seconds
Localize Model processed 1113 samples in chunks of 4000 in 2.0 seconds
Localize Model processed 1374 samples in chunks of 4000 in 3.1 seconds
Localize Model processed 2160 samples in chunks of 4000 in 2.0 seconds
Localize Model processed 2697 samples in chunks of 4000 in 2.7 seconds
Localize Model processed 1425 samples in chunks of 4000 in 2.2 seconds
Localize Model processed 2020 samples in chunks of 4000 in 2.8 seconds
Localize Model processed 2698 samples in chunks of 4000 in 4.1 seconds
Localize Model processed 1108 samples in chunks of 4000 in 2.9 seconds
Localize Model processed 2340 samples in chunks of 4000 in 2.9 seconds
Localize Model processed 1793 samples in chunks of 4000 in 1.9 seconds
Localize Model processed 1609 samples in chunks of 4000 in 2.2 seconds
Localize Model processed 1052 samples in chunks of 4000 in 2.9 seconds
Localize Model processed 1129 samples in chunks of 4000 in 2.6 seconds
Localize Model processed 1094 samples in chunks of 4000 in 3.9 seconds
Localize Model processed 1575 samples in chunks of 4000 in 2.3 seconds
Localize Model processed 2114 samples in chunks of 4000 in 2.9 seconds
Localize Model processed 1151 samples in chunks of 4000 in 2.3 seconds
Localize Model processed 1676 samples in chunks of 4000 in 1.9 seconds
Localize Model processed 2165 samples in chunks of 4000 in 2.7 seconds
Localize Model processed 1783 samples in chunks of 4000 in 3.2 seconds
Localize Model processed 1808 samples in chunks of 4000 in 1.3 seconds
Localize Model processed 1464 samples in chunks of 4000 in 3.2 seconds
Localize Model processed 1445 samples in chunks of 4000 in 3.0 seconds
Localize Model processed 1621 samples in chunks of 4000 in 1.9 seconds
Localize Model processed 2113 samples in chunks of 4000 in 3.5 seconds
Localize Model processed 2302 samples in chunks of 4000 in 3.6 seconds
Localize Model processed 1137 samples in chunks of 4000 in 2.1 seconds
Localize Model processed 1087 samples in chunks of 4000 in 2.9 seconds
Localize Model processed 2601 samples in chunks of 4000 in 3.7 seconds
Localize Model processed 1684 samples in chunks of 4000 in 2.3 seconds
Localize Model processed 1198 samples in chunks of 4000 in 2.6 seconds
Localize Model processed 2283 samples in chunks of 4000 in 3.0 seconds
Localize Model processed 1708 samples in chunks of 4000 in 1.8 seconds
Localize Model processed 2697 samples in chunks of 4000 in 3.2 seconds
Localize Model processed 2015 samples in chunks of 4000 in 2.8 seconds
Localize Model processed 2697 samples in chunks of 4000 in 4.1 seconds
Localize Model processed 1273 samples in chunks of 4000 in 2.9 seconds
Localize Model processed 1430 samples in chunks of 4000 in 2.9 seconds
Localize Model processed 2698 samples in chunks of 4000 in 4.1 seconds
Localize Model processed 2349 samples in chunks of 4000 in 2.4 seconds
Localize Model processed 1887 samples in chunks of 4000 in 2.2 seconds
Localize Model processed 1206 samples in chunks of 4000 in 2.4 seconds
Localize Model processed 1915 samples in chunks of 4000 in 2.2 seconds
Localize Model processed 1166 samples in chunks of 4000 in 2.3 seconds
Localize Model processed 1429 samples in chunks of 4000 in 1.2 seconds
Localize Model processed 1102 samples in chunks of 4000 in 2.2 seconds
Localize Model processed 1464 samples in chunks of 4000 in 3.3 seconds
Localize Model processed 2698 samples in chunks of 4000 in 3.3 seconds
Localize Model processed 2508 samples in chunks of 4000 in 3.7 seconds
Localize Model processed 1838 samples in chunks of 4000 in 2.9 seconds
Localize Model processed 1914 samples in chunks of 4000 in 1.7 seconds
Localize Model processed 1466 samples in chunks of 4000 in 2.4 seconds
Localize Model processed 1891 samples in chunks of 4000 in 2.7 seconds
Localize Model processed 1181 samples in chunks of 4000 in 2.2 seconds
Localize Model processed 2450 samples in chunks of 4000 in 2.9 seconds
Localize Model processed 1584 samples in chunks of 4000 in 3.7 seconds
Localize Model processed 1513 samples in chunks of 4000 in 2.2 seconds
Localize Model processed 1195 samples in chunks of 4000 in 3.2 seconds
Localize Model processed 2177 samples in chunks of 4000 in 3.5 seconds
Localize Model processed 2696 samples in chunks of 4000 in 3.1 seconds
Localize Model processed 1415 samples in chunks of 4000 in 2.7 seconds
Localize Model processed 1074 samples in chunks of 4000 in 4.3 seconds
Localize Model processed 1364 samples in chunks of 4000 in 2.8 seconds
Localize Model processed 1063 samples in chunks of 4000 in 2.1 seconds
Localize Model processed 1401 samples in chunks of 4000 in 1.8 seconds
Localize Model processed 1156 samples in chunks of 4000 in 2.8 seconds
Localize Model processed 1640 samples in chunks of 4000 in 2.9 seconds
Localize Model processed 1864 samples in chunks of 4000 in 2.7 seconds
Localize Model processed 2240 samples in chunks of 4000 in 1.3 seconds
Localize Model processed 1493 samples in chunks of 4000 in 2.4 seconds
Localize Model processed 1252 samples in chunks of 4000 in 3.0 seconds
Localize Model processed 1861 samples in chunks of 4000 in 2.5 seconds
Localize Model processed 1384 samples in chunks of 4000 in 3.4 seconds
Localize Model processed 1305 samples in chunks of 4000 in 2.3 seconds
Localize Model processed 1280 samples in chunks of 4000 in 2.7 seconds
Localize Model processed 1448 samples in chunks of 4000 in 3.4 seconds
Localize Model processed 1776 samples in chunks of 4000 in 3.3 seconds
Localize Model processed 2220 samples in chunks of 4000 in 2.5 seconds
Localize Model processed 1063 samples in chunks of 4000 in 2.1 seconds
Localize Model processed 2697 samples in chunks of 4000 in 4.2 seconds
Localize Model processed 1155 samples in chunks of 4000 in 2.3 seconds
Localize Model processed 2698 samples in chunks of 4000 in 3.4 seconds
Localize Model processed 1945 samples in chunks of 4000 in 2.6 seconds
Localize Model processed 2658 samples in chunks of 4000 in 3.1 seconds
Localize Model processed 1586 samples in chunks of 4000 in 2.0 seconds
Localize Model processed 2593 samples in chunks of 4000 in 2.8 seconds
Localize Model processed 2118 samples in chunks of 4000 in 2.6 seconds
Localize Model processed 1670 samples in chunks of 4000 in 3.3 seconds
Localize Model processed 1528 samples in chunks of 4000 in 2.2 seconds
Localize Model processed 1170 samples in chunks of 4000 in 2.5 seconds
Localize Model processed 2698 samples in chunks of 4000 in 3.3 seconds
Localize Model processed 2697 samples in chunks of 4000 in 3.3 seconds
Localize Model processed 2697 samples in chunks of 4000 in 1.2 seconds
Localize Model processed 2179 samples in chunks of 4000 in 4.9 seconds
Localize Model processed 2053 samples in chunks of 4000 in 3.2 seconds
Localize Model processed 1060 samples in chunks of 4000 in 2.0 seconds
Localize Model processed 1050 samples in chunks of 4000 in 3.4 seconds
Localize Model processed 1795 samples in chunks of 4000 in 4.0 seconds
Localize Model processed 2697 samples in chunks of 4000 in 2.2 seconds
Localize Model processed 2000 samples in chunks of 4000 in 3.0 seconds
Localize Model processed 1729 samples in chunks of 4000 in 1.9 seconds
Localize Model processed 1914 samples in chunks of 4000 in 3.3 seconds
Localize Model processed 1053 samples in chunks of 4000 in 2.9 seconds
Localize Model processed 1758 samples in chunks of 4000 in 3.2 seconds
Localize Model processed 1623 samples in chunks of 4000 in 3.2 seconds
Localize Model processed 1517 samples in chunks of 4000 in 2.5 seconds
Localize Model processed 1516 samples in chunks of 4000 in 2.3 seconds
Localize Model processed 2013 samples in chunks of 4000 in 3.6 seconds
Localize Model processed 2151 samples in chunks of 4000 in 3.0 seconds
Localize Model processed 1232 samples in chunks of 4000 in 3.0 seconds
Localize Model processed 1475 samples in chunks of 4000 in 3.2 seconds
Localize Model processed 1214 samples in chunks of 4000 in 2.3 seconds
Localize Model processed 2240 samples in chunks of 4000 in 2.9 seconds
Localize Model processed 2353 samples in chunks of 4000 in 2.8 seconds
Localize Model processed 1592 samples in chunks of 4000 in 2.0 seconds
Localize Model processed 1110 samples in chunks of 4000 in 1.7 seconds
Localize Model processed 2698 samples in chunks of 4000 in 1.2 seconds
Localize Model processed 2337 samples in chunks of 4000 in 2.1 seconds
Localize Model processed 1880 samples in chunks of 4000 in 3.4 seconds
Localize Model processed 2697 samples in chunks of 4000 in 4.1 seconds
Localize Model processed 2697 samples in chunks of 4000 in 3.4 seconds
Localize Model processed 2697 samples in chunks of 4000 in 2.4 seconds
Localize Model processed 2697 samples in chunks of 4000 in 4.2 seconds
Localize Model processed 2060 samples in chunks of 4000 in 3.0 seconds
Localize Model processed 2698 samples in chunks of 4000 in 3.9 seconds
Localize Model processed 1138 samples in chunks of 4000 in 2.4 seconds
Localize Model processed 2698 samples in chunks of 4000 in 3.0 seconds
Localize Model processed 1239 samples in chunks of 4000 in 3.5 seconds
Localize Model processed 1812 samples in chunks of 4000 in 2.5 seconds
Localize Model processed 2698 samples in chunks of 4000 in 3.2 seconds
Localize Model processed 1672 samples in chunks of 4000 in 2.5 seconds
Localize Model processed 2697 samples in chunks of 4000 in 2.8 seconds
Localize Model processed 2697 samples in chunks of 4000 in 4.0 seconds
Localize Model processed 1661 samples in chunks of 4000 in 2.2 seconds
Localize Model processed 1907 samples in chunks of 4000 in 2.3 seconds
Localize Model processed 2331 samples in chunks of 4000 in 2.4 seconds
Localize Model processed 2697 samples in chunks of 4000 in 3.0 seconds
Localize Model processed 1824 samples in chunks of 4000 in 2.1 seconds
Localize Model processed 1304 samples in chunks of 4000 in 2.5 seconds
Localize Model processed 1398 samples in chunks of 4000 in 2.4 seconds
Localize Model processed 1287 samples in chunks of 4000 in 1.2 seconds
Localize Model processed 1469 samples in chunks of 4000 in 2.4 seconds
Localize Model processed 1395 samples in chunks of 4000 in 2.8 seconds
Localize Model processed 1137 samples in chunks of 4000 in 3.1 seconds
Localize Model processed 2323 samples in chunks of 4000 in 3.5 seconds
Localize Model processed 1916 samples in chunks of 4000 in 3.7 seconds
Localize Model processed 2697 samples in chunks of 4000 in 2.5 seconds
Localize Model processed 2697 samples in chunks of 4000 in 2.4 seconds
Localize Model processed 1513 samples in chunks of 4000 in 2.4 seconds
Localize Model processed 1651 samples in chunks of 4000 in 2.1 seconds
Localize Model processed 2344 samples in chunks of 4000 in 2.4 seconds
Localize Model processed 2584 samples in chunks of 4000 in 3.3 seconds
Localize Model processed 1849 samples in chunks of 4000 in 3.5 seconds
Localize Model processed 1993 samples in chunks of 4000 in 3.0 seconds
Localize Model processed 1688 samples in chunks of 4000 in 2.3 seconds
Localize Model processed 1049 samples in chunks of 4000 in 2.2 seconds
Localize Model processed 2697 samples in chunks of 4000 in 2.8 seconds
Localize Model processed 1828 samples in chunks of 4000 in 3.0 seconds
Localize Model processed 2583 samples in chunks of 4000 in 3.6 seconds
Localize Model processed 1069 samples in chunks of 4000 in 2.5 seconds
Localize Model processed 2008 samples in chunks of 4000 in 3.1 seconds
Localize Model processed 2697 samples in chunks of 4000 in 2.7 seconds
Localize Model processed 1551 samples in chunks of 4000 in 1.7 seconds
Localize Model processed 2697 samples in chunks of 4000 in 1.7 seconds
Localize Model processed 2476 samples in chunks of 4000 in 1.1 seconds
Localize Model processed 1369 samples in chunks of 4000 in 3.6 seconds
Localize Model processed 2697 samples in chunks of 4000 in 1.9 seconds
Localize Model processed 2698 samples in chunks of 4000 in 2.7 seconds
Localize Model processed 2697 samples in chunks of 4000 in 3.0 seconds
Localize Model processed 1468 samples in chunks of 4000 in 3.2 seconds
Localize Model processed 1531 samples in chunks of 4000 in 2.9 seconds
Localize Model processed 2318 samples in chunks of 4000 in 2.1 seconds
Localize Model processed 1509 samples in chunks of 4000 in 3.3 seconds
Localize Model processed 2144 samples in chunks of 4000 in 1.8 seconds
Localize Model processed 2218 samples in chunks of 4000 in 2.0 seconds
Localize Model processed 2215 samples in chunks of 4000 in 4.1 seconds
Localize Model processed 2228 samples in chunks of 4000 in 2.7 seconds
Localize Model processed 1285 samples in chunks of 4000 in 2.4 seconds
Localize Model processed 2698 samples in chunks of 4000 in 3.1 seconds
Localize Model processed 2048 samples in chunks of 4000 in 2.6 seconds
Localize Model processed 2697 samples in chunks of 4000 in 2.9 seconds
Localize Model processed 2606 samples in chunks of 4000 in 4.8 seconds
Localize Model processed 1334 samples in chunks of 4000 in 2.7 seconds
Localize Model processed 2370 samples in chunks of 4000 in 3.3 seconds
Localize Model processed 2423 samples in chunks of 4000 in 3.1 seconds
Localize Model processed 1220 samples in chunks of 4000 in 2.1 seconds
Localize Model processed 2088 samples in chunks of 4000 in 1.5 seconds
Localize Model processed 1546 samples in chunks of 4000 in 1.4 seconds
Localize Model processed 2369 samples in chunks of 4000 in 1.0 seconds
Localize Model processed 1471 samples in chunks of 4000 in 3.1 seconds
Localize Model processed 1191 samples in chunks of 4000 in 2.5 seconds
Localize Model processed 1113 samples in chunks of 4000 in 2.5 seconds
Localize Model processed 2697 samples in chunks of 4000 in 3.0 seconds
Localize Model processed 1556 samples in chunks of 4000 in 2.4 seconds
Localize Model processed 1372 samples in chunks of 4000 in 2.7 seconds
Localize Model processed 1728 samples in chunks of 4000 in 3.0 seconds
Localize Model processed 1936 samples in chunks of 4000 in 3.9 seconds
Localize Model processed 2324 samples in chunks of 4000 in 3.4 seconds
Localize Model processed 1823 samples in chunks of 4000 in 3.1 seconds
Localize Model processed 1217 samples in chunks of 4000 in 2.8 seconds
Localize Model processed 1582 samples in chunks of 4000 in 3.2 seconds
Localize Model processed 2279 samples in chunks of 4000 in 3.0 seconds
Localize Model processed 2523 samples in chunks of 4000 in 3.0 seconds
Localize Model processed 2646 samples in chunks of 4000 in 2.9 seconds
Localize Model processed 2521 samples in chunks of 4000 in 3.6 seconds
Localize Model processed 2440 samples in chunks of 4000 in 5.0 seconds
Localize Model processed 1189 samples in chunks of 4000 in 1.7 seconds
Localize Model processed 1111 samples in chunks of 4000 in 2.1 seconds
Localize Model processed 1539 samples in chunks of 4000 in 3.3 seconds
Localize Model processed 1629 samples in chunks of 4000 in 2.7 seconds
Localize Model processed 2697 samples in chunks of 4000 in 1.9 seconds
Localize Model processed 2321 samples in chunks of 4000 in 1.2 seconds
Localize Model processed 1645 samples in chunks of 4000 in 0.8 seconds
Localize Model processed 2698 samples in chunks of 4000 in 5.4 seconds
Localize Model processed 1723 samples in chunks of 4000 in 2.7 seconds
Localize Model processed 2698 samples in chunks of 4000 in 2.4 seconds
Localize Model processed 1050 samples in chunks of 4000 in 2.9 seconds
Localize Model processed 2698 samples in chunks of 4000 in 1.7 seconds
Localize Model processed 1122 samples in chunks of 4000 in 2.8 seconds
Localize Model processed 2236 samples in chunks of 4000 in 1.8 seconds
Localize Model processed 2698 samples in chunks of 4000 in 2.2 seconds
Localize Model processed 1913 samples in chunks of 4000 in 3.9 seconds
Localize Model processed 1111 samples in chunks of 4000 in 2.0 seconds
Localize Model processed 2697 samples in chunks of 4000 in 3.8 seconds
Localize Model processed 1775 samples in chunks of 4000 in 3.3 seconds
Localize Model processed 2241 samples in chunks of 4000 in 2.9 seconds
Localize Model processed 1661 samples in chunks of 4000 in 2.8 seconds
Localize Model processed 1343 samples in chunks of 4000 in 2.5 seconds
Localize Model processed 1185 samples in chunks of 4000 in 1.8 seconds
Localize Model processed 1566 samples in chunks of 4000 in 3.4 seconds
Localize Model processed 1174 samples in chunks of 4000 in 2.5 seconds
Localize Model processed 2698 samples in chunks of 4000 in 4.1 seconds
Localize Model processed 1983 samples in chunks of 4000 in 3.1 seconds
Localize Model processed 2252 samples in chunks of 4000 in 1.7 seconds
Localize Model processed 1082 samples in chunks of 4000 in 1.3 seconds
Localize Model processed 1074 samples in chunks of 4000 in 1.0 seconds
Localize Model processed 1171 samples in chunks of 4000 in 0.9 seconds
Localize Model processed 2697 samples in chunks of 4000 in 4.0 seconds
Localize Model processed 2405 samples in chunks of 4000 in 2.1 seconds
Localize Model processed 2697 samples in chunks of 4000 in 1.9 seconds
Localize Model processed 2131 samples in chunks of 4000 in 2.3 seconds
Localize Model processed 1837 samples in chunks of 4000 in 3.2 seconds
Localize Model processed 2652 samples in chunks of 4000 in 2.9 seconds
Localize Model processed 2137 samples in chunks of 4000 in 1.5 seconds
Localize Model processed 2101 samples in chunks of 4000 in 1.8 seconds
Localize Model processed 2571 samples in chunks of 4000 in 2.8 seconds
Localize Model processed 2662 samples in chunks of 4000 in 4.5 seconds
Localize Model processed 1333 samples in chunks of 4000 in 1.6 seconds
Localize Model processed 1399 samples in chunks of 4000 in 2.0 seconds
Localize Model processed 2689 samples in chunks of 4000 in 1.9 seconds
Localize Model processed 2570 samples in chunks of 4000 in 3.2 seconds
Localize Model processed 2697 samples in chunks of 4000 in 2.9 seconds
Localize Model processed 1461 samples in chunks of 4000 in 1.9 seconds
Localize Model processed 1254 samples in chunks of 4000 in 1.6 seconds
Localize Model processed 2281 samples in chunks of 4000 in 2.7 seconds
Localize Model processed 1625 samples in chunks of 4000 in 2.9 seconds
Localize Model processed 1153 samples in chunks of 4000 in 1.5 seconds
Localize Model processed 2698 samples in chunks of 4000 in 2.2 seconds
Localize Model processed 2407 samples in chunks of 4000 in 1.9 seconds
Localize Model processed 1053 samples in chunks of 4000 in 2.7 seconds
Localize Model processed 2468 samples in chunks of 4000 in 2.0 seconds
Localize Model processed 2698 samples in chunks of 4000 in 2.0 seconds
Localize Model processed 2185 samples in chunks of 4000 in 1.7 seconds
Localize Model processed 1499 samples in chunks of 4000 in 2.5 seconds
Localize Model processed 2680 samples in chunks of 4000 in 1.5 seconds
Localize Model processed 2697 samples in chunks of 4000 in 1.2 seconds
Localize Model processed 1844 samples in chunks of 4000 in 2.5 seconds
Localize Model processed 1102 samples in chunks of 4000 in 1.4 seconds
Localize Model processed 2187 samples in chunks of 4000 in 2.7 seconds
Localize Model processed 1863 samples in chunks of 4000 in 2.4 seconds
Localize Model processed 1082 samples in chunks of 4000 in 1.4 seconds
Localize Model processed 1122 samples in chunks of 4000 in 2.3 seconds
Localize Model processed 1052 samples in chunks of 4000 in 1.6 seconds
Localize Model processed 1179 samples in chunks of 4000 in 1.8 seconds
Localize Model processed 1159 samples in chunks of 4000 in 2.0 seconds
Localize Model processed 1597 samples in chunks of 4000 in 1.5 seconds
Localize Model processed 1113 samples in chunks of 4000 in 1.6 seconds
Localize Model processed 1859 samples in chunks of 4000 in 2.1 seconds
Localize Model processed 1677 samples in chunks of 4000 in 2.9 seconds
Localize Model processed 2001 samples in chunks of 4000 in 2.2 seconds
Localize Model processed 2067 samples in chunks of 4000 in 2.3 seconds
Localize Model processed 1755 samples in chunks of 4000 in 2.6 seconds
Localize Model processed 1405 samples in chunks of 4000 in 2.0 seconds
Localize Model processed 1686 samples in chunks of 4000 in 2.4 seconds
Localize Model processed 1262 samples in chunks of 4000 in 1.9 seconds
Localize Model processed 1961 samples in chunks of 4000 in 2.0 seconds
Localize Model processed 1052 samples in chunks of 4000 in 3.0 seconds
Localize Model processed 2402 samples in chunks of 4000 in 1.7 seconds
Localize Model processed 1936 samples in chunks of 4000 in 1.7 seconds
Localize Model processed 1899 samples in chunks of 4000 in 1.6 seconds
Localize Model processed 2698 samples in chunks of 4000 in 2.3 seconds
Localize Model processed 1288 samples in chunks of 4000 in 1.3 seconds
Localize Model processed 1417 samples in chunks of 4000 in 2.8 seconds
Localize Model processed 2170 samples in chunks of 4000 in 2.7 seconds
Localize Model processed 1770 samples in chunks of 4000 in 2.5 seconds
Localize Model processed 1369 samples in chunks of 4000 in 2.0 seconds
Localize Model processed 2220 samples in chunks of 4000 in 2.9 seconds
Localize Model processed 1400 samples in chunks of 4000 in 2.0 seconds
Localize Model processed 2481 samples in chunks of 4000 in 2.4 seconds
Localize Model processed 1440 samples in chunks of 4000 in 1.9 seconds
Localize Model processed 2697 samples in chunks of 4000 in 4.3 seconds
Localize Model processed 2003 samples in chunks of 4000 in 1.7 seconds
Localize Model processed 1252 samples in chunks of 4000 in 1.8 seconds
Localize Model processed 2246 samples in chunks of 4000 in 2.9 seconds
Localize Model processed 1543 samples in chunks of 4000 in 2.1 seconds
Localize Model processed 2698 samples in chunks of 4000 in 1.6 seconds
Localize Model processed 2125 samples in chunks of 4000 in 2.3 seconds
Localize Model processed 2506 samples in chunks of 4000 in 2.9 seconds
Localize Model processed 1310 samples in chunks of 4000 in 1.7 seconds
Localize Model processed 2516 samples in chunks of 4000 in 4.6 seconds
Localize Model processed 2697 samples in chunks of 4000 in 2.8 seconds
Localize Model processed 1632 samples in chunks of 4000 in 1.6 seconds
Localize Model processed 1816 samples in chunks of 4000 in 2.6 seconds
Localize Model processed 2697 samples in chunks of 4000 in 2.9 seconds
Localize Model processed 1171 samples in chunks of 4000 in 2.0 seconds
Localize Model processed 1204 samples in chunks of 4000 in 1.4 seconds
Localize Model processed 1397 samples in chunks of 4000 in 2.4 seconds
Localize Model processed 1106 samples in chunks of 4000 in 1.6 seconds
Localize Model processed 1373 samples in chunks of 4000 in 2.9 seconds
Localize Model processed 1897 samples in chunks of 4000 in 2.8 seconds
Localize Model processed 2157 samples in chunks of 4000 in 2.1 seconds
Localize Model processed 1213 samples in chunks of 4000 in 2.3 seconds
Localize Model processed 1718 samples in chunks of 4000 in 2.5 seconds
Localize Model processed 2636 samples in chunks of 4000 in 1.7 seconds
Localize Model processed 2575 samples in chunks of 4000 in 1.9 seconds
Localize Model processed 1132 samples in chunks of 4000 in 1.9 seconds
Localize Model processed 1074 samples in chunks of 4000 in 2.2 seconds
Localize Model processed 1590 samples in chunks of 4000 in 1.9 seconds
Localize Model processed 1148 samples in chunks of 4000 in 2.1 seconds
Localize Model processed 1178 samples in chunks of 4000 in 1.3 seconds
Localize Model processed 1066 samples in chunks of 4000 in 2.2 seconds
Localize Model processed 1337 samples in chunks of 4000 in 2.7 seconds
Localize Model processed 1117 samples in chunks of 4000 in 1.6 seconds
Localize Model processed 2698 samples in chunks of 4000 in 2.3 seconds
Localize Model processed 2274 samples in chunks of 4000 in 3.6 seconds
Localize Model processed 2013 samples in chunks of 4000 in 1.8 seconds
Localize Model processed 2051 samples in chunks of 4000 in 2.5 seconds
Localize Model processed 2698 samples in chunks of 4000 in 1.8 seconds
Localize Model processed 1657 samples in chunks of 4000 in 1.8 seconds
Localize Model processed 1609 samples in chunks of 4000 in 2.9 seconds
Localize Model processed 2281 samples in chunks of 4000 in 2.4 seconds
Localize Model processed 2697 samples in chunks of 4000 in 1.5 seconds
Localize Model processed 1250 samples in chunks of 4000 in 2.2 seconds
Localize Model processed 1738 samples in chunks of 4000 in 2.0 seconds
Localize Model processed 1561 samples in chunks of 4000 in 1.7 seconds
Localize Model processed 1326 samples in chunks of 4000 in 2.0 seconds
Localize Model processed 1087 samples in chunks of 4000 in 2.0 seconds
Localize Model processed 1168 samples in chunks of 4000 in 2.1 seconds
Localize Model processed 1306 samples in chunks of 4000 in 1.3 seconds
Localize Model processed 1067 samples in chunks of 4000 in 2.2 seconds
Localize Model processed 2572 samples in chunks of 4000 in 2.2 seconds
Localize Model processed 1448 samples in chunks of 4000 in 2.0 seconds
Localize Model processed 1564 samples in chunks of 4000 in 2.6 seconds
Localize Model processed 2609 samples in chunks of 4000 in 1.6 seconds
Localize Model processed 1596 samples in chunks of 4000 in 3.0 seconds
Localize Model processed 1090 samples in chunks of 4000 in 1.6 seconds
Localize Model processed 1649 samples in chunks of 4000 in 1.8 seconds
Localize Model processed 1393 samples in chunks of 4000 in 1.9 seconds
Localize Model processed 1213 samples in chunks of 4000 in 1.9 seconds
Localize Model processed 1163 samples in chunks of 4000 in 1.5 seconds
Localize Model processed 1446 samples in chunks of 4000 in 2.7 seconds
Localize Model processed 2069 samples in chunks of 4000 in 2.4 seconds
Localize Model processed 2698 samples in chunks of 4000 in 2.2 seconds
Localize Model processed 1679 samples in chunks of 4000 in 1.7 seconds
Localize Model processed 1384 samples in chunks of 4000 in 2.0 seconds
Localize Model processed 1835 samples in chunks of 4000 in 1.4 seconds
Localize Model processed 1503 samples in chunks of 4000 in 1.7 seconds
Localize Model processed 2279 samples in chunks of 4000 in 3.4 seconds
Localize Model processed 1723 samples in chunks of 4000 in 1.8 seconds
Localize Model processed 1358 samples in chunks of 4000 in 1.7 seconds
Localize Model processed 1506 samples in chunks of 4000 in 2.3 seconds
Localize Model processed 1946 samples in chunks of 4000 in 2.1 seconds
Localize Model processed 2028 samples in chunks of 4000 in 2.4 seconds
Localize Model processed 1782 samples in chunks of 4000 in 1.8 seconds
Localize Model processed 2149 samples in chunks of 4000 in 1.9 seconds
Localize Model processed 1237 samples in chunks of 4000 in 2.5 seconds
Localize Model processed 1433 samples in chunks of 4000 in 1.9 seconds
Localize Model processed 2227 samples in chunks of 4000 in 1.8 seconds
Localize Model processed 1174 samples in chunks of 4000 in 2.4 seconds
Localize Model processed 1993 samples in chunks of 4000 in 1.7 seconds
Localize Model processed 2698 samples in chunks of 4000 in 2.1 seconds
Localize Model processed 1155 samples in chunks of 4000 in 2.3 seconds
Localize Model processed 1354 samples in chunks of 4000 in 2.4 seconds
Localize Model processed 2168 samples in chunks of 4000 in 1.5 seconds
Localize Model processed 1260 samples in chunks of 4000 in 1.6 seconds
Localize Model processed 2698 samples in chunks of 4000 in 2.3 seconds
Localize Model processed 1091 samples in chunks of 4000 in 1.4 seconds
Localize Model processed 1640 samples in chunks of 4000 in 2.6 seconds
Localize Model processed 2288 samples in chunks of 4000 in 2.4 seconds
Localize Model processed 2285 samples in chunks of 4000 in 1.7 seconds
Localize Model processed 2582 samples in chunks of 4000 in 4.3 seconds
Localize Model processed 1478 samples in chunks of 4000 in 1.4 seconds
Localize Model processed 1688 samples in chunks of 4000 in 2.3 seconds
Localize Model processed 1306 samples in chunks of 4000 in 1.6 seconds
Localize Model processed 1337 samples in chunks of 4000 in 1.9 seconds
Localize Model processed 2548 samples in chunks of 4000 in 2.0 seconds
Localize Model processed 2106 samples in chunks of 4000 in 1.9 seconds
Localize Model processed 2568 samples in chunks of 4000 in 2.0 seconds
Localize Model processed 1666 samples in chunks of 4000 in 1.8 seconds
Localize Model processed 2698 samples in chunks of 4000 in 2.8 seconds
Localize Model processed 1383 samples in chunks of 4000 in 2.3 seconds
Localize Model processed 2460 samples in chunks of 4000 in 1.8 seconds
Localize Model processed 1843 samples in chunks of 4000 in 2.7 seconds
Localize Model processed 1675 samples in chunks of 4000 in 1.9 seconds
Localize Model processed 1741 samples in chunks of 4000 in 1.8 seconds
Localize Model processed 1186 samples in chunks of 4000 in 1.8 seconds
Localize Model processed 1397 samples in chunks of 4000 in 1.9 seconds
Localize Model processed 1115 samples in chunks of 4000 in 1.8 seconds
Localize Model processed 1046 samples in chunks of 4000 in 1.8 seconds
Localize Model processed 1342 samples in chunks of 4000 in 1.8 seconds
Localize Model processed 1185 samples in chunks of 4000 in 1.9 seconds
Localize Model processed 2096 samples in chunks of 4000 in 1.8 seconds
Localize Model processed 1423 samples in chunks of 4000 in 2.4 seconds
Localize Model processed 2698 samples in chunks of 4000 in 1.4 seconds
Localize Model processed 1594 samples in chunks of 4000 in 2.6 seconds
Localize Model processed 2697 samples in chunks of 4000 in 3.0 seconds
Localize Model processed 2697 samples in chunks of 4000 in 2.5 seconds
Localize Model processed 2230 samples in chunks of 4000 in 1.6 seconds
Localize Model processed 1712 samples in chunks of 4000 in 2.4 seconds
Localize Model processed 1148 samples in chunks of 4000 in 2.0 seconds
Localize Model processed 1649 samples in chunks of 4000 in 2.5 seconds
Localize Model processed 2177 samples in chunks of 4000 in 2.1 seconds
Localize Model processed 2471 samples in chunks of 4000 in 1.9 seconds
Localize Model processed 1274 samples in chunks of 4000 in 2.2 seconds
Localize Model processed 2495 samples in chunks of 4000 in 1.8 seconds
Localize Model processed 1958 samples in chunks of 4000 in 1.3 seconds
Localize Model processed 2333 samples in chunks of 4000 in 4.3 seconds
Localize Model processed 2009 samples in chunks of 4000 in 1.7 seconds
Localize Model processed 2204 samples in chunks of 4000 in 2.3 seconds
Localize Model processed 2698 samples in chunks of 4000 in 2.0 seconds
Localize Model processed 1439 samples in chunks of 4000 in 3.0 seconds
Localize Model processed 1675 samples in chunks of 4000 in 1.9 seconds
Localize Model processed 1153 samples in chunks of 4000 in 2.3 seconds
Localize Model processed 1498 samples in chunks of 4000 in 1.6 seconds
Localize Model processed 1433 samples in chunks of 4000 in 2.8 seconds
Localize Model processed 1294 samples in chunks of 4000 in 1.9 seconds
Localize Model processed 1049 samples in chunks of 4000 in 2.0 seconds
Localize Model processed 1093 samples in chunks of 4000 in 1.1 seconds
Localize Model processed 2372 samples in chunks of 4000 in 1.6 seconds
Localize Model processed 1654 samples in chunks of 4000 in 3.1 seconds
Localize Model processed 1628 samples in chunks of 4000 in 1.4 seconds
Localize Model processed 1211 samples in chunks of 4000 in 2.7 seconds
Localize Model processed 2697 samples in chunks of 4000 in 3.2 seconds
Localize Model processed 1294 samples in chunks of 4000 in 1.8 seconds
Localize Model processed 1963 samples in chunks of 4000 in 2.1 seconds
Localize Model processed 1497 samples in chunks of 4000 in 1.7 seconds
Localize Model processed 2052 samples in chunks of 4000 in 1.6 seconds
Localize Model processed 1283 samples in chunks of 4000 in 2.5 seconds
Localize Model processed 2697 samples in chunks of 4000 in 2.2 seconds
Localize Model processed 1052 samples in chunks of 4000 in 1.2 seconds
Localize Model processed 2170 samples in chunks of 4000 in 2.8 seconds
Localize Model processed 1469 samples in chunks of 4000 in 2.4 seconds
Localize Model processed 1488 samples in chunks of 4000 in 1.6 seconds
Localize Model processed 2335 samples in chunks of 4000 in 1.7 seconds
Localize Model processed 2698 samples in chunks of 4000 in 3.0 seconds
Localize Model processed 1473 samples in chunks of 4000 in 1.7 seconds
Localize Model processed 1170 samples in chunks of 4000 in 1.7 seconds
Localize Model processed 2697 samples in chunks of 4000 in 2.1 seconds
Localize Model processed 1279 samples in chunks of 4000 in 1.9 seconds
Localize Model processed 1600 samples in chunks of 4000 in 1.7 seconds
Localize Model processed 2620 samples in chunks of 4000 in 2.2 seconds
Localize Model processed 1566 samples in chunks of 4000 in 1.2 seconds
Localize Model processed 1402 samples in chunks of 4000 in 2.4 seconds
Localize Model processed 1541 samples in chunks of 4000 in 2.6 seconds
Localize Model processed 2698 samples in chunks of 4000 in 2.7 seconds
Localize Model processed 1381 samples in chunks of 4000 in 1.7 seconds
Localize Model processed 1842 samples in chunks of 4000 in 3.0 seconds
Localize Model processed 1182 samples in chunks of 4000 in 1.9 seconds
Localize Model processed 1545 samples in chunks of 4000 in 2.1 seconds
Localize Model processed 1065 samples in chunks of 4000 in 2.0 seconds
Localize Model processed 1785 samples in chunks of 4000 in 1.6 seconds
Localize Model processed 2538 samples in chunks of 4000 in 2.2 seconds
Localize Model processed 2297 samples in chunks of 4000 in 1.9 seconds
Localize Model processed 1470 samples in chunks of 4000 in 1.2 seconds
Localize Model processed 2262 samples in chunks of 4000 in 3.6 seconds
Localize Model processed 2583 samples in chunks of 4000 in 1.7 seconds
Localize Model processed 2382 samples in chunks of 4000 in 2.3 seconds
Localize Model processed 1244 samples in chunks of 4000 in 1.8 seconds
Localize Model processed 1120 samples in chunks of 4000 in 3.1 seconds
Localize Model processed 1877 samples in chunks of 4000 in 2.8 seconds
Localize Model processed 1369 samples in chunks of 4000 in 1.9 seconds
Localize Model processed 1595 samples in chunks of 4000 in 1.7 seconds
Localize Model processed 1141 samples in chunks of 4000 in 1.8 seconds
Localize Model processed 2698 samples in chunks of 4000 in 1.4 seconds
Localize Model processed 1635 samples in chunks of 4000 in 2.0 seconds
Localize Model processed 1692 samples in chunks of 4000 in 1.2 seconds
Localize Model processed 1904 samples in chunks of 4000 in 2.7 seconds
Localize Model processed 1318 samples in chunks of 4000 in 1.8 seconds
Localize Model processed 1480 samples in chunks of 4000 in 1.8 seconds
Localize Model processed 2697 samples in chunks of 4000 in 3.1 seconds
Localize Model processed 1981 samples in chunks of 4000 in 2.5 seconds
Localize Model processed 1139 samples in chunks of 4000 in 1.7 seconds
Localize Model processed 1101 samples in chunks of 4000 in 1.8 seconds
Localize Model processed 1061 samples in chunks of 4000 in 2.0 seconds
Localize Model processed 1731 samples in chunks of 4000 in 2.3 seconds
Localize Model processed 2698 samples in chunks of 4000 in 2.1 seconds
Localize Model processed 1967 samples in chunks of 4000 in 2.0 seconds
Localize Model processed 1172 samples in chunks of 4000 in 2.4 seconds
Localize Model processed 2698 samples in chunks of 4000 in 2.1 seconds
Localize Model processed 1079 samples in chunks of 4000 in 1.2 seconds
Localize Model processed 1588 samples in chunks of 4000 in 1.0 seconds
Localize Model processed 2477 samples in chunks of 4000 in 3.7 seconds
Localize Model processed 2698 samples in chunks of 4000 in 2.1 seconds
Localize Model processed 2299 samples in chunks of 4000 in 1.9 seconds
Localize Model processed 1179 samples in chunks of 4000 in 2.1 seconds
Localize Model processed 1961 samples in chunks of 4000 in 2.2 seconds
Localize Model processed 1175 samples in chunks of 4000 in 2.0 seconds
Localize Model processed 1833 samples in chunks of 4000 in 1.5 seconds
Localize Model processed 2441 samples in chunks of 4000 in 1.9 seconds
Localize Model processed 1960 samples in chunks of 4000 in 2.7 seconds
Localize Model processed 2698 samples in chunks of 4000 in 2.3 seconds
Localize Model processed 1534 samples in chunks of 4000 in 1.8 seconds
Localize Model processed 2223 samples in chunks of 4000 in 1.3 seconds
Localize Model processed 1322 samples in chunks of 4000 in 1.7 seconds
Localize Model processed 1794 samples in chunks of 4000 in 1.4 seconds
Localize Model processed 1909 samples in chunks of 4000 in 2.2 seconds
Localize Model processed 1670 samples in chunks of 4000 in 1.9 seconds
Localize Model processed 2666 samples in chunks of 4000 in 2.1 seconds
Localize Model processed 2698 samples in chunks of 4000 in 2.5 seconds
Localize Model processed 2698 samples in chunks of 4000 in 2.9 seconds
Localize Model processed 1334 samples in chunks of 4000 in 1.9 seconds
Localize Model processed 2698 samples in chunks of 4000 in 1.8 seconds
Localize Model processed 2288 samples in chunks of 4000 in 1.8 seconds
Localize Model processed 1650 samples in chunks of 4000 in 1.8 seconds
Localize Model processed 2575 samples in chunks of 4000 in 1.4 seconds
Localize Model processed 1520 samples in chunks of 4000 in 2.8 seconds
Localize Model processed 2698 samples in chunks of 4000 in 1.7 seconds
Localize Model processed 2092 samples in chunks of 4000 in 2.3 seconds
Localize Model processed 1329 samples in chunks of 4000 in 1.7 seconds
Localize Model processed 1459 samples in chunks of 4000 in 2.3 seconds
Localize Model processed 1328 samples in chunks of 4000 in 1.5 seconds
Localize Model processed 2569 samples in chunks of 4000 in 2.0 seconds
Localize Model processed 1104 samples in chunks of 4000 in 1.8 seconds
Localize Model processed 2304 samples in chunks of 4000 in 2.1 seconds
Localize Model processed 1319 samples in chunks of 4000 in 1.8 seconds
Localize Model processed 1527 samples in chunks of 4000 in 2.0 seconds
Localize Model processed 2697 samples in chunks of 4000 in 1.4 seconds
Localize Model processed 1222 samples in chunks of 4000 in 1.8 seconds
Localize Model processed 1375 samples in chunks of 4000 in 2.7 seconds
Localize Model processed 1051 samples in chunks of 4000 in 1.3 seconds
Localize Model processed 1741 samples in chunks of 4000 in 2.2 seconds
Localize Model processed 2032 samples in chunks of 4000 in 2.9 seconds
Localize Model processed 2033 samples in chunks of 4000 in 1.9 seconds
Localize Model processed 2641 samples in chunks of 4000 in 2.1 seconds
Localize Model processed 2152 samples in chunks of 4000 in 1.6 seconds
Localize Model processed 1310 samples in chunks of 4000 in 2.4 seconds
Localize Model processed 1846 samples in chunks of 4000 in 1.5 seconds
Localize Model processed 1575 samples in chunks of 4000 in 1.4 seconds
Localize Model processed 1469 samples in chunks of 4000 in 1.4 seconds
Localize Model processed 2697 samples in chunks of 4000 in 4.0 seconds
Localize Model processed 2309 samples in chunks of 4000 in 2.2 seconds
Localize Model processed 1235 samples in chunks of 4000 in 2.2 seconds
Localize Model processed 2697 samples in chunks of 4000 in 2.8 seconds
Localize Model processed 1620 samples in chunks of 4000 in 2.1 seconds
Localize Model processed 1117 samples in chunks of 4000 in 1.8 seconds
Localize Model processed 1760 samples in chunks of 4000 in 2.9 seconds
Localize Model processed 2698 samples in chunks of 4000 in 2.0 seconds
Localize Model processed 2600 samples in chunks of 4000 in 3.1 seconds
Localize Model processed 2189 samples in chunks of 4000 in 1.4 seconds
Localize Model processed 2554 samples in chunks of 4000 in 1.4 seconds
Localize Model processed 1165 samples in chunks of 4000 in 1.1 seconds
Localize Model processed 2697 samples in chunks of 4000 in 4.9 seconds
Localize Model processed 2697 samples in chunks of 4000 in 1.8 seconds
Localize Model processed 2698 samples in chunks of 4000 in 2.4 seconds
Localize Model processed 1775 samples in chunks of 4000 in 1.9 seconds
Localize Model processed 1969 samples in chunks of 4000 in 2.2 seconds
Localize Model processed 1697 samples in chunks of 4000 in 2.1 seconds
Localize Model processed 1385 samples in chunks of 4000 in 2.1 seconds
Localize Model processed 1775 samples in chunks of 4000 in 1.9 seconds
Localize Model processed 2574 samples in chunks of 4000 in 3.3 seconds
Localize Model processed 2697 samples in chunks of 4000 in 1.4 seconds
Localize Model processed 2698 samples in chunks of 4000 in 1.7 seconds
Localize Model processed 1916 samples in chunks of 4000 in 1.1 seconds
Localize Model processed 1425 samples in chunks of 4000 in 1.8 seconds
Localize Model processed 1925 samples in chunks of 4000 in 3.2 seconds
Localize Model processed 2697 samples in chunks of 4000 in 2.2 seconds
Localize Model processed 2020 samples in chunks of 4000 in 1.7 seconds
Localize Model processed 1973 samples in chunks of 4000 in 2.2 seconds
Localize Model processed 2053 samples in chunks of 4000 in 1.4 seconds
Localize Model processed 1522 samples in chunks of 4000 in 2.3 seconds
Localize Model processed 2698 samples in chunks of 4000 in 2.1 seconds
Localize Model processed 2018 samples in chunks of 4000 in 2.9 seconds
Localize Model processed 2697 samples in chunks of 4000 in 1.9 seconds
Localize Model processed 2615 samples in chunks of 4000 in 1.8 seconds
Localize Model processed 1587 samples in chunks of 4000 in 0.8 seconds
Localize Model processed 1318 samples in chunks of 4000 in 2.6 seconds
Localize Model processed 1926 samples in chunks of 4000 in 2.8 seconds
Localize Model processed 1820 samples in chunks of 4000 in 2.2 seconds
Localize Model processed 1734 samples in chunks of 4000 in 2.3 seconds
Localize Model processed 2221 samples in chunks of 4000 in 3.4 seconds
Localize Model processed 2126 samples in chunks of 4000 in 2.5 seconds
Localize Model processed 2093 samples in chunks of 4000 in 2.4 seconds
Localize Model processed 1308 samples in chunks of 4000 in 1.9 seconds
Localize Model processed 2265 samples in chunks of 4000 in 2.4 seconds
Localize Model processed 2498 samples in chunks of 4000 in 2.3 seconds
Localize Model processed 1635 samples in chunks of 4000 in 2.0 seconds
Localize Model processed 2339 samples in chunks of 4000 in 2.3 seconds
Localize Model processed 2411 samples in chunks of 4000 in 3.2 seconds
Localize Model processed 1897 samples in chunks of 4000 in 2.1 seconds
Localize Model processed 2142 samples in chunks of 4000 in 2.2 seconds
Localize Model processed 1924 samples in chunks of 4000 in 2.4 seconds
Localize Model processed 2486 samples in chunks of 4000 in 3.5 seconds
Localize Model processed 2686 samples in chunks of 4000 in 2.8 seconds
Localize Model processed 1140 samples in chunks of 4000 in 2.4 seconds
Localize Model processed 1231 samples in chunks of 4000 in 2.0 seconds
Localize Model processed 1232 samples in chunks of 4000 in 2.1 seconds
Localize Model processed 1703 samples in chunks of 4000 in 2.2 seconds
Localize Model processed 2483 samples in chunks of 4000 in 2.4 seconds
Localize Model processed 2697 samples in chunks of 4000 in 2.6 seconds
Localize Model processed 1766 samples in chunks of 4000 in 1.6 seconds
Localize Model processed 1565 samples in chunks of 4000 in 1.6 seconds
Localize Model processed 1554 samples in chunks of 4000 in 2.1 seconds
Localize Model processed 1535 samples in chunks of 4000 in 2.1 seconds
Localize Model processed 1357 samples in chunks of 4000 in 2.8 seconds
Localize Model processed 1437 samples in chunks of 4000 in 2.0 seconds
Localize Model processed 1071 samples in chunks of 4000 in 2.5 seconds
Localize Model processed 1212 samples in chunks of 4000 in 1.8 seconds
Localize Model processed 1911 samples in chunks of 4000 in 2.6 seconds
Localize Model processed 1681 samples in chunks of 4000 in 2.1 seconds
Localize Model processed 2698 samples in chunks of 4000 in 3.2 seconds
Localize Model processed 1118 samples in chunks of 4000 in 2.6 seconds
Localize Model processed 2342 samples in chunks of 4000 in 2.3 seconds
Localize Model processed 2087 samples in chunks of 4000 in 1.6 seconds
Localize Model processed 2698 samples in chunks of 4000 in 4.6 seconds
Localize Model processed 1641 samples in chunks of 4000 in 1.7 seconds
Localize Model processed 1172 samples in chunks of 4000 in 2.4 seconds
Localize Model processed 1798 samples in chunks of 4000 in 2.4 seconds
Localize Model processed 2698 samples in chunks of 4000 in 1.9 seconds
Localize Model processed 1935 samples in chunks of 4000 in 2.3 seconds
Localize Model processed 2698 samples in chunks of 4000 in 1.9 seconds
Localize Model processed 2668 samples in chunks of 4000 in 2.4 seconds
Localize Model processed 2165 samples in chunks of 4000 in 2.3 seconds
Localize Model processed 2297 samples in chunks of 4000 in 2.6 seconds
Localize Model processed 2007 samples in chunks of 4000 in 2.3 seconds
Localize Model processed 2698 samples in chunks of 4000 in 2.5 seconds
Localize Model processed 1070 samples in chunks of 4000 in 1.9 seconds
Localize Model processed 2619 samples in chunks of 4000 in 1.9 seconds
Localize Model processed 2395 samples in chunks of 4000 in 1.9 seconds
Localize Model processed 1132 samples in chunks of 4000 in 2.5 seconds
Localize Model processed 1517 samples in chunks of 4000 in 2.0 seconds
Localize Model processed 1549 samples in chunks of 4000 in 2.3 seconds
Localize Model processed 1523 samples in chunks of 4000 in 1.7 seconds
Localize Model processed 2350 samples in chunks of 4000 in 1.9 seconds
Localize Model processed 1524 samples in chunks of 4000 in 1.4 seconds
Localize Model processed 2698 samples in chunks of 4000 in 2.8 seconds
Localize Model processed 1426 samples in chunks of 4000 in 1.6 seconds
Localize Model processed 1884 samples in chunks of 4000 in 1.2 seconds
Localize Model processed 1626 samples in chunks of 4000 in 2.2 seconds
Localize Model processed 2079 samples in chunks of 4000 in 2.0 seconds
Localize Model processed 1059 samples in chunks of 4000 in 2.4 seconds
Localize Model processed 1134 samples in chunks of 4000 in 2.1 seconds
Localize Model processed 2698 samples in chunks of 4000 in 2.1 seconds
Localize Model processed 1512 samples in chunks of 4000 in 2.3 seconds
Localize Model processed 1801 samples in chunks of 4000 in 1.9 seconds
Localize Model processed 1732 samples in chunks of 4000 in 2.0 seconds
Localize Model processed 2147 samples in chunks of 4000 in 3.7 seconds
Localize Model processed 2631 samples in chunks of 4000 in 2.0 seconds
Localize Model processed 2569 samples in chunks of 4000 in 1.8 seconds
Localize Model processed 1047 samples in chunks of 4000 in 1.6 seconds
Localize Model processed 1793 samples in chunks of 4000 in 2.4 seconds
Localize Model processed 2698 samples in chunks of 4000 in 2.2 seconds
Localize Model processed 2698 samples in chunks of 4000 in 2.1 seconds
Localize Model processed 1593 samples in chunks of 4000 in 1.6 seconds
Localize Model processed 2101 samples in chunks of 4000 in 3.1 seconds
Localize Model processed 1563 samples in chunks of 4000 in 2.2 seconds
Localize Model processed 1137 samples in chunks of 4000 in 2.5 seconds
Localize Model processed 2522 samples in chunks of 4000 in 2.0 seconds
Localize Model processed 1890 samples in chunks of 4000 in 1.8 seconds
Localize Model processed 1509 samples in chunks of 4000 in 1.5 seconds
Localize Model processed 2583 samples in chunks of 4000 in 2.1 seconds
Localize Model processed 1289 samples in chunks of 4000 in 2.4 seconds
Localize Model processed 1299 samples in chunks of 4000 in 2.0 seconds
Localize Model processed 1843 samples in chunks of 4000 in 1.6 seconds
Localize Model processed 1491 samples in chunks of 4000 in 1.7 seconds
Localize Model processed 2360 samples in chunks of 4000 in 2.7 seconds
Localize Model processed 1714 samples in chunks of 4000 in 1.9 seconds
Localize Model processed 2697 samples in chunks of 4000 in 1.8 seconds
Localize Model processed 2298 samples in chunks of 4000 in 2.4 seconds
Localize Model processed 1831 samples in chunks of 4000 in 1.3 seconds
Localize Model processed 2697 samples in chunks of 4000 in 4.0 seconds
Localize Model processed 2649 samples in chunks of 4000 in 2.6 seconds
Localize Model processed 1861 samples in chunks of 4000 in 1.9 seconds
Localize Model processed 1460 samples in chunks of 4000 in 1.3 seconds
Localize Model processed 1277 samples in chunks of 4000 in 2.0 seconds
Localize Model processed 1153 samples in chunks of 4000 in 2.7 seconds
Localize Model processed 1389 samples in chunks of 4000 in 2.0 seconds
Localize Model processed 1228 samples in chunks of 4000 in 2.0 seconds
Localize Model processed 1328 samples in chunks of 4000 in 2.3 seconds
Localize Model processed 1872 samples in chunks of 4000 in 1.3 seconds
Localize Model processed 1323 samples in chunks of 4000 in 2.2 seconds
Localize Model processed 2698 samples in chunks of 4000 in 1.9 seconds
Localize Model processed 1379 samples in chunks of 4000 in 2.3 seconds
Localize Model processed 1107 samples in chunks of 4000 in 1.9 seconds
Localize Model processed 1175 samples in chunks of 4000 in 2.2 seconds
Localize Model processed 1186 samples in chunks of 4000 in 1.1 seconds
Localize Model processed 2381 samples in chunks of 4000 in 1.8 seconds
Localize Model processed 2698 samples in chunks of 4000 in 1.8 seconds
Localize Model processed 1705 samples in chunks of 4000 in 2.2 seconds
Localize Model processed 1510 samples in chunks of 4000 in 2.5 seconds
Localize Model processed 1279 samples in chunks of 4000 in 2.8 seconds
Localize Model processed 1988 samples in chunks of 4000 in 1.0 seconds
Localize Model processed 2697 samples in chunks of 4000 in 2.1 seconds
Localize Model processed 2486 samples in chunks of 4000 in 2.2 seconds
Localize Model processed 2697 samples in chunks of 4000 in 2.3 seconds
Localize Model processed 1402 samples in chunks of 4000 in 2.1 seconds
Localize Model processed 1995 samples in chunks of 4000 in 2.7 seconds
Localize Model processed 1077 samples in chunks of 4000 in 1.0 seconds
Localize Model processed 1097 samples in chunks of 4000 in 2.3 seconds
Localize Model processed 1831 samples in chunks of 4000 in 2.3 seconds
Localize Model processed 2697 samples in chunks of 4000 in 2.1 seconds
Localize Model processed 2575 samples in chunks of 4000 in 2.2 seconds
Localize Model processed 2698 samples in chunks of 4000 in 2.3 seconds
Localize Model processed 1166 samples in chunks of 4000 in 1.0 seconds
Localize Model processed 2697 samples in chunks of 4000 in 4.3 seconds
Localize Model processed 2445 samples in chunks of 4000 in 2.8 seconds
Localize Model processed 2269 samples in chunks of 4000 in 1.7 seconds
Localize Model processed 2697 samples in chunks of 4000 in 1.1 seconds
Localize Model processed 2646 samples in chunks of 4000 in 4.3 seconds
Localize Model processed 1090 samples in chunks of 4000 in 2.0 seconds
Localize Model processed 1601 samples in chunks of 4000 in 1.8 seconds
Localize Model processed 1372 samples in chunks of 4000 in 2.1 seconds
Localize Model processed 1608 samples in chunks of 4000 in 1.7 seconds
Localize Model processed 1077 samples in chunks of 4000 in 1.0 seconds
Localize Model processed 1168 samples in chunks of 4000 in 2.0 seconds
Localize Model processed 2105 samples in chunks of 4000 in 1.9 seconds
Localize Model processed 2698 samples in chunks of 4000 in 2.2 seconds
Localize Model processed 2697 samples in chunks of 4000 in 2.0 seconds
Localize Model processed 1706 samples in chunks of 4000 in 1.7 seconds
Localize Model processed 1063 samples in chunks of 4000 in 1.1 seconds
Localize Model processed 1072 samples in chunks of 4000 in 2.0 seconds
Localize Model processed 2698 samples in chunks of 4000 in 2.4 seconds
Localize Model processed 1231 samples in chunks of 4000 in 1.8 seconds
Localize Model processed 2510 samples in chunks of 4000 in 2.5 seconds
Localize Model processed 2697 samples in chunks of 4000 in 2.2 seconds
Localize Model processed 2698 samples in chunks of 4000 in 1.1 seconds
Localize Model processed 2106 samples in chunks of 4000 in 3.2 seconds
Localize Model processed 1142 samples in chunks of 4000 in 1.6 seconds
Localize Model processed 2561 samples in chunks of 4000 in 2.5 seconds
Localize Model processed 2545 samples in chunks of 4000 in 3.0 seconds
Localize Model processed 2690 samples in chunks of 4000 in 2.5 seconds
Localize Model processed 1283 samples in chunks of 4000 in 2.5 seconds
Localize Model processed 1878 samples in chunks of 4000 in 2.4 seconds
Localize Model processed 1133 samples in chunks of 4000 in 1.6 seconds
Localize Model processed 1623 samples in chunks of 4000 in 2.5 seconds
Localize Model processed 2697 samples in chunks of 4000 in 2.4 seconds
Localize Model processed 1404 samples in chunks of 4000 in 2.1 seconds
Localize Model processed 1730 samples in chunks of 4000 in 2.7 seconds
Localize Model processed 1513 samples in chunks of 4000 in 2.3 seconds
Localize Model processed 2282 samples in chunks of 4000 in 2.7 seconds
Localize Model processed 1688 samples in chunks of 4000 in 2.0 seconds
Localize Model processed 1417 samples in chunks of 4000 in 1.6 seconds
Localize Model processed 1283 samples in chunks of 4000 in 2.0 seconds
Localize Model processed 2231 samples in chunks of 4000 in 2.4 seconds
Localize Model processed 1866 samples in chunks of 4000 in 2.5 seconds
Localize Model processed 2162 samples in chunks of 4000 in 2.5 seconds
Localize Model processed 1871 samples in chunks of 4000 in 2.1 seconds
Localize Model processed 1856 samples in chunks of 4000 in 2.6 seconds
Localize Model processed 2670 samples in chunks of 4000 in 3.0 seconds
Localize Model processed 2697 samples in chunks of 4000 in 2.3 seconds
Localize Model processed 1095 samples in chunks of 4000 in 2.1 seconds
Localize Model processed 2698 samples in chunks of 4000 in 3.6 seconds
Localize Model processed 2698 samples in chunks of 4000 in 2.3 seconds
Localize Model processed 1171 samples in chunks of 4000 in 1.4 seconds
Localize Model processed 1721 samples in chunks of 4000 in 2.7 seconds
Localize Model processed 1335 samples in chunks of 4000 in 1.4 seconds
Localize Model processed 1599 samples in chunks of 4000 in 2.4 seconds
Localize Model processed 2697 samples in chunks of 4000 in 2.7 seconds
Localize Model processed 1134 samples in chunks of 4000 in 1.3 seconds
Localize Model processed 1522 samples in chunks of 4000 in 1.9 seconds
Localize Model processed 2412 samples in chunks of 4000 in 1.8 seconds
Localize Model processed 1490 samples in chunks of 4000 in 1.9 seconds
Localize Model processed 2698 samples in chunks of 4000 in 3.5 seconds
Localize Model processed 2123 samples in chunks of 4000 in 2.5 seconds
Localize Model processed 1443 samples in chunks of 4000 in 2.0 seconds
Localize Model processed 2697 samples in chunks of 4000 in 2.5 seconds
Localize Model processed 1904 samples in chunks of 4000 in 1.3 seconds
Localize Model processed 2144 samples in chunks of 4000 in 2.9 seconds
Localize Model processed 1445 samples in chunks of 4000 in 1.9 seconds
Localize Model processed 1121 samples in chunks of 4000 in 1.9 seconds
Localize Model processed 1517 samples in chunks of 4000 in 1.6 seconds
Localize Model processed 1142 samples in chunks of 4000 in 2.1 seconds
Localize Model processed 2698 samples in chunks of 4000 in 2.2 seconds
Localize Model processed 1104 samples in chunks of 4000 in 2.3 seconds
Localize Model processed 1764 samples in chunks of 4000 in 2.5 seconds
Localize Model processed 2698 samples in chunks of 4000 in 1.7 seconds
Localize Model processed 2698 samples in chunks of 4000 in 2.7 seconds
Localize Model processed 1772 samples in chunks of 4000 in 2.0 seconds
Localize Model processed 1587 samples in chunks of 4000 in 1.8 seconds
Localize Model processed 1711 samples in chunks of 4000 in 2.6 seconds
Localize Model processed 1304 samples in chunks of 4000 in 2.1 seconds
Localize Model processed 2191 samples in chunks of 4000 in 2.4 seconds
Localize Model processed 1694 samples in chunks of 4000 in 2.1 seconds
Localize Model processed 2681 samples in chunks of 4000 in 2.5 seconds
Localize Model processed 2292 samples in chunks of 4000 in 2.3 seconds
Localize Model processed 2278 samples in chunks of 4000 in 2.0 seconds
Localize Model processed 1378 samples in chunks of 4000 in 2.5 seconds
Localize Model processed 2569 samples in chunks of 4000 in 2.2 seconds
Localize Model processed 1917 samples in chunks of 4000 in 1.9 seconds
Localize Model processed 2566 samples in chunks of 4000 in 2.1 seconds
Localize Model processed 2004 samples in chunks of 4000 in 2.6 seconds
Localize Model processed 1496 samples in chunks of 4000 in 1.7 seconds
Localize Model processed 1764 samples in chunks of 4000 in 2.3 seconds
Localize Model processed 2698 samples in chunks of 4000 in 2.0 seconds
Localize Model processed 1771 samples in chunks of 4000 in 2.2 seconds
Localize Model processed 1530 samples in chunks of 4000 in 1.8 seconds
Localize Model processed 2210 samples in chunks of 4000 in 1.7 seconds
Localize Model processed 2058 samples in chunks of 4000 in 2.6 seconds
Localize Model processed 1339 samples in chunks of 4000 in 1.6 seconds
Localize Model processed 2697 samples in chunks of 4000 in 2.4 seconds
Localize Model processed 1480 samples in chunks of 4000 in 2.0 seconds
Localize Model processed 1320 samples in chunks of 4000 in 2.1 seconds
Localize Model processed 1474 samples in chunks of 4000 in 2.7 seconds
Localize Model processed 2028 samples in chunks of 4000 in 3.4 seconds
Localize Model processed 1340 samples in chunks of 4000 in 1.9 seconds
Localize Model processed 1723 samples in chunks of 4000 in 2.2 seconds
Localize Model processed 1287 samples in chunks of 4000 in 1.8 seconds
Localize Model processed 2697 samples in chunks of 4000 in 2.4 seconds
Localize Model processed 1816 samples in chunks of 4000 in 2.0 seconds
Localize Model processed 1087 samples in chunks of 4000 in 2.2 seconds
Localize Model processed 1747 samples in chunks of 4000 in 2.0 seconds
Localize Model processed 2095 samples in chunks of 4000 in 2.0 seconds
Localize Model processed 2698 samples in chunks of 4000 in 2.3 seconds
Localize Model processed 2697 samples in chunks of 4000 in 1.6 seconds
Localize Model processed 1484 samples in chunks of 4000 in 2.2 seconds
Localize Model processed 2698 samples in chunks of 4000 in 2.0 seconds
Localize Model processed 2525 samples in chunks of 4000 in 3.2 seconds
Localize Model processed 1562 samples in chunks of 4000 in 1.8 seconds
Localize Model processed 1392 samples in chunks of 4000 in 2.2 seconds
Localize Model processed 1541 samples in chunks of 4000 in 1.6 seconds
Localize Model processed 2697 samples in chunks of 4000 in 2.3 seconds
Localize Model processed 2579 samples in chunks of 4000 in 3.4 seconds
Localize Model processed 1902 samples in chunks of 4000 in 1.9 seconds
Localize Model processed 2698 samples in chunks of 4000 in 1.4 seconds
Localize Model processed 2562 samples in chunks of 4000 in 2.0 seconds
Localize Model processed 1132 samples in chunks of 4000 in 1.5 seconds
Localize Model processed 2523 samples in chunks of 4000 in 2.1 seconds
Localize Model processed 1102 samples in chunks of 4000 in 2.8 seconds
Localize Model processed 1737 samples in chunks of 4000 in 2.0 seconds
Localize Model processed 1755 samples in chunks of 4000 in 2.6 seconds
Localize Model processed 1103 samples in chunks of 4000 in 1.6 seconds
Localize Model processed 2048 samples in chunks of 4000 in 1.7 seconds
Localize Model processed 1483 samples in chunks of 4000 in 2.4 seconds
Localize Model processed 1671 samples in chunks of 4000 in 2.1 seconds
Localize Model processed 2475 samples in chunks of 4000 in 2.1 seconds
Localize Model processed 2698 samples in chunks of 4000 in 2.4 seconds
Localize Model processed 1807 samples in chunks of 4000 in 2.1 seconds
Localize Model processed 1843 samples in chunks of 4000 in 2.7 seconds
Localize Model processed 2409 samples in chunks of 4000 in 1.4 seconds
Localize Model processed 2609 samples in chunks of 4000 in 3.0 seconds
Localize Model processed 2650 samples in chunks of 4000 in 2.7 seconds
Localize Model processed 2698 samples in chunks of 4000 in 2.3 seconds
Localize Model processed 1434 samples in chunks of 4000 in 1.6 seconds
Localize Model processed 2075 samples in chunks of 4000 in 2.4 seconds
Localize Model processed 1255 samples in chunks of 4000 in 2.1 seconds
Localize Model processed 1977 samples in chunks of 4000 in 2.6 seconds
Localize Model processed 1666 samples in chunks of 4000 in 1.6 seconds
Localize Model processed 1926 samples in chunks of 4000 in 2.6 seconds
Localize Model processed 2697 samples in chunks of 4000 in 2.3 seconds
Localize Model processed 2698 samples in chunks of 4000 in 2.1 seconds
Localize Model processed 1178 samples in chunks of 4000 in 2.2 seconds
Localize Model processed 2464 samples in chunks of 4000 in 2.7 seconds
Localize Model processed 2290 samples in chunks of 4000 in 2.1 seconds
Localize Model processed 1076 samples in chunks of 4000 in 2.4 seconds
Localize Model processed 1730 samples in chunks of 4000 in 2.0 seconds
Localize Model processed 2698 samples in chunks of 4000 in 2.1 seconds
Localize Model processed 1709 samples in chunks of 4000 in 1.3 seconds
Localize Model processed 1831 samples in chunks of 4000 in 2.6 seconds
Localize Model processed 2670 samples in chunks of 4000 in 3.5 seconds
Localize Model processed 1246 samples in chunks of 4000 in 1.5 seconds
Localize Model processed 1280 samples in chunks of 4000 in 2.0 seconds
Localize Model processed 2698 samples in chunks of 4000 in 2.4 seconds
Localize Model processed 1291 samples in chunks of 4000 in 2.4 seconds
Localize Model processed 1468 samples in chunks of 4000 in 2.1 seconds
Localize Model processed 2698 samples in chunks of 4000 in 2.0 seconds
Localize Model processed 1903 samples in chunks of 4000 in 1.4 seconds
Localize Model processed 1404 samples in chunks of 4000 in 2.3 seconds
Localize Model processed 2697 samples in chunks of 4000 in 2.4 seconds
Localize Model processed 2697 samples in chunks of 4000 in 2.1 seconds
Localize Model processed 1809 samples in chunks of 4000 in 2.6 seconds
Localize Model processed 1069 samples in chunks of 4000 in 1.7 seconds
Localize Model processed 2242 samples in chunks of 4000 in 2.4 seconds
Localize Model processed 2674 samples in chunks of 4000 in 2.4 seconds
Localize Model processed 2697 samples in chunks of 4000 in 2.2 seconds
Localize Model processed 2227 samples in chunks of 4000 in 1.9 seconds
Localize Model processed 1525 samples in chunks of 4000 in 2.0 seconds
Localize Model processed 1147 samples in chunks of 4000 in 2.2 seconds
Localize Model processed 2337 samples in chunks of 4000 in 1.8 seconds
Localize Model processed 1121 samples in chunks of 4000 in 2.5 seconds
Localize Model processed 1751 samples in chunks of 4000 in 1.9 seconds
Localize Model processed 1127 samples in chunks of 4000 in 2.0 seconds
Localize Model processed 2258 samples in chunks of 4000 in 2.3 seconds
Localize Model processed 2697 samples in chunks of 4000 in 2.6 seconds
Localize Model processed 2140 samples in chunks of 4000 in 2.2 seconds
Localize Model processed 1469 samples in chunks of 4000 in 2.0 seconds
Localize Model processed 1116 samples in chunks of 4000 in 2.2 seconds
Localize Model processed 1898 samples in chunks of 4000 in 2.3 seconds
Localize Model processed 2501 samples in chunks of 4000 in 2.5 seconds
Localize Model processed 2698 samples in chunks of 4000 in 4.4 seconds
Localize Model processed 1328 samples in chunks of 4000 in 1.9 seconds
Localize Model processed 1333 samples in chunks of 4000 in 1.4 seconds
Localize Model processed 1559 samples in chunks of 4000 in 2.4 seconds
Localize Model processed 1805 samples in chunks of 4000 in 2.3 seconds
Localize Model processed 1758 samples in chunks of 4000 in 2.3 seconds
Localize Model processed 2539 samples in chunks of 4000 in 2.1 seconds
Localize Model processed 1602 samples in chunks of 4000 in 1.5 seconds
Localize Model processed 2064 samples in chunks of 4000 in 2.4 seconds
Localize Model processed 1767 samples in chunks of 4000 in 1.6 seconds
Localize Model processed 2697 samples in chunks of 4000 in 2.7 seconds
Localize Model processed 2135 samples in chunks of 4000 in 2.1 seconds
Localize Model processed 2697 samples in chunks of 4000 in 2.7 seconds
Localize Model processed 1898 samples in chunks of 4000 in 2.6 seconds
Localize Model processed 2697 samples in chunks of 4000 in 2.2 seconds
Localize Model processed 1323 samples in chunks of 4000 in 2.3 seconds
Localize Model processed 2698 samples in chunks of 4000 in 1.5 seconds
Localize Model processed 1130 samples in chunks of 4000 in 2.2 seconds
Localize Model processed 2698 samples in chunks of 4000 in 4.1 seconds
Localize Model processed 2087 samples in chunks of 4000 in 2.3 seconds
Localize Model processed 1774 samples in chunks of 4000 in 2.4 seconds
Localize Model processed 1177 samples in chunks of 4000 in 1.4 seconds
Localize Model processed 1139 samples in chunks of 4000 in 2.0 seconds
Localize Model processed 1129 samples in chunks of 4000 in 2.3 seconds
Localize Model processed 2000 samples in chunks of 4000 in 1.7 seconds
Localize Model processed 2485 samples in chunks of 4000 in 1.7 seconds
Localize Model processed 1633 samples in chunks of 4000 in 2.1 seconds
Localize Model processed 2119 samples in chunks of 4000 in 1.9 seconds
Localize Model processed 1852 samples in chunks of 4000 in 2.4 seconds
Localize Model processed 2271 samples in chunks of 4000 in 2.1 seconds
Localize Model processed 2697 samples in chunks of 4000 in 2.9 seconds
Localize Model processed 2530 samples in chunks of 4000 in 2.1 seconds
Localize Model processed 1638 samples in chunks of 4000 in 1.7 seconds
Localize Model processed 1127 samples in chunks of 4000 in 1.8 seconds
Localize Model processed 1754 samples in chunks of 4000 in 2.6 seconds
Localize Model processed 2697 samples in chunks of 4000 in 2.3 seconds
Localize Model processed 1321 samples in chunks of 4000 in 2.2 seconds
Localize Model processed 2697 samples in chunks of 4000 in 2.2 seconds
Localize Model processed 1821 samples in chunks of 4000 in 2.2 seconds
Localize Model processed 2369 samples in chunks of 4000 in 2.1 seconds
Localize Model processed 2211 samples in chunks of 4000 in 1.9 seconds
Localize Model processed 1938 samples in chunks of 4000 in 3.3 seconds
Localize Model processed 1203 samples in chunks of 4000 in 1.6 seconds
Localize Model processed 2698 samples in chunks of 4000 in 2.3 seconds
Localize Model processed 1621 samples in chunks of 4000 in 1.5 seconds
Localize Model processed 1750 samples in chunks of 4000 in 2.2 seconds
Localize Model processed 1808 samples in chunks of 4000 in 2.3 seconds
Localize Model processed 2698 samples in chunks of 4000 in 1.9 seconds
Localize Model processed 2698 samples in chunks of 4000 in 2.3 seconds
Localize Model processed 1378 samples in chunks of 4000 in 2.2 seconds
Localize Model processed 1103 samples in chunks of 4000 in 1.4 seconds
Localize Model processed 1748 samples in chunks of 4000 in 1.7 seconds
Localize Model processed 1400 samples in chunks of 4000 in 1.8 seconds
Localize Model processed 1860 samples in chunks of 4000 in 2.1 seconds
Localize Model processed 2221 samples in chunks of 4000 in 3.3 seconds
Localize Model processed 1828 samples in chunks of 4000 in 2.4 seconds
Localize Model processed 1875 samples in chunks of 4000 in 2.1 seconds
Localize Model processed 2698 samples in chunks of 4000 in 2.7 seconds
Localize Model processed 1363 samples in chunks of 4000 in 2.0 seconds
Localize Model processed 2698 samples in chunks of 4000 in 3.0 seconds
Localize Model processed 2173 samples in chunks of 4000 in 1.9 seconds
Localize Model processed 1086 samples in chunks of 4000 in 1.6 seconds
Localize Model processed 1327 samples in chunks of 4000 in 2.5 seconds
Localize Model processed 2697 samples in chunks of 4000 in 1.5 seconds
Localize Model processed 2620 samples in chunks of 4000 in 2.4 seconds
Localize Model processed 1536 samples in chunks of 4000 in 2.0 seconds
Localize Model processed 2698 samples in chunks of 4000 in 2.2 seconds
Localize Model processed 1085 samples in chunks of 4000 in 2.0 seconds
Localize Model processed 2153 samples in chunks of 4000 in 1.9 seconds
Localize Model processed 2673 samples in chunks of 4000 in 2.3 seconds
Localize Model processed 2248 samples in chunks of 4000 in 1.7 seconds
Localize Model processed 1188 samples in chunks of 4000 in 2.1 seconds
Localize Model processed 2241 samples in chunks of 4000 in 3.0 seconds
Localize Model processed 1077 samples in chunks of 4000 in 2.0 seconds
Localize Model processed 2019 samples in chunks of 4000 in 2.3 seconds
Localize Model processed 1629 samples in chunks of 4000 in 2.0 seconds
Localize Model processed 1435 samples in chunks of 4000 in 1.8 seconds
Localize Model processed 2047 samples in chunks of 4000 in 3.4 seconds
Localize Model processed 1118 samples in chunks of 4000 in 1.8 seconds
Localize Model processed 1428 samples in chunks of 4000 in 1.9 seconds
Localize Model processed 1961 samples in chunks of 4000 in 1.7 seconds
Localize Model processed 1566 samples in chunks of 4000 in 2.1 seconds
Localize Model processed 1370 samples in chunks of 4000 in 1.8 seconds
Localize Model processed 2017 samples in chunks of 4000 in 2.5 seconds
Localize Model processed 2555 samples in chunks of 4000 in 2.2 seconds
Localize Model processed 1406 samples in chunks of 4000 in 1.3 seconds
Localize Model processed 1445 samples in chunks of 4000 in 2.1 seconds
Localize Model processed 1059 samples in chunks of 4000 in 1.7 seconds
Localize Model processed 2123 samples in chunks of 4000 in 3.1 seconds
Localize Model processed 1501 samples in chunks of 4000 in 2.9 seconds
Localize Model processed 1380 samples in chunks of 4000 in 1.5 seconds
Localize Model processed 2698 samples in chunks of 4000 in 2.0 seconds
Localize Model processed 2698 samples in chunks of 4000 in 2.3 seconds
Localize Model processed 1764 samples in chunks of 4000 in 1.8 seconds
Localize Model processed 2612 samples in chunks of 4000 in 2.3 seconds
Localize Model processed 2697 samples in chunks of 4000 in 1.6 seconds
Localize Model processed 1381 samples in chunks of 4000 in 2.0 seconds
Localize Model processed 1515 samples in chunks of 4000 in 2.3 seconds
Localize Model processed 2697 samples in chunks of 4000 in 2.0 seconds
Localize Model processed 2139 samples in chunks of 4000 in 2.1 seconds
Localize Model processed 1097 samples in chunks of 4000 in 1.6 seconds
Localize Model processed 2001 samples in chunks of 4000 in 3.1 seconds
Localize Model processed 2111 samples in chunks of 4000 in 2.0 seconds
Localize Model processed 1106 samples in chunks of 4000 in 1.9 seconds
Localize Model processed 1498 samples in chunks of 4000 in 1.9 seconds
Localize Model processed 1525 samples in chunks of 4000 in 1.5 seconds
Localize Model processed 1735 samples in chunks of 4000 in 2.5 seconds
Localize Model processed 1239 samples in chunks of 4000 in 1.3 seconds
Localize Model processed 2131 samples in chunks of 4000 in 2.4 seconds
Localize Model processed 1082 samples in chunks of 4000 in 1.3 seconds
Localize Model processed 1259 samples in chunks of 4000 in 2.3 seconds
Localize Model processed 2274 samples in chunks of 4000 in 1.9 seconds
Localize Model processed 2697 samples in chunks of 4000 in 1.3 seconds
Localize Model processed 1349 samples in chunks of 4000 in 3.0 seconds
Localize Model processed 1124 samples in chunks of 4000 in 2.1 seconds
Localize Model processed 1079 samples in chunks of 4000 in 1.5 seconds
Localize Model processed 1896 samples in chunks of 4000 in 1.8 seconds
Localize Model processed 2697 samples in chunks of 4000 in 2.7 seconds
Localize Model processed 1706 samples in chunks of 4000 in 1.6 seconds
Localize Model processed 2698 samples in chunks of 4000 in 1.8 seconds
Localize Model processed 1241 samples in chunks of 4000 in 1.8 seconds
Localize Model processed 1633 samples in chunks of 4000 in 1.7 seconds
Localize Model processed 1950 samples in chunks of 4000 in 2.3 seconds
Localize Model processed 1162 samples in chunks of 4000 in 2.0 seconds
Localize Model processed 1927 samples in chunks of 4000 in 2.3 seconds
Localize Model processed 1154 samples in chunks of 4000 in 1.9 seconds
Localize Model processed 2698 samples in chunks of 4000 in 2.5 seconds
Localize Model processed 2443 samples in chunks of 4000 in 2.0 seconds
Localize Model processed 2049 samples in chunks of 4000 in 1.6 seconds
Localize Model processed 1988 samples in chunks of 4000 in 1.7 seconds
Localize Model processed 2260 samples in chunks of 4000 in 1.7 seconds
Localize Model processed 1128 samples in chunks of 4000 in 1.8 seconds
Localize Model processed 1081 samples in chunks of 4000 in 1.9 seconds
Localize Model processed 1580 samples in chunks of 4000 in 2.2 seconds
Localize Model processed 1409 samples in chunks of 4000 in 1.9 seconds
Localize Model processed 1677 samples in chunks of 4000 in 1.6 seconds
Localize Model processed 2697 samples in chunks of 4000 in 2.3 seconds
Localize Model processed 1307 samples in chunks of 4000 in 2.6 seconds
Localize Model processed 1901 samples in chunks of 4000 in 1.8 seconds
Localize Model processed 2516 samples in chunks of 4000 in 2.0 seconds
Localize Model processed 1193 samples in chunks of 4000 in 2.5 seconds
Localize Model processed 1751 samples in chunks of 4000 in 1.8 seconds
Localize Model processed 1635 samples in chunks of 4000 in 1.6 seconds
Localize Model processed 1266 samples in chunks of 4000 in 1.6 seconds
Localize Model processed 1190 samples in chunks of 4000 in 1.9 seconds
Localize Model processed 2698 samples in chunks of 4000 in 1.9 seconds
Localize Model processed 1618 samples in chunks of 4000 in 1.7 seconds
Localize Model processed 1202 samples in chunks of 4000 in 2.5 seconds
Localize Model processed 2671 samples in chunks of 4000 in 2.2 seconds
Localize Model processed 1307 samples in chunks of 4000 in 2.0 seconds
Localize Model processed 2697 samples in chunks of 4000 in 1.3 seconds
Localize Model processed 1658 samples in chunks of 4000 in 2.1 seconds
Localize Model processed 1489 samples in chunks of 4000 in 1.6 seconds
Localize Model processed 2697 samples in chunks of 4000 in 3.2 seconds
Localize Model processed 1424 samples in chunks of 4000 in 2.0 seconds
Localize Model processed 1261 samples in chunks of 4000 in 2.6 seconds
Localize Model processed 1112 samples in chunks of 4000 in 1.3 seconds
Localize Model processed 1953 samples in chunks of 4000 in 2.2 seconds
Localize Model processed 1497 samples in chunks of 4000 in 1.9 seconds
Localize Model processed 1374 samples in chunks of 4000 in 1.9 seconds
Localize Model processed 1651 samples in chunks of 4000 in 2.5 seconds
Localize Model processed 1308 samples in chunks of 4000 in 3.1 seconds
Localize Model processed 1773 samples in chunks of 4000 in 2.0 seconds
Localize Model processed 1539 samples in chunks of 4000 in 1.8 seconds
Localize Model processed 2697 samples in chunks of 4000 in 2.6 seconds
Localize Model processed 1603 samples in chunks of 4000 in 1.6 seconds
Localize Model processed 1755 samples in chunks of 4000 in 1.5 seconds
Localize Model processed 1238 samples in chunks of 4000 in 1.7 seconds
Localize Model processed 1928 samples in chunks of 4000 in 2.3 seconds
Localize Model processed 2698 samples in chunks of 4000 in 2.0 seconds
Localize Model processed 1591 samples in chunks of 4000 in 1.7 seconds
Localize Model processed 1759 samples in chunks of 4000 in 2.0 seconds
Localize Model processed 2697 samples in chunks of 4000 in 3.0 seconds
Localize Model processed 1757 samples in chunks of 4000 in 4.1 seconds
Localize Model processed 2698 samples in chunks of 4000 in 3.1 seconds
Localize Model processed 1748 samples in chunks of 4000 in 1.9 seconds
Localize Model processed 1755 samples in chunks of 4000 in 2.1 seconds
Localize Model processed 2697 samples in chunks of 4000 in 2.8 seconds
Localize Model processed 2248 samples in chunks of 4000 in 3.2 seconds
Localize Model processed 1664 samples in chunks of 4000 in 2.4 seconds
Localize Model processed 1570 samples in chunks of 4000 in 1.9 seconds
Localize Model processed 1274 samples in chunks of 4000 in 1.9 seconds
Localize Model processed 2698 samples in chunks of 4000 in 2.3 seconds
Localize Model processed 1241 samples in chunks of 4000 in 2.1 seconds
Localize Model processed 2697 samples in chunks of 4000 in 2.2 seconds
Localize Model processed 2319 samples in chunks of 4000 in 1.7 seconds
Localize Model processed 2489 samples in chunks of 4000 in 1.8 seconds
Localize Model processed 1818 samples in chunks of 4000 in 1.8 seconds
Localize Model processed 2161 samples in chunks of 4000 in 1.8 seconds
Localize Model processed 1739 samples in chunks of 4000 in 1.8 seconds
Localize Model processed 2116 samples in chunks of 4000 in 2.4 seconds
Localize Model processed 2157 samples in chunks of 4000 in 2.3 seconds
Localize Model processed 1411 samples in chunks of 4000 in 1.8 seconds
Localize Model processed 2698 samples in chunks of 4000 in 2.1 seconds
Localize Model processed 1514 samples in chunks of 4000 in 1.9 seconds
Localize Model processed 2029 samples in chunks of 4000 in 2.2 seconds
Localize Model processed 1750 samples in chunks of 4000 in 2.4 seconds
Localize Model processed 1855 samples in chunks of 4000 in 1.5 seconds
Localize Model processed 1502 samples in chunks of 4000 in 2.3 seconds
Localize Model processed 1681 samples in chunks of 4000 in 1.9 seconds
Localize Model processed 1157 samples in chunks of 4000 in 1.7 seconds
Localize Model processed 1098 samples in chunks of 4000 in 1.5 seconds
Localize Model processed 1753 samples in chunks of 4000 in 2.5 seconds
Localize Model processed 1777 samples in chunks of 4000 in 2.7 seconds
Localize Model processed 2698 samples in chunks of 4000 in 2.2 seconds
Localize Model processed 1145 samples in chunks of 4000 in 2.4 seconds
Localize Model processed 1618 samples in chunks of 4000 in 1.7 seconds
Localize Model processed 1160 samples in chunks of 4000 in 1.9 seconds
Localize Model processed 1168 samples in chunks of 4000 in 1.4 seconds
Localize Model processed 1213 samples in chunks of 4000 in 1.7 seconds
Localize Model processed 1478 samples in chunks of 4000 in 2.4 seconds
Localize Model processed 1761 samples in chunks of 4000 in 1.9 seconds
Localize Model processed 1649 samples in chunks of 4000 in 2.5 seconds
Localize Model processed 1601 samples in chunks of 4000 in 1.7 seconds
Localize Model processed 1083 samples in chunks of 4000 in 2.5 seconds
Localize Model processed 2172 samples in chunks of 4000 in 2.0 seconds
Localize Model processed 2697 samples in chunks of 4000 in 2.1 seconds
Localize Model processed 2205 samples in chunks of 4000 in 1.8 seconds
Localize Model processed 2593 samples in chunks of 4000 in 2.4 seconds
Localize Model processed 1803 samples in chunks of 4000 in 1.6 seconds
Localize Model processed 1070 samples in chunks of 4000 in 3.0 seconds
Localize Model processed 1318 samples in chunks of 4000 in 1.8 seconds
Localize Model processed 2423 samples in chunks of 4000 in 2.0 seconds
Localize Model processed 2697 samples in chunks of 4000 in 2.6 seconds
Localize Model processed 1338 samples in chunks of 4000 in 2.0 seconds
Localize Model processed 1892 samples in chunks of 4000 in 2.1 seconds
Localize Model processed 1953 samples in chunks of 4000 in 2.3 seconds
Localize Model processed 1556 samples in chunks of 4000 in 2.9 seconds
Localize Model processed 1502 samples in chunks of 4000 in 2.2 seconds
Localize Model processed 1815 samples in chunks of 4000 in 1.3 seconds
Localize Model processed 2698 samples in chunks of 4000 in 1.3 seconds
Localize Model processed 1560 samples in chunks of 4000 in 1.2 seconds
Localize Model processed 1712 samples in chunks of 4000 in 1.2 seconds
Localize Model processed 1986 samples in chunks of 4000 in 1.2 seconds
Localize Model processed 1426 samples in chunks of 4000 in 2.5 seconds
Localize Model processed 1455 samples in chunks of 4000 in 2.1 seconds
Localize Model processed 1193 samples in chunks of 4000 in 1.6 seconds
Localize Model processed 1915 samples in chunks of 4000 in 2.3 seconds
Localize Model processed 2698 samples in chunks of 4000 in 2.0 seconds
Localize Model processed 1061 samples in chunks of 4000 in 2.5 seconds
Localize Model processed 2697 samples in chunks of 4000 in 2.0 seconds
Localize Model processed 1587 samples in chunks of 4000 in 1.6 seconds
Localize Model processed 1928 samples in chunks of 4000 in 3.4 seconds
Localize Model processed 2697 samples in chunks of 4000 in 3.3 seconds
Localize Model processed 2698 samples in chunks of 4000 in 2.7 seconds
Localize Model processed 1317 samples in chunks of 4000 in 1.8 seconds
Localize Model processed 1130 samples in chunks of 4000 in 2.1 seconds
Localize Model processed 2698 samples in chunks of 4000 in 2.0 seconds
Localize Model processed 1784 samples in chunks of 4000 in 2.5 seconds
Localize Model processed 1375 samples in chunks of 4000 in 1.6 seconds
Localize Model processed 1800 samples in chunks of 4000 in 1.9 seconds
Localize Model processed 2698 samples in chunks of 4000 in 3.1 seconds
Localize Model processed 1073 samples in chunks of 4000 in 1.6 seconds
Localize Model processed 2134 samples in chunks of 4000 in 2.0 seconds
Localize Model processed 2697 samples in chunks of 4000 in 1.3 seconds
Localize Model processed 1187 samples in chunks of 4000 in 1.3 seconds
Localize Model processed 1540 samples in chunks of 4000 in 1.1 seconds
Localize Model processed 1581 samples in chunks of 4000 in 1.4 seconds
Localize Model processed 1763 samples in chunks of 4000 in 2.2 seconds
Localize Model processed 2132 samples in chunks of 4000 in 2.2 seconds
Localize Model processed 1110 samples in chunks of 4000 in 1.5 seconds
Localize Model processed 1219 samples in chunks of 4000 in 2.2 seconds
Localize Model processed 2697 samples in chunks of 4000 in 1.7 seconds
Localize Model processed 2360 samples in chunks of 4000 in 1.9 seconds
Localize Model processed 1513 samples in chunks of 4000 in 1.8 seconds
Localize Model processed 1189 samples in chunks of 4000 in 2.8 seconds
Localize Model processed 2558 samples in chunks of 4000 in 1.5 seconds
Localize Model processed 1183 samples in chunks of 4000 in 2.7 seconds
Localize Model processed 2016 samples in chunks of 4000 in 2.6 seconds
Localize Model processed 1607 samples in chunks of 4000 in 1.8 seconds
Localize Model processed 1968 samples in chunks of 4000 in 2.6 seconds
Localize Model processed 1690 samples in chunks of 4000 in 1.6 seconds
Localize Model processed 2252 samples in chunks of 4000 in 2.0 seconds
Localize Model processed 1936 samples in chunks of 4000 in 2.9 seconds
Localize Model processed 1285 samples in chunks of 4000 in 1.7 seconds
Localize Model processed 1298 samples in chunks of 4000 in 2.3 seconds
Localize Model processed 2680 samples in chunks of 4000 in 1.8 seconds
Localize Model processed 2566 samples in chunks of 4000 in 2.0 seconds
Localize Model processed 1855 samples in chunks of 4000 in 1.8 seconds
Localize Model processed 1618 samples in chunks of 4000 in 1.2 seconds
Localize Model processed 1337 samples in chunks of 4000 in 1.3 seconds
Localize Model processed 1807 samples in chunks of 4000 in 1.4 seconds
Localize Model processed 1465 samples in chunks of 4000 in 1.8 seconds
Localize Model processed 2010 samples in chunks of 4000 in 2.6 seconds
Localize Model processed 1361 samples in chunks of 4000 in 1.6 seconds
Localize Model processed 1253 samples in chunks of 4000 in 1.8 seconds
Localize Model processed 1528 samples in chunks of 4000 in 2.2 seconds
Localize Model processed 1248 samples in chunks of 4000 in 3.0 seconds
Localize Model processed 2380 samples in chunks of 4000 in 2.9 seconds
Localize Model processed 1424 samples in chunks of 4000 in 1.8 seconds
Localize Model processed 1854 samples in chunks of 4000 in 2.6 seconds
Localize Model processed 1512 samples in chunks of 4000 in 1.9 seconds
Localize Model processed 1488 samples in chunks of 4000 in 2.5 seconds
Localize Model processed 2698 samples in chunks of 4000 in 1.6 seconds
Localize Model processed 1555 samples in chunks of 4000 in 2.6 seconds
Localize Model processed 1334 samples in chunks of 4000 in 1.1 seconds
Localize Model processed 1535 samples in chunks of 4000 in 2.3 seconds
Localize Model processed 1740 samples in chunks of 4000 in 2.2 seconds
Localize Model processed 1768 samples in chunks of 4000 in 2.6 seconds
Localize Model processed 1965 samples in chunks of 4000 in 2.8 seconds
Localize Model processed 1066 samples in chunks of 4000 in 1.6 seconds
Localize Model processed 2697 samples in chunks of 4000 in 2.8 seconds
Localize Model processed 2697 samples in chunks of 4000 in 2.3 seconds
Localize Model processed 1371 samples in chunks of 4000 in 1.3 seconds
Localize Model processed 1319 samples in chunks of 4000 in 1.2 seconds
Localize Model processed 1778 samples in chunks of 4000 in 1.3 seconds
Localize Model processed 2698 samples in chunks of 4000 in 3.5 seconds
Localize Model processed 2499 samples in chunks of 4000 in 2.4 seconds
Localize Model processed 1221 samples in chunks of 4000 in 2.1 seconds
Localize Model processed 2698 samples in chunks of 4000 in 2.9 seconds
Localize Model processed 1890 samples in chunks of 4000 in 2.5 seconds
Localize Model processed 1218 samples in chunks of 4000 in 1.9 seconds
Localize Model processed 1709 samples in chunks of 4000 in 1.8 seconds
Localize Model processed 1741 samples in chunks of 4000 in 2.6 seconds
Localize Model processed 1706 samples in chunks of 4000 in 1.7 seconds
Localize Model processed 2333 samples in chunks of 4000 in 2.0 seconds
Localize Model processed 2201 samples in chunks of 4000 in 3.0 seconds
Localize Model processed 1894 samples in chunks of 4000 in 1.6 seconds
Localize Model processed 1330 samples in chunks of 4000 in 1.9 seconds
Localize Model processed 1370 samples in chunks of 4000 in 2.6 seconds
Localize Model processed 1981 samples in chunks of 4000 in 2.1 seconds
Localize Model processed 1506 samples in chunks of 4000 in 2.0 seconds
Localize Model processed 1171 samples in chunks of 4000 in 1.2 seconds
Localize Model processed 2697 samples in chunks of 4000 in 2.0 seconds
Localize Model processed 1719 samples in chunks of 4000 in 1.9 seconds
Localize Model processed 1426 samples in chunks of 4000 in 2.1 seconds
Localize Model processed 1751 samples in chunks of 4000 in 1.2 seconds
Localize Model processed 1413 samples in chunks of 4000 in 1.2 seconds
Localize Model processed 2218 samples in chunks of 4000 in 1.1 seconds
Localize Model processed 1063 samples in chunks of 4000 in 1.4 seconds
Localize Model processed 1228 samples in chunks of 4000 in 1.8 seconds
Localize Model processed 1498 samples in chunks of 4000 in 2.4 seconds
Localize Model processed 1827 samples in chunks of 4000 in 2.0 seconds
Localize Model processed 1070 samples in chunks of 4000 in 1.6 seconds
Localize Model processed 2076 samples in chunks of 4000 in 1.7 seconds
Localize Model processed 2244 samples in chunks of 4000 in 2.5 seconds
Localize Model processed 2318 samples in chunks of 4000 in 2.0 seconds
Localize Model processed 1849 samples in chunks of 4000 in 1.9 seconds
Localize Model processed 2698 samples in chunks of 4000 in 2.9 seconds
Localize Model processed 1619 samples in chunks of 4000 in 1.9 seconds
Localize Model processed 1922 samples in chunks of 4000 in 2.9 seconds
Localize Model processed 2281 samples in chunks of 4000 in 2.1 seconds
Localize Model processed 2698 samples in chunks of 4000 in 2.9 seconds
Localize Model processed 2697 samples in chunks of 4000 in 3.2 seconds
Localize Model processed 2097 samples in chunks of 4000 in 2.0 seconds
Localize Model processed 1106 samples in chunks of 4000 in 1.5 seconds
Localize Model processed 1075 samples in chunks of 4000 in 1.6 seconds
Localize Model processed 1067 samples in chunks of 4000 in 3.0 seconds
Localize Model processed 1526 samples in chunks of 4000 in 1.5 seconds
Localize Model processed 1364 samples in chunks of 4000 in 1.9 seconds
Localize Model processed 2154 samples in chunks of 4000 in 1.2 seconds
Localize Model processed 2697 samples in chunks of 4000 in 1.2 seconds
Localize Model processed 2698 samples in chunks of 4000 in 0.9 seconds
Localize Model processed 2697 samples in chunks of 4000 in 3.6 seconds
Localize Model processed 1636 samples in chunks of 4000 in 1.9 seconds
Localize Model processed 2263 samples in chunks of 4000 in 2.6 seconds
Localize Model processed 2696 samples in chunks of 4000 in 2.6 seconds
Localize Model processed 1058 samples in chunks of 4000 in 2.3 seconds
Localize Model processed 1160 samples in chunks of 4000 in 2.2 seconds
Localize Model processed 1665 samples in chunks of 4000 in 2.0 seconds
Localize Model processed 1673 samples in chunks of 4000 in 1.7 seconds
Localize Model processed 1149 samples in chunks of 4000 in 1.8 seconds
Localize Model processed 1687 samples in chunks of 4000 in 1.8 seconds
Localize Model processed 1657 samples in chunks of 4000 in 3.0 seconds
Localize Model processed 2430 samples in chunks of 4000 in 2.3 seconds
Localize Model processed 1218 samples in chunks of 4000 in 1.8 seconds
Localize Model processed 1594 samples in chunks of 4000 in 2.3 seconds
Localize Model processed 2410 samples in chunks of 4000 in 2.3 seconds
Localize Model processed 1906 samples in chunks of 4000 in 2.6 seconds
Localize Model processed 1171 samples in chunks of 4000 in 1.7 seconds
Localize Model processed 1424 samples in chunks of 4000 in 2.2 seconds
Localize Model processed 2057 samples in chunks of 4000 in 2.3 seconds
Localize Model processed 2698 samples in chunks of 4000 in 1.5 seconds
Localize Model processed 2625 samples in chunks of 4000 in 1.4 seconds
Localize Model processed 1360 samples in chunks of 4000 in 1.3 seconds
Localize Model processed 1522 samples in chunks of 4000 in 1.1 seconds
Localize Model processed 1193 samples in chunks of 4000 in 1.2 seconds
Localize Model processed 1252 samples in chunks of 4000 in 2.5 seconds
Localize Model processed 2574 samples in chunks of 4000 in 2.3 seconds
Localize Model processed 1693 samples in chunks of 4000 in 2.0 seconds
Localize Model processed 1729 samples in chunks of 4000 in 1.3 seconds
Localize Model processed 1749 samples in chunks of 4000 in 2.2 seconds
Localize Model processed 2698 samples in chunks of 4000 in 2.6 seconds
Localize Model processed 1252 samples in chunks of 4000 in 1.9 seconds
Localize Model processed 1244 samples in chunks of 4000 in 2.7 seconds
Localize Model processed 2140 samples in chunks of 4000 in 1.8 seconds
Localize Model processed 2275 samples in chunks of 4000 in 2.5 seconds
Localize Model processed 1238 samples in chunks of 4000 in 2.0 seconds
Localize Model processed 1477 samples in chunks of 4000 in 2.2 seconds
Localize Model processed 1957 samples in chunks of 4000 in 1.6 seconds
Localize Model processed 1132 samples in chunks of 4000 in 1.9 seconds
Localize Model processed 1110 samples in chunks of 4000 in 1.3 seconds
Localize Model processed 2179 samples in chunks of 4000 in 2.2 seconds
Localize Model processed 2668 samples in chunks of 4000 in 2.8 seconds
Localize Model processed 2698 samples in chunks of 4000 in 2.4 seconds
Localize Model processed 1341 samples in chunks of 4000 in 2.3 seconds
Localize Model processed 2582 samples in chunks of 4000 in 2.3 seconds
Localize Model processed 1710 samples in chunks of 4000 in 1.3 seconds
Localize Model processed 1547 samples in chunks of 4000 in 1.4 seconds
Localize Model processed 2697 samples in chunks of 4000 in 1.1 seconds
Localize Model processed 2581 samples in chunks of 4000 in 1.2 seconds
Localize Model processed 1434 samples in chunks of 4000 in 2.3 seconds
Localize Model processed 1450 samples in chunks of 4000 in 1.9 seconds
Localize Model processed 2287 samples in chunks of 4000 in 2.2 seconds
Localize Model processed 1568 samples in chunks of 4000 in 2.2 seconds
Localize Model processed 1150 samples in chunks of 4000 in 2.2 seconds
Localize Model processed 2014 samples in chunks of 4000 in 2.2 seconds
Localize Model processed 1860 samples in chunks of 4000 in 2.3 seconds
Localize Model processed 1382 samples in chunks of 4000 in 1.6 seconds
Localize Model processed 2697 samples in chunks of 4000 in 1.7 seconds
Localize Model processed 2051 samples in chunks of 4000 in 1.5 seconds
Localize Model processed 1351 samples in chunks of 4000 in 2.3 seconds
Localize Model processed 2697 samples in chunks of 4000 in 2.2 seconds
Localize Model processed 1482 samples in chunks of 4000 in 1.9 seconds
Localize Model processed 1364 samples in chunks of 4000 in 1.7 seconds
Localize Model processed 1280 samples in chunks of 4000 in 2.3 seconds
Localize Model processed 2332 samples in chunks of 4000 in 2.4 seconds
Localize Model processed 1783 samples in chunks of 4000 in 1.6 seconds
Localize Model processed 2439 samples in chunks of 4000 in 2.2 seconds
Localize Model processed 2227 samples in chunks of 4000 in 1.9 seconds
Localize Model processed 2371 samples in chunks of 4000 in 1.7 seconds
Localize Model processed 2698 samples in chunks of 4000 in 1.5 seconds
Localize Model processed 2698 samples in chunks of 4000 in 1.2 seconds
Localize Model processed 1570 samples in chunks of 4000 in 0.9 seconds
Localize Model processed 1449 samples in chunks of 4000 in 1.1 seconds
Localize Model processed 1133 samples in chunks of 4000 in 1.8 seconds
Localize Model processed 1248 samples in chunks of 4000 in 2.3 seconds
Localize Model processed 2697 samples in chunks of 4000 in 2.5 seconds
Localize Model processed 1293 samples in chunks of 4000 in 2.3 seconds
Localize Model processed 2116 samples in chunks of 4000 in 2.8 seconds
Localize Model processed 1589 samples in chunks of 4000 in 2.3 seconds
Localize Model processed 2029 samples in chunks of 4000 in 1.8 seconds
Localize Model processed 1518 samples in chunks of 4000 in 2.3 seconds
Localize Model processed 1313 samples in chunks of 4000 in 1.5 seconds
Localize Model processed 1498 samples in chunks of 4000 in 1.9 seconds
Localize Model processed 2697 samples in chunks of 4000 in 3.1 seconds
Localize Model processed 1251 samples in chunks of 4000 in 1.8 seconds
Localize Model processed 2697 samples in chunks of 4000 in 2.0 seconds
Localize Model processed 2472 samples in chunks of 4000 in 2.6 seconds
Localize Model processed 1362 samples in chunks of 4000 in 2.5 seconds
Localize Model processed 1142 samples in chunks of 4000 in 2.2 seconds
Localize Model processed 1179 samples in chunks of 4000 in 1.4 seconds
Localize Model processed 1164 samples in chunks of 4000 in 1.9 seconds
Localize Model processed 1685 samples in chunks of 4000 in 1.4 seconds
Localize Model processed 1376 samples in chunks of 4000 in 2.3 seconds
Localize Model processed 2476 samples in chunks of 4000 in 1.1 seconds
Localize Model processed 1501 samples in chunks of 4000 in 1.0 seconds
Localize Model processed 2324 samples in chunks of 4000 in 1.2 seconds
Localize Model processed 2698 samples in chunks of 4000 in 1.0 seconds
Localize Model processed 1124 samples in chunks of 4000 in 2.0 seconds
Localize Model processed 1731 samples in chunks of 4000 in 2.8 seconds
Localize Model processed 2125 samples in chunks of 4000 in 2.6 seconds
Localize Model processed 1293 samples in chunks of 4000 in 1.9 seconds
Localize Model processed 2698 samples in chunks of 4000 in 2.3 seconds
Localize Model processed 1958 samples in chunks of 4000 in 2.4 seconds
Localize Model processed 1986 samples in chunks of 4000 in 2.0 seconds
Localize Model processed 1087 samples in chunks of 4000 in 1.7 seconds
Localize Model processed 2442 samples in chunks of 4000 in 1.8 seconds
Localize Model processed 2697 samples in chunks of 4000 in 2.8 seconds
Localize Model processed 1758 samples in chunks of 4000 in 2.0 seconds
Localize Model processed 1670 samples in chunks of 4000 in 2.6 seconds
Localize Model processed 2368 samples in chunks of 4000 in 2.6 seconds
Localize Model processed 2697 samples in chunks of 4000 in 1.9 seconds
Localize Model processed 2698 samples in chunks of 4000 in 2.7 seconds
Localize Model processed 1149 samples in chunks of 4000 in 2.3 seconds
Localize Model processed 1150 samples in chunks of 4000 in 1.6 seconds
Localize Model processed 1316 samples in chunks of 4000 in 2.6 seconds
Localize Model processed 2362 samples in chunks of 4000 in 2.3 seconds
Localize Model processed 2302 samples in chunks of 4000 in 1.8 seconds
Localize Model processed 2423 samples in chunks of 4000 in 1.4 seconds
Localize Model processed 2698 samples in chunks of 4000 in 1.3 seconds
Localize Model processed 2105 samples in chunks of 4000 in 1.1 seconds
Localize Model processed 2698 samples in chunks of 4000 in 1.0 seconds
Localize Model processed 2212 samples in chunks of 4000 in 1.9 seconds
Localize Model processed 1834 samples in chunks of 4000 in 2.0 seconds
Localize Model processed 2697 samples in chunks of 4000 in 2.0 seconds
Localize Model processed 2311 samples in chunks of 4000 in 2.0 seconds
Localize Model processed 1216 samples in chunks of 4000 in 1.6 seconds
Localize Model processed 1138 samples in chunks of 4000 in 1.5 seconds
Localize Model processed 1213 samples in chunks of 4000 in 1.8 seconds
Localize Model processed 1412 samples in chunks of 4000 in 1.8 seconds
Localize Model processed 1536 samples in chunks of 4000 in 2.1 seconds
Localize Model processed 1847 samples in chunks of 4000 in 1.7 seconds
Localize Model processed 2672 samples in chunks of 4000 in 1.5 seconds
Localize Model processed 1610 samples in chunks of 4000 in 2.2 seconds
Localize Model processed 1783 samples in chunks of 4000 in 2.1 seconds
Localize Model processed 2138 samples in chunks of 4000 in 2.4 seconds
Localize Model processed 1829 samples in chunks of 4000 in 2.7 seconds
Localize Model processed 1931 samples in chunks of 4000 in 2.5 seconds
Localize Model processed 2030 samples in chunks of 4000 in 2.5 seconds
Localize Model processed 1990 samples in chunks of 4000 in 2.6 seconds
Localize Model processed 2135 samples in chunks of 4000 in 2.6 seconds
Localize Model processed 1832 samples in chunks of 4000 in 2.6 seconds
Localize Model processed 2198 samples in chunks of 4000 in 2.5 seconds
Localize Model processed 2005 samples in chunks of 4000 in 2.6 seconds
Localize Model processed 2507 samples in chunks of 4000 in 2.8 seconds
Localize Model processed 1823 samples in chunks of 4000 in 1.8 seconds
Localize Model processed 1434 samples in chunks of 4000 in 1.7 seconds
Localize Model processed 2697 samples in chunks of 4000 in 2.9 seconds
Localize Model processed 2698 samples in chunks of 4000 in 3.3 seconds
Localize Model processed 2698 samples in chunks of 4000 in 3.4 seconds
Localize Model processed 2698 samples in chunks of 4000 in 3.2 seconds
Localize Model processed 2697 samples in chunks of 4000 in 3.2 seconds
Localize Model processed 1984 samples in chunks of 4000 in 1.8 seconds
Localize Model processed 2094 samples in chunks of 4000 in 1.8 seconds
Localize Model processed 1485 samples in chunks of 4000 in 1.6 seconds
Localize Model processed 2450 samples in chunks of 4000 in 1.6 seconds
Localize Model processed 1098 samples in chunks of 4000 in 1.1 seconds
Localize Model processed 1325 samples in chunks of 4000 in 1.2 seconds
Localize Model processed 1358 samples in chunks of 4000 in 1.3 seconds
Localize Model processed 1373 samples in chunks of 4000 in 1.2 seconds
Localize Model processed 2669 samples in chunks of 4000 in 1.7 seconds
Localize Model processed 2697 samples in chunks of 4000 in 1.6 seconds
Localize Model processed 2698 samples in chunks of 4000 in 1.7 seconds
Localize Model processed 2698 samples in chunks of 4000 in 4.1 seconds
Localize Model processed 1535 samples in chunks of 4000 in 1.7 seconds
Localize Model processed 2186 samples in chunks of 4000 in 2.4 seconds
Localize Model processed 2697 samples in chunks of 4000 in 4.1 seconds
Localize Model processed 2697 samples in chunks of 4000 in 3.8 seconds
Localize Model processed 1338 samples in chunks of 4000 in 2.4 seconds
Localize Model processed 1470 samples in chunks of 4000 in 3.1 seconds
Localize Model processed 2698 samples in chunks of 4000 in 4.1 seconds
Localize Model processed 2124 samples in chunks of 4000 in 2.7 seconds
Localize Model processed 1070 samples in chunks of 4000 in 2.1 seconds
Localize Model processed 2044 samples in chunks of 4000 in 1.7 seconds
Localize Model processed 2420 samples in chunks of 4000 in 2.3 seconds
Localize Model processed 2697 samples in chunks of 4000 in 4.1 seconds
Localize Model processed 1223 samples in chunks of 4000 in 1.7 seconds
Localize Model processed 1842 samples in chunks of 4000 in 2.0 seconds
Localize Model processed 1472 samples in chunks of 4000 in 2.3 seconds
Localize Model processed 1236 samples in chunks of 4000 in 1.7 seconds
Localize Model processed 1385 samples in chunks of 4000 in 2.0 seconds
Localize Model processed 1578 samples in chunks of 4000 in 1.8 seconds
Localize Model processed 2030 samples in chunks of 4000 in 2.5 seconds
Localize Model processed 1143 samples in chunks of 4000 in 1.4 seconds
Localize Model processed 1549 samples in chunks of 4000 in 1.9 seconds
Localize Model processed 1108 samples in chunks of 4000 in 1.6 seconds
Localize Model processed 1806 samples in chunks of 4000 in 2.4 seconds
Localize Model processed 1532 samples in chunks of 4000 in 1.4 seconds
Localize Model processed 1363 samples in chunks of 4000 in 2.4 seconds
Localize Model processed 2261 samples in chunks of 4000 in 1.4 seconds
Localize Model processed 1485 samples in chunks of 4000 in 1.8 seconds
Localize Model processed 1404 samples in chunks of 4000 in 2.6 seconds
Localize Model processed 1334 samples in chunks of 4000 in 1.7 seconds
Localize Model processed 1357 samples in chunks of 4000 in 2.3 seconds
Localize Model processed 2697 samples in chunks of 4000 in 1.5 seconds
Localize Model processed 2399 samples in chunks of 4000 in 3.1 seconds
Localize Model processed 1092 samples in chunks of 4000 in 1.4 seconds
Localize Model processed 1485 samples in chunks of 4000 in 2.0 seconds
Localize Model processed 2520 samples in chunks of 4000 in 1.5 seconds
Localize Model processed 2135 samples in chunks of 4000 in 1.7 seconds
Localize Model processed 1441 samples in chunks of 4000 in 2.4 seconds
Localize Model processed 1069 samples in chunks of 4000 in 1.5 seconds
Localize Model processed 1154 samples in chunks of 4000 in 1.7 seconds
Localize Model processed 1160 samples in chunks of 4000 in 2.1 seconds
Localize Model processed 1724 samples in chunks of 4000 in 1.5 seconds
Localize Model processed 1948 samples in chunks of 4000 in 2.7 seconds
Localize Model processed 1808 samples in chunks of 4000 in 1.6 seconds
Localize Model processed 1519 samples in chunks of 4000 in 2.4 seconds
Localize Model processed 2697 samples in chunks of 4000 in 1.7 seconds
Localize Model processed 2241 samples in chunks of 4000 in 3.6 seconds
Localize Model processed 1100 samples in chunks of 4000 in 1.5 seconds
Localize Model processed 1561 samples in chunks of 4000 in 2.2 seconds
Localize Model processed 2319 samples in chunks of 4000 in 1.7 seconds
Localize Model processed 1609 samples in chunks of 4000 in 1.7 seconds
Localize Model processed 1239 samples in chunks of 4000 in 2.0 seconds
Localize Model processed 1838 samples in chunks of 4000 in 1.5 seconds
Localize Model processed 2605 samples in chunks of 4000 in 3.5 seconds
Localize Model processed 1371 samples in chunks of 4000 in 1.4 seconds
Localize Model processed 1261 samples in chunks of 4000 in 2.0 seconds
Localize Model processed 2698 samples in chunks of 4000 in 2.6 seconds
Localize Model processed 1995 samples in chunks of 4000 in 1.2 seconds
Localize Model processed 2698 samples in chunks of 4000 in 1.7 seconds
Localize Model processed 1471 samples in chunks of 4000 in 2.7 seconds
Localize Model processed 2693 samples in chunks of 4000 in 1.0 seconds
(1029,)
/global/cfs/cdirs/desi/users/tingtan/DLA_finder/mocks/iron_ihio/sightlines/7/788/sightlines-788.npy /global/cfs/cdirs/desi/users/tingtan/DLA_finder/mocks/iron_ihio/sightlines/7/788/sightlines-788-pred.npy /global/cfs/cdirs/desi/users/tingtan/DLA_finder/mocks/iron_ihio/sightlines/7/788/dlacat-788.fits
Predicting sightlines time: 36.14151358604431 seconds
/global/cfs/cdirs/desi/users/tingtan/DLA_finder/mocks/iron_ihio/sightlines/7/784/sightlines-784.npy /global/cfs/cdirs/desi/users/tingtan/DLA_finder/mocks/iron_ihio/sightlines/7/784/sightlines-784-pred.npy /global/cfs/cdirs/desi/users/tingtan/DLA_finder/mocks/iron_ihio/sightlines/7/784/dlacat-784.fits
Predicting sightlines time: 44.02116847038269 seconds
/global/cfs/cdirs/desi/users/tingtan/DLA_finder/mocks/iron_ihio/sightlines/7/772/sightlines-772.npy /global/cfs/cdirs/desi/users/tingtan/DLA_finder/mocks/iron_ihio/sightlines/7/772/sightlines-772-pred.npy /global/cfs/cdirs/desi/users/tingtan/DLA_finder/mocks/iron_ihio/sightlines/7/772/dlacat-772.fits
Predicting sightlines time: 80.37361216545105 seconds
/global/cfs/cdirs/desi/users/tingtan/DLA_finder/mocks/iron_ihio/sightlines/7/797/sightlines-797.npy /global/cfs/cdirs/desi/users/tingtan/DLA_finder/mocks/iron_ihio/sightlines/7/797/sightlines-797-pred.npy /global/cfs/cdirs/desi/users/tingtan/DLA_finder/mocks/iron_ihio/sightlines/7/797/dlacat-797.fits
Predicting sightlines time: 18.011924266815186 seconds
/global/cfs/cdirs/desi/users/tingtan/DLA_finder/mocks/iron_ihio/sightlines/6/630/sightlines-630.npy /global/cfs/cdirs/desi/users/tingtan/DLA_finder/mocks/iron_ihio/sightlines/6/630/sightlines-630-pred.npy /global/cfs/cdirs/desi/users/tingtan/DLA_finder/mocks/iron_ihio/sightlines/6/630/dlacat-630.fits
Predicting sightlines time: 59.441468715667725 seconds
/global/cfs/cdirs/desi/users/tingtan/DLA_finder/mocks/iron_ihio/sightlines/6/672/sightlines-672.npy /global/cfs/cdirs/desi/users/tingtan/DLA_finder/mocks/iron_ihio/sightlines/6/672/sightlines-672-pred.npy /global/cfs/cdirs/desi/users/tingtan/DLA_finder/mocks/iron_ihio/sightlines/6/672/dlacat-672.fits
Predicting sightlines time: 171.49006533622742 seconds
/global/cfs/cdirs/desi/users/tingtan/DLA_finder/mocks/iron_ihio/sightlines/6/660/sightlines-660.npy /global/cfs/cdirs/desi/users/tingtan/DLA_finder/mocks/iron_ihio/sightlines/6/660/sightlines-660-pred.npy /global/cfs/cdirs/desi/users/tingtan/DLA_finder/mocks/iron_ihio/sightlines/6/660/dlacat-660.fits
Predicting sightlines time: 96.01790881156921 seconds
/global/cfs/cdirs/desi/users/tingtan/DLA_finder/mocks/iron_ihio/sightlines/6/629/sightlines-629.npy /global/cfs/cdirs/desi/users/tingtan/DLA_finder/mocks/iron_ihio/sightlines/6/629/sightlines-629-pred.npy /global/cfs/cdirs/desi/users/tingtan/DLA_finder/mocks/iron_ihio/sightlines/6/629/dlacat-629.fits
Predicting sightlines time: 46.59436082839966 seconds
/global/cfs/cdirs/desi/users/tingtan/DLA_finder/mocks/iron_ihio/sightlines/6/617/sightlines-617.npy /global/cfs/cdirs/desi/users/tingtan/DLA_finder/mocks/iron_ihio/sightlines/6/617/sightlines-617-pred.npy /global/cfs/cdirs/desi/users/tingtan/DLA_finder/mocks/iron_ihio/sightlines/6/617/dlacat-617.fits
Predicting sightlines time: 76.63806438446045 seconds
/global/cfs/cdirs/desi/users/tingtan/DLA_finder/mocks/iron_ihio/sightlines/6/659/sightlines-659.npy /global/cfs/cdirs/desi/users/tingtan/DLA_finder/mocks/iron_ihio/sightlines/6/659/sightlines-659-pred.npy /global/cfs/cdirs/desi/users/tingtan/DLA_finder/mocks/iron_ihio/sightlines/6/659/dlacat-659.fits
Predicting sightlines time: 73.89290428161621 seconds
/global/cfs/cdirs/desi/users/tingtan/DLA_finder/mocks/iron_ihio/sightlines/6/609/sightlines-609.npy /global/cfs/cdirs/desi/users/tingtan/DLA_finder/mocks/iron_ihio/sightlines/6/609/sightlines-609-pred.npy /global/cfs/cdirs/desi/users/tingtan/DLA_finder/mocks/iron_ihio/sightlines/6/609/dlacat-609.fits
Predicting sightlines time: 350.07095646858215 seconds
Localize Model processed 2698 samples in chunks of 4000 in 5.0 seconds
Localize Model processed 1288 samples in chunks of 4000 in 3.1 seconds
Localize Model processed 2698 samples in chunks of 4000 in 3.4 seconds
Localize Model processed 1898 samples in chunks of 4000 in 2.3 seconds
Localize Model processed 1394 samples in chunks of 4000 in 2.5 seconds
Localize Model processed 1431 samples in chunks of 4000 in 1.5 seconds
Localize Model processed 2697 samples in chunks of 4000 in 3.2 seconds
Localize Model processed 1568 samples in chunks of 4000 in 4.0 seconds
Localize Model processed 1423 samples in chunks of 4000 in 2.6 seconds
Localize Model processed 2401 samples in chunks of 4000 in 3.0 seconds
Localize Model processed 2451 samples in chunks of 4000 in 3.4 seconds
Localize Model processed 2340 samples in chunks of 4000 in 4.2 seconds
Localize Model processed 1432 samples in chunks of 4000 in 2.5 seconds
Localize Model processed 1215 samples in chunks of 4000 in 4.1 seconds
Localize Model processed 2697 samples in chunks of 4000 in 3.4 seconds
Localize Model processed 1165 samples in chunks of 4000 in 3.8 seconds
Localize Model processed 1934 samples in chunks of 4000 in 2.7 seconds
Localize Model processed 1145 samples in chunks of 4000 in 1.7 seconds
Localize Model processed 1365 samples in chunks of 4000 in 2.6 seconds
Localize Model processed 2698 samples in chunks of 4000 in 5.1 seconds
Localize Model processed 2286 samples in chunks of 4000 in 3.4 seconds
Localize Model processed 1147 samples in chunks of 4000 in 2.7 seconds
Localize Model processed 1068 samples in chunks of 4000 in 2.2 seconds
Localize Model processed 1167 samples in chunks of 4000 in 3.1 seconds
Localize Model processed 2697 samples in chunks of 4000 in 4.9 seconds
Localize Model processed 2261 samples in chunks of 4000 in 2.5 seconds
Localize Model processed 1218 samples in chunks of 4000 in 2.4 seconds
Localize Model processed 2697 samples in chunks of 4000 in 2.2 seconds
Localize Model processed 2553 samples in chunks of 4000 in 3.0 seconds
Localize Model processed 1416 samples in chunks of 4000 in 2.0 seconds
Localize Model processed 2330 samples in chunks of 4000 in 2.2 seconds
Localize Model processed 1356 samples in chunks of 4000 in 3.7 seconds
Localize Model processed 1616 samples in chunks of 4000 in 2.3 seconds
Localize Model processed 1974 samples in chunks of 4000 in 4.1 seconds
Localize Model processed 1662 samples in chunks of 4000 in 2.5 seconds
Localize Model processed 1490 samples in chunks of 4000 in 2.2 seconds
Localize Model processed 1493 samples in chunks of 4000 in 3.2 seconds
Localize Model processed 2137 samples in chunks of 4000 in 3.3 seconds
Localize Model processed 2292 samples in chunks of 4000 in 4.0 seconds
Localize Model processed 1294 samples in chunks of 4000 in 2.9 seconds
Localize Model processed 1696 samples in chunks of 4000 in 3.5 seconds
Localize Model processed 2049 samples in chunks of 4000 in 3.1 seconds
Localize Model processed 1339 samples in chunks of 4000 in 2.8 seconds
Localize Model processed 1214 samples in chunks of 4000 in 3.3 seconds
Localize Model processed 2490 samples in chunks of 4000 in 2.5 seconds
Localize Model processed 2297 samples in chunks of 4000 in 3.4 seconds
Localize Model processed 2697 samples in chunks of 4000 in 3.7 seconds
Localize Model processed 2698 samples in chunks of 4000 in 4.6 seconds
Localize Model processed 1946 samples in chunks of 4000 in 2.8 seconds
Localize Model processed 1955 samples in chunks of 4000 in 3.0 seconds
Localize Model processed 1320 samples in chunks of 4000 in 1.9 seconds
Localize Model processed 2698 samples in chunks of 4000 in 2.6 seconds
Localize Model processed 1480 samples in chunks of 4000 in 2.0 seconds
Localize Model processed 1126 samples in chunks of 4000 in 2.0 seconds
Localize Model processed 1455 samples in chunks of 4000 in 1.4 seconds
Localize Model processed 1998 samples in chunks of 4000 in 3.5 seconds
Localize Model processed 2208 samples in chunks of 4000 in 2.5 seconds
Localize Model processed 2609 samples in chunks of 4000 in 3.1 seconds
Localize Model processed 1983 samples in chunks of 4000 in 3.0 seconds
Localize Model processed 1474 samples in chunks of 4000 in 2.1 seconds
Localize Model processed 1276 samples in chunks of 4000 in 3.4 seconds
Localize Model processed 1726 samples in chunks of 4000 in 3.9 seconds
Localize Model processed 1207 samples in chunks of 4000 in 2.9 seconds
Localize Model processed 1544 samples in chunks of 4000 in 4.3 seconds
Localize Model processed 1646 samples in chunks of 4000 in 3.4 seconds
Localize Model processed 1705 samples in chunks of 4000 in 1.9 seconds
Localize Model processed 1427 samples in chunks of 4000 in 3.3 seconds
Localize Model processed 2431 samples in chunks of 4000 in 3.0 seconds
Localize Model processed 2280 samples in chunks of 4000 in 4.3 seconds
Localize Model processed 1215 samples in chunks of 4000 in 2.9 seconds
Localize Model processed 2698 samples in chunks of 4000 in 4.5 seconds
Localize Model processed 1191 samples in chunks of 4000 in 1.5 seconds
Localize Model processed 1791 samples in chunks of 4000 in 2.4 seconds
Localize Model processed 2381 samples in chunks of 4000 in 2.7 seconds
Localize Model processed 1501 samples in chunks of 4000 in 2.3 seconds
Localize Model processed 2698 samples in chunks of 4000 in 2.8 seconds
Localize Model processed 1348 samples in chunks of 4000 in 2.6 seconds
Localize Model processed 1838 samples in chunks of 4000 in 2.7 seconds
Localize Model processed 1174 samples in chunks of 4000 in 1.6 seconds
Localize Model processed 1631 samples in chunks of 4000 in 3.6 seconds
Localize Model processed 2697 samples in chunks of 4000 in 3.7 seconds
Localize Model processed 1998 samples in chunks of 4000 in 3.5 seconds
Localize Model processed 2036 samples in chunks of 4000 in 2.8 seconds
Localize Model processed 2305 samples in chunks of 4000 in 3.1 seconds
Localize Model processed 2461 samples in chunks of 4000 in 3.4 seconds
Localize Model processed 2416 samples in chunks of 4000 in 3.9 seconds
Localize Model processed 1818 samples in chunks of 4000 in 3.3 seconds
Localize Model processed 1232 samples in chunks of 4000 in 1.9 seconds
Localize Model processed 2698 samples in chunks of 4000 in 3.9 seconds
Localize Model processed 1437 samples in chunks of 4000 in 3.5 seconds
Localize Model processed 1898 samples in chunks of 4000 in 2.9 seconds
Localize Model processed 2698 samples in chunks of 4000 in 5.2 seconds
Localize Model processed 1332 samples in chunks of 4000 in 5.4 seconds
Localize Model processed 1354 samples in chunks of 4000 in 2.0 seconds
Localize Model processed 2697 samples in chunks of 4000 in 2.4 seconds
Localize Model processed 1359 samples in chunks of 4000 in 2.2 seconds
Localize Model processed 2697 samples in chunks of 4000 in 4.4 seconds
Localize Model processed 2573 samples in chunks of 4000 in 3.5 seconds
Localize Model processed 1791 samples in chunks of 4000 in 3.1 seconds
Localize Model processed 2133 samples in chunks of 4000 in 2.0 seconds
Localize Model processed 1309 samples in chunks of 4000 in 2.1 seconds
Localize Model processed 1787 samples in chunks of 4000 in 1.9 seconds
Localize Model processed 2679 samples in chunks of 4000 in 3.3 seconds
Localize Model processed 2698 samples in chunks of 4000 in 4.2 seconds
Localize Model processed 2071 samples in chunks of 4000 in 4.3 seconds
Localize Model processed 1972 samples in chunks of 4000 in 3.8 seconds
Localize Model processed 2068 samples in chunks of 4000 in 3.2 seconds
Localize Model processed 2095 samples in chunks of 4000 in 2.4 seconds
Localize Model processed 1078 samples in chunks of 4000 in 2.3 seconds
Localize Model processed 1208 samples in chunks of 4000 in 5.1 seconds
Localize Model processed 1465 samples in chunks of 4000 in 1.9 seconds
Localize Model processed 1363 samples in chunks of 4000 in 2.7 seconds
Localize Model processed 1221 samples in chunks of 4000 in 2.7 seconds
Localize Model processed 1182 samples in chunks of 4000 in 1.9 seconds
Localize Model processed 1162 samples in chunks of 4000 in 2.7 seconds
Localize Model processed 1890 samples in chunks of 4000 in 2.3 seconds
Localize Model processed 2108 samples in chunks of 4000 in 4.9 seconds
Localize Model processed 2188 samples in chunks of 4000 in 3.6 seconds
Localize Model processed 2342 samples in chunks of 4000 in 5.6 seconds
Localize Model processed 1816 samples in chunks of 4000 in 2.7 seconds
Localize Model processed 2698 samples in chunks of 4000 in 4.7 seconds
Localize Model processed 2698 samples in chunks of 4000 in 3.2 seconds
Localize Model processed 1087 samples in chunks of 4000 in 2.2 seconds
Localize Model processed 2147 samples in chunks of 4000 in 2.4 seconds
Localize Model processed 1085 samples in chunks of 4000 in 2.3 seconds
Localize Model processed 2087 samples in chunks of 4000 in 2.6 seconds
Localize Model processed 1637 samples in chunks of 4000 in 2.2 seconds
Localize Model processed 2697 samples in chunks of 4000 in 5.7 seconds
Localize Model processed 1262 samples in chunks of 4000 in 2.9 seconds
Localize Model processed 1425 samples in chunks of 4000 in 2.9 seconds
Localize Model processed 1659 samples in chunks of 4000 in 3.1 seconds
Localize Model processed 2037 samples in chunks of 4000 in 3.0 seconds
Localize Model processed 1421 samples in chunks of 4000 in 2.6 seconds
Localize Model processed 2698 samples in chunks of 4000 in 4.7 seconds
Localize Model processed 1156 samples in chunks of 4000 in 2.2 seconds
Localize Model processed 2698 samples in chunks of 4000 in 3.7 seconds
Localize Model processed 1368 samples in chunks of 4000 in 3.0 seconds
Localize Model processed 1358 samples in chunks of 4000 in 2.8 seconds
Localize Model processed 1151 samples in chunks of 4000 in 2.3 seconds
Localize Model processed 2308 samples in chunks of 4000 in 5.0 seconds
Localize Model processed 1077 samples in chunks of 4000 in 3.7 seconds
Localize Model processed 2158 samples in chunks of 4000 in 2.4 seconds
Localize Model processed 1091 samples in chunks of 4000 in 3.5 seconds
Localize Model processed 1287 samples in chunks of 4000 in 3.6 seconds
Localize Model processed 1598 samples in chunks of 4000 in 1.7 seconds
Localize Model processed 1535 samples in chunks of 4000 in 3.1 seconds
Localize Model processed 2698 samples in chunks of 4000 in 2.9 seconds
Localize Model processed 1696 samples in chunks of 4000 in 2.4 seconds
Localize Model processed 1759 samples in chunks of 4000 in 2.9 seconds
Localize Model processed 2037 samples in chunks of 4000 in 2.4 seconds
Localize Model processed 1242 samples in chunks of 4000 in 2.6 seconds
Localize Model processed 2697 samples in chunks of 4000 in 3.5 seconds
Localize Model processed 2446 samples in chunks of 4000 in 3.0 seconds
Localize Model processed 2697 samples in chunks of 4000 in 3.1 seconds
Localize Model processed 1500 samples in chunks of 4000 in 3.3 seconds
Localize Model processed 1458 samples in chunks of 4000 in 2.4 seconds
Localize Model processed 2291 samples in chunks of 4000 in 2.7 seconds
Localize Model processed 2353 samples in chunks of 4000 in 4.4 seconds
Localize Model processed 1070 samples in chunks of 4000 in 1.9 seconds
Localize Model processed 1212 samples in chunks of 4000 in 3.8 seconds
Localize Model processed 1062 samples in chunks of 4000 in 2.9 seconds
Localize Model processed 1381 samples in chunks of 4000 in 2.8 seconds
Localize Model processed 2273 samples in chunks of 4000 in 1.8 seconds
Localize Model processed 1878 samples in chunks of 4000 in 3.6 seconds
Localize Model processed 2371 samples in chunks of 4000 in 4.7 seconds
Localize Model processed 1227 samples in chunks of 4000 in 3.0 seconds
